,,,OCG#10 EIC(334.2)B,,,OCG#100 EIC(446.4),,,OCG#101 EIC(135.1)A,,,OCG#102 EIC(284.2)J,,,OCG#103 EIC(302.2)A,,,OCG#105 EIC(149.1),,,OCG#106 EIC(300.2)E,,,OCG#107 EIC(280.2),,,OCG#108 EIC(165.1)C,,,OCG#109 EIC(167.2),,,OCG#11 EIC(97.2),,,OCG#110 EIC(286.3)C,,,OCG#111 EIC(388.2),,,OCG#112 EIC(282.2)C,,,OCG#113 EIC(249.2)F,,,OCG#114 EIC(247.2)B,,,OCG#116 EIC(95.2)A,,,OCG#117 EIC(295.2),,,OCG#118 EIC(284.3)B,,,OCG#119 EIC(298.2)E,,,OCG#12 EIC(137.1)A,,,OCG#120 EIC(125.2),,,OCG#121 EIC(565.2)B,,,OCG#122 EIC(109.2),,,OCG#123 EIC(183.1),,,OCG#124 EIC(263.1),,,OCG#125 EIC(430.3)A,,,OCG#126 EIC(233.2)A,,,OCG#127 EIC(127.2),,,OCG#128 EIC(517.2)A,,,OCG#129 EIC(300.2)H,,,OCG#13 EIC(299.2),,,OCG#130 EIC(433.2),,,OCG#131 EIC(298.2)F,,,OCG#132 EIC(245.2),,,OCG#133 EIC(267.2)A,,,OCG#134 EIC(282.2)D,,,OCG#135 EIC(251.2)B,,,OCG#136 EIC(247.2)C,,,OCG#137 EIC(133.2),,,OCG#138 EIC(81.1),,,OCG#139 EIC(296.2),,,OCG#14 EIC(113.1),,,OCG#140 EIC(121.2)A,,,OCG#141 EIC(263.2)B,,,OCG#142 EIC(304.3),,,OCG#143 EIC(284.2)K,,,OCG#144 EIC(135.2)A,,,OCG#145 EIC(267.2)B,,,OCG#146 EIC(641.3),,,OCG#148 EIC(284.2)E,,,OCG#149 EIC(265.0),,,OCG#15 EIC(239.2),,,OCG#150 EIC(123.2)A,,,OCG#151 EIC(181.1),,,OCG#152 EIC(282.2)E,,,OCG#153 EIC(169.2)C,,,OCG#154 EIC(267.2)C,,,OCG#155 EIC(137.1)C,,,OCG#156 EIC(253.2)A,,,OCG#157 EIC(517.2)B,,,OCG#158 EIC(326.2),,,OCG#159 EIC(267.2)D,,,OCG#16 EIC(300.3),,,OCG#160 EIC(233.2)B,,,OCG#161 EIC(296.1),,,OCG#162 EIC(135.2)B,,,OCG#163 EIC(350.2),,,OCG#164 EIC(81.2),,,OCG#165 EIC(123.2)B,,,OCG#166 EIC(356.4),,,OCG#167 EIC(165.2),,,OCG#168 EIC(350.3),,,OCG#169 EIC(231.2)C,,,OCG#17 EIC(325.2),,,OCG#170 EIC(267.2)E,,,OCG#171 EIC(193.2),,,OCG#172 EIC(298.2)G,,,OCG#173 EIC(430.4),,,OCG#174 EIC(83.1),,,OCG#175 EIC(282.2)F,,,OCG#176 EIC(284.2)F,,,OCG#177 EIC(342.3)A,,,OCG#178 EIC(251.2)E,,,OCG#179 EIC(268.2)A,,,OCG#18 EIC(239.1),,,OCG#180 EIC(249.1),,,OCG#181 EIC(263.2)C,,,OCG#182 EIC(165.1)A,,,OCG#183 EIC(338.2),,,OCG#184 EIC(125.1),,,OCG#185 EIC(185.2),,,OCG#186 EIC(284.2)G,,,OCG#187 EIC(153.2)B,,,OCG#188 EIC(502.3),,,OCG#189 EIC(282.2)G,,,OCG#19 EIC(274.1),,,OCG#190 EIC(95.1),,,OCG#191 EIC(268.3),,,OCG#192 EIC(263.2)D,,,OCG#193 EIC(391.3),,,OCG#194 EIC(95.2)B,,,OCG#195 EIC(202.2),,,OCG#196 EIC(436.2),,,OCG#197 EIC(284.2)L,,,OCG#198 EIC(322.2)A,,,OCG#199 EIC(165.1)B,,,OCG#20 EIC(279.2)A,,,OCG#200 EIC(111.2)B,,,OCG#201 EIC(523.3),,,OCG#202 EIC(558.4),,,OCG#203 EIC(328.2),,,OCG#204 EIC(418.4),,,OCG#205 EIC(263.2)E,,,OCG#206 EIC(153.2)C,,,OCG#207 EIC(284.3)C,,,OCG#208 EIC(488.2),,,OCG#209 EIC(266.2)A,,,OCG#21 EIC(386.2),,,OCG#210 EIC(302.2)B,,,OCG#211 EIC(121.2)B,,,OCG#212 EIC(436.3),,,OCG#213 EIC(267.2)F,,,OCG#214 EIC(251.1)B,,,OCG#215 EIC(430.3)B,,,OCG#216 EIC(247.2)D,,,OCG#217 EIC(560.5),,,OCG#218 EIC(282.2)H,,,OCG#219 EIC(235.2)A,,,OCG#22 EIC(300.2)A,,,OCG#220 EIC(266.2)B,,,OCG#221 EIC(249.2)C,,,OCG#222 EIC(181.2)A,,,OCG#223 EIC(267.2)G,,,OCG#224 EIC(265.2)B,,,OCG#225 EIC(181.2)B,,,OCG#226 EIC(247.2)E,,,OCG#227 EIC(316.3),,,OCG#228 EIC(340.3),,,OCG#229 EIC(268.2)B,,,OCG#23 EIC(398.3),,,OCG#230 EIC(516.4)A,,,OCG#231 EIC(414.3),,,OCG#232 EIC(244.1),,,OCG#233 EIC(249.2)H,,,OCG#234 EIC(268.2)F,,,OCG#235 EIC(287.1),,,OCG#236 EIC(432.4),,,OCG#237 EIC(305.2),,,OCG#238 EIC(530.4),,,OCG#239 EIC(268.2)C,,,OCG#24 EIC(355.2),,,OCG#240 EIC(504.3),,,OCG#241 EIC(247.2)F,,,OCG#242 EIC(235.2)B,,,OCG#243 EIC(322.2)B,,,OCG#244 EIC(347.1),,,OCG#245 EIC(284.2)M,,,OCG#246 EIC(135.2)C,,,OCG#247 EIC(594.4),,,OCG#248 EIC(249.2)G,,,OCG#249 EIC(300.2)F,,,OCG#25 EIC(251.1)A,,,OCG#250 EIC(233.2)C,,,OCG#251 EIC(219.2)A,,,OCG#252 EIC(247.2)G,,,OCG#253 EIC(251.2)C,,,OCG#254 EIC(121.2)C,,,OCG#255 EIC(288.2),,,OCG#256 EIC(550.5)A,,,OCG#257 EIC(284.2)H,,,OCG#258 EIC(288.3),,,OCG#259 EIC(249.2)D,,,OCG#26 EIC(613.3),,,OCG#260 EIC(231.2)A,,,OCG#261 EIC(121.2)D,,,OCG#262 EIC(233.2)D,,,OCG#263 EIC(239.3),,,OCG#264 EIC(233.2)E,,,OCG#265 EIC(271.1),,,OCG#266 EIC(247.2)H,,,OCG#267 EIC(268.2)G,,,OCG#268 EIC(249.2)E,,,OCG#269 EIC(266.2)D,,,OCG#27 EIC(300.2)B,,,OCG#270 EIC(516.4)B,,,OCG#271 EIC(235.2)C,,,OCG#272 EIC(638.5),,,OCG#273 EIC(301.1)A,,,OCG#274 EIC(361.2)A,,,OCG#275 EIC(235.2)D,,,OCG#276 EIC(253.2)B,,,OCG#277 EIC(266.2)C,,,OCG#278 EIC(135.2)D,,,OCG#279 EIC(331.1),,,OCG#28 EIC(390.3),,,OCG#280 EIC(221.3),,,OCG#281 EIC(213.2),,,OCG#282 EIC(361.2)B,,,OCG#283 EIC(469.4),,,OCG#284 EIC(270.3),,,OCG#285 EIC(235.2)E,,,OCG#286 EIC(219.2)B,,,OCG#287 EIC(225.2),,,OCG#288 EIC(237.2),,,OCG#289 EIC(249.2)E,,,OCG#289 EIC(504.4),,,OCG#29 EIC(244.2),,,OCG#290 EIC(233.2)F,,,OCG#291 EIC(135.1)B,,,OCG#292 EIC(550.5)B,,,OCG#293 EIC(284.2)I,,,OCG#294 EIC(286.2),,,OCG#295 EIC(482.3),,,OCG#296 EIC(286.3)B,,,OCG#297 EIC(272.3),,,OCG#298 EIC(270.2)B,,,OCG#299 EIC(253.2)C,,,OCG#30 EIC(346.2),,,OCG#300 EIC(235.2)H,,,OCG#301 EIC(303.2),,,OCG#302 EIC(231.2)B,,,OCG#303 EIC(308.2),,,OCG#304 EIC(598.5),,,OCG#305 EIC(308.3),,,OCG#306 EIC(375.2),,,OCG#307 EIC(310.3),,,OCG#308 EIC(602.5),,,OCG#309 EIC(251.3),,,OCG#31 EIC(392.3),,,OCG#310 EIC(233.2)J,,,OCG#311 EIC(268.2)D,,,OCG#312 EIC(348.3),,,OCG#313 EIC(251.2)D,,,OCG#314 EIC(233.2)I,,,OCG#315 EIC(268.2)E,,,OCG#316 EIC(301.1)B,,,OCG#317 EIC(203.2),,,OCG#318 EIC(270.2)C,,,OCG#32 EIC(298.2)A,,,OCG#33 EIC(284.2)B,,,OCG#34 EIC(348.2),,,OCG#35 EIC(517.3),,,OCG#36 EIC(276.1),,,OCG#37 EIC(583.3),,,OCG#38 EIC(171.2),,,OCG#39 EIC(153.1),,,OCG#40 EIC(137.1)B,,,OCG#41 EIC(387.2),,,OCG#42 EIC(480.3),,,OCG#43 EIC(151.2)A,,,OCG#44 EIC(406.3),,,OCG#45 EIC(314.3),,,OCG#46 EIC(151.2)C,,,OCG#47 EIC(261.1),,,OCG#48 EIC(344.2),,,OCG#49 EIC(462.3),,,OCG#50 EIC(282.2)A,,,OCG#51 EIC(169.2)D,,,OCG#52 EIC(279.2)B,,,OCG#53 EIC(284.2)C,,,OCG#54 EIC(434.3),,,OCG#55 EIC(163.1),,,OCG#56 EIC(448.4),,,OCG#57 EIC(133.1),,,OCG#58 EIC(247.2)I,,,OCG#59 EIC(282.2)B,,,OCG#60 EIC(249.2)A,,,OCG#61 EIC(85.2),,,OCG#62 EIC(595.3),,,OCG#63 EIC(169.2)A,,,OCG#64 EIC(151.2)B,,,OCG#65 EIC(193.1),,,OCG#66 EIC(555.4),,,OCG#67 EIC(284.3)A,,,OCG#68 EIC(265.2)A,,,OCG#69 EIC(300.2)C,,,OCG#70 EIC(305.1),,,OCG#71 EIC(279.1),,,OCG#72 EIC(247.2)A,,,OCG#73 EIC(546.4),,,OCG#74 EIC(95.2)C,,,OCG#75 EIC(298.2)B,,,OCG#76 EIC(139.1),,,OCG#77 EIC(153.2)A,,,OCG#78 EIC(267.2)H,,,OCG#79 EIC(300.2)D,,,OCG#8 EIC(166.1),,,OCG#80 EIC(284.2)D,,,OCG#81 EIC(265.1)A,,,OCG#82 EIC(286.3)A,,,OCG#83 EIC(565.4),,,OCG#84 EIC(197.1),,,OCG#85 EIC(265.1)B,,,OCG#86 EIC(578.4),,,OCG#87 EIC(298.2)C,,,OCG#88 EIC(565.2)A,,,OCG#89 EIC(147.1),,,OCG#9 EIC(334.2)A,,,OCG#90 EIC(263.2)A,,,OCG#91 EIC(565.3),,,OCG#92 EIC(249.2)B,,,OCG#93 EIC(300.2)G,,,OCG#94 EIC(298.2)D,,,OCG#95 EIC(427.3),,,OCG#96 EIC(169.2)B,,,OCG#97 EIC(111.2)A,,,OCG#98 EIC(251.2)A,,,OCG#99 EIC(169.1),,
,,,RT,Peak Area,"Peak Area
Percent",RT,Peak Area,"Peak Area
Percent",RT,Peak Area,"Peak Area
Percent",RT,Peak Area,"Peak Area
Percent",RT,Peak Area,"Peak Area
Percent",RT,Peak Area,"Peak Area
Percent",RT,Peak Area,"Peak Area
Percent",RT,Peak Area,"Peak Area
Percent",RT,Peak Area,"Peak Area
Percent",RT,Peak Area,"Peak Area
Percent",RT,Peak Area,"Peak Area
Percent",RT,Peak Area,"Peak Area
Percent",RT,Peak Area,"Peak Area
Percent",RT,Peak Area,"Peak Area
Percent",RT,Peak Area,"Peak Area
Percent",RT,Peak Area,"Peak Area
Percent",RT,Peak Area,"Peak Area
Percent",RT,Peak Area,"Peak Area
Percent",RT,Peak Area,"Peak Area
Percent",RT,Peak Area,"Peak Area
Percent",RT,Peak Area,"Peak Area
Percent",RT,Peak Area,"Peak Area
Percent",RT,Peak Area,"Peak Area
Percent",RT,Peak Area,"Peak Area
Percent",RT,Peak Area,"Peak Area
Percent",RT,Peak Area,"Peak Area
Percent",RT,Peak Area,"Peak Area
Percent",RT,Peak Area,"Peak Area
Percent",RT,Peak Area,"Peak Area
Percent",RT,Peak Area,"Peak Area
Percent",RT,Peak Area,"Peak Area
Percent",RT,Peak Area,"Peak Area
Percent",RT,Peak Area,"Peak Area
Percent",RT,Peak Area,"Peak Area
Percent",RT,Peak Area,"Peak Area
Percent",RT,Peak Area,"Peak Area
Percent",RT,Peak Area,"Peak Area
Percent",RT,Peak Area,"Peak Area
Percent",RT,Peak Area,"Peak Area
Percent",RT,Peak Area,"Peak Area
Percent",RT,Peak Area,"Peak Area
Percent",RT,Peak Area,"Peak Area
Percent",RT,Peak Area,"Peak Area
Percent",RT,Peak Area,"Peak Area
Percent",RT,Peak Area,"Peak Area
Percent",RT,Peak Area,"Peak Area
Percent",RT,Peak Area,"Peak Area
Percent",RT,Peak Area,"Peak Area
Percent",RT,Peak Area,"Peak Area
Percent",RT,Peak Area,"Peak Area
Percent",RT,Peak Area,"Peak Area
Percent",RT,Peak Area,"Peak Area
Percent",RT,Peak Area,"Peak Area
Percent",RT,Peak Area,"Peak Area
Percent",RT,Peak Area,"Peak Area
Percent",RT,Peak Area,"Peak Area
Percent",RT,Peak Area,"Peak Area
Percent",RT,Peak Area,"Peak Area
Percent",RT,Peak Area,"Peak Area
Percent",RT,Peak Area,"Peak Area
Percent",RT,Peak Area,"Peak Area
Percent",RT,Peak Area,"Peak Area
Percent",RT,Peak Area,"Peak Area
Percent",RT,Peak Area,"Peak Area
Percent",RT,Peak Area,"Peak Area
Percent",RT,Peak Area,"Peak Area
Percent",RT,Peak Area,"Peak Area
Percent",RT,Peak Area,"Peak Area
Percent",RT,Peak Area,"Peak Area
Percent",RT,Peak Area,"Peak Area
Percent",RT,Peak Area,"Peak Area
Percent",RT,Peak Area,"Peak Area
Percent",RT,Peak Area,"Peak Area
Percent",RT,Peak Area,"Peak Area
Percent",RT,Peak Area,"Peak Area
Percent",RT,Peak Area,"Peak Area
Percent",RT,Peak Area,"Peak Area
Percent",RT,Peak Area,"Peak Area
Percent",RT,Peak Area,"Peak Area
Percent",RT,Peak Area,"Peak Area
Percent",RT,Peak Area,"Peak Area
Percent",RT,Peak Area,"Peak Area
Percent",RT,Peak Area,"Peak Area
Percent",RT,Peak Area,"Peak Area
Percent",RT,Peak Area,"Peak Area
Percent",RT,Peak Area,"Peak Area
Percent",RT,Peak Area,"Peak Area
Percent",RT,Peak Area,"Peak Area
Percent",RT,Peak Area,"Peak Area
Percent",RT,Peak Area,"Peak Area
Percent",RT,Peak Area,"Peak Area
Percent",RT,Peak Area,"Peak Area
Percent",RT,Peak Area,"Peak Area
Percent",RT,Peak Area,"Peak Area
Percent",RT,Peak Area,"Peak Area
Percent",RT,Peak Area,"Peak Area
Percent",RT,Peak Area,"Peak Area
Percent",RT,Peak Area,"Peak Area
Percent",RT,Peak Area,"Peak Area
Percent",RT,Peak Area,"Peak Area
Percent",RT,Peak Area,"Peak Area
Percent",RT,Peak Area,"Peak Area
Percent",RT,Peak Area,"Peak Area
Percent",RT,Peak Area,"Peak Area
Percent",RT,Peak Area,"Peak Area
Percent",RT,Peak Area,"Peak Area
Percent",RT,Peak Area,"Peak Area
Percent",RT,Peak Area,"Peak Area
Percent",RT,Peak Area,"Peak Area
Percent",RT,Peak Area,"Peak Area
Percent",RT,Peak Area,"Peak Area
Percent",RT,Peak Area,"Peak Area
Percent",RT,Peak Area,"Peak Area
Percent",RT,Peak Area,"Peak Area
Percent",RT,Peak Area,"Peak Area
Percent",RT,Peak Area,"Peak Area
Percent",RT,Peak Area,"Peak Area
Percent",RT,Peak Area,"Peak Area
Percent",RT,Peak Area,"Peak Area
Percent",RT,Peak Area,"Peak Area
Percent",RT,Peak Area,"Peak Area
Percent",RT,Peak Area,"Peak Area
Percent",RT,Peak Area,"Peak Area
Percent",RT,Peak Area,"Peak Area
Percent",RT,Peak Area,"Peak Area
Percent",RT,Peak Area,"Peak Area
Percent",RT,Peak Area,"Peak Area
Percent",RT,Peak Area,"Peak Area
Percent",RT,Peak Area,"Peak Area
Percent",RT,Peak Area,"Peak Area
Percent",RT,Peak Area,"Peak Area
Percent",RT,Peak Area,"Peak Area
Percent",RT,Peak Area,"Peak Area
Percent",RT,Peak Area,"Peak Area
Percent",RT,Peak Area,"Peak Area
Percent",RT,Peak Area,"Peak Area
Percent",RT,Peak Area,"Peak Area
Percent",RT,Peak Area,"Peak Area
Percent",RT,Peak Area,"Peak Area
Percent",RT,Peak Area,"Peak Area
Percent",RT,Peak Area,"Peak Area
Percent",RT,Peak Area,"Peak Area
Percent",RT,Peak Area,"Peak Area
Percent",RT,Peak Area,"Peak Area
Percent",RT,Peak Area,"Peak Area
Percent",RT,Peak Area,"Peak Area
Percent",RT,Peak Area,"Peak Area
Percent",RT,Peak Area,"Peak Area
Percent",RT,Peak Area,"Peak Area
Percent",RT,Peak Area,"Peak Area
Percent",RT,Peak Area,"Peak Area
Percent",RT,Peak Area,"Peak Area
Percent",RT,Peak Area,"Peak Area
Percent",RT,Peak Area,"Peak Area
Percent",RT,Peak Area,"Peak Area
Percent",RT,Peak Area,"Peak Area
Percent",RT,Peak Area,"Peak Area
Percent",RT,Peak Area,"Peak Area
Percent",RT,Peak Area,"Peak Area
Percent",RT,Peak Area,"Peak Area
Percent",RT,Peak Area,"Peak Area
Percent",RT,Peak Area,"Peak Area
Percent",RT,Peak Area,"Peak Area
Percent",RT,Peak Area,"Peak Area
Percent",RT,Peak Area,"Peak Area
Percent",RT,Peak Area,"Peak Area
Percent",RT,Peak Area,"Peak Area
Percent",RT,Peak Area,"Peak Area
Percent",RT,Peak Area,"Peak Area
Percent",RT,Peak Area,"Peak Area
Percent",RT,Peak Area,"Peak Area
Percent",RT,Peak Area,"Peak Area
Percent",RT,Peak Area,"Peak Area
Percent",RT,Peak Area,"Peak Area
Percent",RT,Peak Area,"Peak Area
Percent",RT,Peak Area,"Peak Area
Percent",RT,Peak Area,"Peak Area
Percent",RT,Peak Area,"Peak Area
Percent",RT,Peak Area,"Peak Area
Percent",RT,Peak Area,"Peak Area
Percent",RT,Peak Area,"Peak Area
Percent",RT,Peak Area,"Peak Area
Percent",RT,Peak Area,"Peak Area
Percent",RT,Peak Area,"Peak Area
Percent",RT,Peak Area,"Peak Area
Percent",RT,Peak Area,"Peak Area
Percent",RT,Peak Area,"Peak Area
Percent",RT,Peak Area,"Peak Area
Percent",RT,Peak Area,"Peak Area
Percent",RT,Peak Area,"Peak Area
Percent",RT,Peak Area,"Peak Area
Percent",RT,Peak Area,"Peak Area
Percent",RT,Peak Area,"Peak Area
Percent",RT,Peak Area,"Peak Area
Percent",RT,Peak Area,"Peak Area
Percent",RT,Peak Area,"Peak Area
Percent",RT,Peak Area,"Peak Area
Percent",RT,Peak Area,"Peak Area
Percent",RT,Peak Area,"Peak Area
Percent",RT,Peak Area,"Peak Area
Percent",RT,Peak Area,"Peak Area
Percent",RT,Peak Area,"Peak Area
Percent",RT,Peak Area,"Peak Area
Percent",RT,Peak Area,"Peak Area
Percent",RT,Peak Area,"Peak Area
Percent",RT,Peak Area,"Peak Area
Percent",RT,Peak Area,"Peak Area
Percent",RT,Peak Area,"Peak Area
Percent",RT,Peak Area,"Peak Area
Percent",RT,Peak Area,"Peak Area
Percent",RT,Peak Area,"Peak Area
Percent",RT,Peak Area,"Peak Area
Percent",RT,Peak Area,"Peak Area
Percent",RT,Peak Area,"Peak Area
Percent",RT,Peak Area,"Peak Area
Percent",RT,Peak Area,"Peak Area
Percent",RT,Peak Area,"Peak Area
Percent",RT,Peak Area,"Peak Area
Percent",RT,Peak Area,"Peak Area
Percent",RT,Peak Area,"Peak Area
Percent",RT,Peak Area,"Peak Area
Percent",RT,Peak Area,"Peak Area
Percent",RT,Peak Area,"Peak Area
Percent",RT,Peak Area,"Peak Area
Percent",RT,Peak Area,"Peak Area
Percent",RT,Peak Area,"Peak Area
Percent",RT,Peak Area,"Peak Area
Percent",RT,Peak Area,"Peak Area
Percent",RT,Peak Area,"Peak Area
Percent",RT,Peak Area,"Peak Area
Percent",RT,Peak Area,"Peak Area
Percent",RT,Peak Area,"Peak Area
Percent",RT,Peak Area,"Peak Area
Percent",RT,Peak Area,"Peak Area
Percent",RT,Peak Area,"Peak Area
Percent",RT,Peak Area,"Peak Area
Percent",RT,Peak Area,"Peak Area
Percent",RT,Peak Area,"Peak Area
Percent",RT,Peak Area,"Peak Area
Percent",RT,Peak Area,"Peak Area
Percent",RT,Peak Area,"Peak Area
Percent",RT,Peak Area,"Peak Area
Percent",RT,Peak Area,"Peak Area
Percent",RT,Peak Area,"Peak Area
Percent",RT,Peak Area,"Peak Area
Percent",RT,Peak Area,"Peak Area
Percent",RT,Peak Area,"Peak Area
Percent",RT,Peak Area,"Peak Area
Percent",RT,Peak Area,"Peak Area
Percent",RT,Peak Area,"Peak Area
Percent",RT,Peak Area,"Peak Area
Percent",RT,Peak Area,"Peak Area
Percent",RT,Peak Area,"Peak Area
Percent",RT,Peak Area,"Peak Area
Percent",RT,Peak Area,"Peak Area
Percent",RT,Peak Area,"Peak Area
Percent",RT,Peak Area,"Peak Area
Percent",RT,Peak Area,"Peak Area
Percent",RT,Peak Area,"Peak Area
Percent",RT,Peak Area,"Peak Area
Percent",RT,Peak Area,"Peak Area
Percent",RT,Peak Area,"Peak Area
Percent",RT,Peak Area,"Peak Area
Percent",RT,Peak Area,"Peak Area
Percent",RT,Peak Area,"Peak Area
Percent",RT,Peak Area,"Peak Area
Percent",RT,Peak Area,"Peak Area
Percent",RT,Peak Area,"Peak Area
Percent",RT,Peak Area,"Peak Area
Percent",RT,Peak Area,"Peak Area
Percent",RT,Peak Area,"Peak Area
Percent",RT,Peak Area,"Peak Area
Percent",RT,Peak Area,"Peak Area
Percent",RT,Peak Area,"Peak Area
Percent",RT,Peak Area,"Peak Area
Percent",RT,Peak Area,"Peak Area
Percent",RT,Peak Area,"Peak Area
Percent",RT,Peak Area,"Peak Area
Percent",RT,Peak Area,"Peak Area
Percent",RT,Peak Area,"Peak Area
Percent",RT,Peak Area,"Peak Area
Percent",RT,Peak Area,"Peak Area
Percent",RT,Peak Area,"Peak Area
Percent",RT,Peak Area,"Peak Area
Percent",RT,Peak Area,"Peak Area
Percent",RT,Peak Area,"Peak Area
Percent",RT,Peak Area,"Peak Area
Percent",RT,Peak Area,"Peak Area
Percent",RT,Peak Area,"Peak Area
Percent",RT,Peak Area,"Peak Area
Percent",RT,Peak Area,"Peak Area
Percent",RT,Peak Area,"Peak Area
Percent",RT,Peak Area,"Peak Area
Percent",RT,Peak Area,"Peak Area
Percent",RT,Peak Area,"Peak Area
Percent",RT,Peak Area,"Peak Area
Percent",RT,Peak Area,"Peak Area
Percent",RT,Peak Area,"Peak Area
Percent",RT,Peak Area,"Peak Area
Percent",RT,Peak Area,"Peak Area
Percent",RT,Peak Area,"Peak Area
Percent",RT,Peak Area,"Peak Area
Percent",RT,Peak Area,"Peak Area
Percent",RT,Peak Area,"Peak Area
Percent",RT,Peak Area,"Peak Area
Percent",RT,Peak Area,"Peak Area
Percent",RT,Peak Area,"Peak Area
Percent",RT,Peak Area,"Peak Area
Percent",RT,Peak Area,"Peak Area
Percent"
158_2012_T_4n,P2-E6,1,,,,,,,5.0554,71705.217,1.98,,,,,,,5.1387,45394.441,36.24,,,,5.1881,31997.684,20.76,,,,5.1873,38792.877,20.54,1.2986,219611.665,53.25,,,,5.2078,13306.702,19.26,,,,,,,5.3373,107806.256,0.47,5.3323,207711.02,9.25,,,,,,,,,,1.6422,37760.102,3.58,,,,5.4381,43021.542,1.97,5.4461,308747.437,26.36,5.4455,290822.083,40.85,5.465,198402.965,9.6,,,,,,,,,,,,,,,,,,,5.5862,714224.288,87.98,,,,5.6445,512289.574,51.12,,,,,,,,,,5.6823,70531.31,0.31,5.6998,319590.497,30.16,5.7023,48849.038,8.25,,,,,,,5.7331,37176.772,5.36,5.6498,989400.116,47.86,,,,,,,5.8124,206797.652,5.72,,,,5.8328,15498.584,60.29,,,,5.8707,10135.126,3.19,,,,5.9987,71442.612,6.49,6.0326,147094.914,20.91,,,,6.0482,87619.579,9.89,,,,6.0955,81049.092,7.68,,,,,,,6.1218,22408.468,100,,,,,,,,,,,,,6.2061,40603.42,1.12,6.208,11531.331,5.56,6.2579,102008.506,17.23,6.2696,65787.734,5.98,6.3511,13292.192,47.9,6.3033,73139.166,4.54,6.3411,110433.12,53.26,6.3628,18370.517,0.91,,,,,,,6.4123,619082.898,42.77,,,,,,,,,,6.4369,19859.87,5.82,,,,,,,,,,,,,2.1921,98975.18,43.56,,,,6.6293,448466.883,21.69,6.6358,1008439.358,62.62,,,,,,,,,,,,,6.7231,905732.201,37.36,,,,,,,2.1833,136193.863,75.09,6.7696,95881.718,4.27,,,,,,,,,,6.8608,382148.376,17.01,,,,6.9221,58347.707,28.97,,,,,,,6.9438,27287.057,1.69,,,,,,,6.994,69906.78,42.29,,,,,,,7.0494,14464.845,8.13,,,,7.0823,64038.251,2.64,,,,7.0906,81353.275,100,,,,,,,,,,7.0632,36004.797,5.19,7.1515,101117.13,50.2,,,,7.165,30465.671,9.57,,,,,,,,,,,,,7.388,13366.984,1.92,,,,7.3704,379215.359,61.95,7.3766,648002.819,29.15,7.3156,175079.094,24.89,7.3676,79391.662,39.5,7.2832,13640.224,4.29,7.4786,34067.225,4.84,7.4357,20519346.87,89.98,,,,7.4964,11483.163,100,7.4953,85535.1,37.79,2.5787,179337.059,92.84,7.4418,856981.018,98.6,,,,,,,7.6961,10399.602,0.47,,,,7.578,62379.148,24.29,,,,7.6556,64803.85,20.76,,,,,,,2.8217,10470.103,7.99,7.7409,49981.627,10.08,7.748,19101.883,0.08,7.7454,25985.323,3.73,,,,7.8161,1877207.56,95.33,,,,7.9497,42180.934,1.17,7.995,113964.961,100,,,,,,,2.8596,12776.284,4.01,,,,8.0352,98585.063,17.55,8.0547,73216.337,0.32,,,,,,,7.946,53201.008,31.1,8.0698,14193.247,100,,,,,,,8.0961,57551.05,2.59,2.8686,57800.178,84.33,8.0561,19024.71,0.94,,,,,,,8.2671,21777.921,9.58,,,,8.2652,52764.751,12,8.2947,87182.02,0.38,,,,8.243,14575.684,0.66,8.3361,193334.369,31.58,3.0535,13534.881,100,,,,8.335,10260.288,1.47,,,,8.3915,176362.688,41.14,,,,8.5077,75227.162,10.81,,,,,,,8.5008,243967.892,6.75,8.5805,814373.404,91.59,2.9993,39827.142,73.55,8.6286,98317.266,7.99,8.5078,83818.447,11,8.7153,7336846.291,99.15,,,,8.7707,27224.534,6.17,8.8922,100434.43,14.43,8.7529,38025.616,6.77,8.8205,682322.269,59.82,,,,,,,8.8915,252968.585,51,2.9931,17613.573,34.78,9.0013,14926.757,1.18,8.8991,434583.539,12.03,,,,9.087,13716.569,3.61,8.9632,336752.926,40.02,,,,9.0417,338495.415,40.23,9.1969,11217.117,11.16,8.8707,49135.909,11.14,,,,3.1432,140549.148,45.13,9.2661,28069.728,4.03,,,,9.2063,1225892.726,60.41,,,,9.2174,1211206.044,100,9.2152,1094026.007,97.97,,,,9.2827,924540.611,97.38,9.2831,490935.102,100,9.2792,64642.586,20.3,3.1765,34536.304,73.58,9.2802,351776.557,27.73,9.0088,23491.079,10.38,9.3683,53963.218,11.99,9.4863,43350.831,13.61,9.4161,537487.476,42.37,,,,9.4479,67755.763,15.8,9.5285,41027.652,4.34,9.5691,15959.874,3.62,3.1415,13876.933,24.41,,,,,,,3.3183,235150.92,32.75,3.3218,524200.516,97.69,3.4056,163589.133,100,3.3882,114500.628,26.04,3.492,34143.424,1.41,3.5054,336912.22,31.93,3.5443,29417.82,12.67,,,,3.646,84610.622,6.09,3.717,432953.037,85.08,,,,3.8665,24281.664,1.75,,,,3.9613,64827.14,66.62,3.9539,25258.397,66.15,,,,4.0082,135877.441,15.34,,,,4.0641,105007.169,27.67,4.0705,32114.531,14.07,4.1008,204185.353,53.17,,,,4.176,250534.291,23.65,4.2049,216319.409,0.95,4.1915,87603.222,25.69,,,,,,,4.2545,725928.031,86.07,4.3378,53427.671,6.03,4.3582,11600.298,0.84,4.3966,73493.683,5.08,,,,,,,,,,,,,4.451,11442.492,3.67,4.498,23859.686,10.39,,,,,,,4.5951,140615.694,6.26,,,,,,,4.5904,156542.397,6.46,,,,,,,0.9186,46052.295,24.2,4.5906,14087.897,3.71,,,,,,,4.7032,88261.449,4.04,4.7271,88738.694,66.33,4.7533,15636.582,4.92,,,,,,,4.8105,1064968.813,48.73,4.8841,12438.956,6.82,,,,4.9566,18115.101,0.88,4.917,914989.348,41.87,4.8445,48725.948,2.19,,,,,,,4.9623,20874.182,33.69,5.0284,307943.792,34.76,,,,,,,,,
164_2012_T_4n,P2-E10,1,,,,,,,,,,5.0799,32840.705,0.31,,,,5.1556,17779.456,10.61,5.3189,13210.567,0.76,,,,5.2198,11372.381,0.89,5.2059,42460.998,21.53,1.2971,171181.767,42.7,5.2265,23945.216,2.83,,,,5.2555,11075.967,3.45,5.2738,27480.65,0.5,5.3157,15650.036,1.13,5.3313,105816.616,7.72,,,,5.3939,30411.935,0.28,,,,1.6505,71650.544,10.39,,,,5.4467,150046.61,3.86,5.4481,420063.883,46.55,5.4613,522905.636,65.72,5.4741,30283.298,35.09,,,,,,,,,,,,,5.525,183200.684,10.59,1.6594,29973.605,33.79,5.592,390574.944,92.45,,,,,,,5.663,428787.741,8.72,5.7915,18816.157,5.87,,,,5.7006,26923.552,1.95,5.7016,117488.113,15.82,5.7032,13667.75,2.5,,,,,,,5.7292,15616.827,3.84,,,,5.9399,30730.63,73.59,5.8068,10651,0.1,5.8261,71787.146,5.74,5.6906,293475.865,5.97,5.8323,25313.35,39.65,6.0168,3636743.233,33.84,5.9542,453198.416,49.45,,,,5.9891,74307.889,14.84,6.0329,27770.909,5.18,,,,6.0674,146828.996,22.84,6.0195,998260.581,20.31,6.0951,64708.605,9.38,,,,6.1095,76755.047,13.95,6.1338,13425.124,2.78,6.1819,30936.226,0.63,,,,6.1694,3666235.538,34.33,6.1554,55506.622,10.16,6.212,12854.46,1.03,6.2042,22366.008,54.7,6.256,60962.785,11.15,6.2546,82017.466,16.38,,,,6.306,161960.428,12.64,6.3541,18523.706,45.3,6.3664,260012.59,14.26,2.0347,156841.852,100,6.3697,65987.796,1.34,6.408,457563.339,42.33,6.5623,17680.752,6.25,6.6697,85931.762,48.26,,,,,,,6.5541,1052217.403,9.79,,,,6.5958,10444.993,0.26,6.57,44907.693,0.41,2.1922,201578.319,40.33,6.6098,1393568.303,25.37,,,,6.6346,508679.908,39.69,,,,,,,6.6067,95285.361,44.06,6.7303,1787050.668,16.63,6.7451,60376.367,5.22,,,,6.7777,57108.518,17.8,2.1948,269432.498,61.44,6.7708,192528.975,14.05,6.8477,529068.358,4.79,,,,6.885,16596.668,14.32,6.8683,152508.486,11.13,6.8876,56584.857,67,6.9348,57441.732,45.11,6.9803,205699.406,1.91,,,,6.95,62468.92,4.87,,,,,,,6.9903,40483.008,1.05,,,,7.018,20999.41,21.07,7.0873,133350.716,46.02,,,,,,,7.1428,224724.187,2.09,7.0909,24682.259,8.4,7.1807,19174.809,0.87,2.4232,32442.424,51.69,,,,7.1362,20971.156,5.15,7.148,17926.446,14.08,7.1476,11981.009,0.24,7.0336,77622.265,1.94,7.2349,13134.82,7.38,7.1105,10400.126,0.75,,,,,,,7.4024,20593.104,0.13,,,,7.4374,16874.698,0.76,7.4356,17464.462,0.32,7.3762,32873.494,6.13,7.3652,13286.213,0.27,7.4467,68665.433,7.49,7.4373,101809.276,19,7.4487,162015.691,11.73,7.4857,184013.793,25.73,,,,7.329,27924.277,0.25,2.5827,167071.982,39.8,,,,7.5455,30661.153,48.06,,,,7.5942,158437.58,2.88,7.6143,196259.042,1.78,7.5918,63564.802,46.73,7.5986,44927.123,72.3,7.6612,21390.636,5.02,,,,7.8988,14108.901,0.13,2.8343,194003.669,85.36,7.7428,52284.388,5.43,,,,7.7441,30493.886,0.2,,,,7.8216,2908111.276,97.34,7.8984,298794.138,2.78,7.9424,19935.208,1.59,7.9901,35531.834,100,7.9816,172547.267,3.14,7.9914,449127.915,25.97,,,,7.9784,243007.683,2.28,8.0332,50384.655,13.3,7.943,13145.828,0.95,8.0811,17617.222,0.44,,,,8.0585,49325.001,24.52,8.0744,88373.65,4.87,8.1085,241360.563,2.25,7.941,44066.735,21.91,8.0855,39297.626,0.72,2.8746,20056.676,100,8.1898,10508.773,0.58,,,,8.1547,138087.414,1.29,8.2613,112673.158,22.54,8.2443,65634.751,0.61,8.2639,79826.719,3.16,8.5091,11947.187,0.86,8.3042,92363.829,0.84,8.2793,11593.298,0.21,8.289,13657.996,0.62,,,,8.3626,82429.089,47.52,8.2495,13332.013,0.09,,,,8.3973,151657.873,30.46,8.4291,48928.754,1.11,8.4693,18406.066,0.12,,,,8.5187,188093.883,8.53,8.504,52601.849,4.21,8.6075,563213.021,84.19,3.0058,303050.23,79.49,8.6347,168163.198,11.25,8.5046,19509.008,26.35,8.7116,4334473.804,98.39,8.7576,6590618.632,99.28,8.7566,13526380.91,87.34,8.7634,6642260.187,43.23,,,,8.832,85810.48,55.33,8.7577,212395.34,48.32,,,,8.8935,486602.632,50.57,2.9779,16182.226,100,8.8907,1098497.201,10.29,8.8983,27040.478,2.16,8.943,448702.885,24.75,8.9407,1493315.259,13.9,8.9644,84132.733,9.93,,,,9.0447,50249.619,5.93,8.9283,10905.086,2.81,9.0821,81184.848,0.52,8.8827,11407.969,1.53,3.1477,107331.979,39.31,9.2155,13380.193,0.09,,,,8.9382,275151.988,15.09,,,,,,,9.441,17955.716,17.66,9.233,38602.554,54.11,9.2768,98131.158,30.74,,,,9.2788,291055.759,7.28,3.1821,48330.906,78.8,9.2854,1386088.262,12.98,9.2813,2121182.489,19.21,9.3684,98969.21,13.97,9.4285,1240963.174,31.04,9.4264,2184255.894,20.45,9.4289,4197857.192,38.02,9.4524,10773.881,2.16,9.5591,61326.537,4.03,9.4502,31641.885,0.2,,,,,,,3.2338,34790.966,4.91,3.323,109792.434,19.95,3.3189,316163.03,54.43,3.3961,241521.137,76.57,3.3852,18085.319,19.89,3.4913,95692.654,8.28,3.5102,129326.679,18.75,3.5499,116008.821,50.56,3.576,45165.003,38.73,3.6592,10813.334,2.14,3.7242,393951.82,96.08,,,,3.8734,18322.39,3.62,,,,3.9602,107987.236,43.79,3.9601,76881.3,63.01,3.9826,10180.925,3.17,3.9974,63141.605,9.82,,,,4.0668,70229.063,0.65,4.0794,51636.993,34.48,4.1098,196286.966,37.93,4.1283,435149.142,97.31,4.1835,139660.357,18.8,4.1228,11017.672,0.8,,,,,,,,,,4.2564,404706.958,67.29,4.3401,10318.804,1.61,4.345,15339.761,3.03,4.398,45118.266,4.17,4.3879,14480.739,1.24,4.4126,127691.311,1.19,4.3649,11938.239,1.3,4.4629,14910.152,0.86,4.4541,84866.523,19.92,,,,4.5054,30472.288,2.21,,,,4.5916,184084.973,13.43,,,,,,,4.586,290450.698,25.12,4.6657,139770.25,2.84,4.6374,11938.331,0.69,0.9247,10858.4,8.74,4.659,184026.542,1.71,,,,4.6936,295506.943,34.89,4.7057,210734.57,5.42,4.732,103184.028,40.24,,,,,,,,,,4.8183,1756802.606,45.16,,,,0.9158,93491.029,74.43,,,,4.9211,1444870.346,37.14,4.8453,25989.781,0.47,4.8907,105785.489,6.12,,,,,,,5.0341,65936.618,10.26,,,,,,,5.167,34724.167,5.4
169_2012_T_4n,P2-E11,1,1.27,51448.336,32.33,,,,4.9094,15317.077,0.41,4.9922,11459.083,0.58,,,,5.1719,11769.968,6.31,,,,5.1881,23595.452,10.74,5.0666,10109.844,0.58,5.1931,38301.544,12.58,1.2955,245342.26,61.29,,,,,,,5.1758,53002.221,11.19,5.3604,11644.607,0.64,5.3303,81738.252,0.42,5.3386,88386.233,2.98,,,,,,,,,,1.6416,147172.786,16.21,,,,5.4426,90678.198,4.12,5.45,406589.622,41.13,5.4495,426391.118,42.39,5.4666,54208.1,6.94,5.511,46191.989,69.91,5.5154,11328.106,0.5,,,,,,,,,,1.655,76076.279,69.57,5.5878,542067.132,87.67,,,,5.6066,228415.293,32.77,,,,,,,5.5105,17776.612,0.82,5.6642,10183.711,0.05,5.7003,299771.314,33.08,5.6911,45163.638,8.27,,,,,,,5.7087,34273.608,5.52,5.6532,247798.217,31.71,,,,5.8047,14136.325,0.72,5.8149,136827.798,3.63,5.8171,12864.152,1.79,5.8347,78343.558,100,6.0178,21168.113,1.07,,,,,,,6.0119,26836.752,2.34,6.0281,171386.095,18.77,,,,6.0586,78302.367,6.07,,,,6.0917,116424.638,12.83,,,,6.1063,24700.819,2.96,6.1416,65196.806,25.81,,,,1.9667,75875.787,43.36,6.1756,32396.852,1.42,,,,6.2131,27281.546,0.72,6.2469,11309.941,4.55,6.2608,15331.817,2.81,6.268,50512.263,4.4,6.3401,12552.128,17.42,6.3046,69885.639,4.02,6.3482,207141.477,83.33,6.3598,17934.187,1.32,2.0226,123972.732,45.38,,,,6.407,760620.03,46.08,,,,,,,,,,6.4536,14069.056,2.97,,,,6.5944,55228.076,13.21,6.6121,1607957.339,74.6,6.6063,1379666.036,62.54,2.1859,181044.4,55.36,,,,6.6398,286661.347,36.68,6.6394,980242.578,56.4,,,,6.8632,11483.959,14.33,6.8164,16161.414,10.48,6.7388,15715.021,0.8,6.7192,1099563.515,42.9,6.8068,14468.141,14.89,6.6073,20527.371,4.33,2.1921,252338.969,77.88,6.7199,429912.747,14.5,6.8698,22144.379,1.02,,,,,,,6.8653,996948.657,33.62,,,,6.9336,74853.197,26.76,6.7546,14477.028,0.73,,,,6.9565,81618.465,4.7,,,,,,,6.9892,48407.013,6.73,6.9854,15332.46,100,,,,,,,,,,7.0704,11575.912,0.45,,,,7.0905,65103.202,100,,,,2.4123,41371.202,100,,,,7.153,15002.578,2.42,7.148,170111.781,60.81,,,,7.1676,21248.793,0.99,,,,,,,7.1972,28237.82,30.96,,,,,,,,,,7.3758,229468.106,54.62,7.3771,387154.964,21.18,7.3019,502289.055,55.01,7.3773,50854.936,7.06,,,,7.4407,16953.031,1.86,7.4422,17997159.25,91.59,7.6919,19917.57,39.34,,,,7.49,269055.199,12.2,2.578,307223.413,94.49,7.4418,596230.488,100,,,,,,,7.4408,264191.761,14.45,,,,7.5767,52954.573,32.34,,,,7.658,23548.568,14.59,,,,,,,2.8298,298147.531,66.43,7.7434,41800.313,10.59,7.7089,17515.535,0.09,7.7483,33959.161,1.94,,,,7.821,2278745.719,92.05,,,,7.9452,42068.85,1.12,7.9909,41732.4,100,,,,,,,2.856,34413.261,1.6,,,,8.0372,97684.279,19.12,8.0576,15261.278,0.08,,,,,,,7.9373,19671.943,13.21,8.0767,12112.234,30.72,,,,,,,8.1123,45508.23,2.49,2.8735,54055.171,100,8.0557,28731.286,2.11,,,,8.1601,14203.765,0.62,8.2502,16182.142,4.95,,,,8.2651,15766.607,4.01,8.3001,49795.971,0.25,,,,,,,8.1122,35074.917,8.35,3.032,29308.082,16.75,,,,8.5789,12670.556,0.72,,,,8.3949,72273.837,54.14,8.4197,41453.209,0.6,8.495,143867.338,8.2,,,,,,,8.5014,452390.683,12,8.5888,382846.897,87.82,2.9993,109896.615,77.24,8.6378,96227.033,8.01,8.5069,120842.331,29.69,8.7182,6766393.604,98.46,,,,8.768,521957.224,18.63,8.7654,246922.822,14.08,8.7552,23626.656,4.62,8.8271,252251.258,53.73,,,,,,,8.8921,246638.486,62.47,2.996,45110.234,53.16,8.9155,17734.816,0.78,8.8975,746394.305,19.8,,,,8.9398,11291.806,0.57,8.964,80945.555,38.75,,,,9.0421,80011.014,38.3,,,,9.2096,18591.601,0.66,,,,3.1379,80996.619,44.35,9.2628,16336.682,0.93,,,,9.2125,289446.033,21.25,,,,9.2182,206223.397,82.79,9.2125,396132.782,94.93,9.2365,74333.577,100,9.2802,1236589.113,85.87,9.2842,770860.224,100,9.2757,101024.116,4.69,3.1763,67338.872,100,9.2849,471548.212,20.66,9.0147,14386.744,0.65,9.3654,41060.157,7.8,9.4267,10558.508,0.49,9.4314,32255.315,1.41,9.4238,63773.882,2.89,,,,9.3067,16453.267,1.62,9.3487,15656.978,0.56,,,,3.2193,237486.416,12.05,,,,3.3201,143437.35,17.17,3.3152,408379.243,100,3.4074,303935.709,91.77,3.3915,107851.076,28.32,3.5017,28094.986,1.1,3.5066,100959.891,11.12,3.5493,116418.292,46.62,,,,3.6467,84972.545,7.07,3.7191,634869.865,89.72,,,,,,,,,,3.9561,83464.546,57.68,3.9536,19849.151,56.49,3.9855,55445.482,11.71,4.0112,190117.852,14.74,,,,4.0639,343675.82,17.43,4.0736,11036.135,7.34,4.1027,226656.327,41.11,,,,4.1811,258554.691,28.53,4.2107,156002.207,0.79,4.2108,191367.738,40.4,4.1913,13920.424,0.76,4.1197,10037.25,8.25,4.2518,358923.008,85.65,4.3646,21210.073,1.64,4.3461,45701.668,3.8,4.397,23431.058,1.42,4.4253,230288.229,55.63,4.4213,672078.426,34.09,4.4973,12158.903,4.17,4.4607,16592.395,9.48,4.4603,23842.372,14.77,4.5108,18751.984,6.37,,,,,,,4.5875,80650.724,2.72,,,,,,,4.5934,127577.552,4.98,4.6445,251080.318,34.86,,,,0.9121,41686.101,20.18,4.6429,263300.589,13.36,,,,,,,4.7052,64603.159,2.94,4.7341,138215.938,58.24,,,,,,,,,,4.8124,1006621.129,45.76,,,,0.9269,13582.938,8.54,,,,4.9158,896205.699,40.74,,,,,,,,,,,,,5.0236,440880.802,34.19,,,,,,,4.9915,66376.654,5.15
194_2012_T_2n,P2-E8,1,,,,,,,5.0421,13148.696,0.44,,,,,,,5.1418,70868.426,24.11,5.2859,35197.193,8.21,5.1896,57689.891,10.1,5.2142,27679.3,1.78,5.173,46534.583,7.01,1.3072,306536.859,33.17,,,,,,,5.1809,36469.874,4.67,,,,5.3274,40598.625,0.15,5.3358,2003443.879,36.7,,,,5.4827,10853.269,2.42,,,,1.641,259725.898,14.96,,,,5.4435,119631.493,3.96,5.4663,161098.095,14.16,5.4645,211242.954,26.03,5.4664,116120.377,5.12,,,,,,,,,,,,,5.5399,26377.085,6.16,1.6487,214243.559,48.34,5.5853,1250562.45,86.68,,,,5.6072,477125.145,37.63,,,,5.783,11963.17,1.53,,,,5.6803,118605.488,0.44,5.6931,262262.564,20.67,5.7029,19373.331,1.36,,,,,,,5.7383,131930.975,11.7,5.6746,269477.071,11.89,,,,,,,5.8101,240272.582,7.97,,,,,,,,,,5.863,12188.827,2.22,,,,6.0079,113395.604,6.57,6.0227,238952.018,14.76,,,,6.052,118156.395,8.75,,,,6.0935,312275.243,17.99,6.0616,11964.714,11.48,6.1048,27579.85,3.56,,,,6.2263,16726.184,5.05,1.9843,17552.078,4.1,,,,,,,6.1971,137623.41,4.57,6.209,155992.443,41.22,6.2574,408779.208,28.61,6.2567,378287.889,21.9,6.2059,36984.7,60.87,6.3,805074.344,51.72,6.3423,14724.725,3.89,6.3673,18534.717,1.27,2.0225,71485.794,76.02,6.3215,13060.727,3.94,6.4112,1060535.854,49.58,6.5952,18253.863,4.3,,,,,,,6.4364,18346.268,2.35,6.5577,13762.518,3.06,,,,6.6488,100083.781,12.73,,,,2.1893,549896.511,64.36,6.5122,15815.21,0.62,6.6286,1314990.343,58.02,6.6342,297948.118,19.14,,,,6.6216,23507.998,14.93,,,,,,,6.7652,610437.418,33.59,6.8028,49296.711,40.94,6.7584,11368.652,1.46,2.1875,748537.84,84.95,6.766,1284423.39,23.53,6.8318,10364.691,3.31,,,,6.8868,283626.987,55.94,6.9482,26059.888,0.48,6.8749,161203.131,47.88,6.9347,480304.582,68.93,,,,,,,6.9565,28630.541,1.84,,,,6.8821,59048.261,16.18,6.9892,143129.692,62.19,6.9816,21152.208,15.42,,,,7.284,14542.754,8.91,,,,7.086,45574.159,2.51,,,,7.0923,221933.299,86.66,,,,2.4359,18456.902,16.74,,,,7.1335,215297.339,19.1,7.1464,11698.507,1.68,,,,7.1512,253862.086,32.28,7.2423,13273.896,100,7.0208,10668.473,0.04,7.1944,163289.668,63.52,,,,7.3739,11362.939,1.03,,,,7.3736,243853.597,50.58,7.3733,420825.595,16.38,7.3847,59825.577,3.7,7.3716,60823.526,18.35,7.3056,16588.468,3.02,7.4941,18245.659,1.13,7.436,25010977.18,91.98,,,,7.4918,11404.741,44.12,7.4929,129636.741,43.09,2.5768,74198.229,61.72,7.4392,1001853.427,97.85,7.5385,10744.247,39.66,7.5438,19871.795,5,7.4431,333757.6,12.99,,,,7.5925,17798.197,7.83,,,,7.661,15170.475,5.76,7.6966,50218.914,79.93,,,,2.8283,167196.861,49.5,7.7424,51122.137,17.07,7.7401,23335.451,0.09,7.7484,34214.015,3.11,,,,7.8147,4060623.47,97.49,,,,7.9474,38995.773,1.29,,,,,,,8.1668,44756.306,10.44,2.8692,48233.512,6.13,7.8442,11156.348,1.06,8.036,44846.895,10.84,8.0538,86128.728,0.32,,,,8.0101,31298.342,2.78,8.0624,121531.047,78.7,,,,,,,7.9115,14785.061,9.57,8.1088,58138.829,2.26,2.8698,57165.556,42.68,8.3331,51571.284,3.54,8.151,40438.895,3.59,8.1453,10702.147,1.01,8.2677,39167.03,4.58,8.1705,12529.459,1.19,8.2712,56034.215,10.13,8.299,139127.575,0.51,,,,8.3346,118538.723,4.61,8.3417,209736.488,43.5,3.0397,108685.945,25.36,,,,,,,,,,8.3923,105633.719,24.69,8.4246,638239.353,6.79,8.5243,132795.978,12.08,,,,,,,8.5133,514288.345,17.06,8.5903,936553.37,91.46,3.005,64918.845,86.57,8.5333,12995.734,1.21,8.5141,220882.278,51.58,8.7218,8619632.001,91.76,8.4856,24288.299,53.21,8.7644,42283.659,4.28,8.7673,24825.398,2.26,8.8494,10441.906,2.52,8.8239,130343.589,32.05,,,,,,,,,,2.9873,147438.518,37.11,8.9163,42934.166,4.07,8.9195,11923.528,0.4,,,,9.0415,13297.808,2.96,8.9677,95308.83,28.92,,,,9.0401,123519.126,37.48,9.2047,40364.312,46.57,,,,,,,3.1443,12222.487,5.9,9.2649,83614.677,7.61,,,,9.1993,714980.803,49.12,9.1977,14677.826,31.47,,,,,,,9.2345,776927.073,83.87,,,,,,,9.1961,15395.599,1.96,3.1761,234458.518,69.49,,,,,,,9.3609,80673.836,7.03,9.4171,21758.485,2.77,9.4119,453497.973,43.01,,,,9.4433,111171.798,25.98,9.3022,65514.532,7.47,9.7035,11557.173,1.17,3.2607,10108.961,2.38,,,,3.2356,54670.392,4.77,,,,3.3123,20276.782,12.69,3.4017,420271.359,94.82,3.3768,57088.25,27.53,3.4972,16919.537,0.93,3.5039,552889.476,31.86,3.5475,59253.987,47.65,3.5671,120384.65,46.6,3.6467,169024.578,7.37,3.7216,851214.143,92.57,3.8557,10123.485,23.3,,,,,,,,,,,,,,,,4.0773,155705.174,11.52,,,,4.0601,275176.486,61.28,4.0695,21584.054,5,4.1029,145637.346,40.56,,,,4.1761,182571.137,14.39,4.2099,407104.644,1.5,4.2128,529829.89,67.9,,,,4.1379,58209.989,21.51,4.2512,767666.595,85.94,4.345,49907.351,3.69,4.359,22214.362,0.97,4.3922,28643.663,1.34,,,,,,,,,,,,,4.4532,88701.795,33.65,4.5004,109908.751,13.07,,,,,,,4.5939,300778.118,5.51,4.5042,10031.013,2.37,,,,4.5905,453894.511,24.97,,,,4.6217,65707.682,15.33,0.9204,36237.721,17.21,,,,4.6145,11737.964,2.14,,,,4.7055,61953.197,2.05,4.7266,172431.296,68.49,4.7532,11963.469,2.18,,,,4.7709,105363.957,24.84,4.8113,1349828.718,44.65,,,,0.9126,34288.246,71.38,4.9618,39133.389,1.73,4.9178,1191154.636,39.4,4.8466,105870.195,4.12,,,,,,,5.0318,30580.886,20.79,5.0296,169631.678,12.56,5.0276,49393.015,13.54,,,,5.171,79137.156,5.86
199_2012_T_2n,P2-E3,1,,,,,,,5.0836,23098.16,0.59,5.0611,22871.985,5.83,,,,5.1266,15655.411,6.19,5.2669,17922.393,7.29,5.183,46518.528,23.71,5.2111,14116.754,0.63,5.1685,57220.165,12.44,1.2981,436018.171,56.46,,,,5.2108,15160.593,12.7,,,,5.3622,16460.375,1.1,5.3274,10149.411,0.12,5.3363,110322.686,3.66,5.4764,21840.722,9.32,,,,,,,1.6465,115061.759,9.66,,,,5.4438,158069.373,4.71,5.4299,239563.097,17.35,5.4447,296576.477,32.97,5.4641,8765200.53,93.49,,,,,,,,,,,,,5.5383,40494.875,16.48,1.6484,84037.714,100,5.5877,400793.007,75.47,5.603,33716.102,22.45,5.6093,38240.475,0.97,,,,5.8014,62000.498,7.49,5.5658,11066.4,2.39,5.6764,310731.979,3.75,5.7002,432159.703,24.76,5.6969,74181.466,7.21,,,,,,,5.7242,97667.673,9.4,5.736,21020.614,0.22,,,,,,,5.8093,280402.612,7.18,,,,5.8301,83170.318,78.68,,,,5.9535,35110.663,4.09,,,,6.0019,177727.169,11.4,6.0298,193789.267,14.4,6.0797,22727.133,2.74,6.0495,107607.794,15.49,,,,6.0892,181934.219,15.28,6.0647,20173.852,25.4,6.1047,10795.758,1.9,6.1385,151544.787,65.05,,,,,,,,,,,,,6.2043,111571.068,2.86,6.2065,44037.951,20,6.254,280821.732,27.28,6.2528,285351.835,18.31,,,,6.3006,288015.009,12.76,6.3421,31511.797,14.31,6.374,33239.679,1.24,2.0245,139612.282,54.49,,,,6.4168,1382576.618,49.8,,,,,,,,,,,,,,,,6.5774,35668.941,17.73,6.5263,10440.941,2.26,,,,2.1883,183571.872,40.11,,,,6.6287,70010.01,0.75,6.6357,1367042.829,60.57,6.6517,89919.149,28.73,6.7057,12751.434,5.54,,,,,,,6.7231,752465.914,28.65,,,,6.9729,53056.97,6.41,2.1898,252626.099,76.93,6.76,198933.022,6.59,,,,,,,6.8809,137725.242,72.53,6.869,140536.046,4.66,6.886,188901.024,69.39,6.9343,82658.949,49.06,,,,6.943,30637.025,21.02,6.949,66976.244,2.97,,,,6.897,21667.958,7.58,6.9812,37901.14,70.51,,,,,,,,,,,,,7.0838,62948.18,2.4,,,,7.0886,158860.41,92.8,,,,2.4247,13553.424,32.05,,,,7.1343,82203.894,7.91,7.1456,38222.261,22.68,,,,7.153,21602.478,4.67,,,,,,,,,,7.1509,17438.242,2.11,,,,,,,7.3745,225059.659,72.86,7.377,304108.602,20.35,7.3021,607898.968,45.18,7.3731,46765.153,26.18,7.4876,10400.79,1.21,7.4179,282637.005,21,7.4408,6362486.819,76.73,,,,7.4848,83457.47,37.59,7.485,42918.021,25.64,2.5768,264174.242,94.41,7.4454,128927.121,100,,,,7.5501,40236.378,12.71,7.4391,89690.605,6,,,,7.5783,76214.995,18.71,,,,7.6488,10845155.38,95.43,,,,,,,2.8254,94099.969,54.69,7.7393,34509.168,21.23,7.7477,19018.038,0.23,7.7427,78450.336,11.6,7.7535,47280.044,32.44,7.8136,3149367.223,95.1,,,,7.9389,29286.648,0.75,,,,,,,8.1692,83196.141,33.86,2.8633,62568.337,13.51,7.8643,24377.374,2.17,8.0317,104724.567,17.82,7.9212,19647.254,0.24,8.2053,12056.008,2.6,7.9642,12967.766,1.25,8.0603,48559.652,20.73,8.0713,30762.52,54.68,,,,7.9256,35577.855,15.19,,,,2.8759,27843.369,54.32,,,,8.1432,16143.385,1.55,8.146,18700.838,1.67,8.2553,25784.296,5.63,,,,8.2578,115495.2,61.03,8.282,20150.237,0.24,,,,8.2821,17854.798,1.19,8.3369,10814.183,3.5,,,,,,,8.2389,10554.673,1.56,,,,8.3948,147789.521,35.14,8.4178,34394.793,0.37,8.5072,76613.328,11.32,,,,,,,8.4983,192885.246,4.94,8.6077,1033688.692,92.59,2.998,35220.005,76.74,8.6328,29902.133,2.56,8.6404,11397.445,0.85,8.7114,9206156.688,98.29,,,,8.7676,19413.92,5.27,8.6682,36286.484,5.36,8.7617,15701.229,2.67,8.8199,636175.701,49.21,9.1205,11382.94,9.53,,,,8.8897,114060.864,70.19,2.9779,94473.55,29.84,8.9067,11811.13,1.05,8.8989,445588.549,11.41,,,,9.0243,13258.396,3.38,8.9671,127914.234,32.3,8.9749,10682.346,22.31,9.0399,122119.578,30.84,,,,8.8774,28960.425,7.86,,,,3.1369,249008.572,60.71,9.041,55854.217,8.26,,,,9.2081,1661164.608,62,,,,9.2151,3325206.966,100,9.2094,2011756.151,97.27,9.2319,39591.885,38.59,9.275,1457528.176,99.07,9.2794,1105100.774,98.45,9.2748,128995.508,27.86,3.1739,73821.819,73.86,9.2703,627807.203,55.97,8.9997,19749.646,11.8,9.3645,49171.167,6.31,,,,9.5667,27268.109,2.43,9.5509,19052.104,11.38,9.4398,153270.494,36.45,9.5164,16782.45,1.99,9.4852,13321.146,3.61,,,,,,,3.2323,119318.69,15.32,3.3164,291429.149,51.16,3.3135,616917.877,90.25,3.4003,396241.399,79.96,3.3844,152600.346,33.95,3.4915,54635.681,2.08,3.5009,134867.986,11.33,3.5477,186624.994,46.93,3.5667,180096.57,100,3.6471,99403.748,4.47,3.7204,660712.398,83.42,,,,3.8615,14211.844,0.64,3.903,103132.632,10.84,,,,3.9562,40504.64,73.49,,,,4.0156,56293.499,8.1,4.1368,20565.004,2.92,4.0629,186350.146,47.48,4.0731,37742.243,17.89,4.0996,359016.017,52.94,,,,4.1728,409055.865,23.43,4.2105,468088.724,5.64,4.2088,520268.051,62.82,,,,4.2396,13408.355,3.89,4.2524,411007.266,81.84,4.3439,18244.474,2.63,4.3332,25377.699,1.14,4.3912,102394.837,3.69,,,,,,,,,,,,,4.4472,139053.535,1.22,4.4676,293137.312,41.6,,,,,,,4.5903,416596.413,13.81,,,,,,,4.5872,620411.64,23.62,,,,4.6213,12802.246,5.21,0.9164,50028.825,19.65,,,,,,,,,,4.7018,83725.535,2.5,4.7293,200372.661,68.44,4.7531,24033.048,2.8,,,,4.7722,51990.439,34.61,4.8066,1488036.854,44.37,,,,0.909,38056.367,47.66,4.9514,10779.407,0.11,4.9143,1371346.631,40.89,4.8417,239966.338,16.06,,,,,,,,,,5.0244,88248.518,12.71,,,,,,,4.9924,13143.544,1.89
201_2012_T_4n,P2-E4,1,,,,,,,5.0445,61218.37,3.38,5.0806,298656.452,5.69,,,,5.1532,19622.95,14.82,5.1735,20333.091,0.39,,,,,,,5.1893,36368.225,30.04,1.3018,185734.01,42.49,5.2175,239498.161,54.6,,,,5.2197,38203.854,9.88,5.2771,3122990.807,53.07,5.362,25230.25,2.67,5.3345,174285.356,9.11,,,,5.3885,1542934.012,29.4,5.3798,10845.205,5.83,1.6477,23049.611,3.52,,,,5.4443,90044.531,6.41,5.4536,95018.743,13.45,5.448,57618.575,14.08,5.4732,46022.747,79.82,,,,,,,,,,5.3925,46086.627,44.13,5.5464,1449221.519,27.94,,,,5.5872,154219.346,78.37,5.5226,28479.22,15.3,,,,5.5503,89755.244,5.64,5.5415,11943.78,3.09,5.5504,40443.108,0.78,5.6457,12243.91,1.3,5.6948,216753.19,22.66,5.6964,49866.902,8.49,,,,,,,5.7257,16900.689,3.35,,,,,,,5.8202,57241.853,1.09,5.8177,94433.249,5.22,5.8351,13514.404,0.85,5.8347,27770.103,72.11,6.0146,557291.835,10.62,5.9548,26113.507,0.74,,,,5.9981,75723.343,10.89,6.0276,96405.852,11.94,,,,6.0569,53288.95,8.52,6.0095,126287.086,7.93,6.0935,95202.733,14.52,,,,6.1047,24800.341,17.49,6.1342,81848.814,20.25,,,,,,,6.1718,158522.629,2.74,,,,6.2056,65267.98,3.61,6.1992,22275.048,25.92,6.2529,75552.387,12.86,6.2569,61557.918,8.85,,,,6.3039,164400.646,12.36,6.3467,47256.545,54.99,6.5129,24064.384,1.78,,,,6.5177,25281.25,1.59,6.4096,719708.187,42.16,,,,6.5128,86865.618,60.58,,,,6.6143,44820.282,11.59,6.5192,205816.675,3.92,6.5785,18222.86,4.88,6.5977,28572.332,0.55,6.6054,12738.853,0.15,2.188,233351.634,36.16,6.5189,75873.274,1.29,,,,6.6327,893206.127,67.17,,,,,,,,,,6.7307,129986.587,2.48,6.7223,279599.934,27.44,6.8383,159029.384,21.81,6.8203,16893.296,4.37,2.1952,333931.853,62.03,6.7713,286173.968,14.97,6.8366,3063702.853,36.35,,,,6.8953,18705.944,24.47,6.8697,358645.305,18.75,6.8923,17033.665,15.99,6.9354,42229.826,37.87,,,,,,,6.949,11112.476,0.84,,,,,,,6.8422,593549.826,25.98,6.9797,16843.7,38.6,7.0183,29334.352,2.41,,,,,,,7.0863,17424.507,1.71,7.0951,93399.576,1.78,,,,7.1472,12948.828,0.82,2.4204,13150.641,51.7,,,,7.122,27000.875,5.35,7.1494,57135.031,51.24,,,,7.1587,17994.694,0.35,7.2339,16163.642,11.27,7.0354,12147.546,1.28,,,,,,,7.4131,16701.044,0.54,,,,,,,7.3559,13357.045,0.23,7.3788,60034.137,7.44,,,,7.5136,41486.934,1.18,7.4245,197357.051,24.45,7.4463,69924.831,7.4,7.4743,13560.28,26.49,,,,,,,2.578,110950.893,76.48,,,,7.5342,17047.841,100,7.5421,18160.809,27.08,,,,7.598,3611460.363,42.75,7.5793,40808.773,18.39,,,,7.6582,39026.304,5.38,,,,7.7957,47322.424,0.56,2.83,18217.143,36.76,7.7366,58897.579,9.15,7.741,16683.859,1.76,7.7404,21568.163,0.69,,,,7.8123,4003042.202,98.5,7.8922,16596.468,0.32,7.9354,45869.986,2.53,,,,7.9728,14171.425,0.24,8.1685,20421.596,0.39,,,,7.9473,291106.947,5.04,8.0405,37921.622,11.43,8.0475,29615.76,3.13,7.8086,78419.009,1.52,,,,8.06,15107.95,23.86,8.069,62095.256,8.52,8.1068,32860.407,0.63,,,,8.0876,14086.487,0.24,2.8828,53899.448,76.41,8.1047,48121.678,3.57,,,,,,,8.2633,71337.423,11.05,8.3857,26665.969,0.46,8.2578,24985.179,3.14,8.3407,10519.909,1.11,,,,,,,,,,,,,,,,,,,8.3984,21348.62,30.25,8.3932,166046.678,16.52,8.4226,375548.277,37.96,8.4931,65083.651,2.09,,,,8.5283,11419.403,0.72,8.5051,126280.087,6.97,8.5807,119863.321,49.83,,,,8.6323,207201.126,14.58,8.5041,54573.966,63.63,8.7125,593552.037,60,8.7651,316686.616,84.84,8.7572,4493866.585,90.83,8.7576,2670891.338,85.94,,,,8.8224,292281.3,56.54,8.7562,53436.839,19.52,,,,8.8886,504258.178,78.36,2.9842,24165.17,36.03,8.8913,141127.596,2.44,8.8886,135727.127,7.5,8.9365,19068.486,2.62,8.9289,203038.925,3.87,8.9628,16719.764,3.81,,,,,,,,,,9.021,16815.923,0.34,,,,3.1483,69057.212,49.99,9.2213,13466.856,0.43,,,,8.932,42870.095,3.18,,,,9.2807,16963.715,58.38,9.2159,24425.412,69.39,9.2374,16445.471,100,9.2774,407102.419,29.3,9.2856,119381.084,63.48,9.2807,64144.748,1.24,,,,9.2792,283598.905,4.91,9.2804,247453.246,2.93,9.3645,71870.829,8.18,9.4274,175161.168,3.39,9.4199,382933.592,6.63,9.4239,668866.085,7.92,,,,9.5451,35068.44,4.04,9.3795,15973.21,0.32,,,,,,,3.2372,35195.474,4.01,3.322,60863.834,42.91,3.319,239657.722,69.78,3.3991,33483.516,7.31,3.3959,52080.019,29.7,3.4955,27516.3,2.7,3.5109,159460.906,24.32,3.5428,53589.096,36.3,3.5692,82289.57,66.31,3.6496,40063.297,4.72,3.7247,403125.083,90.34,,,,,,,,,,,,,3.9573,14452.285,100,,,,4.0124,72211.042,11.54,,,,4.0657,139394.014,2.66,4.082,17516.619,20.5,4.0998,102850.458,38.3,4.1206,14978.093,100,4.1835,310503.92,32.46,4.1057,10563.928,1.12,,,,,,,,,,4.2529,846288.394,95.4,4.3388,57654.56,9.22,4.3574,16632.971,1.96,4.3985,50823.082,2.98,4.5168,126573.837,7.69,4.3432,49651.702,0.95,4.3418,185539.59,5.29,4.3418,232980.357,4.49,4.4559,26096.973,3.6,,,,,,,,,,4.5887,184014.078,9.62,4.4983,21076.056,11.32,,,,4.5918,222676.297,21.85,4.5259,44876.883,2.82,4.6177,39393.109,0.76,0.9216,30692.054,21.17,4.5941,26362.389,0.5,4.6784,97026.702,2.77,4.6883,118223.852,26.95,4.6992,21926.346,1.56,4.722,79354.242,60.7,4.8549,21070.851,0.6,,,,,,,4.81,601899.813,42.84,,,,,,,,,,4.9178,505956.426,36.01,4.9332,45546.872,0.77,4.8531,1617330.04,31.18,,,,,,,5.0324,248093.245,39.66,,,,,,,4.9115,12785.723,2.04
244_2012_T_2n,P2-E9,1,1.2721,95839.842,53.72,,,,,,,5.0598,13672.953,1.8,,,,5.1873,10947.501,6.23,5.2888,57960.639,21.86,5.188,18443.529,9.97,5.2124,13129.566,0.64,5.1763,45209.455,16.27,1.2941,286858.542,50.4,,,,,,,5.1802,54861.704,13.62,5.3636,18336.92,1.56,5.3366,40925.587,0.22,5.3339,310047.972,13.11,5.4781,16213.326,10.14,5.4862,11711.875,1.54,,,,1.6476,206080.703,12.6,,,,5.4432,140696.02,5.76,5.4427,275653.876,30.19,5.4435,284902.211,33.89,5.469,4346308.157,84.6,,,,,,,,,,,,,5.5438,26149.047,9.86,1.6541,137628.217,72.32,5.5843,414390.997,89.68,,,,5.6097,177385.518,11.82,,,,5.7889,35607.726,8.84,,,,5.6882,152727.2,0.83,5.7,248212.266,25.77,5.7119,42782.716,8.49,,,,,,,5.7392,55116.581,6.62,5.667,59466.28,1.16,,,,,,,5.8117,198425.17,8.03,,,,5.8353,59179.847,100,,,,,,,,,,5.9982,112439.991,11.31,6.0255,125212.71,9.55,,,,6.0506,79172.731,11.1,,,,6.0897,170722.16,10.44,,,,6.0983,27354.356,4.78,6.138,197136.733,65.63,,,,,,,6.1697,50679.271,3.78,,,,6.2044,61800.077,2.5,6.2004,76857.246,36.69,6.2632,171975.748,34.12,6.2644,180422.749,18.15,6.2217,12338.631,15.48,6.3027,263113.839,12.9,6.3518,67757.356,32.35,6.3693,65638.986,6.26,2.0271,72890.065,86.11,,,,6.4138,1373050.47,54.97,,,,,,,,,,,,,6.5577,18528.716,2.43,6.5777,55986.516,33.8,,,,,,,2.1766,21494.056,9.07,6.5956,10890.919,0.93,6.6295,382222.748,7.44,6.6365,1255046.804,61.55,6.649,36637.241,19.69,,,,,,,,,,6.7205,288371.255,17.46,,,,6.9743,38642.922,9.59,2.1836,72149.896,70.22,6.7676,318352.449,13.46,6.8498,16236.398,5.41,,,,6.8746,72789.85,52.15,6.8596,215217.974,9.1,6.8793,119700.627,75.08,6.9319,97713.83,53.01,,,,,,,6.9394,26727.316,1.31,,,,6.8774,10999.904,5.8,6.9912,27437.887,63.28,,,,,,,,,,,,,7.0869,42533.619,2.57,,,,7.0947,239365.619,100,,,,2.4128,37193.042,57.1,,,,7.1343,64701.805,7.77,7.1501,70966.239,38.5,,,,7.1655,25324.781,5.94,,,,,,,,,,7.1768,11999.806,2.98,7.3386,10806.529,1.92,,,,7.3734,42377.184,40.98,7.3782,54053.214,4.61,7.3069,780784.321,59.58,,,,7.5341,49629.471,8.76,7.4827,86829.16,6.63,7.4405,16247371.1,88.8,,,,7.4929,16492.475,27.24,7.4939,78631.534,24.72,2.5789,223339.578,85.27,7.4452,552492.246,100,,,,7.5353,11408.748,3.19,7.4403,268267.377,22.86,,,,7.575,70555.857,32.2,,,,7.658,3404854.265,95.3,,,,,,,2.8267,152599.436,54.65,7.7424,10077.416,1.96,7.7533,23316.881,0.13,7.7475,46166.292,8.21,7.7637,16336.777,53.84,7.8168,2628040.275,94.27,,,,7.9425,18443.198,0.75,,,,,,,8.1736,22593.012,8.52,2.8651,42718.563,10.02,7.8771,13910.186,1.04,8.0339,33112.36,8.22,8.0607,18564.811,0.1,,,,7.8642,19233.787,2.31,8.0615,55476.633,22.82,8.0787,47840.01,52.6,,,,7.926,40210.124,16.54,8.1332,11175.927,0.95,2.8822,33267.019,76.15,,,,,,,8.1646,17003.408,1.27,8.2506,36243.852,15.3,,,,8.2623,61789.73,65.31,8.2949,75605.59,0.41,,,,,,,,,,3.0345,21865.142,8.25,,,,,,,,,,8.3974,222027.954,35.09,8.4228,80976.491,1.23,8.5031,64871.377,11.54,,,,,,,8.5073,148891.98,6.02,8.5895,366587.279,73.98,3.0019,29841.836,63.92,8.6364,166236.941,19.84,8.5043,68764.771,13.87,8.7199,6447132.476,98.12,,,,8.7709,47681.427,9.84,8.8565,16103.514,2.86,8.7574,40742.292,10.12,8.8274,347188.898,56.49,,,,,,,8.8947,420284.579,81.75,2.98,154827.376,43.32,8.9173,25822.797,1.93,8.8893,92051.128,3.72,,,,9.0294,15498.73,2.04,8.97,95629.256,36.08,,,,9.039,111835.133,42.19,,,,8.8768,52442.563,10.83,,,,3.1364,314219.873,55.07,9.0431,53510.46,9.52,,,,9.2117,458625.675,43.77,,,,9.2157,462646.6,97.69,9.2116,660868.371,100,9.2354,115952.428,90.74,9.2786,2053473.622,100,9.2833,1749954.97,100,9.2745,169277.146,39.71,3.1751,85106.756,88.84,9.2797,843857.964,62.99,8.9999,17048.764,5.36,9.3672,154740.775,22.77,,,,,,,,,,9.4465,272784.596,43.12,9.5347,25653.412,6.44,,,,,,,,,,3.1421,14551.628,2.14,3.3162,166923.14,29.16,3.3162,442200.129,86.3,3.3993,309518.737,89.51,3.38,55997.528,25.46,3.4843,109124.206,6.61,3.5055,382761.652,23.41,3.5483,46856.872,22,,,,3.6436,96199.136,8.31,3.7215,316494.33,94.13,,,,,,,3.9055,30093.306,7.05,3.9564,24026.194,14.71,,,,,,,4.013,104372.188,14.63,4.1473,11574.667,2.37,4.0635,486167.473,63.85,,,,4.1065,313976.426,55.95,,,,4.1789,236105.333,24.51,4.2032,149065.011,0.81,4.21,168087.187,41.72,,,,4.1317,18573.331,7.79,4.2515,333326.682,73.73,,,,4.3276,17117.399,1.48,4.3924,80561.505,3.23,,,,,,,,,,,,,4.4526,43825.733,1.23,4.4764,156590.86,32.11,,,,,,,4.5867,323289.601,13.67,,,,4.7028,16350.727,19.04,4.59,448436.673,27.15,4.5935,13570.849,7.65,4.6233,88041.65,33.21,0.9192,88826.48,27.97,4.596,24150.419,3.17,4.6199,11741.783,2.07,,,,4.7057,68729.781,2.81,4.7302,195429.741,58.36,,,,,,,4.7753,29201.726,13.03,4.8145,838018.984,34.3,,,,0.9098,33559.036,18.81,4.7725,11433.852,0.22,4.9164,1024318.503,41.92,4.8415,127420.257,10.86,,,,,,,4.9519,15946.153,61.3,5.0231,137822.496,19.32,5.1741,12938.156,6.83,,,,5.1592,24219.675,3.39
273_2012_T_2n,P2-E1,1,,,,4.9122,11256.663,47.36,,,,,,,,,,5.1216,15362.667,7.44,,,,5.1885,43035.461,23.93,,,,5.1888,60718.609,9.05,1.299,401623.256,41.22,,,,,,,5.1777,20084.384,3.3,,,,5.3337,14836.344,0.26,5.3373,549422.573,11.19,5.4522,39328.429,12.05,,,,,,,1.6408,154300.437,12.58,,,,5.4423,254444.514,5.52,5.4294,26018.028,1.79,5.476,109693.818,16.56,5.4659,9404827.93,95.08,,,,,,,,,,,,,,,,1.654,107454.175,60.36,5.5827,686217.743,85.11,,,,5.6143,22254.343,0.5,,,,,,,,,,5.6715,69552.878,1.23,5.699,308107.396,22.96,5.7282,19109.314,1.5,,,,,,,5.7388,228036.909,13.21,5.7321,18291.609,0.18,,,,,,,5.8109,302689.706,6.59,,,,5.8297,43421.499,64.47,,,,,,,,,,5.9977,346028.777,16.89,6.0305,154111.442,10.38,,,,6.0471,167613.679,14.77,,,,6.0887,307153.719,25.04,6.0597,19016.3,25.07,6.1014,28055.682,3.09,6.1358,61241.892,62.91,,,,,,,,,,,,,6.2025,162556.375,3.54,6.2014,224709.029,59.22,6.2561,395557.041,31.09,6.2555,390551.755,19.07,6.1983,21496.191,13.25,6.3001,1031866.079,58.99,,,,6.3945,30352.202,1.38,2.0254,95060.589,67.02,,,,6.4063,1120789.783,42.27,,,,,,,,,,,,,,,,6.5742,27920.14,20.84,6.6341,10642.128,2.02,,,,2.1828,80931.736,27.28,6.5117,23981.316,1.63,6.6317,78289.241,0.79,6.6327,308321.17,17.63,6.6484,143406.917,43.15,,,,6.6973,15735.432,6.21,,,,6.7666,306254.892,8.69,,,,,,,2.1839,110183.847,57.98,6.7702,1166610.008,23.75,,,,,,,6.8776,288136.956,79.17,7.0788,166298.715,3.39,6.8835,234165.968,63.23,6.9328,218299.263,83.18,,,,6.943,15258.007,21.08,6.8037,10844.645,0.62,,,,6.8676,60422.968,17.33,6.9853,38662.151,74.78,,,,,,,,,,,,,7.0877,254660.965,7.22,,,,7.0896,173715.853,87.15,7.2511,11903.418,3.05,2.4221,36218.9,40.29,,,,7.1455,226570.675,13.13,,,,,,,7.156,53134.278,10.07,,,,,,,,,,,,,7.5673,13151.457,1.97,,,,7.3756,226388.914,57.93,7.3709,353957.784,24.02,7.3093,564147.262,38.01,7.3723,38691.49,24.95,7.5397,37233.745,6.56,7.4196,218987.88,14.75,7.4427,4605734.875,81.56,,,,7.4826,65420.103,46.62,7.4847,76515.705,29.71,2.5773,221766.004,95.24,7.4419,81915.793,100,,,,7.5416,27871.487,6.08,7.4426,73963.821,5.02,,,,7.5778,163751.1,53.13,,,,7.6434,13112129.27,95.92,,,,,,,2.827,276903.208,64.27,7.74,11276.594,7.03,7.7495,13981.661,0.25,7.749,104915.055,15.74,7.7472,19886.304,27.47,7.8148,4172159.772,96.75,,,,7.9127,22580.881,0.49,8.0072,22456.447,100,,,,,,,2.8669,82113.976,15.55,7.8718,11902.773,1.02,8.0304,116681.303,17.27,,,,,,,8.0569,28538.411,1.65,8.0587,65717.324,35.83,8.0647,23719.37,59.6,,,,7.925,13205.455,7.2,8.333,32154.026,2.18,2.8867,30720.819,30.91,8.3284,14858.473,0.67,8.149,51445.466,2.98,8.1586,19788.029,1.69,8.2559,31238.991,10.53,8.1312,16718.953,1.43,8.2512,165764.923,45.72,8.318,24963.368,0.44,,,,8.2939,10957.358,0.74,8.3395,84725.044,21.68,,,,,,,8.4111,10478.878,1.57,,,,8.3933,293291.753,51.66,,,,8.4981,27877.75,4.18,,,,,,,8.5032,172052.95,3.75,8.5891,533700.331,89.65,3.0009,26874.762,72.78,8.6321,76704.744,7.07,8.5099,110725.812,8.62,8.7086,8717561.758,99.31,,,,8.7581,27292.596,5.89,8.6604,21641.517,3.25,8.8578,11579.413,1.71,8.8161,632388.864,50.59,,,,,,,8.8877,149101.332,92.97,2.982,122669.654,26.78,8.9135,46426.907,3.98,8.8954,51265.066,1.12,,,,8.9396,12119.885,2.51,8.9614,92226.89,32.86,,,,9.0306,121190.747,43.18,,,,8.872,34912.282,7.53,,,,3.1416,95190.847,18.98,9.2651,53815.739,8.07,,,,9.2074,1605281.463,72.89,,,,9.213,2594074.05,100,9.2094,1757230.746,97.04,9.0042,10834.055,7.38,9.2774,1684335.882,98.67,9.2783,1307666.47,100,9.274,132236.173,25.05,3.1745,146388.632,64.75,9.2735,640495.069,54.84,,,,9.3643,280668.702,21.31,9.4911,15132.719,2.87,9.414,193952.684,16.61,,,,9.4446,132961.009,23.42,9.5247,14277.46,1.72,9.689,16650.293,3.59,3.1432,14928.867,3.22,,,,,,,3.3181,439857.479,48.38,3.3135,742846.708,86.18,3.4026,618294.639,70.58,3.3917,19436.874,6.69,3.49,14111.771,0.4,3.4984,196687.794,16.03,3.5473,113827.434,53.14,,,,3.6462,118063.71,5.61,3.7208,535332.889,74.88,,,,3.8603,15720.457,0.75,3.9049,81073.312,8.68,3.9544,47290.109,26.69,3.9532,15777.472,100,,,,,,,4.1346,36044.69,7.31,4.0532,185715.783,38.45,4.1952,11945.146,4.14,4.0966,405530.375,55.86,,,,4.1785,279506.315,20.83,4.204,333513.442,5.91,4.2051,372360.205,61.14,,,,4.141,50784.471,27.94,4.2483,446687.652,82.76,4.3377,51989.717,4.58,4.3422,38465.62,1.83,4.3841,21890.259,0.83,,,,,,,,,,,,,4.4425,86338.996,0.63,4.4679,284182.44,57.62,,,,,,,4.5924,1008215.579,20.53,,,,,,,4.586,1396020.824,39.6,,,,4.615,13040.009,7.63,0.9157,123386.521,37.95,,,,,,,,,,4.699,219604.694,4.77,4.7289,254700.211,76.45,4.7553,10225.621,1.8,,,,4.7614,47711.197,10.29,4.8043,2041466.5,44.32,,,,0.9116,12759.999,52.68,4.7753,12043.674,0.12,4.9115,1807068.169,39.23,4.838,41008.064,2.78,,,,,,,4.9603,15038.752,38.5,5.0252,196737.176,17.34,5.0275,10534.762,3.02,,,,5.1655,24812.309,2.19
338_2012_T_2n,P2-E5,1,,,,,,,5.0459,31716.184,1.22,,,,,,,5.1254,32416.455,12.27,,,,5.187,31159.672,6.85,,,,5.2564,10130.485,4.03,1.3078,326198.765,51.65,,,,,,,,,,,,,5.3295,112568.892,0.49,5.3391,746734.869,20.61,,,,,,,,,,1.6354,61111.089,5.99,,,,5.4423,112854.568,4.31,5.4599,140401.959,15.45,5.4667,141637.979,28.78,5.4625,97597.443,4.47,,,,,,,,,,5.402,12994.371,1.39,,,,1.651,18722.582,23.24,5.5847,1096488.764,93.42,,,,5.6097,449713.362,39.22,,,,5.7835,28987.529,5.16,,,,5.6823,63534.062,0.28,5.692,219504.581,22.64,5.6944,30646.633,3.63,,,,,,,5.7315,54662.533,5.87,5.6669,171442.237,7.86,5.7384,14734.184,43.46,,,,5.809,229619.435,8.84,,,,,,,6.0143,91124.297,17.86,5.9616,17591.205,4.45,,,,6.0328,23466.361,1.88,6.0266,166501.424,13.49,5.9464,10058.768,1.79,6.0526,51961.695,8.04,5.9901,15185.738,8.17,6.0879,174269.76,17.08,,,,6.1058,94465.35,6.62,6.1359,34678.55,39.94,,,,,,,,,,,,,6.2054,72092.687,2.78,6.2085,129880.542,60.46,6.2631,344094.609,40.74,6.2608,264541.311,21.17,6.2021,17287.165,7,6.2987,539807.215,53.86,,,,6.3657,54584.562,4.75,,,,,,,6.4098,863061.562,48.21,6.5935,15403.303,4.17,6.6539,14533.364,100,,,,6.4414,42044.411,7.49,,,,,,,6.6508,10672.681,2.03,,,,2.1802,365237.278,51.95,,,,6.6324,1463368.332,67.06,6.6333,228989.252,22.85,,,,6.6362,15123.691,12.72,,,,6.7308,29350.96,5.75,6.7671,306359.062,15.63,,,,6.6467,15141.719,2.7,2.1827,538374.283,82.32,6.772,732101.668,20.21,,,,6.8049,12910.925,0.59,6.8785,189535.014,63.05,,,,6.8758,277963.414,89.04,6.938,203485.848,67.96,,,,6.9358,10556.576,40.14,,,,,,,6.8831,31865.016,19.47,6.9174,11094.326,16.41,,,,,,,,,,,,,7.0864,198252.122,10.12,,,,,,,,,,2.4088,23472.81,36.5,,,,7.1334,208432.544,22.39,,,,7.3616,30705.309,16.52,7.1551,55260.043,10.52,,,,7.1006,10182.594,0.04,7.1903,12368.241,33.95,,,,,,,,,,7.372,144925.136,46.5,7.3742,226905.245,20.8,7.3034,571498.377,46.32,7.3878,10199.798,5.49,,,,7.5092,12816.163,1.04,7.4389,21082711.38,92.57,,,,7.4905,38772.26,63.93,7.4997,19536.832,3.3,2.573,41685.996,100,7.4418,899893.532,96.21,,,,,,,7.59,31410.704,2.88,,,,7.5727,69647.477,35.32,,,,7.6608,20792.518,9.98,,,,,,,2.8142,378401.612,34.7,7.7349,23587.224,5.01,7.7464,12138.914,0.05,7.7428,48980.104,4.71,,,,7.8147,4188040.55,98.07,,,,7.91,12113.81,0.47,7.9945,13113.635,100,,,,,,,,,,,,,7.9901,21954.819,8.12,8.0578,82437.749,0.36,,,,7.8618,28893.496,3.1,8.0641,85994.628,51.28,8.0784,61798.085,83.78,,,,7.9239,11769.959,7.02,8.1066,36019.368,3.3,2.8802,325669.993,87.56,,,,8.1411,13757.188,1.48,8.1549,30343.348,2.8,8.2555,55461.707,7.89,8.3865,250830.043,23.11,8.268,42664.887,9.3,8.301,153448.925,0.67,,,,8.4289,29777.817,2.73,8.338,11920.664,3.83,3.0355,64752.66,48.95,,,,8.2424,14129.652,1.36,8.3904,395154.729,100,8.4,66222.322,21.61,8.4264,122440.063,19.63,8.4534,16588.255,1.59,,,,,,,8.522,44849.948,1.73,8.5933,124272.663,53.8,3.0009,14846.294,100,8.6299,146248.177,13.85,8.5122,42796.583,6.72,8.7097,382609.221,61.35,8.7656,47231.93,100,8.7634,1492157.213,80.25,8.7566,765984.007,73.59,,,,8.8267,228138.826,53.21,,,,,,,8.8927,412010.002,87.46,2.984,115403.117,54.01,8.888,63000.429,5.8,8.9093,12717.837,0.49,,,,8.9267,20183.177,3.96,8.9661,43437.349,31.42,,,,9.046,41475.654,30,,,,,,,,,,3.1357,46429.792,25.44,9.0546,15845.269,1.52,,,,9.2156,628218.615,54.64,,,,9.2147,819052.546,98.65,9.2116,852023.13,100,9.0191,10438.667,17.15,9.2798,355737.552,86.62,9.2829,106497.874,90.54,9.2732,31860.232,6.07,3.1763,64502.063,48.32,9.2772,168374.513,15.51,9.2878,70447.742,11.89,9.3668,109063.2,10.65,9.4308,43064.562,8.2,9.4242,76832.973,7.08,9.4247,179369.673,30.27,9.443,136426.894,44.53,9.5425,21807.394,4.06,,,,,,,,,,3.2304,20946.31,2.05,,,,,,,3.4002,566299.592,84.27,3.386,42969.614,45.52,,,,3.5011,422594.468,41.42,3.5416,34308.784,38.42,3.5699,83167.17,77.18,3.6484,125699.893,8.71,3.721,604752.553,89.57,,,,,,,,,,,,,,,,,,,4.0672,17367.98,2.69,,,,4.0622,87919.799,17.23,4.1959,13351.485,4,4.098,156077.192,20.83,4.1259,11826.163,100,4.1758,202384.371,20.87,4.2087,330334.781,1.45,4.2101,384694.994,68.52,,,,4.1445,34590.109,25.82,4.252,1081417.813,80.24,4.3428,15880.993,2.46,4.3411,11434.652,0.79,4.389,26698.962,1.49,,,,,,,,,,4.4693,10781.566,8.15,4.4575,38608.821,18.54,4.4931,26438.335,5.41,,,,,,,4.5961,588685.144,16.25,,,,,,,4.5895,794208.859,40.52,,,,,,,0.916,49430.414,26.2,,,,,,,,,,4.7058,63032.379,2.41,4.7269,219934.868,88.13,,,,,,,4.7649,25153.33,6.81,4.8083,1199859.511,45.84,,,,,,,,,,4.9126,1018986.022,38.93,4.8352,47469.703,4.35,,,,,,,,,,5.019,168374.974,26.06,5.016,10884.642,6.65,,,,5.1509,27625.24,4.28
54_2012_T_4n,P2-E7,1,,,,,,,5.0637,33592.513,1.81,4.986,64070.606,0.8,,,,5.1598,15348.586,7.21,,,,,,,,,,5.2001,24084.035,18.88,1.299,199820.21,37.16,5.2132,374674.511,48.31,,,,5.1738,15186.38,3.61,,,,5.3842,10585.473,0.76,5.3423,597585.142,19.79,,,,,,,,,,1.6418,46949.169,4.27,,,,5.438,60711.547,3.55,5.4471,113811.341,15.02,5.4486,144727.044,29.33,,,,5.5128,344635.837,91.75,5.5078,82688.326,1.07,,,,,,,5.5209,27403.734,2.05,,,,5.5892,190787.535,72.93,,,,,,,5.637,19270.809,0.61,5.7996,16798.495,4,5.5129,85046.925,1.86,5.6946,11713.021,0.84,5.7029,397226.32,30.34,5.692,51624.221,7.06,,,,,,,5.7031,62970.504,12.1,,,,,,,5.807,103397.204,1.29,5.8223,86093.823,4.63,5.7978,38871.372,1.23,5.839,51472.644,100,6.0108,1669249.154,20.88,6.0024,11379.177,1.47,,,,6.0029,43365.881,5.77,6.027,146630.184,17.88,,,,6.0572,43708.274,5.11,6.0115,136072.56,4.3,6.0935,154530.514,14.05,,,,,,,6.1897,198059.813,29.61,6.1729,18527.658,0.59,1.9839,127903.469,9.58,6.1714,1164642.081,15.12,6.1593,26497.439,7.86,6.2112,44236.72,2.38,6.1988,67869.108,39.3,6.2747,92275.386,12.61,6.2505,22088.887,2.94,,,,6.3035,242854.204,18.9,6.3485,90518.608,52.41,6.3674,120266.305,5.35,,,,6.3664,21577.433,0.68,6.4109,726986.705,42.68,,,,,,,,,,6.6098,17425.669,4.15,6.5552,300325.436,3.76,6.5948,227390.377,59.42,6.606,2619711.238,57.44,6.6091,1976045.467,25.25,2.1936,158627.851,38.61,6.5615,210901.234,6.64,,,,6.6408,691737.752,53.82,,,,,,,6.5571,10587.483,3.21,6.7312,667805.548,8.35,6.7297,215697.776,13.53,6.6132,233147.82,88.51,6.7729,18202.594,4.33,2.1953,73715.698,19.31,6.7718,534691.112,17.71,6.8368,153587.727,1.97,,,,6.895,14007.047,34.84,6.8688,584621.415,19.36,6.8869,70214.228,59.67,6.9248,100769.908,45.19,6.9251,176446.015,2.21,,,,6.9661,18953.152,1.47,,,,,,,,,,,,,7.0225,40339.946,27.75,,,,,,,7.0742,36861.976,2.31,7.1554,30712.793,0.38,7.0985,26945.502,19.96,,,,2.4164,43885.174,75.31,,,,7.1404,52800.782,10.14,7.1549,78548.31,35.23,,,,7.1559,46668.975,1.02,7.2439,19601.269,5.22,7.1184,10518.291,0.75,,,,,,,,,,2.3838,51136.182,3.83,,,,7.2915,10894.894,0.34,7.3127,276399.44,33.69,7.4872,31941.613,1.01,7.543,21363.375,2.76,7.427,163099.853,19.88,7.4517,103611.467,7.43,7.4908,85808.66,41,,,,7.4903,20901.588,0.27,2.5903,116640.036,38.13,,,,7.5398,42166.824,74.73,7.5432,16361.949,20.01,7.5906,48730.64,1.53,7.6086,58396.142,0.75,7.5787,40405.239,22.91,,,,7.6658,16954.292,6.38,,,,7.714,12861.383,0.16,2.838,19831.367,14.28,7.7416,17131.981,2.6,7.7619,10697.889,0.77,7.7624,32989.552,0.35,,,,7.8169,3061569.337,96.44,7.8986,96775.818,1.21,7.9469,20146.359,1.08,,,,7.9801,175186.033,5.52,7.9891,92575.505,6.93,,,,7.9792,69164.542,0.9,,,,7.9975,11215.745,0.8,7.9782,10852.25,0.24,7.8648,12932.226,2.48,8.0511,15636.815,16.89,8.0696,16584.187,3.33,8.1106,130077.476,1.63,7.9367,14486.182,15.64,8.0817,33625.055,1.06,2.8726,64261.571,52.89,8.0741,10611.098,0.47,,,,8.1428,50079.978,0.65,8.2668,71837.439,17.48,8.3904,31110.12,0.4,8.2591,68558.001,3.65,8.2936,10846.574,0.78,8.3009,37147.478,0.47,8.5191,13598.534,0.43,,,,3.0041,19156.72,1.43,8.3596,15783.898,10.91,8.5108,58196.98,0.61,8.3955,13907.302,100,8.3974,271494.686,64.03,8.4247,16246.003,0.78,8.4884,43650.672,0.46,,,,8.5241,41095.063,9.9,8.5023,186008.857,10,8.5823,430051.138,78.56,,,,8.6347,269079.588,19.87,8.5239,25253.33,24.02,8.7128,2071311.801,99.22,8.7581,2154459.544,94.12,8.7583,9983140.846,91.35,8.755,8193812.248,85.89,8.8485,11913.156,8.56,8.8301,196256.91,76.93,8.7557,122070.257,45.76,,,,8.8925,620451.067,94.05,2.9783,19086.579,23.34,8.8924,508072.818,6.6,8.8946,129709.862,6.97,8.942,138484.704,27.82,8.9354,648007.269,8.1,8.9616,91893.512,11.85,,,,9.0466,69379.436,8.95,,,,9.096,62524.665,0.57,,,,,,,9.2289,19137.56,0.2,,,,9.2033,12826.247,0.57,,,,,,,9.2168,23045.881,35.67,,,,9.2793,351047.349,26.66,9.2864,67978.139,32.92,9.2824,187618.459,4.11,,,,9.2825,913690.143,11.86,9.2834,1239662.823,15.84,9.3694,71585.022,9.76,9.4277,778770.713,17.08,9.4288,1296872.598,16.84,9.4227,2488967.048,31.8,9.4622,10982.372,2.59,9.5476,46260.117,3.54,9.5368,21590.6,0.2,,,,,,,3.2262,11761.249,1.6,3.322,273328.785,67.72,3.3198,587797.815,74.71,3.3957,45713.976,50.82,3.3858,96028.613,36.89,3.4896,49653.732,3.12,3.5078,416278.372,37.84,3.5401,16777.564,29.24,3.569,15525.88,48.29,3.6582,14661.534,1.26,3.7209,730989.81,89.04,,,,,,,,,,,,,,,,3.9886,270188.255,64.28,4.0112,49011.224,5.73,,,,4.0684,139791.286,1.75,,,,4.1051,255528.163,59.82,4.1252,221841.145,95.23,4.1768,372799.866,28.47,4.1984,13043.762,0.94,,,,4.1965,32436.706,1.02,,,,4.2541,1148016.792,98.11,4.3392,93867.346,10.98,4.3301,54978.403,4.72,4.3913,29397.649,1.73,4.4224,1717693.185,72.26,4.4176,2140698.996,26.77,4.5011,25586.294,3.3,4.4582,24742.676,1.85,4.4141,50056.585,18.82,,,,4.5003,22802.675,1.64,,,,4.5933,217783.843,7.21,,,,,,,4.5904,277015.115,17.38,4.6558,989943.932,31.3,4.6195,17580.309,1.32,0.9178,32442.722,21.9,4.648,1013794.898,12.68,,,,4.6888,88025.915,11.35,4.7046,69802.826,4.08,4.7326,90824.819,70.93,,,,,,,,,,4.8156,787701.847,46.02,,,,,,,,,,4.9228,655852.861,38.32,4.977,24302.933,0.77,4.9953,468286.94,35.07,4.9487,25166.53,12.22,,,,5.0309,500106.177,58.52,,,,,,,5.1628,10944.428,1.28
100_2012_T_4n,P2-D9,1,1.2735,34759.126,17.14,,,,5.0607,261296.858,10.06,5.0501,10855.067,2.09,,,,5.1531,207012.062,61.79,5.3,16601.333,8.49,5.1914,72351.024,16.49,,,,5.1801,63605.385,17.52,1.3057,370571.145,52,,,,,,,5.1809,16668.025,2.5,,,,5.3404,162203.31,0.59,5.3477,43388.081,2.1,,,,,,,,,,1.6533,178796.148,14.16,,,,5.4452,98044.012,3.3,5.4531,430315.204,34.73,5.4568,402161.153,40.81,5.4718,856783.23,30.69,,,,,,,,,,,,,5.5544,10997.73,5.63,1.6526,100874.451,81.06,5.5871,265931.731,69.57,5.6034,20325.985,15.87,5.6187,486306.447,43.81,,,,5.8025,42844.918,6.43,,,,5.685,206519.761,0.75,5.7066,278368.649,26.03,5.7107,33131.62,6.25,,,,,,,5.7409,15208.812,2.7,5.8191,39317.971,1.41,,,,,,,5.8247,155839.886,6,,,,5.8361,82917.804,100,,,,5.9612,19269.803,3.87,,,,6.0076,30816.256,4.02,6.0284,151629.347,16.89,,,,6.064,116943.736,12.34,,,,6.1031,108444.51,8.59,,,,6.1073,75805.584,4.54,6.1349,45471.89,73.82,,,,,,,,,,,,,6.2148,59984.004,2.31,,,,6.2789,81547.297,15.39,6.2571,21911.085,2.86,6.3411,18574.121,12.18,6.3043,72550.967,3.34,6.3587,151508.154,75.89,6.3856,14750.167,0.77,2.0291,87934.835,86.57,,,,6.4141,925942.754,50.94,,,,,,,,,,6.4432,18067.394,2.71,,,,6.5831,12082.036,15.34,,,,,,,2.2003,115620.058,27.78,,,,6.637,795309.769,28.48,6.6417,1401510.191,64.47,,,,,,,,,,,,,6.7381,550305.392,30.35,6.809,283758.456,54.41,,,,2.1853,155206.497,72.57,6.7582,140767.887,6.83,6.8421,11696.363,6.14,,,,,,,6.8787,499717.824,24.24,7.011,14081.817,29.92,6.9389,123417.203,35.96,,,,,,,6.9567,51626.315,2.37,,,,,,,6.9905,93434.591,41.86,6.9874,154629.701,88.77,7.0215,17402.452,100,,,,,,,6.8817,506992.077,27.96,,,,7.0938,163321.091,89.97,,,,2.4171,25713.318,66.7,,,,7.0823,17738.582,3.15,7.1552,204681.943,59.64,,,,,,,7.2476,10558.565,30.53,,,,7.1947,313970.156,86.69,,,,,,,,,,7.3793,261661.685,48.81,7.3778,427596.47,17.38,7.3123,513588.375,57.2,7.377,49947.953,21.83,,,,7.4798,46292.894,5.16,7.4417,24909616.78,90.44,,,,,,,7.4978,80026.775,42.14,2.5861,193930.533,87.6,7.4441,957673.14,89.34,7.5436,14829.841,40.19,,,,7.4397,381103.01,15.49,,,,7.5854,39183.48,12.03,,,,7.6571,111872.641,34.74,7.7008,215578.15,91.71,,,,2.8292,788821.966,85.01,7.7464,17715.057,1.73,7.719,25229.59,0.09,7.7495,17581.997,2.7,,,,7.8179,2400764.012,93.4,,,,7.936,120257.451,4.63,7.9906,74597.196,79.83,,,,8.1808,14193.203,7.26,,,,,,,8.0441,61388.578,11.86,8.0487,17907.464,0.07,,,,8.0392,12279.369,2.18,7.9362,56773.782,24.88,8.076,37337.449,42.04,,,,,,,8.1029,35549.264,1.45,,,,8.0843,21453.064,1.12,,,,,,,8.2645,72659.386,17.46,,,,8.2588,23995.191,7.32,8.3034,114167.366,0.41,,,,,,,8.3412,196883.221,36.73,3.046,71346.316,36.49,,,,,,,,,,8.3952,90856.855,31.16,8.4262,49897.165,0.51,8.5074,73515.401,11.28,,,,,,,8.5036,146367.529,5.63,8.5859,836886.551,85.09,2.9996,49979.705,61.3,8.6335,144291.122,14.24,8.5053,49679.106,9.3,8.7164,9635978.093,97.89,,,,8.7761,22005.576,9.96,8.8967,86982.743,13.34,8.759,27709.528,5.36,8.8276,304023.407,43.06,,,,8.3423,110696.493,4.5,8.894,635467.94,61.89,2.9974,48716.042,37.6,8.903,10674.701,0.83,8.9093,231833.952,8.92,9.0281,40675.497,45.8,,,,8.9735,231658.787,36.61,,,,9.0455,280647.802,44.36,9.1956,10893.395,8.66,8.8888,37331.739,16.9,,,,3.1505,142660.072,40.27,9.2657,28728.718,4.41,,,,9.2057,1095229.575,57.41,,,,9.2196,751908.778,98.23,9.217,839138.442,96.27,9.2369,128642.872,75.28,9.2814,826690.401,98.73,9.2868,434222.111,97.65,9.2847,61078.094,19.67,3.1736,40252.619,76.59,9.2822,311975.525,24.35,9.0075,42676.026,22.47,9.3685,74906.634,11.47,9.4147,19036.868,6.13,9.4167,556790.177,43.46,9.5716,10481.479,5.52,9.4472,35751.642,12.26,9.5429,27009.238,3.85,,,,3.1448,17609.259,13.75,,,,3.232,12285.02,1.88,3.3266,318744.457,19.09,3.3264,692180.189,96.78,3.4062,525557.827,94.91,3.396,126309.83,37.52,3.4899,46613.216,2.57,3.5105,77504.262,6.14,3.5381,41019.901,13.16,,,,3.6572,82546.42,5.99,3.7235,757471.133,85.55,3.8817,11197.862,10.13,3.8668,50056.872,3.63,3.9133,10861.958,2.33,3.9597,42637.68,49.43,3.9596,22023.207,58.55,,,,4.0209,124945.246,13.19,,,,4.0751,278744.374,53.58,,,,4.1045,126815.661,20.2,,,,4.1906,247273.867,23.12,4.218,366988.308,1.33,4.2117,473703.24,71.07,,,,4.157,15669.891,7.68,4.2464,215534.263,61.58,4.3508,47818.222,5.05,4.3633,17865.908,1.3,4.3931,83657.927,4.6,,,,,,,,,,,,,4.4637,23177.874,7.2,4.5038,76058.441,16.38,4.4177,12257.019,0.04,,,,4.5976,54508.465,2.64,,,,,,,4.6078,76272.884,4.21,,,,4.6215,18220.226,9.32,0.9236,38020.515,15.41,4.598,23264.64,4.47,,,,,,,4.7044,119450,4.02,4.7373,207056.28,66.5,4.7691,10322.266,2.07,,,,4.7736,65640.982,51.25,4.8096,1334412.732,44.88,,,,0.9227,49144.764,24.24,4.9526,10677.578,0.38,4.9149,1113404.496,37.45,4.8511,125060.293,5.08,,,,4.9278,10798.074,8.43,4.9585,20882.955,34.91,,,,,,,,,,5.041,285461.733,30.13
113_2012_T_4n,P2-C7,1,,,,,,,5.0587,68301.321,3.69,,,,,,,,,,,,,,,,,,,5.1709,15815.068,9.88,1.3077,75025.231,21.66,5.2238,69169.413,11.21,,,,5.1893,16981.054,4.67,5.2868,14469.357,0.45,5.1656,12268.188,2.01,5.3489,771712.825,27.79,,,,,,,,,,1.6379,14211.467,2.87,,,,5.447,28626.484,2.79,5.4482,71274.432,12.82,5.4674,88688.414,23.8,5.4733,22616.054,32.14,,,,,,,,,,5.5245,11411.169,5.88,5.5325,43394.138,6.85,,,,5.5891,369767.348,100,5.6277,17663.729,6.14,,,,5.6594,22798.881,0.86,5.8023,75976.519,20.89,,,,5.7328,20225.562,3.32,5.7116,179748.286,22.82,5.7137,25559.606,3.41,,,,,,,5.7516,17997.665,5.94,,,,,,,5.7249,36233.369,0.4,5.8136,10382.992,0.56,5.7161,57852.736,2.17,5.841,17703.299,100,6.0197,3171108.286,34.7,5.9625,206504.65,50.27,,,,6.0061,20453.974,2.68,6.0429,157816.824,40.5,5.9542,17544.908,4.82,6.0681,39803.213,4.23,6.0251,779492.835,29.25,6.0987,62375.317,12.59,,,,,,,6.0182,21732.606,4.62,6.1851,30310.137,1.14,,,,6.1783,1369150.887,20.28,6.1752,79160.904,25.79,6.2148,26633.812,1.44,6.2235,59959.098,40.15,6.2706,74451.454,9.92,6.2678,81674.466,10.69,,,,6.3111,156607.527,14.4,6.3561,72917.476,48.83,6.3727,361529.933,21.95,,,,6.3657,47896.326,1.8,6.4119,573826.862,39.3,6.5521,11572.758,4.02,,,,,,,6.5268,14494.15,3.98,6.569,415059.969,4.54,6.5886,19295.218,51.68,6.5488,10191.267,0.48,6.5678,13217.154,0.17,2.1412,17266.199,4.42,6.6109,372027.665,11.48,,,,6.6425,677686.969,62.3,,,,,,,6.6018,22240.36,23.43,6.7352,865237.986,9.47,6.7786,436333.757,30.68,,,,6.7746,65205.519,17.93,2.2,284298.727,56.07,6.7765,223489.178,8.05,6.8466,272423.047,3.59,,,,,,,6.8857,378368.51,13.63,6.902,37066.971,45.81,6.9395,122668.796,62.67,6.9392,179572.27,1.96,,,,6.7695,17512.287,1.61,,,,,,,,,,,,,7.0234,20430.419,10.58,,,,,,,6.9907,12888.897,0.91,7.154,40866.306,0.45,,,,7.1212,37399.472,3.65,,,,,,,7.1585,14261.161,4.71,7.1661,73063.738,37.33,,,,7.168,80683.603,3.79,,,,7.2554,10988.732,1.8,7.1934,13342.782,16.33,,,,,,,,,,7.3883,17667.527,1.73,,,,7.3168,72221.755,18.54,7.2909,11389.411,0.43,7.4629,25988.984,6.33,7.4361,13533.15,3.47,7.4484,40581.083,6.66,7.4923,78062.165,34.34,,,,7.4909,83287.097,1.1,2.5914,115689.121,33.53,,,,7.5454,28626.015,100,,,,7.5962,93509.365,2.89,7.608,51905.711,0.69,7.5754,179908.522,67.29,7.6074,23962.343,100,7.6564,21758.053,11.94,,,,7.6246,60498.396,0.8,2.8318,11029.216,10.59,7.7412,19120.731,4,,,,7.7601,18832.971,0.14,,,,7.8213,3626765.605,99.48,7.9025,173483.465,1.9,7.9394,24761.551,1.34,,,,7.9793,140591.276,4.34,7.993,171758.571,27.12,,,,7.9822,152808.875,2.26,,,,,,,7.9871,20477.585,0.96,7.8707,14666.268,4.84,,,,8.1253,17318.779,0.76,8.1108,256606.902,2.81,,,,8.0892,36915.775,1.14,2.8811,28125.349,67.87,8.1639,13855.057,0.84,,,,8.1568,88919.511,1.32,8.2634,67498.607,17.27,8.2987,14571.335,0.22,8.2707,164578.228,5.78,,,,8.3004,93503.745,1.24,,,,8.3817,25266.168,2.47,,,,8.3694,51324.344,26.42,8.334,24252.875,0.18,8.401,21865.624,100,8.3969,341522.818,74.52,8.4311,62339.102,12.26,8.4632,14967.506,0.11,,,,8.5247,128080.516,12.52,8.5133,313711.948,16.96,8.5863,284429.672,66.86,,,,8.636,103492.366,11.78,8.5172,150031.089,75.37,8.7136,446044.753,87.74,8.7625,4446567.44,99.17,8.7545,7864446.337,50.75,8.7594,12222659.87,88.55,,,,8.8354,59537.414,84.52,8.7652,179358.896,48.71,,,,8.8978,317821.357,66.55,,,,8.895,968281.261,14.34,8.8967,111008.366,6,8.954,1555314.489,67.88,8.947,3101865.517,33.94,8.9598,171174.238,27.73,,,,9.0526,111627.385,18.08,8.9418,25094.734,6.18,9.1114,22669.736,0.15,,,,3.1595,46217.089,54.67,9.1982,11519.998,0.08,,,,9.22,22288.892,1.35,,,,,,,9.2175,22280.805,43.89,,,,9.2862,328581.527,67.22,9.2869,44769.194,100,9.2945,290276.914,13.62,,,,9.2889,1401891.767,20.77,9.2917,2157837.331,28.52,9.3728,47936.563,5.89,9.4353,655282.422,30.76,9.4341,1256572.124,18.62,9.4375,2567436.265,33.94,9.4553,28194.13,6.15,9.5671,41567.976,4.31,9.4678,36683.515,0.24,,,,,,,,,,3.3331,39287.352,28.42,3.3288,218073.617,52.69,3.4138,123611.546,89.68,3.4035,51155.209,27.33,,,,3.5134,107675.139,21.74,3.5481,20018.616,28.31,,,,,,,3.7293,702195.652,96.42,,,,,,,,,,,,,,,,,,,4.0277,77485.503,8.23,,,,4.0735,160316.303,1.75,,,,4.1099,151914.876,64.36,4.1285,376520.677,100,4.1935,164554.823,20.89,4.2205,20679.153,3.4,4.2212,29317.751,8.06,,,,,,,4.2543,287564.203,93.93,4.3517,105158.815,11.17,4.3542,54751.541,5.65,4.4008,14161.704,0.97,,,,4.3942,49926.111,0.55,,,,,,,4.4612,37457.5,20.56,,,,,,,,,,4.5999,118557.005,4.27,,,,,,,4.6025,154412.823,10.86,4.7105,12818.028,0.48,4.6328,17338.656,2.74,0.9258,33094.224,26.57,4.5941,22758.112,0.25,,,,4.6991,116360.189,18.85,4.7062,31369.043,3.06,4.7424,83691.019,69.26,,,,,,,,,,4.8146,496137.127,48.43,,,,,,,,,,4.9223,424436.257,41.43,,,,4.904,43083.565,6.8,,,,,,,,,,5.0353,11571.757,13.04,,,,5.0421,533047.678,56.63
113_2021_T_4n,P1-E10,1,,,,,,,5.0634,29817.321,0.73,,,,,,,,,,,,,,,,,,,5.1815,14727.528,11.19,1.3048,234013.303,36.69,5.2135,28103.174,6.15,5.2073,19092.906,44.85,5.1706,12109.849,4.7,,,,,,,5.3446,708412.499,24.99,,,,,,,,,,1.647,15726.735,2.53,,,,5.428,31633.739,2.05,5.4529,223462.432,24.62,5.4618,308409.032,45.91,,,,,,,,,,,,,,,,5.5202,68286.976,6.74,1.6585,10066.957,10,5.5753,317429.35,100,5.6131,13869.043,4.79,,,,5.6573,201531.291,5.58,5.7937,37602.957,14.59,,,,5.7694,10400.276,2.19,5.712,123727.352,12.26,5.7103,19795.801,2.18,,,,,,,5.718,11804.828,2.81,,,,,,,5.6828,91413.642,0.81,5.8216,28055.344,0.69,5.687,244178.3,6.77,5.8328,12383.651,100,6.0147,3842491.764,33.96,5.956,209093.227,48.03,,,,6.0284,11242.303,1.91,6.038,160341.823,31.96,6.1627,16107.427,6.25,6.0583,57069.955,6.72,6.1104,32825.855,0.91,6.1014,75916.474,12.22,,,,6.1012,75886.22,14.95,6.1386,19704.713,5.28,6.172,94611.918,2.62,,,,6.1724,1252936.977,20.75,6.1792,59897.941,15.24,6.2091,18518.394,0.45,6.2114,53232.097,47.95,6.275,43696.817,4.8,6.2685,23781.101,4.05,,,,6.3072,262943.267,19.64,6.3566,57790.072,52.05,6.3662,212405.743,14.92,,,,6.3596,41218.987,1.14,6.4121,897901.49,47.84,6.5667,11727.625,4.05,6.6542,13886.664,15.07,,,,,,,6.5583,645634.568,5.71,6.5871,20482.128,56.63,6.545,37859.182,1.81,6.5596,32130.289,0.48,2.1956,226802.208,69.14,6.6032,263778.279,7.22,,,,6.6496,506411.912,37.82,,,,,,,6.6083,16161.522,9.11,6.7304,1238782.176,10.95,6.7835,231319.379,17.48,,,,6.7782,68863.802,26.71,2.1889,186733.142,40.58,6.7831,365188.929,12.88,6.8451,172553.051,2.59,,,,6.9008,12437.974,17.81,6.8823,315289.211,11.12,6.8882,38676.889,30.71,6.9401,216240.11,57.91,6.9291,283071.871,2.5,,,,6.9583,24255.48,1.81,,,,,,,,,,,,,7.022,22680.23,16.6,,,,,,,7.0943,12890.422,0.97,7.1419,86009.703,0.76,,,,7.2761,10520.36,0.98,2.4324,14668.718,26.03,,,,7.149,20748.637,4.94,7.1537,134875.161,36.12,7.2912,16847.757,0.47,7.1725,247620.883,11.84,7.2472,25221.887,27.36,,,,,,,,,,7.4092,10816.861,0.07,,,,7.446,14758.203,1.38,7.439,14400.929,0.39,7.3647,24338.54,4.85,7.4425,13238.997,0.37,7.427,12131.33,2.79,7.4286,92929.077,18.52,7.4467,38979.215,8.22,7.4877,112613.235,27.58,,,,7.4804,16086.659,0.24,2.5835,123373.482,31.82,,,,7.536,54722.695,100,7.5526,48875.595,26.98,7.5901,121767.759,3.33,7.6153,92090.191,1.38,7.5754,171880.3,83.69,7.5949,16804.802,100,,,,,,,,,,2.8284,80298.562,54.48,7.7346,36157.51,5.36,,,,7.7514,30642.01,0.19,,,,7.8128,3101083.463,99.5,7.9011,210015.947,1.86,7.9356,92355.371,2.26,8.0019,12658.059,38.85,7.9852,80263.57,2.2,7.9875,389560.924,38.44,,,,7.9792,128020.427,2.12,,,,,,,,,,,,,8.0576,13199.967,9,8.1111,14190.409,0.54,8.1076,239706.486,2.12,7.9226,26007.794,17.74,8.0829,26583.985,0.73,2.8715,18857.334,64.36,8.1586,11500.651,0.81,,,,8.1553,70683.684,1.17,8.0919,17088.228,5.21,8.3624,48513.856,0.8,8.2632,136022.044,4.56,,,,8.2985,121678.724,1.82,,,,8.3795,14874.288,1.39,,,,8.3547,175171.708,44.06,8.3263,11288.188,0.07,,,,8.3885,350404.597,66.43,8.4227,85598.217,10.72,8.5166,399276.431,2.46,8.7411,716511.403,86.73,8.5164,181138.678,16.92,8.5053,2359364.012,57.74,8.5796,312555.982,76.48,2.9987,130660.457,39.69,8.6288,104573.162,12.83,8.6535,29405.652,3.09,8.7026,697507.677,87.36,8.7554,5271783.45,98.34,8.7516,16499604.58,91.83,8.7548,13675733.04,84.14,,,,8.8259,60300.329,41.4,8.7527,205121.711,35.36,8.2815,11582.034,0.32,8.8855,391141.343,57.99,,,,8.8867,783042.897,12.97,8.8951,47631.1,1.17,8.9422,1655129.796,63.56,8.9317,3659556.395,32.34,8.9536,83443.603,18.25,,,,9.0343,52158.101,11.41,8.9558,17461.904,2.61,9.1007,49252.618,0.27,,,,3.156,36349.962,60.4,9.2219,12175.77,0.07,,,,9.2008,22760.046,1.6,,,,,,,9.2115,28158.285,36.74,,,,9.2737,274460.76,71.15,9.275,29858.887,100,9.2806,209820.256,10.04,3.1707,13797.063,100,9.2805,1007094.107,16.68,9.2818,1482355.272,22.16,,,,9.4233,708383.252,33.88,9.4266,1272717.507,21.08,9.4255,2638695.976,39.45,9.4526,15384.501,2.92,9.5196,10324.298,1.13,9.4712,26698.582,0.15,,,,,,,3.225,19164.278,2.89,3.3338,29002.483,5.71,3.3309,175970.427,48.3,3.415,119104.41,82.61,3.3996,53534.732,22.05,3.5025,51150.87,3.87,3.5074,98037.346,15.79,3.5483,31103.672,26.04,3.5591,12831.12,27.89,3.5608,24603.891,2.79,3.7231,657899.769,86.87,,,,,,,,,,,,,,,,,,,4.0128,59385.723,6.99,,,,4.0664,88251.911,0.78,4.0807,26157.518,14.72,4.1058,165805.669,47.25,4.1267,332455.505,73.19,4.195,107906.035,10.69,,,,4.2055,15657.536,6.07,,,,,,,4.2462,366350.854,100,4.3549,83758.051,9.86,4.3447,44008.349,5,4.3923,160284.268,8.54,,,,4.41,23878.175,0.21,,,,,,,4.4539,27410.831,12.8,,,,,,,,,,4.6051,117586.727,4.15,,,,,,,4.6174,161162.893,12.18,4.6592,12185.459,0.34,4.6299,11592.947,1.14,0.9255,19313.63,12.02,4.6592,21205.176,0.19,4.6213,11325.402,2.6,4.7,76416.729,16.72,4.6974,60744.14,3.94,4.7359,29911.495,26.96,,,,,,,,,,4.8,750604.847,48.73,,,,0.9266,16858.472,28.02,,,,4.9122,620651.605,40.29,,,,4.8952,85023.308,8.39,,,,5.0482,10632.931,30.46,5.0365,460060.331,54.17,5.0461,24942.829,10.7,,,,5.1801,40861.894,4.81
122_2012_T_2n,P2-C6,1,,,,,,,5.1096,29700.981,1.96,,,,,,,5.1611,76875.751,50.29,,,,5.1881,19284.723,14.77,,,,5.1327,14324.318,5.08,1.3043,140123.705,37.51,,,,,,,,,,5.2802,14625.088,2.54,,,,5.3495,403991.37,17.21,5.4737,42292.702,21.92,,,,,,,1.6544,62590.09,10.83,,,,5.449,65003.291,3.16,5.482,76522.901,11.02,5.4866,97901.126,23.21,5.4745,6762515.263,96.19,,,,,,,,,,,,,,,,1.6655,35082.821,100,5.5914,429550.936,94.32,,,,5.6131,20084.3,0.83,,,,5.8063,14792.041,2.93,,,,5.6921,104178.98,2.65,5.7112,189582.125,28.58,5.7327,38792.38,6.07,,,,,,,5.749,90507.528,13.07,5.6004,12548.9,0.18,,,,,,,5.8272,137548.877,9.06,,,,5.8304,30784.543,48.05,,,,,,,,,,6.0015,114759.541,11.9,6.0391,172100.279,17.26,,,,6.0613,63033.686,15.49,,,,6.095,153798.606,26.62,,,,,,,6.1425,53612.303,83.62,,,,,,,,,,,,,6.2143,45314.474,2.98,6.2138,116828.641,57.51,6.2727,384966.673,60.2,6.2685,373882.013,38.76,6.1926,16129.694,100,6.3117,424573.628,55.6,,,,6.3806,37201.515,4.62,2.0377,31166.791,48.78,,,,6.4182,580224.715,50.46,,,,,,,,,,,,,,,,6.5786,26208.359,34.88,,,,,,,2.2,69969.379,28.3,,,,6.6422,60502.814,0.86,6.6433,151605.979,19.85,6.6551,220348.259,60.48,,,,,,,,,,6.7811,228051.906,19.65,,,,6.9719,39105.769,7.75,2.2043,171943.044,79.65,6.7868,316126.822,13.47,6.8513,21238.874,8.84,,,,6.89,177096.655,100,6.8353,124316.058,5.3,6.9042,277452.39,85.53,6.942,116818.92,83.36,,,,6.9525,10617.611,12.89,,,,,,,6.8882,45994.003,28.18,6.9992,20290.585,100,,,,7.0208,13191.422,8.4,,,,,,,,,,,,,7.0963,29381.008,73.22,,,,,,,,,,7.1432,148536.773,21.45,,,,,,,7.1711,23540.754,10.53,,,,6.9845,31650.763,0.81,,,,,,,7.3945,12233.45,5.44,,,,7.3864,125794.125,84.71,7.3792,150021.07,26.1,7.3185,421884.846,42.3,7.388,16711.121,23.39,7.5488,11064.392,2.71,7.4251,142159.664,14.25,7.4508,2794564.143,71.1,,,,7.4886,71830.561,44.78,7.494,32177.93,12.87,2.5888,63934.281,100,7.4685,10877.197,32.64,7.5347,12721.508,100,7.5686,10145.514,6.07,7.4524,40166.417,6.99,,,,7.5878,89375.642,39.88,,,,7.6576,7762440.883,98.12,,,,,,,,,,7.7454,10081.192,4.63,7.6777,21662.709,0.55,7.7596,61955.618,27.53,7.7515,22905.04,27.81,7.8236,2144635.711,97.81,,,,7.7541,133589.852,8.8,8.0055,22609.605,100,,,,8.1795,12627.791,50.89,2.8848,10460.227,4.68,,,,8.0408,45634.768,15.82,,,,,,,7.8758,32990.041,4.76,8.0653,91032.432,52.17,,,,,,,7.948,43866.091,25.14,,,,,,,,,,,,,,,,8.2709,13123.362,5.31,8.5029,22032.965,6.54,8.2658,37957.36,48.3,8.3467,19253.344,0.49,,,,,,,,,,,,,,,,,,,,,,8.3988,97463.94,35.3,8.4306,375952.985,6.13,8.5185,17299.695,7.69,,,,,,,8.5105,37874.982,2.49,8.5976,381783.298,92.54,3.0076,16816.967,100,8.64,67747.143,16.86,8.5277,55017.715,13.59,8.7223,5743307.751,93.61,,,,8.7701,68035.2,31.97,8.7677,27897.536,12.4,8.8428,13973.327,4.85,8.8305,240653.778,45.76,,,,,,,8.897,207847.717,95.37,2.9975,47642.471,28.48,8.9161,14399.451,4.27,8.6792,15507.507,1.02,,,,,,,8.9709,108412.86,32.18,,,,9.0474,110373.684,32.76,,,,,,,,,,3.1518,162629.073,56.34,9.0495,32793.642,14.57,,,,9.2147,472832.377,58.66,,,,9.2207,502064.879,100,9.2163,743518.438,98.07,9.2393,377823.052,89.47,9.2838,615902.448,94.32,9.291,232101.942,100,9.2809,49619.16,22.19,3.1847,67094.076,64.64,9.2846,215766.632,64.01,,,,9.3733,58969.724,11.75,,,,,,,,,,9.4517,96671.296,35.01,9.6814,89698.581,33.17,,,,,,,,,,,,,3.3354,27135.308,32.84,3.3302,185984.106,82.04,3.405,173567.064,82.81,3.3989,42984.865,18.82,3.5258,14306.663,1.23,3.5176,83686.556,14.48,3.5531,32845.855,69.88,,,,3.659,88619.454,8.97,3.729,382318.794,100,,,,,,,3.9132,64205.399,13.85,3.9647,26044.703,66.56,,,,,,,4.09,11017.21,2.71,,,,4.0699,172821.313,60.08,4.0823,26959.007,14.92,4.1121,148955.819,54.99,,,,4.1947,157811.896,23.79,4.215,281954.42,7.17,4.2173,367558.462,72.86,4.0865,112845.909,19.63,4.1607,15801.113,13.28,4.2515,142510.778,80.03,4.3491,12151.496,2.99,,,,4.4049,54338.496,4.73,,,,,,,,,,,,,4.4569,27848.459,0.35,4.4787,202023.044,51.78,4.506,13051.456,0.33,,,,4.6069,350028.181,14.91,,,,,,,4.6066,437317.413,37.69,,,,,,,0.9252,53044.309,38.74,4.5987,10913.437,3.79,,,,,,,4.7063,77367.808,3.76,4.7354,113022.322,67.28,,,,,,,4.7802,23783.146,22.49,4.8137,983726.152,47.83,,,,,,,,,,4.9192,853882.824,41.51,4.8481,69304.642,12.06,,,,,,,,,,5.0126,22573.222,5.55,5.0145,17169.769,10.52,,,,5.044,63316.813,15.56
131_2021_V_4n,P1-F3,1,,,,,,,5.0629,67325.776,2.87,5.0009,14347.711,0.25,,,,5.1503,33639.949,7.12,,,,5.1862,18576.827,13.1,,,,,,,1.3036,276606.066,51.63,5.2143,16556.005,2.81,,,,5.3282,34460.554,3.21,5.276,19081.551,0.5,5.3198,418813.661,15.45,5.3478,168410.745,9.64,,,,,,,,,,1.6537,53133.126,7.27,,,,5.4371,111692.016,3.87,5.4444,93935.322,17.84,5.4594,92311.66,26.66,,,,,,,5.6118,17589.608,0.18,,,,,,,5.5193,14673.911,2.45,1.6722,10523.313,11.92,5.5822,410379.248,89.79,5.5725,21955.318,4.79,5.7464,22009.824,18.44,5.6117,27247.906,0.68,5.665,34313.541,3.2,5.6955,24865.875,0.49,5.6789,26158.111,0.96,5.7105,204132.612,21.45,5.712,22230.961,2.9,,,,1.7242,485486.451,75.96,5.7237,13800.002,2.48,5.7532,38480.109,7.63,,,,,,,5.822,92215.405,3.93,5.8313,118279.563,2.95,5.8258,27455.329,64.22,6.0151,2850164.577,48.74,6.0348,136838.108,19.4,,,,,,,6.0398,21937.605,5.39,6.0388,121379.182,11.3,6.0579,18623.453,5.26,6.015,868935.111,21.65,6.0953,22681.65,3.1,6.232,15614.315,0.21,6.0915,10901.017,5.24,6.0068,24639.315,33.11,6.1548,167700.643,4.18,,,,6.1772,1518296.789,15.58,6.1686,83643.974,33.87,6.1055,17653.241,0.75,6.199,16021.093,25.05,6.2683,82670.527,10.77,6.2651,95857.877,20.36,6.2822,89628.575,20.01,6.3137,56415.25,9.13,,,,6.3694,164967.505,8.36,,,,6.4052,283733.348,7.07,6.4125,400474.378,41.24,,,,6.4503,11840.302,13.02,,,,6.3479,22992.866,2.14,6.564,91956.687,1.57,,,,6.5627,19419.953,0.38,6.7278,61648.23,0.89,2.1983,380037.768,67.29,6.6109,202555.329,5.29,,,,6.6389,359581.486,58.19,,,,,,,6.6011,15253.175,5.09,6.7337,909174.014,15.55,6.7707,76433.717,7.73,,,,,,,2.1913,517242.028,66.08,6.7795,194468.522,11.13,6.8462,122802.941,1.74,6.8826,19898.782,3.95,,,,6.8826,245319.486,14.04,6.8849,21821.094,26.39,6.9372,66465.332,44.64,6.9371,35546.826,0.61,,,,,,,,,,6.9814,107277.751,2.78,6.9822,10766.912,0.42,,,,,,,,,,,,,7.097,23513.524,2.38,7.1504,53425.288,0.91,,,,7.1246,13407.276,0.91,,,,,,,6.9948,13050.735,2.35,7.152,82423.624,55.36,7.1508,22550.513,0.56,7.1696,18481.085,0.36,7.1727,18120.464,19.92,7.1435,15312.366,0.56,7.0674,13371.594,5.29,,,,7.3771,17652.63,0.08,,,,7.3814,55745.678,3.79,7.3777,70278.179,1.84,7.4023,20373.819,5.01,7.3786,153548.758,3.83,7.4657,14340.608,2.03,7.434,10790.671,2.65,7.4398,456327.24,16.83,7.4827,73068.602,29.85,,,,7.2877,13792.952,0.2,2.5783,218287.26,43.5,7.5357,46667.352,11.22,,,,,,,7.5884,96157.855,2.51,7.6093,26976.637,0.39,7.5715,26608.468,5.39,7.5967,60066.16,100,,,,,,,7.7148,35022.709,0.51,2.8231,15730.535,56.66,7.7366,40050.478,8.31,,,,7.7502,1512361.889,7.21,,,,7.8127,3134013.469,98.46,7.901,127313.189,2.18,7.9438,93492.467,3.98,7.9955,37649.428,100,7.9759,46451.483,1.21,7.9866,209184.022,34.92,,,,7.9764,357897.078,3.67,8.047,32723.049,3.5,8.0529,336156.013,12.4,8.0406,74442.653,1.46,,,,7.8513,130448.372,26.95,,,,8.1002,52636.764,0.9,8.1589,41069.144,8.48,8.0927,22478.064,0.59,2.885,29969.4,100,8.0502,27785.892,1.41,8.2786,12351.233,2.22,8.1557,135142.318,1.39,8.3905,91525.594,16.21,8.3009,26223.951,0.27,8.2909,216233.087,7.1,,,,8.2917,82193.069,1.19,,,,8.2917,632853.084,43,,,,8.3613,170121.822,40.89,8.3387,12453.722,0.06,,,,8.3841,144079.154,52.1,8.418,497297.276,17.73,8.4875,969867.05,4.63,8.4881,2945122.8,38.96,8.5165,80822.268,5.49,8.5146,953881.869,40.63,8.5729,416667.124,77.74,3.0009,27614.973,16.01,8.6325,84401.078,4.44,8.6704,201923.632,17.18,8.7036,2289737.038,81.66,8.7542,6236781.175,99.1,8.7601,16430703.98,84.14,8.7504,13863131.74,66.13,9.0042,11267.976,1.2,8.8297,126660.471,100,8.7485,226928.049,29.05,8.2907,1133655.033,29.63,8.8868,366982.912,76.14,,,,8.8874,1068438.937,10.97,8.8555,22210.075,0.95,8.9414,239475.767,25.26,8.9382,1087246.892,18.59,8.9411,21191.617,3.6,,,,9.1029,276505.654,46.99,8.9533,11313.747,2.13,9.1642,186006.218,0.95,9.1067,2194232.263,29.02,3.1588,107709.718,72.07,9.1046,1024837.846,4.89,9.1072,116765.427,73.19,9.2076,500514.099,25.36,9.2044,639903.365,75.33,9.2102,434807.896,100,9.1034,111316.964,13.1,9.2249,203510.779,94.46,9.2602,262391.576,53.63,9.2662,21578.917,48.53,9.311,1004829.402,19.65,3.1765,35831.398,100,9.2832,1227366.852,12.6,9.2787,1425484.388,20.59,,,,9.4236,1157888.123,22.64,9.3982,3656430.141,37.53,9.4264,2808410.164,40.56,9.446,30350.747,10.97,9.5163,18985.71,1.61,9.4922,14546.189,0.07,3.2121,30474.709,6.66,,,,3.2325,31876.795,5.1,3.3301,37922.397,18.23,3.3237,196663.888,40.55,3.376,60332.711,25.49,,,,3.4963,87992.383,8.9,3.5084,266617.24,36.46,3.5479,22709.082,56.41,3.5686,41440.045,100,3.6602,55006.415,8.27,3.7237,766392.365,91.5,,,,,,,,,,,,,3.9425,13523.33,42.87,,,,,,,,,,4.064,26290.99,0.45,4.0766,20014.007,15.43,4.0978,84648.892,36.38,4.1219,504191.425,94.45,4.193,145560.85,15.3,4.2059,108410.764,4,4.2156,203039.332,18.91,4.2047,74813.387,1.96,4.2335,333802.948,66.43,4.2478,327252.662,77.6,4.3512,40624.743,11.47,4.3432,23234.799,3.49,4.3925,54536.361,5.62,,,,4.4119,17986.333,0.31,4.474,31670.046,4.49,4.4407,12341.803,2.06,4.4537,45917.364,28.04,,,,4.4885,636749.565,23.49,4.4991,385452.407,89.09,4.6016,68290.493,3.91,,,,4.6116,156160.423,37.24,4.6045,53000.682,5.36,4.6561,33401.091,0.83,,,,0.9239,26763.998,34.48,4.6644,40675.606,0.7,4.5345,11066.586,1.57,4.6921,84547.674,14.37,4.696,146022.582,5.06,4.7405,36763.621,77.19,4.8479,14584.202,2.07,4.7753,21821.439,65.16,4.7689,119177.067,26.03,4.8049,1248275.862,43.26,,,,0.9192,58690.76,80.21,4.8752,408216.672,80.95,4.9074,1153885.729,39.99,4.9469,54807.018,1.43,4.884,10058.505,1.68,,,,,,,5.0381,201466.63,56.87,,,,5.0997,15307.983,0.3,,,
135_2021_W_4n,P2-A9,1,1.2675,28910.013,25.89,,,,5.0538,96711.126,2.51,,,,,,,5.1486,121861.232,32.07,5.296,88752.547,28.45,5.1891,62600.253,16.99,,,,5.1783,14199.818,5.04,1.3004,314317.404,47.77,,,,,,,,,,,,,5.3277,74316.602,0.23,5.3456,106922.263,3.95,,,,,,,5.4285,11053.297,3.5,1.6537,51405.41,3.87,,,,5.4397,125456.986,3.67,5.4501,392626.57,35.48,5.4524,393964.548,34.24,5.4507,52011.418,3.18,,,,,,,,,,,,,5.5415,39633.359,12.7,1.6557,67966.972,53.04,5.581,403580.708,78.9,5.5872,16448.091,5.2,5.6098,141135.66,17.75,,,,5.8036,52948.324,8.67,,,,5.6882,221370.127,0.69,5.7119,180210.956,20.29,5.7115,19967.594,2.48,,,,,,,5.7512,12289.26,2.03,5.6757,64930.452,3.97,,,,,,,5.8204,85537.573,2.22,,,,,,,,,,,,,,,,6.0171,13525.928,1.97,6.0322,222203.166,41.4,6.0764,27437.899,4.49,6.0636,85325.553,5.23,6.1078,38922.126,23.99,6.0917,34073.499,2.56,,,,6.1078,17155.916,2.81,6.1358,60846.342,78.99,,,,,,,6.1676,12896.514,1.67,,,,6.2195,78247.655,2.03,,,,6.2775,51442.61,6.39,6.2656,28079.159,4.08,6.3555,10170.619,100,6.3106,84563.348,3.21,6.3507,118946.608,64.67,6.3663,47091.166,3.08,,,,6.3565,10702.306,6.6,6.4172,622268.022,40.91,6.5959,25688.829,8.13,6.6652,17929.464,63.27,,,,6.4427,28693.877,4.7,,,,6.5776,45578.325,40.05,6.5485,32383.742,8.52,,,,2.1944,219700.894,56.15,6.5243,12291.385,0.95,6.6301,226342.405,13.84,6.6414,1892761.248,71.84,,,,,,,,,,,,,6.743,96017.747,6.3,6.7989,81842.308,72.69,6.7731,21885.371,3.58,2.2033,354946.666,84.28,6.7728,38548.024,1.42,6.8637,10677.476,14.99,6.8352,11495.295,0.7,6.9031,19453.575,17.58,6.8803,703177.698,25.95,6.8743,10360.549,6.01,6.9195,149695.277,24.44,,,,6.9457,25847.009,62.36,6.9521,20002.043,0.76,,,,,,,6.9889,73905.866,100,,,,,,,,,,,,,7.0657,14370.721,0.94,,,,7.089,15062.713,100,,,,2.4255,29032.39,100,,,,7.3088,72893.448,12.06,7.1551,462780.125,75.56,,,,7.1757,119825.644,31.54,,,,7.1251,14984861.06,46.48,7.1895,31318.687,50.43,,,,,,,,,,7.3746,83277.626,51.97,7.3803,106435.897,8.26,7.3621,11262.591,2.1,7.3599,24936.844,15.37,7.5428,10263.02,2.32,7.4227,72260.532,13.46,7.4436,15165525.5,47.04,,,,7.4947,31353.422,25.13,,,,2.5889,176524.001,89.24,7.4428,452508.266,52.78,,,,7.552,40867.214,14.66,7.5366,10222.982,0.79,,,,7.5721,39001.396,12.79,,,,,,,,,,,,,2.836,20619.137,21.31,7.7522,39090.138,4.31,7.859,13954.687,0.04,7.9349,24711.497,2.7,,,,7.8152,1366297.565,95.59,7.6702,11884.786,6.45,7.943,129884.707,3.37,7.9926,17463.505,53.51,,,,7.8299,10692.507,3.43,,,,7.8721,11878.022,1.54,8.0449,21208.296,9.41,8.0544,118306.923,0.37,,,,8.0798,45083.611,7.46,7.9325,11691.416,5.51,8.0791,13268.116,35.78,,,,7.9094,13418.455,6.32,8.1125,45511.706,3.53,2.8719,23270.653,100,,,,8.133,15686.489,2.59,8.286,19563.705,2.53,,,,8.2699,18208.052,2.36,8.2562,80165.953,58.44,8.3059,54245.946,0.17,,,,,,,8.1101,27357.97,17.07,3.0398,23063.875,7.39,,,,8.6107,41883.706,4.58,,,,8.3813,103036.364,21.38,,,,8.5098,473245.655,51.72,,,,,,,8.5041,2036541.547,52.88,8.6015,1080032.291,96.78,3.0063,18000.705,100,8.6339,110046.076,17.25,8.6575,13666.691,0.99,8.7154,7781103.267,99.39,,,,8.7704,50477.044,12.72,8.7744,18203.199,1.99,,,,8.8188,173674.909,42.7,,,,8.295,24223.947,1.88,8.8886,670791.811,73.93,,,,8.8991,10556.873,1.37,8.909,69937.35,1.82,,,,9.0337,13092.934,7.11,8.9682,227383.654,34.09,,,,9.0418,233843.6,35.05,,,,8.8639,20303.495,5.12,,,,3.1455,99096.802,65.82,9.2852,12784.578,1.4,,,,9.2076,1153648.947,75.35,9.2033,1596923.397,99.38,9.1959,628476.805,40.68,,,,9.4687,20983.522,65.65,9.2792,625956.785,94.88,9.2817,263461.795,95.17,9.2733,57010.065,15.01,3.1779,33398.443,100,9.2813,255626.599,33.07,,,,9.3644,14490.52,4.68,,,,9.5609,23513.399,3.04,,,,9.4458,71350.98,14.81,9.6732,84531.352,28.77,9.49,22253.268,5.61,,,,,,,3.2349,11486.538,3.71,3.3268,310034.591,50.73,3.3267,703032.681,93.43,3.4006,425796.205,79.47,3.3937,66252.438,19.45,3.4878,122589.961,8.04,3.5146,289515.91,21.78,3.5472,53697.136,15.82,,,,3.659,39484.161,3.01,3.7247,1509061.729,89.08,,,,,,,,,,3.9586,40233.681,100,,,,,,,4.0099,80909.674,4.96,,,,4.0715,84601.352,45.92,,,,4.1066,113657.072,40.04,,,,4.1905,143828.521,16.2,4.2143,280954.916,0.87,4.2156,364347.597,59.64,,,,,,,4.249,349522.627,95.28,4.3524,194771.904,11.93,4.3589,119694.088,9.14,4.3978,76025.808,5,,,,,,,,,,,,,4.4486,47336.893,24.39,4.5083,38944.724,5.54,,,,,,,4.6123,11465.356,0.42,,,,,,,4.604,11799.739,0.77,,,,4.6218,43961.595,14.09,0.9307,12414.61,4.76,,,,4.6193,10161.813,2.3,,,,4.7008,161840.994,4.73,4.7298,42702.039,18.63,4.7653,10642.733,2.41,,,,4.7694,152655.679,48.3,4.8048,1528836.034,44.66,,,,0.9146,70037.326,62.72,4.9533,24979.777,1.53,4.9131,1334408.443,38.98,4.8475,69382.988,5.38,,,,,,,4.96,14722.144,13.91,5.0363,1012421.94,62.01,,,,5.1495,10888.359,2.87,,,
158_2021_T_4n,P1-B11,1,1.2676,32420.177,25.09,,,,5.0466,71712.231,0.99,,,,,,,5.1398,51841.72,8.51,5.2736,46572.821,9.51,5.1781,79423.631,19.98,,,,5.1848,120673.405,18.06,1.3048,477266.699,41.05,,,,5.201,29845.495,30.98,5.1741,15685.87,2.34,,,,5.3274,68239.851,0.24,5.3329,417541.518,10.06,,,,,,,,,,1.6537,51845.607,2.57,,,,5.4243,118100.249,3.31,5.4449,430746.481,23.8,5.4479,477036.599,28.45,5.4489,40837.715,1.58,,,,,,,,,,,,,5.5247,28983.448,5.92,1.6542,103421.373,58.47,5.5639,862016.347,93.73,,,,5.6233,779549.506,40.04,,,,5.7755,28724.116,4.28,5.8147,11077.418,1.1,5.6704,181907.887,0.63,5.7055,240962.84,10.62,5.7168,36585.273,2.12,,,,,,,5.7279,129299.28,9.19,5.8593,124514.003,4.82,,,,,,,5.8166,97950.298,1.35,,,,5.8038,25212.054,43.9,,,,,,,,,,6.0107,23400.458,2.1,6.0263,227284.012,21.6,6.0575,30007.869,4.47,6.0496,133389.52,8.62,6.1111,39627.13,9.47,6.0969,240531.809,11.92,,,,,,,6.1225,58233.195,77.69,,,,,,,,,,,,,6.2041,154869.806,2.14,6.1974,55174.907,13.4,6.2669,124089.455,7.21,6.257,67453.007,6.06,6.3513,17074.685,60.25,6.2948,350437.298,9.53,6.3446,194068.066,47.14,6.3564,38373.249,1.01,,,,6.3484,13957.386,3.34,6.4008,1282758.352,56.85,,,,6.652,16665.28,27.84,,,,6.4313,13956.798,2.08,,,,6.5685,74366.547,56.98,6.521,70570.912,7.03,,,,2.1851,275026.694,53.67,,,,6.6132,390020.662,15.09,6.6269,2449977.239,66.66,,,,,,,,,,,,,6.7421,123135.063,7.85,6.7867,19207.126,21.31,6.7581,26445.541,3.94,2.189,474899.879,79.03,6.7764,289559.678,6.98,,,,6.8277,17356.274,0.67,6.8658,10091.773,5.68,6.8842,664229.593,16,6.8814,19680.538,5.34,6.9245,159901.353,35.1,,,,6.9322,34636.359,47.3,6.9416,17269.259,0.47,,,,6.8405,14171.828,1.75,6.9692,107345.896,66.32,6.9662,36556.121,25.2,7.0047,26853.709,20.26,7.0483,18800.596,2.67,,,,7.0886,11513.432,0.73,,,,7.0693,178967.871,100,,,,2.4186,29084.917,25.51,,,,7.2563,55558.28,3.95,7.1457,285581.99,62.69,,,,7.1604,148198.205,14.76,7.2235,25744.319,43,7.2239,10281.463,0.04,7.1744,42456.414,23.24,,,,7.3596,17863.241,0.8,,,,7.3646,103543.132,13.84,7.4192,630666.341,16.03,7.3682,135845.953,12.91,7.3424,29417.197,7.03,7.5335,15470.174,3.77,7.4068,78675.094,7.48,7.449,9694922.3,33.61,7.5559,19345.661,7.54,7.4771,45211.187,20.63,7.4793,35981.123,19.04,2.5816,216686.593,94.34,7.5938,22216.202,2.56,7.5203,14258.642,33.97,7.5441,173816.453,22.15,7.7202,10744.382,0.27,,,,7.5612,77226.186,10.27,,,,7.6344,13228.277,2.41,,,,,,,2.8141,95223.014,45.77,7.7252,185231.131,11.89,7.7315,36601.629,0.13,7.7419,43029.797,1.93,7.7869,10544.034,14.4,7.799,2664172.718,94.48,,,,7.9307,236926.676,3.27,7.977,622145.761,98.23,7.9949,23505.181,0.6,7.8224,58535.953,11.95,2.8501,22075.196,2.2,7.8549,15790.23,0.47,8.0372,55305.097,12.18,8.0504,232950.244,0.81,7.9978,19709.784,1.96,8.0731,151078.282,10.74,8.0783,14062.175,3.63,8.0682,70046.257,50.75,,,,7.9325,14728.509,3.8,8.0875,105932.909,2.69,2.8723,154681.434,100,8.0792,39584.47,1.04,8.1279,75671.132,5.38,8.0798,15414.226,0.46,,,,8.2471,10309.795,0.31,8.2434,34777.4,7.81,8.2852,163134.977,0.57,8.3917,18046.8,9.55,,,,8.3305,571958.076,76.44,3.0319,55957.456,11.42,,,,8.4186,23696.829,1.06,,,,8.3735,194233.018,38.96,8.1878,10212.34,0.11,8.5028,612867.101,27.42,8.6383,11088.766,5.62,,,,8.4902,4171684.67,57.59,8.5655,914194.468,93.52,2.9882,266817.475,92.87,8.6202,356702.821,19.69,8.6115,82893.797,3.01,8.6994,9596800.256,99.21,,,,8.7563,62467.374,3.99,8.7809,15711.022,0.7,8.7498,24604.71,5.42,8.8144,454357.45,40.5,9.0814,52513.546,16.47,8.2512,12631.812,0.32,8.8814,848603.818,54.48,2.9931,31217.415,3.98,8.9063,51482.93,1.53,8.9015,67338.426,0.93,9.0021,12395.631,8.98,9.0053,10609.063,2.73,8.9535,729150.63,31.78,,,,9.0302,957158.239,41.72,9.2011,11425.14,5.69,9.0872,25655.282,1.64,,,,3.1438,249582.901,63.09,9.2529,70031.556,3.13,,,,9.1943,2991130.455,78.49,9.188,2463584.36,98.32,9.2016,3738829.199,100,,,,9.4448,11904.424,14.81,9.2641,1624103.862,97.73,9.269,866110.761,100,9.2588,118674.958,11.82,3.1619,197412.203,85.91,9.2617,586904.672,17.45,,,,,,,9.4059,75311.283,7.5,9.3956,1736657.89,51.64,,,,9.4305,56894.876,11.41,9.5106,15905.38,1.49,9.4787,257200.725,16.41,,,,,,,,,,3.3159,353269.791,41.49,3.342,149421.03,18.69,3.3987,436039.486,80.27,3.4002,79972.278,18.91,3.4834,48624.568,3.1,3.4995,421004.397,20.86,3.5293,24355.427,8.14,,,,3.6567,33847.868,1.52,3.7128,1077651.253,79.45,,,,3.8573,21864.574,0.98,,,,3.9463,95602.776,100,3.9462,48001.553,41.41,,,,4.0173,86295.439,5.57,,,,4.059,109513.952,28.22,4.0715,128705.758,34.02,4.0915,126717.262,23.27,,,,4.1935,190909.118,8.41,4.1933,299744.901,1.04,4.1974,370968.48,55.32,,,,4.1445,20970.551,6.27,4.2325,895196.79,74.68,4.3446,176807.926,11.42,4.3563,85437.339,3.82,4.3776,96448.733,4.27,,,,,,,,,,,,,4.4482,49846.059,9.08,4.4945,93814.634,14.1,,,,,,,4.5931,61265.087,1.48,,,,,,,4.6089,85826.07,5.47,,,,4.615,66255.111,13.53,0.9279,21908.726,6.06,,,,4.6036,10587.582,2.58,,,,4.6876,137639.933,3.86,4.7253,60149.123,20.12,,,,,,,4.762,226001.642,75.94,4.79,1620123.267,45.45,,,,0.9148,76590.691,59.27,4.9435,36161.996,1.4,4.8963,1452803.384,40.76,4.84,46786.52,1.19,,,,,,,4.9452,38929.802,37.7,5.037,704550.957,45.51,5.1455,18443.007,2.28,,,,5.1461,10620.573,0.69
159_2021_T_4n,P1-F10,1,,,,,,,5.0566,69914.684,4.14,5.082,197138.786,4.22,,,,5.1515,32886.309,12.3,5.1729,77005.207,3.34,,,,,,,,,,1.3018,61478.802,30.2,5.2806,11053.269,1.25,,,,5.2083,10313.379,3.48,5.2805,3360049.257,60.41,5.3571,22773.786,3.09,5.3457,274512.429,19.47,,,,5.396,1434859.684,30.73,5.2824,13209.279,6.4,1.6534,70240.692,8.25,,,,5.4393,73515.092,3.65,5.4572,89636.68,26.88,5.4579,105101.012,37.01,,,,,,,,,,,,,5.3936,27974.741,7.74,5.5531,668389.705,29,1.6667,49288.554,80.38,5.5805,531682.103,97.52,,,,,,,5.549,29893.455,1.37,,,,5.5524,11948.678,0.17,5.5516,26731.613,3.62,5.7062,138076.749,19.31,5.7046,18499.935,2.96,,,,1.7121,383200.797,80.39,5.7331,54938.205,14.3,,,,,,,5.8218,356854.554,7.64,5.8232,62190.026,3.68,5.829,235769.616,10.77,5.8228,11820.105,36.54,6.0189,332485.566,7.12,5.9592,31246.216,2.46,,,,6.0079,22337.963,4.62,6.0319,17567.116,4.2,,,,6.0722,14896.276,4.24,6.0628,299841.745,13.7,6.0971,12300.895,1.45,6.2339,22813.179,0.53,6.0991,71566.197,12.32,6.133,74372.046,14.89,6.1451,138584.582,6.33,,,,6.1763,367098.377,7.07,6.1889,20733.178,8.2,6.2205,23840.696,1.41,6.2081,30425.121,48.54,6.267,69095.703,11.05,6.2678,109576.903,22.69,6.3987,19686.922,21.75,6.3043,54861.351,12.58,6.36,18098.377,28.87,,,,2.0298,32771.382,59.11,6.4103,273209.714,12.48,6.4154,271658.291,22.49,,,,6.5135,267955.958,69.88,,,,6.6333,33253.944,11.23,6.5573,43843.021,0.94,,,,6.5936,10051.617,0.14,,,,2.192,368335.06,74.86,6.6047,46063.077,0.83,,,,6.6394,242265.697,55.56,,,,,,,,,,6.7304,106634.231,2.28,6.778,155525.196,26.58,6.8055,59281.698,14.09,6.8546,10487.749,3.54,2.1989,497711.604,67.69,6.7797,223426.157,15.85,6.8411,2787330.769,40.36,,,,,,,6.8821,141063.025,10.01,6.8934,33048.575,46.71,6.9414,80661.604,47.62,,,,,,,6.9542,12452.536,2.86,,,,6.9894,56299.747,2.24,6.845,455146.319,28.84,6.9753,30850.461,33.11,7.0237,17675.478,13.16,7.052,20846.145,13.88,,,,6.8927,112911.494,19.29,7.1044,428039.007,9.17,,,,7.1233,37606.03,3.41,,,,7.0146,11648.6,4.68,7.3023,64175.54,16.7,7.1584,57020.598,33.66,7.1079,35971.794,1.64,7.1632,57359.913,0.81,,,,,,,7.1936,38212.185,55.61,,,,7.4052,22862.739,0.36,,,,,,,7.3585,22736.843,0.41,7.3095,179788.161,42.94,7.3741,12100.472,0.55,7.3238,11836.842,0.93,7.4352,72812.435,17.39,7.4459,55917.802,7.58,,,,,,,,,,2.5962,21495.858,47.81,,,,7.5368,41155.964,28.02,,,,,,,7.6095,2937088.581,42.39,7.5762,32509.882,11.66,,,,7.6503,12274.872,3.52,7.603,12070.157,45.89,,,,2.8269,212319.135,60.63,7.7342,53420.89,9.81,,,,7.7564,2095407.49,32.81,,,,7.8158,2833534.794,99.16,,,,7.9379,31695.757,1.88,,,,7.8748,19164.027,0.34,7.9772,16143.828,0.7,,,,7.9801,21702.014,0.42,8.0344,24370.656,3.31,8.0542,10945.606,1.48,8.0495,33026.69,0.46,,,,7.8582,326992.391,28.34,8.0771,52923.965,3.84,8.0346,14609.656,0.31,8.1637,149968.393,13,,,,2.8928,38995.648,56.49,8.0987,18938.259,1.84,,,,8.1561,12389.961,0.24,8.3907,30886.581,6.28,8.3709,11294.316,0.22,,,,,,,,,,,,,,,,,,,,,,8.5756,14045.479,0.22,,,,8.3878,128559.249,25.36,8.4198,69701.599,4.21,8.487,536684.984,8.4,8.4875,1517053.324,35.37,,,,8.5148,441660.788,26.13,8.5791,105490.999,53.24,2.995,180979.869,94.61,8.6333,92636.013,9.03,8.6098,10788.654,3.56,8.7051,1586514.908,95.79,8.7618,244676.7,95.18,8.7561,3847310.793,82.16,8.7552,2364588.48,37.03,8.7288,27188.712,3.7,8.8262,71689.981,39.6,8.7467,43856.506,5.01,8.3919,13206.468,0.24,8.8856,417976.019,76.73,,,,8.8942,134238.464,2.59,8.8839,18344.297,1.09,,,,8.9385,94571.273,2.03,8.9697,102732.088,11.61,,,,9.0395,117063.778,13.23,,,,9.1838,407008.15,8.69,9.1913,699307.575,16.3,,,,9.1792,544923.871,8.53,,,,8.9304,15351.516,1.49,,,,,,,,,,9.2243,15217.866,100,9.2735,243666.493,26.99,9.2808,35351.584,62.01,9.3109,517996.536,7.27,3.1713,98270.254,100,9.2803,196429.409,3.78,9.2883,179983.179,2.6,,,,9.4177,681178.491,9.56,9.3964,918165.114,17.69,9.4286,385782.633,5.57,9.4461,28210.897,5.57,9.6759,25832.657,4.69,9.2858,17500.775,0.37,,,,,,,3.2338,69647.848,11.24,3.3313,16156.726,2.78,3.325,133472.164,39.56,3.4065,330863.988,61.87,,,,3.4988,19643.051,3.36,3.5149,526472.047,61.85,3.5505,48234.706,81.7,3.5669,194069.935,74.11,3.6613,52571.624,6.2,3.7202,706725.974,88.51,,,,,,,,,,3.9617,18483.161,14.45,,,,,,,4.0133,13727.789,3.91,,,,4.0644,96694.816,2.07,4.0891,43267.179,15.34,4.1009,926630.284,75.93,4.1199,50216.963,41.23,4.1904,145291.519,20.32,,,,,,,,,,4.2259,131840.396,54.86,4.2474,402390.252,89.19,4.3554,25401.633,7.23,4.3571,37441.349,4.42,4.3924,497655.195,41.19,,,,4.351,14018.422,0.3,4.3431,49636.908,3.91,4.3454,138680.231,6.02,4.4552,39337.713,11.27,,,,4.5275,12336.66,1.67,,,,4.605,69946.403,4.96,,,,4.6039,77175.772,36.43,4.6094,61293.31,10.47,4.596,16200.923,0.74,4.7259,47669.963,2.07,0.9185,24524.437,39.5,4.6015,54476.781,1.17,,,,4.6905,575798.258,65.07,4.6977,41307.74,2.05,4.7426,31034.439,64.5,,,,,,,,,,4.8064,823672.838,40.86,,,,0.9138,46502.631,67.33,,,,4.9084,714841.991,35.46,4.8567,147407.67,2.65,4.8562,727492.042,31.57,,,,,,,5.0404,178864.367,50.91,,,,,,,,,
164_2021_T_4n,P2-B5,1,,,,,,,,,,4.9918,11724.838,0.15,,,,,,,,,,,,,,,,,,,1.3027,67372.273,32.19,5.2113,24609.192,4.06,,,,,,,,,,,,,5.3447,92244.957,13.72,,,,,,,,,,1.6527,49030.415,17.36,,,,5.4412,66976.85,3.11,5.4571,134065.691,34.74,5.4572,182060.114,54.31,,,,,,,,,,,,,,,,5.5244,76245.194,8.02,1.6661,26534.349,45.91,5.5861,203087.046,100,,,,,,,5.6681,199724.843,8.16,5.7889,15747.199,6.22,,,,5.6829,19733.242,4.08,5.7072,47514.211,13.54,5.809,15876.215,4.89,,,,,,,5.7507,51342.544,20.21,,,,,,,5.6844,104398.545,1.35,5.8272,15090.902,1.99,5.6987,137872.504,5.63,,,,6.0224,2339022.125,30.19,5.9594,249630.49,52.76,,,,6.0179,15307.751,9.61,6.0446,23727.463,7.5,5.9582,15862.577,6.27,6.0587,15425.267,10.3,6.0239,589319.623,24.07,,,,,,,,,,6.0499,10320.787,2.85,6.1792,19553.849,0.8,,,,6.1801,2028372.761,33.71,6.1651,35608.606,12.03,,,,6.2127,14589.011,48.92,6.267,35287.265,10.86,6.2742,32719.685,20.53,,,,6.3056,111622.946,14.65,6.3565,15230.687,51.08,6.3708,234513.654,18.05,2.0349,40343.195,100,6.3737,42995.523,1.76,6.4131,205386.194,38.27,6.5625,25785.546,12.57,6.6701,65753.879,44.44,,,,,,,6.5676,1315517.381,16.98,,,,,,,6.5624,75460.76,1.11,2.2004,169197.053,74.34,6.6032,919606.304,30.57,,,,6.6399,418859.615,54.96,,,,,,,6.5977,31358.857,30.37,6.7342,882152.734,11.38,6.7446,20583.137,5.06,,,,6.7794,103648.841,40.94,2.2013,247023.582,70.68,6.7811,88637.051,13.18,6.8427,410692.557,6.07,,,,6.8883,14880.132,57.11,6.8834,46905.089,6.98,6.8959,42040.943,73.71,6.9398,47535.503,68.52,6.9892,75630.697,0.98,,,,6.9539,14268.886,1.87,,,,6.8837,12492.302,7.64,6.984,17589.783,0.84,,,,7.0172,34768.574,38.72,7.0976,142102.195,55.8,,,,,,,7.149,82607.295,1.07,,,,7.1311,25685.325,2.45,2.4293,13984.235,53.47,,,,7.1504,11192.884,4.4,7.1586,10263.869,14.79,7.2812,26603.381,1.09,7.0309,29505.066,1.5,7.2457,32891.878,22.23,7.1344,12767.41,2.64,,,,,,,7.4215,14682.457,0.13,,,,7.2868,15127.362,1.44,7.2782,26255.967,0.87,7.3816,28715.239,9.08,7.3639,10477.845,0.43,7.4573,37704.908,7.97,7.4322,93714.361,29.64,7.4544,39221.906,8.12,7.4861,39812.484,10.56,,,,7.3392,17697.585,0.26,2.593,76442.22,33.8,7.6194,22190.954,8.1,7.5413,57476.662,100,,,,7.5907,49870.968,1.66,7.6051,178853.767,2.64,7.579,30895.16,22.37,7.599,22413.36,100,7.6465,11064.813,5.04,,,,,,,,,,7.7399,43650.665,4.48,7.7478,13338.161,2.76,,,,,,,7.8133,1958495.814,97.9,7.8961,135046.508,1.74,7.9531,24661.881,3.26,,,,7.9771,15966.819,0.53,7.9878,201908.196,21.25,,,,7.9806,76731,1.28,8.0411,20925.676,7.8,,,,7.9866,13145.423,0.67,,,,8.0683,16570.386,23.98,8.0694,88695.273,5.81,8.1116,166901.508,2.15,,,,8.0897,36064.472,1.2,,,,8.1736,24845.378,1.91,8.2832,25762.821,10.14,8.1291,40068.696,0.67,8.268,22361.271,9.83,8.2298,17570.706,0.29,8.2655,69153.91,2.83,,,,8.313,28680.049,0.42,,,,8.389,11433.331,1.09,,,,8.3603,115879.57,42.27,,,,,,,8.392,172760.368,52.58,8.4164,12057.046,0.48,8.5179,48375.941,0.41,,,,8.517,109541.39,10.44,8.5059,139736.04,18.45,8.5902,347361.839,89.42,3.003,92161.441,55.85,8.633,126982.446,11.88,8.5221,55691.462,83.64,8.7148,2424840.998,97.16,8.7593,2954261.42,97.75,8.7638,12702880.51,95.19,8.7619,9571774.389,81.67,,,,8.8253,42306.535,70.69,8.7638,152549.558,34.78,8.3868,17082.194,0.57,8.8917,488204.643,50.07,,,,8.8891,545154.044,9.06,,,,8.9422,768821.997,50.37,8.9401,1981325.515,25.57,8.9496,29531.982,4.87,,,,9.0371,95193.954,15.71,8.9451,25242.106,6.26,9.1378,11565.911,0.09,,,,3.1508,79031.096,70.93,9.1829,35878.134,0.31,,,,8.9403,346903.993,26.69,,,,,,,,,,9.2263,14776.78,46.66,9.2777,97734.809,37.45,,,,9.2871,144610.348,7.33,3.1801,29879.997,100,9.2846,702670.145,11.68,9.2874,1163616.472,17.16,9.3703,20067.176,4.78,9.4307,630138.596,31.95,9.4292,1190658.607,19.79,9.4294,2583039.533,38.08,9.4646,17062.484,5.19,9.2952,10221.727,1.13,9.4457,16904.997,0.13,,,,,,,3.2326,10758.913,2.56,3.3348,34801.062,26.73,3.3329,206520.54,56.95,3.4128,160933.79,83.53,,,,3.4884,63902.049,15.72,3.5178,95698.578,33.88,3.5543,20814.794,47.4,3.5746,13379.266,23.91,,,,3.7256,266786.935,92.25,,,,3.8753,12833.835,8.05,,,,3.9572,36588.982,45.63,,,,,,,4.0043,10788.838,7.2,,,,4.0745,28175.196,0.36,4.0794,16649.213,20.2,4.1034,116387.245,43.74,4.128,231301.682,100,4.1971,38574.906,10.99,,,,,,,,,,,,,4.2492,193836.577,82.99,4.3591,21141.75,14.12,,,,4.4034,56907.519,10.6,,,,4.3978,78750.619,1.02,,,,4.453,14441.499,1.52,4.457,55613.371,25.34,,,,,,,,,,4.6065,57775.622,8.59,,,,,,,4.6026,79331.333,19.52,4.643,10240.048,0.42,4.6759,48342.982,5.09,,,,4.5997,23314.497,0.3,,,,4.6986,148073.686,24.44,4.7022,42250.2,1.96,4.7398,47694.834,47.97,,,,,,,,,,4.8076,997470.38,46.38,,,,0.9248,54259.703,79.37,,,,4.9129,902721.691,41.98,4.8615,12947.984,0.43,5.0003,22409.949,2.36,,,,,,,5.0397,44333.063,29.6,,,,,,,,,
166_2021_W_4n,P2-A4,1,,,,,,,5.064,113081.202,6.69,5.083,184904.863,7.12,,,,5.1302,16666.874,8.14,5.1779,46084.016,1.69,,,,,,,5.1754,29512.372,17.49,1.3053,164069.859,53.17,,,,,,,5.2217,12805.703,4.16,5.2784,2171969.745,55.83,5.3439,14309.803,1.25,5.2742,78350.421,11.5,,,,5.3914,993432.325,38.24,5.2887,14759.113,7.79,1.6545,22736.705,5.43,,,,5.4425,94924.083,4.32,5.462,156234.156,32.31,5.454,76670.977,16.19,,,,,,,5.615,10515.867,0.32,,,,5.3948,17018.33,7.83,5.5524,903531.334,33.12,1.6468,21670.94,100,5.5822,184769.112,94.73,5.5128,11681.046,6.17,,,,5.5464,41385.041,2.65,5.6449,10591.985,3.44,5.5779,11394.916,0.22,5.6506,45279.143,3.97,5.7171,98622.437,19.22,5.7,12842.338,3.66,,,,1.7281,150342.729,60.72,5.6337,91065.264,18.07,,,,,,,5.8259,51612.365,1.99,5.8279,60451.652,3.58,5.8311,111990.366,7.18,,,,6.0041,14772.225,0.57,,,,,,,6.0259,10468.973,5.68,6.0345,63494.041,11.22,,,,6.0515,11304.443,3.19,6.0689,228121.857,14.63,6.1036,28705.972,6.85,6.2203,24636.989,1.08,6.1005,13587.482,6.01,6.1283,65741.534,18.1,6.1498,139966.986,8.98,,,,6.175,148641.628,4.46,6.1748,15533.501,6.35,6.2147,27398.204,1.62,6.3584,19548.461,49.71,6.2925,28764.738,8.2,,,,,,,6.3015,28026.599,2.74,6.3441,19773.089,50.29,6.3705,52213.395,5.09,2.0247,42729.403,75.18,6.4095,266880.405,17.11,6.4127,494458.729,49.34,,,,6.511,164728.182,56.92,,,,6.631,70839.496,23.02,6.5581,62030.978,2.39,6.5735,29114.229,17.27,6.6049,12716.638,0.25,6.4154,36873.785,0.63,2.1931,284248.232,73.98,6.6076,20058.69,0.52,,,,6.6408,754328.806,73.75,,,,,,,,,,,,,6.7307,88271.398,18.49,6.8473,133874.303,40.16,6.7878,18418.89,5.98,2.1918,391431.393,69.3,6.7563,15488.952,2.27,6.8453,3114736.33,52.94,,,,,,,6.8788,105134.035,15.44,6.7085,37190.267,45.74,6.9308,52290.997,42,,,,,,,6.9466,12782.716,1.25,,,,6.9746,21909.521,1.9,6.8551,563146.951,47.35,6.9793,15455.866,26.42,,,,7.0876,24763.135,45.99,,,,6.8866,122002.125,25.55,7.0988,77409.648,2.98,,,,7.1215,340073.858,24.41,2.4251,27991.065,69.98,7.0264,12535.466,4.68,7.2549,31754.981,6.3,7.1579,72220.914,58,7.1206,71365.015,4.58,7.1808,28921.184,0.56,,,,,,,,,,,,,7.4068,12582.645,0.56,,,,,,,7.3627,12082.104,0.31,7.3789,10014.934,1.77,,,,7.3298,22153.177,1.32,7.439,168163.712,29.72,7.4505,86278.398,7.56,,,,,,,,,,2.5963,101992.003,100,,,,,,,7.5569,29170.981,22.26,,,,7.6091,2411302.291,41.01,7.5732,28039.228,10.58,,,,,,,,,,,,,2.8301,35263.639,77.16,7.7331,10678.888,5.35,7.6815,10433.687,0.91,7.7568,673754.848,30.06,,,,7.8182,2458196.525,98.85,,,,7.9401,163708.928,9.69,,,,7.8566,65247.398,1.68,8.1751,17336.588,0.64,,,,8.0637,21252.058,0.64,8.0476,12694.714,2.18,8.0194,16535.885,1.45,8.0586,102774.593,1.99,8.0696,32137.807,6.38,7.857,128241.705,38.18,,,,,,,8.1672,21566.592,6.42,8.2586,10497.55,0.27,2.8835,48409.324,100,8.104,23681.931,2.31,8.2793,51265.405,10.17,,,,8.4124,13812.319,3.59,8.2802,18166.323,0.54,8.2649,22955.068,7.95,8.1619,15687.733,1.38,,,,,,,,,,,,,,,,,,,,,,8.3937,201363.783,32.59,8.4419,10980.647,1,8.49,376978.702,16.82,8.4861,1070622.934,46.83,,,,8.5061,256320.479,15.17,8.5808,66319.34,49.09,2.9987,75196.347,100,8.3992,25901.136,3.85,8.5092,81176.177,59.98,8.7138,1090368.52,99,8.8253,12795.052,53.21,8.7671,55761.745,4.83,8.764,25575.614,1.14,8.7424,12171.048,2.09,8.8173,41665.79,31.47,8.7512,12916.681,3.57,8.3,15346.891,0.39,8.8929,40671.33,20.39,,,,,,,8.8844,16963.781,1,8.9256,31597.338,4.29,,,,8.9705,17818.211,1.56,,,,9.0475,14876.83,1.3,,,,9.1839,209237.32,18.14,9.1906,399891.65,17.49,3.1474,63943.176,83.37,9.1834,349295.835,15.59,,,,9.2151,32994.714,3.22,,,,,,,9.2115,41907.055,41.08,,,,9.2795,215543.016,29.78,9.283,39955.139,100,9.3319,442412.18,8.58,3.1777,20258.189,100,9.2721,111157.758,3.33,,,,,,,9.4107,245627.633,4.76,9.4001,193379.972,5.8,,,,9.4401,13073.74,2.12,9.6739,19430.467,4.07,9.4821,17743.268,1.54,,,,,,,,,,3.3303,19945.425,8.82,3.3244,153690.123,64.09,3.4045,106354.956,34.5,,,,3.4948,49676.569,10.41,3.5059,39196.375,9.36,3.5479,53516.782,31.5,,,,3.6565,33903.031,7.56,3.725,611987.636,87.42,,,,,,,,,,,,,3.9632,35901.543,68.69,,,,4.0227,45757.15,12.92,,,,4.0719,108453.169,4.17,4.082,67585.29,38.41,4.1085,53300.789,25.62,,,,4.1939,108938.007,21.23,4.1949,13869.148,1.22,4.2122,18603.727,6.04,,,,4.2298,109196.295,59.61,4.2487,521905.061,89.15,4.3616,33923.066,9.58,4.3528,35472.784,7.91,4.3924,171155.008,17.08,,,,4.3481,25085.319,0.97,4.3437,72102.514,4.31,4.4551,16034.831,0.59,4.4593,33103.519,8.43,,,,,,,,,,,,,,,,4.6141,26108.57,38.56,,,,4.5971,18560.622,1.19,4.6268,17866.393,0.65,0.9257,16047.461,13.76,4.6012,73547.932,2.83,4.6366,26207.355,1.57,4.6931,1003429.241,87.62,4.6975,45331.018,2.06,4.7417,34490.726,43.97,4.7338,11325.04,0.68,,,,4.7637,13404.445,7.07,4.8065,998628.743,45.47,,,,0.9146,30132.116,100,,,,4.9108,874748.842,39.83,4.8651,167062.738,4.29,4.8537,800148.907,29.33,5.1103,15815.152,8.35,,,,,,,,,,,,,5.0469,129083.291,36.45
169_2021_T_4n,P1-A5,1,1.2738,140202.676,53.13,,,,5.0503,24976.138,0.33,4.9936,14528.004,0.59,,,,5.1597,43123.83,8.51,,,,5.1754,48186.828,11.89,,,,5.2133,29911.024,5.16,1.3067,464047.17,33.85,,,,,,,5.1729,72666.898,8.98,,,,5.3274,78388.493,0.26,5.3395,98868.96,2.34,,,,,,,5.3595,15138.06,4.43,1.6593,196423.915,11.47,,,,5.4262,166599.342,4.81,5.448,467552.444,27.75,5.4493,518397.801,30.4,5.454,24641.608,1.97,5.5022,114208.168,85.99,5.4991,26856.789,0.69,,,,,,,,,,1.6519,200025.63,76.25,5.5684,470748.359,83.33,,,,5.6028,426414.135,32.65,,,,,,,,,,,,,5.7065,205702.497,11.73,5.7053,43162.154,3.36,,,,,,,5.7368,75520.15,4.33,5.8599,118167.519,9.44,,,,5.7983,40553.523,1.65,5.8211,62264.007,0.81,5.7978,15565.104,1.6,5.8062,75276.707,100,6.0092,77448.638,3.16,,,,,,,6.0147,17097.752,1.47,6.0251,197155.501,16.91,,,,6.0486,131791.197,6.69,6.0829,47181.416,4.86,6.0905,211636.88,12.36,,,,6.0879,48129.502,7.21,6.1268,191448.461,14.77,6.1165,22267.924,2.29,1.9825,133625.475,11.32,6.1715,16914.166,0.43,,,,6.2054,113847.367,1.48,,,,6.2429,20936.715,1.63,6.2481,29739.347,2.56,,,,6.2977,193293.521,5.15,6.3492,162902.473,61.67,6.3607,25907.541,1.04,2.0222,122593.387,18.32,6.3622,10352.344,1.07,6.3992,1788335.802,59.09,6.5896,30454.464,8.9,,,,6.5138,12410.991,2.95,6.4383,12804.819,1.58,6.5426,24525.274,1,6.5746,510505.186,30.47,6.5962,2123783.581,72.07,6.6066,1909032.074,87.13,2.193,301614.693,73.36,6.5482,23227.25,0.84,6.6201,300772.766,24.03,6.6322,2523366.422,67.27,,,,,,,6.8196,18038.631,6.05,6.7287,17998.265,0.73,6.7387,206048.344,10.56,6.7945,63153.531,36.79,6.7651,20478.845,2.53,2.1964,436973.008,79.61,6.7748,51960.76,1.23,,,,,,,6.6831,13070.12,5.41,6.871,968239.337,22.9,6.8763,11892.15,5.44,6.9096,90947.257,23.9,6.7401,17976.544,0.73,6.9286,17924.077,42.95,6.9451,44403.268,1.18,,,,,,,6.9698,100097.78,16.11,6.9655,40893.21,100,,,,,,,,,,6.8724,840803.244,43.1,,,,7.0714,132896.736,100,,,,2.4269,133640.673,53.26,,,,7.2454,133088.04,7.63,7.1411,279207.047,73.38,,,,7.1664,133241.204,4.52,,,,,,,7.1871,64238.661,54.14,,,,,,,,,,7.3589,30018.62,8.35,7.4213,528137.883,19.09,7.3684,141620.551,12.15,7.3358,28654.966,2.95,7.5246,65160.96,8.56,7.4191,111601.765,9.57,7.4261,27688177.59,93.05,,,,7.4754,16820.167,7.98,7.4806,35785.624,1.63,2.5856,242580.286,68.19,7.4278,819802.527,95.56,7.522,15094.238,27.85,7.5468,135837.649,16.41,7.571,12203.769,0.44,,,,7.5627,47616.82,18.22,,,,,,,7.6779,13686.466,51,,,,2.8282,81427.456,51.27,7.7304,97841.996,9.2,7.7313,60570.95,0.2,7.7303,39175.692,1.89,,,,7.7978,2988112.852,87.05,,,,7.9371,89300.766,1.16,7.9775,101644.488,88.66,7.9992,22767.995,0.82,8.1561,35868.551,3.04,2.8633,46723.899,1.59,8.0522,33847.949,0.86,8.0329,46715.908,11.52,8.0412,63244.116,0.21,7.9717,10917.644,0.37,8.0569,347949.152,19.94,7.8983,30097.45,8.08,8.0572,78983.117,61.45,,,,,,,8.0917,117548.056,4.25,2.8658,44995.534,77.69,8.1454,20301.603,0.81,8.2653,199636.134,11.44,8.1263,12358.77,0.32,,,,8.2488,14662.287,0.37,8.1014,10568.141,2.59,8.2806,152536.209,0.51,,,,,,,8.1015,37173.595,10.35,3.0313,73938.462,6.26,,,,8.6155,48415.265,2.34,,,,8.3823,101323.177,31.66,8.4052,73460.904,0.74,8.4993,856316.945,41.33,,,,,,,8.4946,5293110.31,68.9,8.571,559975.078,79.33,2.9883,172247.532,92.77,8.6182,251452.222,20.1,8.4962,1551963.991,64.06,8.6947,9756486.081,97.77,8.7478,10452.235,8.86,8.7491,716104.946,65.23,8.7477,383990.169,18.53,8.8585,10425.46,2.57,8.8122,148204.475,27.98,,,,8.2636,19422.497,0.7,8.875,691482.271,65.02,3.0046,21916.25,2.65,8.9068,47808.655,1.22,8.8935,107564.678,1.4,8.9954,22170.334,17.25,8.9224,113862.036,4.65,8.9637,182489.049,21.19,,,,9.0318,334860.316,38.87,,,,,,,,,,3.1421,232027.676,69.53,9.2555,49039.701,2.37,,,,9.1893,1152932.829,46.2,9.1919,1555136.674,98.39,9.1916,1526492.712,94.95,,,,9.209,130381.929,61.24,9.2615,3898545.842,93.32,9.2643,3623290.818,99.57,9.261,314473.943,10.67,3.1643,159994.974,84.84,9.2561,1460144.545,37.31,,,,9.3456,10530.137,1.57,,,,9.386,28891.258,0.74,9.4156,32082.371,1.46,,,,9.6647,233911.424,25.19,9.4722,138237.032,12.59,,,,3.213,154382.551,6.3,,,,3.3213,170229.687,25.5,3.3146,508900.542,89.69,3.3955,498014.043,92.26,3.393,50892.186,9.63,3.4866,56531.319,2.9,3.5076,26608.912,1.55,3.5413,69644.902,20.19,,,,3.6605,17127.638,0.9,3.7168,1671636.932,96.78,,,,,,,,,,3.9498,55408.541,33.39,3.9405,26296.516,60.98,3.9798,158639.057,19.61,4.0125,135412.317,6.87,,,,4.0587,389354.38,15.89,4.0834,20987.567,11.12,4.1021,20055.883,6.04,,,,4.1935,200834.657,11.45,4.2047,194143.944,0.65,4.2042,227779.658,28.16,4.2065,10535.22,0.38,4.2328,16112.693,5.54,4.2326,414511.127,78.01,4.3476,204148.42,10.36,4.3503,134457.027,7.05,4.3733,17212.876,0.57,4.4185,254769.915,62,4.4182,966311.792,39.43,,,,4.4575,11636.268,0.99,4.4488,69179.501,23.27,4.4894,85992.22,11.5,4.6124,16911.444,0.06,,,,4.5844,12127.605,0.29,4.5051,10631.345,3.11,,,,4.5999,25231.738,1.29,4.6387,349559.952,36,4.6148,233154.68,19.75,0.9291,34157.799,8.32,4.6399,444027.034,18.12,4.6117,45868.235,6.03,4.6768,14543.808,1.69,4.6849,87172.297,2.52,4.7259,32313.655,12.36,4.8181,16091.505,2.11,,,,4.7584,152211.483,44.5,4.7935,1531575.844,44.2,,,,0.9198,91121.006,34.53,4.9398,27997.14,2.24,4.8987,1408841.119,40.66,4.9898,29745.556,1.08,4.9867,439083.958,37.2,4.948,12753.799,3.73,4.946,24962.334,18.9,5.0376,947504.45,48.1,,,,5.1236,13482.362,0.46,,,
172*_2012_T_2n,P1-C10,1,,,,,,,,,,,,,,,,,,,5.2742,12814.697,5.42,5.1768,75945.924,31.56,,,,5.1805,85869.88,7.45,1.3045,369835.854,26.22,,,,,,,5.1713,25353.481,3.13,,,,5.3138,20167.806,0.12,5.3418,2854883.355,28.66,5.4441,18485.517,3.53,,,,5.405,26231.769,5.81,1.6575,450731.363,19.34,,,,5.4266,171483.352,6.62,5.4485,229035.683,12.09,5.4592,205397.92,18.89,5.4567,10623799.44,92.56,,,,,,,,,,,,,5.5417,14149.872,5.99,1.6582,401693.368,57.5,5.566,691604.148,82.86,,,,5.6015,195036.6,4.56,,,,5.7956,19521.331,2.41,5.5793,12153.794,0.36,5.6703,136166.013,0.81,5.7009,494539.688,20.43,5.7061,93458.104,3.72,,,,1.7214,351829.57,42.39,5.7343,357653.4,13.44,5.6481,59215.937,0.52,,,,,,,5.8147,335652.475,5.69,5.8233,242756.723,6.49,5.8126,142643.5,76.99,,,,,,,,,,5.9982,115862.009,4,6.0243,215559.016,12.81,,,,6.0491,85356.082,2.08,6.0549,511503.105,13.67,6.0869,172868.773,7.42,6.0666,15407.945,0.14,,,,6.1315,44287.282,39.72,6.1384,462872.52,12.37,,,,6.1453,26704.087,1.23,,,,6.1983,137962.133,2.34,6.1978,361017.243,46.45,6.26,322196.894,12.83,6.2481,177400.404,6.12,6.3498,26431.686,28.65,6.3035,396809.895,12.32,6.3441,327427.694,42.13,6.3809,75887.019,3.69,2.0274,117118.646,43.38,6.4013,688397.317,18.39,6.3978,1583888.866,47.63,,,,6.646,17250.042,43.4,6.5119,13371.284,1.51,,,,,,,6.5705,89213.552,34.12,6.6205,79278.216,2.37,,,,2.192,202768.969,47.02,,,,6.615,219447.126,1.91,6.6316,1857478.985,57.66,6.6424,139526.506,42.94,6.6954,52066.132,2.1,6.6886,57771.211,12.6,,,,6.7441,1523744.02,33.8,,,,,,,2.1844,290026.327,74.88,6.7765,1771260.569,17.78,6.8159,12212.972,1.59,6.826,24832.799,0.22,6.8781,10077.663,7.22,6.8707,953609.857,9.57,6.8741,104670.573,43.63,6.9275,539725.613,52.57,,,,6.9397,13788.81,17,6.9474,97854.266,3.04,,,,6.9891,23813.811,0.32,6.9829,11108.551,100,,,,,,,,,,,,,7.0035,41380.867,0.92,,,,7.071,45039.49,60.14,7.1118,11911.066,2.14,2.4246,81676.502,76.88,7.0138,13938.26,4.41,7.1291,163469.043,6.15,7.146,401607.476,39.12,7.0049,14240.058,0.38,7.1604,342901.423,10.24,,,,,,,,,,,,,7.3668,12721.731,0.12,,,,7.3586,362971.816,65.13,7.3677,545167.7,23.75,7.4096,37191.421,2.21,7.361,89708.371,2.4,7.5301,71465.454,8.34,7.4338,62786.908,3.73,7.4353,14956303.47,89.22,,,,7.4782,114693.781,30.37,7.4839,76344.326,9.18,2.5853,131432.329,49.26,7.4323,309835.222,100,,,,7.5566,46298.523,10.65,7.4235,214741.032,9.35,,,,7.5623,42076.449,12.22,,,,7.6431,10671165.29,95.48,,,,,,,2.816,39275.559,12.47,7.7286,40456.308,8.93,7.6445,68031.882,0.41,7.7469,4740602.428,43,7.7339,15643.886,19.29,7.7993,4804281.793,98.48,,,,7.9212,13685.946,0.23,7.9955,13119.627,33.27,,,,8.1649,16973.872,7.18,2.8538,48972.372,1.46,7.8633,14392.457,0.66,8.036,48941.161,2.9,7.9796,12741.191,0.08,8.035,287638.043,8.59,8.0688,10102.599,0.38,8.0583,77624.218,8.89,8.0686,36515.994,51.12,8.0214,26792.878,5.02,8.1593,23691.724,2.71,8.3304,74287.284,3.24,2.8697,30938.204,41.83,8.0356,10055.492,0.49,8.1391,39383.503,1.48,,,,8.2497,22835.643,5.3,,,,8.2428,28839.867,3.12,8.2955,42728.791,0.25,,,,,,,8.3236,67184.262,12.06,3.0466,13724.62,5.81,,,,8.3938,131502.173,1.19,,,,8.3801,56399.941,14.19,8.4069,160600.076,2.42,8.4795,1510068.033,13.7,8.4779,4809889.222,43.71,,,,8.5121,648937.908,10.99,8.5747,271954.04,74.64,2.9894,51829.108,36.39,8.6287,114091.895,6.51,8.5171,351493.64,23.78,8.6939,6423712.565,96.79,,,,8.7456,63781.224,3.41,8.7638,20705.901,0.19,8.8663,64150.84,3.8,8.8137,470831.013,29.9,9.0186,36432.543,4.6,8.2701,35583.221,1.55,8.8752,346218.692,76.41,2.9963,149276.541,34.33,8.907,36629.4,1.69,8.8898,563455.479,9.54,,,,9.0132,28967.641,5.42,8.9553,480741.956,31.05,,,,9.0335,596206.307,38.51,9.1616,17864.792,4.77,9.0921,32985.431,1.76,9.087,272221.083,2.47,3.1446,177094.555,53.53,9.1724,592691.597,5.38,9.1229,14200.21,7.08,9.1966,1292246.111,62.8,9.1969,1539273.709,83.66,9.2032,1872241.612,100,9.2848,10499.93,0.57,9.2178,97707.472,30.67,9.2675,1196789.551,98.41,9.2672,677713.229,98.14,9.3056,634461.593,18.94,3.1689,397656.616,85.12,9.2635,580602.407,26.81,9.3293,135745.927,16.32,9.3436,53205.785,4.54,9.407,275294.494,8.22,9.3927,536579.836,24.78,9.4259,73488.322,8.83,9.4315,186197.611,46.84,9.6686,142633.138,13.52,9.5887,10570.931,0.57,3.27,12141.767,2.69,,,,3.2265,144887.649,12.36,3.3209,865296.698,76.26,3.3091,1363622.986,84.28,3.397,760248.022,79.94,3.3991,96227.131,12.04,3.48,130646.302,2.9,3.504,550345.686,23.61,3.5407,74084.797,26.84,3.5589,173755.268,72.94,3.6544,210351.989,5,3.7142,1345331.575,85.04,,,,,,,3.9025,106621.927,12.68,3.9436,21594.348,8.97,,,,,,,4.0201,247593.002,6.03,4.1396,53329.5,6.68,4.062,257073.53,48.14,,,,4.097,186853.158,28.91,,,,4.1918,501445.819,20.72,4.1999,489619.181,2.92,4.201,564338.758,69.57,,,,4.2249,312541.416,39.71,4.2361,263245.296,67.6,4.3455,369718.235,9,4.3466,194160.495,4.61,4.384,89659.772,2.7,,,,,,,,,,,,,4.4428,107040.529,0.96,4.4677,284684.23,35.68,,,,,,,4.5991,425557.175,4.27,,,,4.6091,195479.902,28.91,4.6022,610949.424,13.55,,,,4.6163,29924.753,12.67,0.9249,84026.767,21.05,,,,,,,,,,4.6839,108392.957,4.18,4.7261,281878.152,49.04,4.7519,15809.078,1.84,,,,4.7665,101402.488,22.47,4.8042,547317.528,21.13,4.8796,11942.245,2.51,0.9218,89438.655,47.28,4.9334,14531.42,0.13,4.8949,924656.89,35.69,4.8341,92878.287,4.05,5.0314,12985.722,5.5,,,,5.0315,18821.537,18.43,5.0372,1810244.479,44.08,5.0348,29490.481,0.39,5.1507,13837.299,0.41,4.935,64537.031,1.57
172_2021_T_2n,P1-B2,1,,,,,,,,,,,,,,,,5.2012,16989.508,8.28,,,,,,,,,,5.2,24491.099,10.42,1.308,157065.063,33.22,,,,,,,,,,,,,5.3174,25457.129,0.38,5.3457,1197700.373,31.86,,,,,,,,,,1.6476,150003.25,18.86,,,,5.4231,65919.476,3.31,5.4438,524549.322,48.61,5.4467,603414.464,62.41,5.4589,3814662.802,90.04,,,,,,,,,,5.4715,19290.806,20.22,,,,1.6544,156144.705,87.76,5.566,241805.778,85.3,,,,5.6079,85723.008,8.09,,,,5.7926,16232.632,6.16,,,,5.6854,11401.327,0.17,5.7012,200176.541,20.06,5.6952,16167.348,2.09,,,,1.7248,145392.152,49.58,5.707,11038.956,1.74,5.7311,28776.934,0.68,,,,,,,5.8255,95826.348,2.96,5.8223,161752.855,12.23,5.8088,37932.481,100,,,,,,,,,,6.0077,33347.695,4.65,6.0224,160799.399,24.6,,,,6.0518,36485.825,2.87,6.0615,307536.419,23.25,6.0953,77587.721,9.75,,,,6.0866,19493.559,5.77,6.1246,49606.889,68.14,6.1399,206849.287,15.64,,,,,,,,,,6.2146,10874.366,0.34,6.2031,62260.154,37.65,6.2695,49709.525,6.44,6.2573,16881.549,2.36,6.4415,13981.742,53.31,6.2894,83911.372,5.76,6.3525,52700.168,31.87,6.3709,37810.573,7.32,2.0264,55556.394,100,6.4036,326374.837,24.67,6.3997,1006584.519,62.44,,,,,,,6.5361,11083.829,5.31,,,,,,,,,,6.5333,16243.693,0.94,,,,2.1941,41233.346,36.47,,,,6.6172,95220.72,2.25,6.627,652281.062,44.74,6.6389,55729.583,50.09,,,,,,,,,,6.7703,304222.911,25.92,,,,,,,2.1934,54509.301,69.53,6.7818,488817.401,13,,,,,,,,,,6.8686,439653.018,11.69,6.8812,47284.625,100,6.9307,93887.158,60.99,,,,,,,6.9497,126120.799,8.65,,,,6.9859,25331.651,2.67,,,,,,,,,,6.9817,15256.072,18.8,,,,,,,,,,,,,,,,2.4265,23322.123,100,,,,7.142,39885.434,6.29,7.1454,60044.282,39.01,7.2765,11002.219,0.83,7.1604,237637.612,13.81,,,,,,,,,,,,,7.3249,13323.924,0.96,,,,7.3635,61838.316,65.09,7.3658,56868.136,8.03,7.2984,260379.863,39.84,7.3782,22004.744,1.66,,,,7.4231,62455.503,9.56,7.4338,6029125.533,88.88,,,,7.482,16937.614,20.77,7.4763,26541.4,12,2.5818,23421.113,100,7.4289,76131.939,79.78,,,,,,,7.4299,99242.224,14.01,,,,7.5617,28369.88,44.99,,,,7.6441,2822274.895,95.89,,,,,,,2.8114,44196.747,39.18,7.7334,30288.465,23.49,,,,7.7533,67410.102,4.85,,,,7.7967,1765935.4,98.63,,,,7.7285,42512.797,1.31,,,,,,,,,,,,,7.8752,10963.38,1.41,7.9488,23146.338,5.43,8.1892,11869.564,0.17,8.0426,15032.691,0.87,7.8579,12551.422,1.98,8.0491,17235.846,4.96,8.0712,10771.258,15.65,8.0318,29979.113,18.64,8.1404,13631.618,3.92,8.3263,24316.618,3.43,,,,,,,8.2721,10079.31,1.59,,,,8.3933,14609.106,12.92,,,,8.24,13279.977,4.57,8.2745,40271.862,0.59,,,,,,,8.327,22950.047,24.16,,,,,,,8.4122,24254.332,1.75,,,,8.3816,34934.147,29.03,8.4026,42773.65,1.26,8.4895,591310.743,42.58,8.4774,993259.898,64.88,,,,8.5072,1707500.384,52.78,8.5737,120181.189,88.46,2.985,117820.823,100,8.6219,17310.866,5.88,8.6523,19494.289,2.04,8.6986,3338757.887,98.74,,,,8.7514,75503.876,13.58,8.7566,32913.303,2.37,8.8786,28244.143,6.63,8.8155,66271.852,37.18,9.0013,18460.08,9.3,8.2502,10542.834,1.49,8.8826,25496.643,19.77,3.0004,19613.158,20.84,8.904,20393.907,2.63,8.8939,71685.529,2.22,,,,,,,8.9637,31643.157,28.21,,,,9.033,35167.918,31.35,9.2615,21593.081,7.97,9.1428,27281.199,4.91,9.0923,257776.813,16.84,3.1465,40222.821,60.24,9.1075,207769.652,14.96,9.1056,11260.434,100,9.1954,267638.386,51.84,9.1948,305338.863,92.33,9.2006,91301.924,89.67,,,,9.2091,51257.667,67.19,9.2674,202497.821,100,9.2691,15233.298,100,9.3107,755401.144,43.91,3.1699,87206.341,100,9.2588,105728.449,13.63,,,,9.345,15844.447,3.14,9.4095,254652.844,14.8,9.3856,468346.698,60.38,,,,9.4209,57338.465,47.65,9.1881,18097.612,10.99,9.483,12702.199,2.29,3.1291,12942.362,21.96,,,,3.2302,151194.041,29.97,3.3223,119741.742,35.45,3.3146,481660.459,95.48,3.3967,94782.823,100,3.4044,10035.564,4.4,3.4849,51752.498,4.41,3.5017,122949.773,15.46,3.5421,53555.552,37,3.5593,226725.958,84.84,3.6569,43713.212,2.65,3.7116,235142.733,93.98,,,,,,,3.8847,18662.857,7.82,3.9358,11327.509,11.09,,,,,,,4.0139,40454.785,3.18,,,,4.0585,119439.824,74.28,,,,4.0836,77450.103,38.83,,,,4.1868,162571.43,16.29,4.2041,165172.058,2.44,4.2016,211566.325,80.32,,,,4.2273,137200.926,44.59,4.2348,213519.007,90.98,4.3506,128963.141,10.14,4.3485,77374.964,4.68,4.3836,127175.131,7.89,,,,,,,,,,,,,4.431,10909.069,0.37,4.468,84009.298,26.3,,,,,,,4.5975,115004.096,3.06,,,,4.5982,45330.387,20.93,4.6013,129482.302,11.03,,,,,,,0.9144,10831.916,6.19,,,,,,,,,,4.6803,82940.995,4.17,4.7225,29616.044,14.75,,,,,,,4.7703,15610.591,26.49,4.7914,949283.458,47.72,,,,0.9204,68362.22,100,,,,4.897,778115.873,39.12,4.8378,14437.06,2.04,,,,,,,,,,5.0355,629353.625,49.49,5.0407,21572.969,2.27,,,,5.0952,16004.73,1.26
181_2012_T_2n,P2-D7,1,1.2856,20805.313,23.69,,,,5.0788,27999.18,0.75,5.08,11790.073,1.01,,,,5.1469,120179.11,28.88,5.297,33258.345,11.36,5.1934,18156.442,6.62,5.2147,12552.009,0.89,5.2097,15998.892,2.02,1.295,247541.766,19.38,,,,5.2129,62300.16,43.37,5.1848,83361.98,20.92,5.3701,22444.788,1.47,5.4255,12164.934,0.15,5.3428,1446180.279,26.49,5.4808,26990.524,9.22,,,,,,,1.661,134038.154,10.68,,,,5.4514,194108.582,4.76,5.4553,37912.324,2.05,5.4514,91249.086,15.78,5.472,8439144.103,93.33,,,,,,,5.6054,10361.163,3.5,,,,5.5483,16404.844,5.6,1.656,131298.135,63.3,5.5883,998658.79,95.14,,,,5.6225,49693.196,1.06,,,,5.7897,10594.455,2.66,,,,5.6907,209906.724,2.61,5.7155,327216.005,20.67,5.721,65791.434,3.32,,,,,,,5.7454,301808.547,18.42,5.6887,14311.989,0.16,,,,,,,5.8248,348744.281,9.31,,,,5.8299,51112.807,55.09,,,,5.9645,21983.413,2.69,,,,6.0057,160096.553,6.94,6.0316,225370.26,12.99,,,,6.0567,146361.67,11.27,,,,6.1016,191126.984,15.22,6.0724,23944.366,17.96,6.108,84442.471,8.15,6.1423,584627.721,69.8,6.1412,21922.923,5.8,1.9922,20918.803,7.14,,,,,,,6.2078,167906.329,4.48,6.2044,261807.29,77.18,6.2666,750020.936,37.84,6.264,630691.586,27.35,6.2072,20192.243,11.8,6.3123,551688.784,38.98,,,,6.3979,23907.439,2.02,2.0349,129200.942,59.41,6.3402,10205.909,2.7,6.4172,1310028.734,52.67,,,,,,,,,,,,,,,,6.5814,147248.726,42.42,6.6636,23739.834,2.49,,,,2.1924,447895.69,53.43,6.5888,18364.839,1.2,6.6348,146007.699,1.61,6.6457,469737.383,33.19,6.6544,402742.945,57.82,,,,6.6982,11170.217,5.11,,,,6.7799,614457.494,24.75,,,,6.9736,28602.446,7.18,2.2013,636353.954,85.92,6.7847,1147480.81,21.02,,,,,,,6.8878,343581.235,67.98,,,,6.8914,427962.534,61.25,6.9419,448039.451,77.52,,,,6.959,10367.197,7.77,6.9557,19987.485,1.41,,,,6.8931,74983.286,17.76,6.9897,29133.818,32.27,,,,7.0193,15817.632,5.3,,,,,,,7.0902,162345.029,6.54,,,,7.0922,213653.464,90.53,,,,2.4217,32154.314,18.93,,,,7.1424,155115.443,9.47,7.1538,24909.709,4.31,,,,7.1678,157137.638,16.47,,,,6.9805,35238.808,0.44,,,,,,,7.2973,12606.124,1.19,,,,7.3808,36785.662,29.58,7.3871,60918.149,3.98,7.3115,567627.182,32.73,,,,7.32,10977.135,1.34,7.4254,360226.559,20.77,7.4481,6191392.648,77,7.6836,112998.618,32.7,7.501,23473.124,22.12,7.4964,127264.998,41.73,2.589,225425.097,89.14,7.4535,97882.485,80.83,7.5368,20071.094,32.82,7.5594,25346.977,4.92,7.448,102005.375,6.66,,,,7.585,127481.882,26.49,,,,7.6565,10750450.6,83.17,,,,7.7229,10107.235,3.31,2.8283,513506.045,76.45,7.7407,28521.331,4.4,7.7712,26163.056,0.33,7.7544,72270.163,6.83,7.758,27472.602,20.59,7.821,3460541.662,95.38,7.9205,20252.116,1.73,7.9172,12855.491,0.34,8.0032,60604.537,100,,,,8.1773,35753.758,12.21,2.8582,80074.106,8.39,,,,8.0396,100368.842,17.46,,,,8.2778,12982.613,1.36,7.9922,22817.747,1.39,8.067,97747.972,34.91,8.0807,74804.191,37.26,,,,7.9435,41733.791,14.9,8.1606,17908.113,1.17,2.8899,85356.194,79.09,,,,8.1437,42459.716,2.59,8.1558,27668.043,1.49,8.2724,46822.555,5.59,8.4977,98442.579,5.29,8.2651,45940.42,66.35,8.3109,36681.851,0.46,,,,,,,8.3473,17285.635,13.9,3.0315,12241.717,4.18,,,,8.246,11530.772,1.09,,,,8.4042,164477.962,31.23,8.4283,270633.234,2.63,8.5298,68711.961,6.49,,,,,,,8.5212,245871.721,6.56,8.6113,910902.975,89.63,2.9998,80018.026,100,8.6319,134143.906,8.1,8.5294,132878.51,20.84,8.7219,9988728.441,97.13,,,,8.7733,46716.873,12.7,8.8726,91889.263,8.68,8.8342,23349.873,4.06,8.8259,526707.487,44.74,9.111,18478.532,10.81,8.2842,27304.89,1.78,8.8985,554113.352,85.56,2.9996,137115.736,26.64,8.9176,80450.556,4.32,8.9025,46975.012,1.25,8.7932,10144.863,5.05,,,,8.9734,352952.7,34.56,,,,9.0493,465483.008,45.58,,,,8.8847,89605.541,24.35,,,,3.1501,287184.947,49.77,9.0496,242013.403,22.86,,,,9.212,410772.496,34.63,,,,9.2178,364066.023,100,9.2133,601025.764,94.06,9.234,389974.927,63.35,9.2813,3319247.595,98.84,9.2882,3682313.514,99.19,9.2807,288799.526,30.26,3.178,248541.842,74.23,9.2821,1405762.766,75.57,9.0079,29254.153,9.59,9.3701,115089.176,13.46,,,,9.5705,11433.341,0.61,,,,9.4491,204079.959,38.75,9.5391,12869.066,1.34,9.6248,17410.934,4.73,,,,,,,,,,3.3304,111770.178,10.78,3.3231,373121.627,75.04,3.4109,820982.696,88.13,3.3969,124522.099,23.69,3.5282,45391.717,1.83,3.5094,105145.945,8.37,3.5573,102175.203,69.5,,,,3.657,203321.951,7.94,3.7306,935363.991,90.28,,,,3.8693,19474.235,0.76,3.9123,103757.462,12.85,3.9608,10663.675,5.68,3.9577,28429.135,73.76,,,,4.0925,52505.765,4.04,4.1589,35863.817,4.89,4.0678,912606.577,78.07,4.0848,81889.937,21.77,4.1192,134620.317,22.79,4.2138,10553.077,28.14,4.1924,299568.957,18.93,4.2145,114816.974,1.43,4.2136,146414.501,36.74,,,,4.2203,28180.312,8.84,4.2562,538375.483,77.89,4.3574,72292.699,5.56,4.3535,74749.274,2.92,4.3921,45709.533,1.84,,,,4.421,13907.907,1.19,,,,,,,4.4566,114078.706,0.88,4.4799,348065.458,47.43,4.4964,29319.471,0.36,,,,4.6075,558694.553,10.23,,,,,,,4.6006,651684.214,26.25,4.6016,12274.088,3.25,4.6327,100412.327,34.3,0.9168,57485.886,28.77,4.597,41749.678,3.57,4.625,17912.404,2.19,,,,4.7008,200657.813,4.92,4.7358,265062.059,68.24,,,,,,,4.7682,15918.088,5.79,4.812,1857437.714,45.52,,,,0.9206,36091.079,41.1,,,,4.9155,1534781.524,37.61,4.8509,140404.737,9.17,,,,,,,,,,5.0373,201481.596,15.51,5.1494,12591.113,2.98,,,,4.926,24856.511,1.91
181_2021_T_2n,P1-A1,1,1.2778,121893.468,55.44,,,,,,,,,,,,,5.1368,29454.598,6.91,5.0712,10904.026,3.92,5.1863,12978.543,9.16,5.2138,13203.667,1.6,5.1727,45198.673,13.72,1.306,223898.238,25.15,,,,5.2129,131582.232,80.53,5.1824,54529.77,24.94,,,,5.1891,16814.738,0.41,5.3548,1246457.598,30.14,5.4579,15304.005,5.08,,,,,,,1.6564,148022.385,20.43,,,,5.43,93361.778,3.36,5.4498,61477.633,7.02,5.4633,177906.367,36.85,5.4612,6220002.293,92.98,,,,,,,,,,,,,5.5396,17361.502,6.24,1.6551,128965.47,57.47,5.578,440001.523,96.35,,,,5.6134,18285.994,0.54,,,,5.7954,37104.668,16.97,,,,5.6793,72458.92,1.75,5.7098,105843.042,13.49,5.7898,15944.819,1.45,,,,,,,5.7432,167708.501,24.73,5.736,20518.105,0.31,,,,,,,5.8335,93595.979,1.86,,,,5.8186,12175.698,46.26,,,,,,,,,,6.0095,93111.181,9.1,6.0333,154439.543,30.91,,,,6.0531,84498.11,13.71,,,,6.0929,63622.651,8.78,,,,,,,6.1326,493542.945,82.72,,,,,,,,,,,,,6.2179,86869.805,1.73,6.2102,200287.987,67.02,6.2721,261683.971,23.77,6.257,189625.675,18.53,,,,6.3082,394056.19,47.85,6.3552,12647.721,4.23,6.3988,22383.748,3.87,2.0324,137991.586,66.81,,,,6.4143,793073.177,47.2,,,,,,,6.3116,18660.103,10.41,,,,,,,6.5707,204601.024,61.78,6.6656,65621.564,10.78,,,,2.202,330996.776,64.19,6.522,18885.016,2.59,6.6281,97564.978,1.46,6.6447,240319.534,29.18,6.6425,264029.954,53.05,,,,,,,,,,6.7888,499707.65,33.24,,,,6.9612,35956.845,16.44,2.1922,486505.231,88.81,6.7802,1005892.576,24.32,,,,,,,6.8847,138987.582,52.8,6.9413,21444.354,0.52,6.9045,317626.391,64.8,6.9359,320848.806,79.33,,,,,,,,,,,,,6.9057,11746.385,3.57,6.9762,48742.545,100,,,,7.0165,12337.86,5.13,,,,,,,7.0873,93089.741,6.19,,,,7.0789,59504.263,100,,,,2.4222,35969.101,72.11,,,,7.1379,57151.657,8.43,7.1575,21815.292,5.39,,,,7.164,211259.987,34.69,,,,,,,,,,,,,,,,,,,,,,7.4344,35880.237,4.92,7.3105,35471.963,7.1,,,,7.5293,69765.497,14.33,7.4262,96207.334,19.25,7.4374,3606325.418,87.11,,,,,,,7.4815,22679.79,62.41,2.5883,157572.219,91.81,7.4454,45585.792,73.06,7.5403,16016.712,36.99,7.5494,58132.069,11.21,7.4459,24168.131,3.32,,,,7.5727,60775.397,43.64,,,,7.6435,10106557.92,98.19,,,,,,,2.8293,46930.027,27.59,7.7323,99620.177,21.33,7.7654,16657.765,0.4,7.7419,18047.988,2.29,7.7431,25711.476,35.66,7.8078,1919408.262,97.33,,,,7.9474,17216.329,0.34,7.985,45794.672,100,,,,8.1664,74900.25,26.92,2.8766,21065.69,3.46,7.8751,14782.766,1.61,,,,,,,8.2892,20662.112,3.39,7.8589,37621.252,5.55,8.0523,98843.647,47.06,8.0665,32627.392,28.62,,,,7.9052,47074.96,22.41,8.128,10681.173,1.47,2.8729,22510.962,66.59,,,,8.1438,104009.461,15.34,8.1364,17579.821,1.91,,,,8.4892,13149.825,1.43,8.2498,22392.384,45.09,8.4423,10026.382,0.24,,,,,,,8.3099,10598.79,28.43,,,,,,,8.2405,17582.306,2.23,,,,8.3818,170570.08,42.93,8.4131,194545.783,2.97,8.5121,542500.851,68.94,,,,,,,8.5135,2796962.013,55.7,8.5962,547696.522,84.71,2.9962,85424.108,86.74,8.621,72912.253,11.32,8.7236,11473.413,0.58,8.6997,6297188.188,96.22,,,,8.7457,12298.125,10.85,8.8549,11457.032,1.46,8.8484,10506.419,12.3,8.8168,135189.195,26.79,,,,,,,8.8783,209711.381,44.89,3.0072,148094.163,28.55,8.9025,25427.062,2.77,9.1555,13621.167,0.27,,,,9.0197,19100.038,4.2,8.9592,128286.212,31.73,,,,9.0313,114220.4,28.25,,,,,,,,,,3.1583,106521.766,70.35,9.2486,10798.833,1.37,,,,9.1955,264364.139,45.76,9.1976,439439.17,93.67,9.2022,163736.099,100,,,,9.2147,349423.087,73.17,9.2609,2257954.876,99.54,9.2706,1552689.258,100,9.2642,184214.349,30.25,3.1703,234594.737,89.61,9.265,816106.15,88.81,,,,9.3511,15651.245,4.26,,,,,,,,,,9.439,141896.677,35.71,9.4956,11407.3,2.3,9.4886,18286.271,16.14,,,,,,,,,,3.3297,50051.285,31.13,3.3283,307704.116,78.32,3.3923,115687.716,39.71,,,,3.504,21009.24,1.4,3.5047,61323.009,8.46,3.5431,110148.051,80.35,,,,3.6749,13280.794,1.18,3.7253,1022078.262,86.67,,,,,,,3.9058,86512.877,18.18,3.9521,11411.867,16.08,3.9592,51910.283,100,,,,4.0971,17474.148,2.83,,,,4.0667,357268.307,78.59,4.0785,220260.753,68.72,4.1033,55331.155,19.35,,,,4.1937,55522.975,7.08,4.2142,49747.256,1.2,4.2188,58898.086,26.94,,,,4.1636,33986.314,14.95,4.246,270654.056,87.96,4.3639,62444.306,10.13,4.3585,38474.336,3.41,4.3979,57373.019,3.41,,,,,,,,,,,,,4.4516,53153.264,0.52,4.4765,292891.436,45.12,,,,,,,4.6137,229557.778,5.55,,,,,,,4.6081,327862.983,21.81,,,,4.6207,94350.596,33.91,0.9257,73884.236,43.09,4.5973,19597.297,4.31,4.6268,29349.129,6.03,,,,4.699,50711.64,1.83,4.7364,52456.06,32.7,,,,,,,4.7692,20664.763,37.3,4.7998,1301527.396,46.84,,,,0.9213,45412.053,20.66,4.9614,19748.277,0.3,4.9079,1152683.48,41.49,4.8477,44302.752,6.08,,,,,,,5.0471,35628.552,39.85,5.0347,21466.045,3.48,5.0422,63439.354,19.27,,,,5.0585,26758.362,4.34
189_2021_W_4n,P1-F6,1,,,,,,,5.0408,153334.895,5.46,5.0862,95096.113,1.02,5.1676,17365.781,10.84,5.229,12011.168,6.91,5.1687,534461.156,12.91,,,,,,,,,,1.3109,372879.865,51.41,5.22,17111.762,1.45,,,,5.2218,44429.321,9.19,5.2771,1527213.047,31.38,5.1749,50019.978,9.22,5.3506,419442.877,16.77,,,,5.3939,697147.798,7.45,,,,1.6583,57403.406,7.65,,,,5.438,63612.939,3.09,5.4566,89119.296,15.03,5.4564,99227.355,28.79,,,,,,,5.5405,10362.61,0.17,,,,5.3983,13980.835,3.6,5.5512,917025.098,22.15,1.6646,41814.739,45.05,5.5843,128919.421,100,5.5307,40162.45,15.46,,,,5.6496,21414.446,0.81,5.5452,11529.262,2.38,5.5491,21383.85,0.45,5.5534,24521.424,4.52,5.7116,145921.137,19.96,5.8008,37644.159,5.71,,,,,,,5.7116,14559.254,2.69,,,,,,,5.8235,355855.237,3.8,5.8247,33463.423,1.19,5.8253,111150.118,4.2,5.8213,12441.122,100,6.0131,2377896.414,25.41,5.9562,213215.667,8.5,,,,6.019,13559.484,2.33,6.0421,85996.968,21.36,,,,6.0652,103869.634,11.25,6.0169,616475.298,23.3,6.0887,17911.991,2.39,,,,6.0978,12899.139,4.64,6.1403,24062.601,5.38,6.1689,51066.611,1.93,,,,6.1753,540258.415,9.12,6.1771,36498.036,10.61,6.2162,65232.676,2.32,6.2109,36315.847,46.14,6.276,28076.201,4.26,6.2585,13047.389,2.24,,,,6.304,55537.898,7.38,6.3509,42395.051,53.86,6.3677,47459.818,3.48,,,,6.3553,17603.591,0.67,6.4078,591659.805,37.73,,,,6.505,124277.274,40.6,,,,6.6276,48782.551,10.09,6.5627,258299.048,2.76,6.5769,13588.104,3.25,6.6111,11129.494,0.23,6.5702,10297.548,0.12,2.1977,373836.975,56.63,6.6008,72286.516,1.49,,,,6.6422,541407.596,71.94,,,,,,,,,,6.7293,395221.597,4.22,6.781,276919.859,21.74,6.7991,64754.014,21.54,6.7721,15775.432,3.26,2.2104,564732.427,69.47,6.7792,475932.265,19.03,6.8425,2113482.821,25.07,,,,6.9038,12276.056,15.24,6.8764,421732.594,16.86,6.9068,59660.504,50.52,6.9349,207680.035,59.8,6.964,37488.795,0.4,,,,6.9559,10700.885,1.42,,,,,,,6.8471,275379.367,10.83,6.9862,46999.328,60.87,,,,7.0826,10671.191,4.08,,,,6.8777,336499.032,26.41,7.1064,680423.309,7.27,,,,7.108,36511.754,2.46,2.4269,55098.87,100,,,,,,,7.1564,139594.354,40.2,7.1044,39108.734,1.48,7.1671,64524.998,1.35,7.2405,25247.482,8.25,,,,7.1923,82225.353,47.53,,,,7.4124,10934.202,0.09,,,,,,,,,,7.396,59612.997,14.81,7.4894,28321.932,1.07,7.4528,12967.895,0.52,7.4314,49240.713,12.23,7.4377,80089.056,14.77,7.4882,63486.695,25.64,,,,,,,2.589,87505.879,17.19,7.6251,10399.957,2.67,,,,7.5567,21335.757,33.58,7.5764,42202.521,0.87,7.6061,2774296.808,32.93,7.5765,86822.597,23.42,,,,7.6461,10493.412,1.78,,,,7.7543,14392.761,0.17,2.8284,20245.355,24.45,7.737,47837.655,3.22,,,,7.7618,10409.192,0.08,,,,7.8122,1802578.086,96.45,7.8972,96875.407,1.04,7.9402,92894.526,3.31,7.9901,49157.409,100,7.9776,44095.624,0.91,7.9838,174131.068,4.21,,,,7.9742,81665.826,1.38,8.0292,11234.785,3.52,8.0418,35257.258,6.5,,,,,,,,,,8.0747,150590.17,7.5,8.1063,218961.711,2.34,,,,8.0863,37638.066,0.77,2.871,12656.258,46.57,8.1695,23199.262,1.7,8.2906,13598.76,2.52,8.1582,26428.223,0.45,8.251,12125.068,1.84,8.2993,13485.744,0.23,8.2621,29651.648,1.22,8.2912,10665.408,1.97,8.3015,41834.235,0.5,,,,8.3665,15493.572,1.04,,,,8.364,97277.682,25.02,8.5377,63239.317,0.51,8.3867,11484.26,100,8.3768,92017.298,11.19,8.4167,2456601.978,77.72,8.5086,236943.471,1.92,,,,8.5209,105410.309,7.09,8.5067,1363285.614,48.59,8.5712,307408.547,57.95,3.0004,72823.663,58.37,8.6276,304185.74,21.31,8.5119,534965.865,92.13,8.7042,689411.116,21.81,8.7567,3066756.149,97.67,8.7529,12716916.22,87.82,8.7518,10230208.28,82.9,8.8937,11974.18,3.76,8.8285,224549.044,66.23,8.7629,155400.473,20.61,8.2719,11068.365,0.23,8.8885,1373241.039,92.33,,,,8.8879,364278.694,6.15,8.8926,14794.434,0.53,8.9419,1113013.077,55.43,8.9332,2723777.932,29.11,8.9685,191739.875,16.26,,,,9.0393,150745.934,12.79,8.9392,31139.85,8.29,9.1046,41383.976,0.29,,,,,,,9.1442,29513.62,0.24,9.2299,11606.489,31.64,8.9357,424380.556,31.1,,,,,,,9.2125,13929.498,16.65,9.2263,1694312.897,100,9.2779,363561.932,33.49,9.2798,72185.889,62.08,9.2793,125581.788,2.63,3.1763,80617.188,100,9.2823,637085.71,10.76,9.2836,767818.943,9.11,9.362,10219.195,2.43,9.428,411637.112,8.63,9.4253,775064.759,13.09,9.4282,1468900.49,17.43,,,,,,,9.4686,19719.041,0.14,,,,,,,3.2315,23959.468,5.71,3.3349,57100.848,20.54,3.3248,291603.987,56.98,3.4067,175721.622,40.2,3.4046,15632.559,15.91,3.4923,120660.265,9.47,3.5128,253701.455,33.82,3.5487,37169.953,39.94,3.5652,69389.755,57.79,3.6645,11713.625,1.26,3.7251,1041139.472,91.35,,,,,,,,,,,,,,,,,,,4.0159,151000.739,16.36,,,,4.0662,132784.742,1.42,4.0831,25040.136,23.94,4.0959,90789.578,34.14,4.1269,339474.816,74.72,4.19,115517.775,15.8,,,,,,,4.0956,14833.183,0.3,4.1457,12037.599,9.99,4.2475,112301.118,66.86,4.3489,83281.88,9.02,4.3457,48987.084,5.29,4.3979,43147.56,2.75,,,,4.3436,38120.248,0.41,4.3427,111437.827,4.44,4.3397,153949.164,3.72,4.4564,57146.651,9.71,,,,,,,,,,4.6058,75811.318,3.03,,,,,,,4.6104,90106.82,7.07,,,,4.6245,16667.23,0.4,0.9303,14015.861,17.5,4.7357,334459.459,3.57,,,,4.6919,617742.932,52.4,4.6999,57714.557,2.8,4.7314,54013.616,61.6,4.8632,11329.867,0.45,,,,4.7487,12310.693,4.74,4.8026,809929.033,39.36,,,,0.909,20173.27,63.82,,,,4.9112,727683.098,35.36,4.8589,158890.447,3.26,4.856,925641.07,22.36,,,,,,,,,,5.031,29351.053,15.95,,,,5.0419,337295.202,36.54
190_2021_T_4n,P1-A8,1,,,,5.1161,17850.176,13.07,5.0594,42641.689,1.19,,,,,,,5.1657,29804.504,6.89,,,,,,,5.1288,10317.34,0.36,5.172,45855.11,13.81,1.3008,447907.028,35.79,5.212,88927.301,9.96,,,,,,,,,,,,,5.3464,719124.854,22.96,,,,,,,,,,1.6506,50455.442,3.43,,,,5.4272,140147.69,3.54,5.4448,237534.894,18.06,5.4492,247082.278,31.37,,,,,,,,,,,,,,,,5.5199,11360.658,0.63,1.6481,18225.501,7.75,5.5682,836581.465,93.64,,,,,,,5.6218,30583.304,0.55,,,,5.8017,13388.353,0.79,,,,5.7019,216209.896,13.6,5.7166,17392.762,1.21,,,,,,,5.7371,91338.941,9.51,,,,,,,5.6959,20047.873,0.12,5.8127,79483.976,2.22,5.6946,34720.683,0.63,5.8119,44351.669,77.7,6.0044,5514266.178,32.38,5.946,502852.8,65.59,1.7737,16763.813,2.71,6.0209,10145.277,1.08,6.0296,118002.045,9.33,6.1122,28305.865,25.11,6.0557,64340.96,6.94,6.0097,1393159.539,25.17,6.0827,179710.877,12.22,,,,6.0841,46159.255,8.2,6.0224,71819.217,11.88,6.1664,86603.651,1.56,,,,6.1619,539509.05,9.73,6.1696,30622.854,9.9,6.2061,137016.391,3.83,6.2039,283014.955,50.75,6.265,229425.808,15.93,6.2567,196839.033,21.05,6.2089,14803.929,22.37,6.2979,456934.837,16.16,6.3571,249982.624,44.83,,,,,,,6.3331,19744.361,0.36,6.4031,1092862.517,57.84,6.5738,11629.136,2.08,6.6604,15783.504,6.9,,,,,,,6.5518,410205.842,2.41,,,,6.5325,34342.496,2.02,6.5501,22341.844,0.35,2.1868,172493.2,27.49,6.5944,93487.018,1.61,,,,6.6312,1585623.781,56.09,,,,,,,,,,6.723,1771844.792,10.41,6.7835,166764.148,11.47,6.7899,155259.275,42.18,,,,2.1918,633821.806,80.58,6.7791,232926.161,7.44,6.8437,19388.128,0.3,,,,6.8868,57242.814,52.1,6.868,202153.382,6.45,6.881,156590.533,42.66,6.9322,610692.703,51.78,6.9234,178374.212,1.05,,,,6.949,19869.083,0.7,,,,6.892,13820.154,3.34,6.9636,10393.228,0.28,6.9646,41097.98,37.04,7.0126,111162.191,40.06,7.0798,155928.856,23.83,,,,7.0839,52254.032,3.59,7.1433,124139.265,0.73,7.0743,25917.845,4.54,,,,2.427,52420.096,33.41,,,,7.1425,57730.44,6.01,7.1503,353285.613,29.95,,,,7.1634,52916.119,3.11,7.2385,65167.338,28.5,,,,7.1791,92216.013,79.34,,,,,,,,,,,,,7.423,17144.602,0.29,7.2999,171651.205,13.57,7.2804,22431.666,0.41,7.45,34712.653,4.53,7.4253,644600.526,50.98,7.4325,35617.822,17.05,7.4736,428105.769,79.62,7.5413,10215.707,4.87,,,,2.5837,128488.499,41.92,7.6129,40386.038,6.15,7.5319,138144.124,85.98,7.5429,103473.986,22.71,7.5841,177122.045,3.04,,,,7.5619,28311.722,40.27,7.5883,248618.044,91.06,,,,7.6833,45656.772,50.34,,,,2.8264,66229.379,22.86,7.729,160829.447,12.37,,,,7.5871,52970.911,0.21,,,,7.8024,4237312.082,98.68,7.885,258798.304,1.52,7.9299,84103.05,2.35,,,,7.9683,182412.654,3.13,7.9783,494205.923,27.35,,,,7.9669,297106.69,5.36,,,,,,,8.0758,16365.246,0.96,7.8607,49634.061,5.17,8.0545,42568.203,20.96,8.1083,106857.587,2.08,8.1007,732833.483,4.3,7.9107,47910.846,23.59,8.1604,12370.63,0.21,2.877,125536.245,89.12,,,,8.1413,28704.416,2.99,8.1462,75673.592,1.36,8.2619,13416.563,2.14,8.2811,20862.894,0.38,8.2489,66462.433,1.29,8.4337,19864.631,9.51,8.283,77009.809,1.21,,,,8.3619,32774.877,3.85,,,,8.3545,258906.926,39.44,8.2338,11332.69,0.04,8.3721,11650.938,100,8.383,185481.423,37.24,8.4074,584176.573,15.23,8.506,257137.411,1,8.7232,547073.912,39.33,8.4967,262807.875,30.86,8.505,2111757.457,59.08,8.5724,412745.133,90.97,2.9837,50010.052,28.68,8.6184,176584.732,12.86,8.63,26712.73,2.78,8.6916,3190228.82,83.2,8.7356,11925106.76,99.28,8.7405,18024661.82,57.82,8.7388,21454433.26,83.8,8.8171,31891.097,26.64,8.8163,76107.954,35.83,8.7337,340804.093,50.34,8.0708,182828.126,3.14,8.8762,398052.565,30.61,3.0005,26021.454,5.71,8.8727,784822.854,14.15,8.8972,10073.149,0.28,8.9252,3479546.72,67.76,8.9246,6675352.217,39.2,8.9344,249626.638,27.95,,,,9.0373,111009.594,12.43,8.9041,13553.47,1.84,9.1007,20631.659,0.07,9.0989,10937.055,0.79,3.1422,83240.964,62,9.1764,57123.967,0.22,,,,9.182,18607.132,1.27,,,,,,,,,,9.214,136948.328,70.52,9.2551,57410.014,31.24,,,,9.2692,201041.508,11.8,3.1669,85343.278,100,9.2709,1009373.487,18.2,9.2711,1563109.495,24.48,9.3576,21779.8,2.1,9.4123,676609.618,39.73,9.4123,1247325.448,22.49,9.4175,2561523.939,40.11,9.4373,56613.453,11.37,,,,9.4682,10871.847,0.03,,,,,,,3.224,52954.369,5.11,3.3193,160053.268,28.44,3.319,589959.11,81.23,3.3923,274572.921,42.62,3.4064,27102.441,18.07,3.4839,82070.092,5.64,3.5036,366397.591,24.92,3.5468,18937.563,10.25,3.5605,101651.312,78.37,3.6474,54683.258,3.84,3.7195,1228142.984,94.79,,,,,,,,,,3.9563,18758.261,13.75,3.9483,29426.689,45.65,,,,4.0262,65031.688,7.02,,,,4.0717,11698.145,0.07,4.073,13095.387,2.77,4.095,158870.261,39.48,4.1193,1419621.094,91.04,4.192,199165.831,12.53,,,,,,,,,,4.1585,35362.131,17.08,4.2365,903932.682,87.83,4.3573,118001.034,12.73,4.3518,118199.678,8.31,4.3731,20938.885,1.11,,,,,,,,,,,,,4.4304,46515.235,19.9,,,,,,,,,,4.598,92625.431,2.96,,,,,,,4.6071,122857.189,8.45,4.6596,13138.111,0.24,4.6785,10898.516,0.6,0.9304,40783.567,13.26,4.6417,21480.617,0.13,,,,4.6894,38706.197,4.33,4.6879,175433.635,4.43,4.7262,46951.968,23.52,,,,,,,,,,4.7947,1777093.269,44.92,,,,0.9301,16492.081,13.64,,,,4.8988,1589051.496,40.16,,,,4.8914,66771.786,3.69,,,,5.0307,17532.716,31.24,5.0317,380876.902,41.09,5.0325,43130.041,10.43,,,,,,
192_2012_T_2n,P1-C4,1,,,,,,,5.101,22477.143,0.47,,,,,,,5.1421,89998.04,27.44,5.2738,10587.029,13.12,5.1805,56295.886,28.32,5.1997,23037.864,1.25,5.1675,40588.74,9.78,1.3088,205930.5,20.15,,,,,,,5.1797,12195.836,1.7,,,,,,,5.339,1946519.131,26.64,5.4629,32289.102,10.14,,,,5.4215,13710.477,3.56,1.6468,116291.883,10.54,,,,5.4234,198548.642,5.35,5.4386,34705.976,2.37,5.4867,114389.602,17.38,5.4559,10424849.06,94.53,,,,,,,,,,,,,,,,1.6545,51738.366,25.58,5.5663,435209.46,82.28,,,,5.6783,11789.477,0.25,,,,,,,,,,5.674,110566.366,2.86,5.7073,311344.528,22.35,5.7067,48981.791,3.07,,,,,,,5.7416,163287.25,11.02,5.7222,20332.279,0.18,,,,,,,5.8268,298698.972,6.22,,,,5.8123,31603.668,71.46,,,,5.9492,10812.349,1.68,,,,6.0037,262556.637,12.02,6.0209,245888.373,12.69,,,,6.0515,146323.053,10.34,,,,6.0893,255661.047,23.18,6.0731,11241.71,8.45,,,,6.1257,52020.227,100,,,,,,,6.1617,23088.214,2.19,,,,6.2049,142921.815,2.97,6.2013,426399.513,67.87,6.2594,506816.833,31.8,6.2655,447803.97,20.49,6.1959,32145.906,27.5,6.2908,1108337.64,60.3,,,,6.376,35848.59,1.81,2.0287,41013.075,32.31,,,,6.3991,821698.582,36.85,,,,,,,6.4217,13698.372,3.1,,,,6.5682,14548.516,2.99,6.5631,49199.604,30.47,6.6336,24981.492,4.7,6.795,11387.4,6.35,2.1976,317020.581,42.99,6.5062,11910.411,0.91,6.6276,60490.177,0.55,6.6293,269063.706,14.64,6.6399,368022.677,69.37,,,,,,,,,,6.7755,1112661.77,34.73,,,,6.96,52536.416,7.32,2.1954,441401.238,83.42,6.7769,2037411.504,27.88,6.8319,12217.562,7.17,,,,6.8818,159600.836,64.56,6.983,25181.957,0.34,6.8862,380078.163,63.83,6.9334,383148.18,72.41,,,,6.9297,17224.353,12,6.9195,11953.901,0.65,,,,6.8846,21454.54,2.97,6.973,38421.547,100,,,,,,,7.2789,12021.351,2.33,,,,7.0676,14020.287,0.44,,,,7.0734,83104.896,73.29,7.2576,12306.528,2.16,2.4172,48158.924,30.53,,,,7.1316,313685.467,21.16,7.142,17032.159,3.22,,,,7.1469,117045.016,22.04,,,,,,,,,,,,,7.2742,14330.851,1.38,,,,7.3609,444522.427,78.17,7.3643,571976.29,43.54,7.2987,645699.818,33.32,7.3652,86049.441,35.99,7.5327,39804.53,6.2,7.4191,416131.09,21.47,7.4333,2558855.572,66.26,,,,7.4747,123379.033,36.89,7.4787,110630.23,61.65,2.5785,298129.057,91.82,,,,,,,7.5483,27578.839,5.72,7.4303,19000.718,1.45,,,,7.5589,43762.841,19.77,,,,7.644,13847175.46,97.09,,,,,,,2.8224,22579.308,10.75,7.7358,22906.605,2.59,7.7453,13807.038,0.36,7.7407,139550.1,13.42,7.7453,43337.372,30.19,7.8037,3277263.46,96.47,,,,7.9228,39866.79,0.83,7.9806,27933.243,100,,,,8.1687,10296.07,12.76,2.8557,20458.096,3.85,7.8653,19510.854,1.85,8.0325,167108.687,20.68,,,,,,,7.8608,62420.931,4.21,8.0566,197063.783,58.92,8.0572,85310.825,84.9,,,,7.9169,30365.741,9.08,,,,2.86,35959.748,56.03,,,,8.1333,14382.427,0.97,8.1405,10451.874,0.99,8.2575,41783.373,5.67,8.4832,27347.242,2.6,8.2524,78868.934,23.27,8.3304,11190.759,0.29,,,,,,,8.3278,61851.067,10.88,,,,,,,8.4343,10150.507,0.98,,,,8.3797,138965.836,38.8,8.4056,210493.311,2.05,8.5146,149258.102,14.35,,,,8.2746,12416.672,2.18,8.5154,628322.498,13.08,8.5654,745162.809,96.04,2.9858,31018.181,64.53,8.6258,294717.558,16.48,8.5114,350653.243,28.96,8.6949,9980726.595,97.41,,,,8.7557,67639.165,5.7,8.7634,25350.142,2.44,8.8087,15906.109,1.97,8.8082,787276.325,35.57,,,,8.3118,23212.401,1.77,8.8788,761101.222,86.05,3.0003,131474.984,27.25,8.9016,11596.302,1.1,8.8889,63231.839,1.32,,,,,,,8.958,231352.158,34.48,,,,9.0289,231810.314,34.55,,,,9.1204,13759.841,1.16,,,,3.1435,161520.305,34.34,9.2506,32050.602,3.08,,,,9.1948,1188867.628,60.19,9.196,1591459.789,95.08,9.2001,1343794.544,100,9.481,20894.718,1.25,9.2162,266055.347,60.08,9.265,1373136.27,97.24,9.2705,632960.133,100,9.2642,89562.967,16.87,3.1673,99072.178,72.16,9.2613,469320.445,44.59,9.0069,11665.568,6.5,9.3519,164934.688,18.73,9.4798,12928.453,2.43,9.4009,191873.349,18.23,,,,9.4311,97605.786,27.25,9.284,35201.201,2.91,9.3543,14489.794,1.22,,,,,,,,,,3.3183,102248.614,54.11,3.3201,423551.088,86.04,3.3987,377541.004,84.99,3.3822,17566.979,3.68,3.515,37534.42,1.17,3.4998,155222.236,14.07,3.5418,130933.249,70.45,,,,3.6595,139669.089,5.68,3.7187,796178.951,82.76,,,,,,,3.9048,92135.205,9.92,3.9513,44391.102,38.54,,,,,,,4.0823,114125.214,8.07,,,,4.0632,190623.304,39.15,,,,4.0955,175957.715,31.49,,,,4.1883,269324.325,19.34,4.2051,378884.351,9.81,4.201,491864.477,68.56,,,,4.1495,40004.718,16.38,4.2361,329734.592,88.49,4.3397,52306.502,3.7,4.3514,44369.804,1.8,4.3818,176135.803,7.9,,,,,,,,,,,,,4.4439,34161.682,0.24,4.4669,328153.944,44.96,,,,,,,4.5975,856062.005,11.71,,,,,,,4.5959,1207126.113,37.68,,,,,,,0.9238,81862.272,33.13,4.5911,14667.341,3.01,,,,,,,4.6803,201593.028,5.43,4.7261,191707.215,54.94,4.7577,18679.573,2.91,,,,4.7601,84961.211,22.06,4.7873,1627814.406,43.87,,,,,,,4.9372,17941.305,0.16,4.899,1477327.709,39.81,4.828,40976.665,3.12,,,,,,,,,,5.0309,197171.38,13.94,5.0494,10825.417,1.5,,,,4.9266,71560.791,5.06
192_2021_T_2n,P1-A9,1,1.2748,70268.974,57.35,,,,5.0821,11589.204,0.13,,,,,,,5.1423,50725.933,7.21,5.2927,23908.105,9.52,5.1767,38756.937,24.9,5.2057,22573.362,0.95,5.2109,85004.73,15.83,1.3114,195566.919,12.05,,,,5.2106,63792.911,53.27,5.1762,18739.835,4.34,,,,,,,5.3414,1792631.043,26.66,5.458,10673.291,3.55,,,,5.4425,10611.324,3.36,1.6616,79952.13,7,,,,5.4234,157794.713,4.18,5.4737,175411.051,11.78,5.4787,206440.753,23.11,5.4541,7686241.309,94.75,,,,,,,,,,,,,5.5326,13072.51,5.21,1.6608,74877.037,33.73,5.5651,479828.187,90.46,,,,5.4771,41382.388,0.95,,,,5.7876,12136.191,2.81,5.5626,12523.932,1.5,5.6577,48612.64,1.71,5.7083,119664.88,11.5,5.7138,13213.096,0.78,,,,,,,5.7073,15758.714,1.05,,,,,,,,,,5.8111,99209.873,1.11,,,,5.8053,45182.416,55.94,,,,,,,,,,5.992,164998.367,12.03,6.0271,207118.208,12.14,,,,6.0532,116394.421,9.16,,,,6.0908,151808.877,13.3,,,,6.0887,19379.486,8.16,6.125,108865.05,73,6.2229,76001.664,15.14,,,,,,,,,,6.205,255256.823,2.85,6.2053,149908.238,49.92,6.2523,28344.835,1.68,6.2312,70322.207,5.13,,,,6.2966,1514710.256,63.75,,,,6.3749,20353.274,1.47,2.033,93108.086,66.91,6.3317,34321.081,6.84,6.4027,997313.497,50.15,,,,,,,,,,,,,6.5571,11038.842,4.38,6.5646,129821.283,71.45,6.6477,89078.627,10.69,,,,2.1971,277342.826,48.96,6.6941,26950.237,2.76,6.6189,37890.656,0.47,6.6306,307896.886,12.96,6.6395,294870.803,56.6,,,,,,,,,,6.7707,924837.266,36.95,,,,6.7594,12126.857,2.81,2.1978,458937.594,84.78,6.7736,1513589.736,22.51,,,,6.8343,18301.419,0.23,6.8855,155736.447,69.83,6.9171,14830.837,0.22,6.8763,238963.685,40.28,6.9318,242863.973,83.46,,,,6.929,31330.193,20.35,6.9417,15408.697,0.65,,,,6.8776,102073.693,10.22,6.967,39049.907,100,,,,,,,,,,,,,6.9727,29373.814,1.17,,,,7.068,18737.553,100,,,,2.4231,15745.854,53.48,,,,7.1345,136578.572,9.11,7.1536,11673.566,4.01,,,,7.1542,351405.066,42.16,,,,,,,,,,,,,7.5165,18161.633,0.54,,,,7.3631,78542.33,36.33,7.3662,83607.796,8.56,7.329,27575.575,1.62,7.4601,21652.458,4.31,7.5337,12241.698,3.57,7.4249,802493.435,47.03,7.435,2232760.409,78.67,,,,7.4759,35832.134,17.35,7.4798,26307.346,21.91,2.5925,212864.31,100,7.4457,16526.56,100,,,,7.5434,179712.484,21.59,7.5488,17013.262,1.74,,,,7.5599,43810.399,25.6,,,,7.6394,12080023.4,97.45,,,,,,,2.8112,47849.793,36.84,7.7237,81944.99,15.53,7.7386,11631.479,0.41,7.7467,27786.311,0.82,7.7424,34209.764,22.22,7.7991,2964450.916,98.84,,,,7.9259,62832.687,0.7,,,,,,,8.1592,87974.689,35.03,2.863,12093.906,1.45,7.8659,24402.645,3.68,,,,,,,8.2511,10751.941,1.29,7.8579,207974.565,13.87,8.0475,206979.481,50.42,8.0605,58229.55,60.99,,,,7.909,63668.054,15.51,8.1468,12986.527,1.33,2.8878,14952.543,31.35,8.3221,10932.077,0.79,8.1369,18292.235,1.22,,,,,,,,,,8.2322,60021.457,7.43,8.4373,21533.508,0.76,,,,,,,8.3246,55511.557,25.68,,,,,,,,,,,,,8.3813,113447.658,38.33,8.4051,204859.435,2.43,8.5118,809218.91,24.01,8.646,10162.891,11.24,,,,8.5069,5728941.448,63.93,8.5767,587571.989,95.09,2.9931,81062.515,100,8.6216,124825.461,11.17,8.7336,19178.608,0.47,8.6983,8206682.364,97.26,,,,8.756,237997.67,4.67,8.7539,101247.895,3,8.8259,10140.207,5.33,8.8065,271435.013,21.44,,,,8.2637,12160.435,1.25,8.8725,347637.228,65.88,2.9992,65240.986,7.84,8.9057,13083.127,1.97,8.933,12302.36,0.14,,,,9.0374,25547.379,10.13,8.9546,160174.415,27.27,,,,9.0261,148177.244,25.23,,,,9.1241,16551.248,0.32,,,,3.1666,17223.471,13.29,9.1297,10351.126,0.31,,,,9.1952,1148555.183,82.76,9.1988,1338857.2,96.76,9.1992,1036062.86,100,9.4802,16625.11,1.2,9.2145,214028.528,72.64,9.2625,956618.487,100,9.2657,318387.927,100,9.2585,58716.387,7.04,3.17,199266.286,79.96,9.2625,315229.912,47.49,,,,9.3498,10089.214,1.59,,,,9.389,50981.718,7.68,,,,9.4289,79577.586,26.89,9.6682,45573.532,6.55,9.4688,17407.797,0.34,,,,,,,,,,3.322,62459.109,26.29,3.3226,294912.101,71.38,3.4043,480187.265,92.23,,,,3.4962,36100.418,1.44,3.5035,33548.877,2.94,3.5369,83316.545,46.05,,,,3.6398,35885.695,2.35,3.7126,621972.721,82.22,,,,,,,3.8989,68242.865,10.43,3.9571,27479.381,57.06,3.9415,15410.932,58.66,,,,4.094,64781.521,5.1,4.1464,20773.193,3.11,4.057,95907.555,38.03,4.0745,299313.956,61.69,4.0975,49969.341,15.84,,,,4.1916,103389.958,9.94,4.2061,213996.897,7.54,4.2069,264413.932,61.24,4.0968,12302.205,1.26,4.2417,11692.072,3.25,4.2364,334147.466,86.12,4.35,99013.726,7.79,4.3531,109139.262,7.16,4.3908,70348.89,3.54,,,,,,,,,,,,,4.4431,58412.621,0.47,4.4681,273472.407,40.99,,,,,,,4.6047,365752.98,5.44,,,,,,,4.6003,533972.713,21.34,,,,4.6229,52883.935,21.06,0.926,18265.372,8.18,,,,,,,,,,4.6908,77752.879,2.06,4.7243,71365.956,16.5,4.8542,10105.852,2.95,,,,4.765,210147.972,66.61,4.7948,1669252.515,44.2,,,,0.9208,52266.199,42.65,4.9417,18716.415,0.23,4.9005,1538825.455,40.75,4.8514,13666.229,1.4,,,,,,,5.0356,268168.419,76.74,5.0393,100649.559,7.92,5.0297,282484.635,28.28,,,,4.9224,110567.915,8.7
194_2021_T_2n,P1-D11,1,,,,,,,5.0671,23082.903,0.52,,,,,,,,,,5.2883,67890.639,19.32,5.1789,24386.173,9.1,,,,5.2051,23348.008,7.42,1.3082,208395.677,31.15,,,,,,,,,,5.2654,13451.679,0.4,5.324,66070.853,0.35,5.3492,1471875.36,37.31,,,,,,,,,,1.6628,254093.441,23.79,,,,5.4316,28165.404,1.31,5.4649,200515.008,26.4,5.4692,246064.745,37.51,5.4642,70361.401,5.55,,,,,,,,,,,,,5.5385,23399.47,6.66,1.6663,287678.927,60.98,5.5736,472019.618,84.73,5.5908,20355.906,6.99,5.6055,216122.174,30.84,,,,5.7818,22466.176,7.63,5.8074,23111.341,3.06,5.6777,96034.165,0.51,5.7093,71702.667,9.45,5.7998,23995.027,2.64,5.6814,14744.525,7.1,,,,5.7985,43918.317,6.18,5.7957,20860.363,1.65,,,,,,,5.8321,71109.008,1.61,,,,,,,,,,5.9583,14969.418,4.2,,,,6.0085,79006.883,13.22,6.0343,179418.485,23.69,6.0303,13446.858,4.57,6.0537,53501.082,9.09,,,,6.0945,118123.577,11.06,,,,6.0978,27901.131,6.39,6.1205,24295.347,45.48,6.2341,53674.782,12.11,,,,,,,,,,6.2067,98116.859,2.21,6.2058,70223.715,56.56,6.2624,105622.341,11.62,6.2498,40726.855,6.82,,,,6.3063,976963.188,67.8,,,,,,,2.0277,68283.039,76.69,6.3309,14981.948,3.38,6.4104,688375.149,53.03,6.5887,10605.998,3.64,6.661,18109.944,100,6.3353,10084.534,7.96,,,,,,,6.5683,33500.836,38.59,6.6632,95760.72,12.68,,,,2.1976,346648.056,82.19,6.5346,15132.436,0.45,6.6283,611503.204,48.27,6.633,171236.42,11.88,,,,,,,,,,,,,6.7865,403349.282,34.09,6.7979,24630.82,65.95,,,,2.1902,489633.813,79.93,6.7812,732790.478,18.58,6.8494,12223.825,12.06,,,,6.8803,124685.846,69.94,6.9245,11637.289,0.29,6.8817,216782.388,66.5,6.9396,249875.354,84.93,,,,6.9363,11482.336,100,6.9615,11718.144,0.81,2.2737,17660.849,3.66,6.8876,46429.65,13.32,6.9811,45118.758,77.3,,,,,,,,,,,,,7.0982,44116.664,3.73,,,,7.081,18889.522,100,,,,2.4355,21745.804,38.46,,,,7.1366,84274.457,11.86,,,,,,,7.1591,299520.897,39.67,,,,,,,7.1818,23417.2,61.43,,,,,,,,,,7.3688,64430.89,12.19,7.4457,393808.373,11.75,7.3099,120329.143,15.89,7.3504,28719.622,6.48,7.29,28689.845,8.05,7.4203,155864.553,20.58,7.4408,17540859.93,93.4,,,,7.4869,23701.424,24.4,7.4869,33918.896,33.47,2.5901,39479.979,65.1,7.4407,490914.754,95.15,7.5455,21193.514,100,7.5501,64432.355,20.22,7.5325,12144.087,0.36,,,,,,,,,,,,,,,,,,,2.825,75976.483,70,7.7346,101785.511,25.45,7.7026,29075.535,0.15,7.747,21543.966,2.5,,,,7.8108,2191706.339,96.27,,,,7.9318,55767.808,1.26,,,,,,,8.1677,45003.078,12.81,2.8831,22812.274,3.02,7.874,10683.188,1.03,,,,8.0542,63641.489,0.34,,,,8.0189,32095.767,4.52,8.0555,162812.426,65.2,,,,,,,7.9218,70615.035,28.28,8.0893,52180.759,1.56,2.893,44348.825,75.43,8.0791,12234.662,0.51,8.1456,76217.648,10.73,8.1445,28858.962,2.78,,,,8.4918,11118.375,1.07,8.3285,63572.439,13.4,8.2807,26781.968,0.14,8.388,13905.729,13.72,,,,8.3314,438243.038,82.9,3.0362,50281.666,14.31,,,,,,,,,,8.3837,34650.807,13.15,8.4098,353980.752,7.4,8.5237,614067.512,71.37,,,,,,,8.5196,2857379.973,64.49,8.5782,451121.02,89.61,2.9915,46515.068,76.15,,,,8.5187,1633847.522,82.18,8.7053,4367423.451,91.28,8.5056,14871.111,100,8.7655,17695.449,5.41,8.7554,11085.147,1.29,,,,8.8186,99282.835,31.86,9.1132,12351.785,15,8.3306,271012.59,8.09,9.0392,18278.655,4.57,3.0133,11689.569,3.67,8.8993,19992.366,1.92,8.9042,10954.282,0.25,,,,9.0317,24716.453,10.09,8.9685,52033.045,25.52,,,,9.0361,43969.397,21.57,9.1816,49942.131,29.51,,,,,,,3.1486,63072.053,57.13,9.2571,56078.397,6.52,,,,9.193,1858373.326,77.87,,,,9.2089,525785.456,97.85,9.206,718982.153,97.27,9.2246,327766.076,85.52,9.2707,365252.471,100,9.2768,94608.906,100,9.2761,13318.719,1.76,3.1751,105782.003,64.46,9.2708,142527.284,13.72,,,,,,,9.3997,13187.55,1.75,9.4079,521011.117,50.14,,,,9.4453,122930.534,46.64,9.1884,164600.616,41.15,9.4977,29526.287,9.02,3.1563,14007.564,4.81,,,,3.2282,41950.42,9,,,,3.3207,13758.816,13.46,3.4012,277810.626,91.44,,,,3.4973,12382.748,1.05,3.5076,266768.589,24.98,3.5431,15390.839,17.74,3.5644,72752.081,59.47,3.6657,21643.757,1.89,3.7246,443736.173,97.31,,,,,,,,,,3.96,33851.896,100,,,,,,,4.0857,50921.67,8.65,,,,4.0609,43977.949,17.95,,,,4.1012,106817.453,33.4,,,,4.1969,65245.845,8.6,4.2067,135036.194,0.72,4.2136,189852.267,64.52,4.2054,11816.219,0.35,4.1712,16789.644,6.67,4.2402,315259.665,81.86,4.357,24816.531,4.22,4.3518,31025.789,2.7,4.3824,33716.706,2.6,,,,,,,4.5195,23232.017,6.52,4.4547,51882.325,14.77,4.4541,15453.665,16.13,4.5058,43677.001,9.05,4.4951,35727.233,0.19,,,,4.5988,199871.79,5.07,,,,,,,4.601,263915.295,22.31,,,,4.6193,20133.584,5.73,0.9244,25827.972,14.37,,,,,,,,,,4.6935,72649.489,3.39,4.7444,20407.421,25.43,,,,4.7746,24758.144,64.69,4.7681,192434.845,66.04,4.8019,1045308.304,48.8,,,,0.9203,36794.232,100,4.8689,58807.789,4.64,4.9061,894416.929,41.75,4.8395,41843.866,1.25,,,,,,,5.0368,98275.822,87.9,4.9253,65583.641,11.14,5.03,106625.004,30.59,,,,5.0409,68124.666,11.57
199_2021_T_2n,P2-A10,1,,,,,,,5.1085,20448.258,1.66,,,,,,,,,,5.0756,13019.5,4.45,5.1847,29262.21,56.35,,,,5.1792,12932.004,10.13,1.3061,303905.544,48.94,,,,5.2148,146996.079,75.86,,,,,,,5.3193,32061.157,0.61,5.3432,52468.954,3.93,5.4745,42935.052,25.46,,,,,,,1.6541,83087.423,10.58,,,,5.4368,90930.631,3.6,5.445,166919.721,20.73,5.4513,177604.516,34.07,5.4684,6165015.268,94.76,,,,,,,,,,,,,5.5386,38485.968,13.16,1.6634,107916.123,80.63,5.5796,259154.712,85.61,5.5967,10986.664,6.28,5.6065,16181.622,0.71,,,,5.7978,40591.279,8.6,,,,5.682,143317.249,2.74,5.7122,186801.549,20,5.727,26614.862,3.97,,,,,,,5.7412,96328.489,15.52,,,,,,,,,,5.8261,89361.91,7.25,,,,5.8197,17183.876,59.97,,,,,,,,,,6.0181,73089.61,10.46,6.0285,110880.729,17.36,6.0789,14299.315,3.03,6.0594,58019.831,22.64,,,,6.0965,36854.313,4.69,,,,,,,6.1325,116047.076,80.63,,,,,,,,,,,,,6.2124,90218.569,7.32,6.2019,19417.517,18.56,6.2758,152313.187,22.74,6.2703,135559.758,19.41,,,,6.3056,233157.521,16.16,,,,6.3638,30141.971,2.69,2.0382,123046.009,76.32,,,,6.4112,769386.63,60.07,,,,,,,,,,,,,,,,6.5811,57613.339,42.15,,,,,,,2.2034,127261.493,50.71,,,,6.6223,50349.469,0.77,6.6392,915527.261,63.47,6.6499,59718.329,28.63,,,,6.6992,10859.222,8.29,,,,6.7372,38082.679,5.43,,,,6.9664,43267.308,9.17,2.1928,190830.087,75.23,6.776,12346.743,0.92,,,,,,,6.8865,145168.345,84.89,6.8462,66165.333,4.95,6.8783,229402.779,61.58,6.9386,112465.997,55.84,,,,6.946,32470.834,43.5,6.9644,32583.327,2.26,,,,6.894,42254.553,21.51,6.9921,38937.466,100,,,,,,,,,,,,,7.2802,18468.932,2.63,,,,7.0998,16613.284,100,,,,2.4296,28155.948,50.51,,,,7.1314,23514.618,3.79,7.1549,58120.995,28.86,,,,,,,,,,6.9866,16366.623,0.31,,,,7.1632,11840.688,2.51,,,,,,,7.368,36039.584,30.35,7.3776,52767.82,8.36,7.3743,51504.306,8.06,,,,,,,7.4263,230306.63,36.05,7.4456,3760918.422,71.86,,,,7.4794,73444.083,40.6,7.4924,11350.792,26.08,2.591,102313.951,100,7.4479,59075.538,84.84,,,,7.5539,85539.405,24.16,7.5415,17288.843,2.74,,,,7.5845,45905.122,20.61,,,,7.6539,6221376.158,96.31,,,,,,,,,,7.7404,54902.485,22.95,7.6454,33356.37,0.64,7.7538,48821.382,13.26,7.7511,28592.427,38.31,7.8171,1726650.682,95.24,,,,7.9462,26377.262,2.14,,,,,,,8.1754,81213.225,27.76,2.8847,16093.458,11.83,7.8872,10984.333,3.05,8.0354,40585.31,17.18,8.0567,10372.788,0.2,8.275,12614.708,9.28,8.074,15285.183,2.46,8.0666,30381.962,30.01,8.0663,10316.794,100,,,,,,,,,,2.8841,20354.194,100,,,,8.1549,25233.101,4.07,,,,,,,8.2792,18848.319,5.24,8.2608,88000.888,71.6,8.2741,10499.544,0.2,,,,,,,8.3226,17665.079,14.88,,,,,,,,,,,,,8.3871,121305.45,36.99,8.4239,24827.686,0.39,8.5125,68701.419,18.66,,,,,,,8.5099,153098.078,12.41,8.6064,655234.185,95.12,3.0032,31457.636,100,8.6307,22023.264,6.19,8.5108,91923.994,16.16,8.7114,6307557.725,97.95,,,,8.7668,31508.373,13.24,8.7646,14985.886,4.07,8.8755,21563.06,9.13,8.8188,155224.204,40.74,,,,,,,8.8881,153648.601,64.22,,,,8.8428,11814.901,3.29,8.8883,35647.847,2.89,,,,9.0251,22623.074,14.06,8.9634,127283.516,32.81,,,,9.0473,138233.562,35.63,,,,8.8872,16630.162,6.99,,,,3.1492,95718.613,55.64,9.0455,47329.97,12.86,,,,9.2046,749426.914,67,9.2043,1114277.6,98.69,9.2095,936073.151,100,,,,9.228,20977.575,38.54,9.2765,528222.618,96.71,9.2809,163679.576,100,9.2747,28451.941,20.92,3.1723,81179.388,65.2,9.2779,190737.491,53.05,,,,9.3633,12033.261,2.78,,,,,,,,,,9.4471,103960.974,31.7,9.6749,156274.215,55.38,9.4908,27105.099,11.39,,,,,,,3.2395,112051.184,25.9,3.3303,106279.339,55.85,3.3231,382596.379,97.28,3.402,440434.216,84.07,3.3823,25209.546,11.13,3.512,18602.261,2.65,3.5181,80017.884,10.19,3.5498,67082.5,42.6,3.5685,102858.41,100,3.6528,11362.236,1.13,3.7258,522849.112,94.9,,,,,,,3.9059,70254.41,14.26,,,,,,,,,,4.0186,12993.126,5.07,,,,4.0655,67535.25,41.97,4.0835,227547.215,76.93,4.1053,144715.335,38.92,,,,4.193,147827.376,15.83,4.2088,197927.501,3.78,4.2141,285568.038,60.52,,,,4.1633,37327.842,21.03,4.2498,183573.785,94.77,4.3589,27420.524,10.7,4.3604,37664.925,3.75,4.3935,87713.357,6.85,,,,,,,,,,,,,4.458,67714.453,1.05,4.4714,137978.156,36.46,,,,,,,4.6048,133648.177,10.01,,,,,,,4.6065,161939.393,23.09,,,,4.6221,21444.213,7.33,0.9246,17856.663,12.98,,,,,,,,,,4.7023,97384.261,3.86,4.7407,66254.914,36.77,,,,,,,4.7744,115346.938,65.97,4.8082,1193871.685,47.32,,,,0.9204,49735.343,100,4.769,19489.922,0.3,4.9101,977701.934,38.76,4.8434,104230.505,16.51,,,,,,,,,,5.0331,33878.946,13.22,,,,,,,,,
201_2021_T_4n,P1-D5,1,,,,,,,5.0408,17979.949,0.64,5.0789,285164.034,5.46,,,,,,,5.1687,41952.285,0.81,,,,,,,5.1816,21537.043,25.43,1.3089,295462.899,47.04,5.2138,320860.241,54.72,5.1962,13449.504,35.16,5.2252,42361.127,11.65,5.2734,2110282.693,49.22,5.2023,16861.399,2.83,5.3367,177098.475,8.92,,,,5.3849,1094138.697,20.94,,,,1.643,20932.042,4.14,,,,5.4357,95073.672,5.93,5.4537,189284.633,32.25,5.4596,204055.548,45.45,5.4692,70799.852,87.2,,,,5.5344,21779.091,0.34,,,,5.3851,16743.553,4,5.5449,1652336.778,31.92,,,,5.5752,153670.344,88.3,5.5207,20791.236,11.78,,,,5.5435,66654.559,5.13,5.5477,13790.086,3.79,5.5378,40728.933,0.78,5.5451,60197.336,10.11,5.7055,155951.162,19.96,5.7013,18794.382,4,,,,,,,5.7393,10945.084,2.45,,,,,,,5.8241,27096.136,0.52,5.8248,41161.929,1.46,,,,5.821,15858.71,100,6.0111,839216.315,16.06,5.9438,44187.518,1.66,,,,6.0116,61852.915,12.66,6.0359,72825.522,17.66,,,,6.0596,59804.964,14.09,6.0081,179631.777,13.81,6.0895,41924.453,8.3,,,,,,,6.1302,56370.108,16.47,,,,,,,6.1683,179385.201,2.84,6.173,10910.351,2.96,6.2169,59896.023,2.12,6.2021,13819.833,19.64,6.2569,12068.661,2.57,6.2692,17041.253,3.49,,,,6.3052,147304.267,12.92,6.3585,46067.955,65.46,,,,,,,6.3489,10556.881,0.81,6.4103,516945.03,32.52,,,,6.5031,236919.7,68.13,,,,6.6301,116098.956,31.93,6.5569,73835.654,1.41,6.5744,43131.912,13.81,6.6024,18045.211,0.35,6.6132,21124.059,0.23,2.1942,207230.796,55.95,6.599,19099.285,0.45,,,,6.6342,713015.42,62.54,,,,,,,,,,6.7238,247190.306,4.73,6.7654,299349.222,23.99,6.8177,136249.922,23.47,6.826,10631.099,2.92,2.2039,381146.147,63.77,6.7732,329684.991,16.61,6.8387,2751307.956,30.36,,,,,,,6.8786,480256.505,24.2,6.8792,36110.27,30.79,6.9329,118588.224,42.22,6.929,16276.56,0.31,,,,6.9501,30179.187,2.65,,,,,,,6.8399,348593.607,16.52,6.9803,32866.748,44.87,7.0076,20016.67,1.3,7.0803,12180.745,5.14,,,,7.0819,21428.873,1.72,7.0973,91378.42,1.75,,,,7.0003,14780.856,1.09,2.4213,20524.881,56.4,,,,7.1338,13426.223,3,7.1553,150273.177,53.5,,,,7.166,31925.791,0.61,,,,,,,7.179,20545.495,40.68,,,,,,,,,,,,,,,,7.3811,16279.402,3.95,,,,,,,7.4272,162948.606,39.5,7.4472,50432.919,8.47,7.4764,29440.869,29.69,,,,,,,2.5843,109393.869,58.44,,,,7.5325,28605.7,100,7.5477,28171.357,34.69,7.5644,17733.173,0.41,7.6041,4224096.019,46.46,7.5696,10927.468,6.18,,,,7.6466,54861.691,9.14,,,,7.8148,287771.532,3.16,2.828,20500.033,34.03,7.7315,97869.19,10.38,7.5223,12511.822,2.1,7.5968,12594.486,0.19,,,,7.8081,3372179.14,98.8,7.9016,22563.633,0.43,7.9388,61473.325,2.18,,,,7.8922,10814.62,0.25,7.9863,42356.705,0.82,2.8773,13422.975,0.26,7.9455,360932.174,5.71,8.0354,18409.826,5.3,8.0325,18394.848,3.09,7.9438,13662.088,0.26,7.8601,16766.478,3.75,8.0474,27682.674,20.32,8.0662,61597.537,9.96,8.103,37095.05,0.71,7.9157,15007.664,11.02,8.0801,15323.665,0.36,2.8659,72115.168,100,8.1566,12831.764,1.21,8.2688,13182.836,2.95,8.1339,16411.626,0.26,,,,8.3763,28039.409,0.44,8.2505,15284.98,1.11,8.4548,10171.366,1.71,8.2911,40591.227,0.45,,,,8.2351,14224.875,1.05,,,,8.3563,41557.561,9.93,,,,8.3867,15129.577,24.04,8.3909,159533.671,16.42,8.4105,289440.752,25.89,8.5034,329770.657,5.07,,,,8.517,25095.61,1.85,8.4994,1463067.005,51.81,8.5915,125902.102,72.94,2.9981,63546.847,65.39,8.6322,154107.114,14.6,8.6759,12955.66,2.4,8.699,810044.498,72.46,8.7557,802881.03,96.67,8.7598,8252936.889,94.04,8.7573,5475133.251,84.11,,,,8.8226,217957.32,52.06,8.7567,85372.514,22.38,,,,8.8803,647530.06,68.68,,,,8.8929,148732.753,2.35,8.8743,18631.694,0.66,8.9376,172384.409,27.87,8.9378,832058.869,15.92,8.9478,17272.084,2.95,,,,9.0331,12719.175,2.17,,,,9.1246,14499.405,0.17,,,,3.1498,62412.014,82.08,9.2627,15304.969,0.24,,,,8.9347,128147.397,12.08,9.2036,26638.008,100,,,,,,,9.2233,29035.566,100,9.2667,554219.94,40.12,9.272,169590.844,83.97,9.274,78869.514,1.51,,,,9.2744,335643.156,5.31,9.2798,228827.547,2.52,9.3531,10560.16,1.45,9.4203,153856.999,2.94,9.4175,321377.389,5.09,9.4208,543391.686,5.98,,,,9.6705,51198.247,6.98,9.475,14563.95,0.17,,,,,,,3.2352,65989.481,9.06,3.3281,30601.551,17.34,3.3196,230245.56,61.18,3.3925,90617.03,22.54,,,,3.4811,38182.744,3.06,3.5106,89846.608,17.78,3.5468,59027.827,58.16,3.5632,98185.288,71.08,3.6425,11083.478,1.56,3.7183,459475.99,93.17,,,,3.8757,15124.963,2.13,,,,3.9552,16301.121,19.06,3.9466,69898.076,70.75,,,,4.0161,38769.952,9.13,,,,4.0628,100308.439,1.92,4.0832,30542.838,16.47,4.1072,129781.014,66.47,4.1249,57870.167,52.3,4.197,170742.194,21.86,,,,,,,,,,,,,4.2402,837352.206,97.03,4.3599,38973.785,9.18,4.3468,42060.602,5.93,4.3881,221492.422,13.93,4.5226,50878.475,6.9,4.3421,35072.98,0.67,4.3345,125303.449,4.71,4.3356,178583.084,3.45,4.4557,10779.982,1.8,,,,,,,,,,4.6065,129831.901,6.54,,,,,,,4.6038,177881.126,14.26,4.5358,12569.61,0.97,4.6082,48345.697,0.93,0.9319,18077.604,14.25,4.5795,11800.935,0.23,4.6757,91286.831,3.43,4.694,140574.378,23.97,4.6894,66427.59,4.14,4.7326,39324.519,29.76,4.852,18496.84,0.7,,,,,,,4.7968,741837.694,46.27,,,,0.9191,22194.481,43.45,,,,4.9033,577848.64,36.04,4.9197,38346.177,0.89,4.8546,1507167.652,29.12,,,,,,,5.0338,215827.066,50.85,,,,,,,,,
205_2021_V_2n,P1-D6,1,,,,,,,5.0476,121755.425,4.09,5.115,29345.895,2.06,,,,,,,5.1713,324425.127,15.43,5.189,23762.404,9.3,,,,5.1778,10756.382,4.57,1.3142,180774.011,50.11,,,,,,,5.1725,69877.937,8.38,5.2678,35978.609,0.96,5.3207,463091.652,2.49,5.3501,20082.153,1.62,5.3792,14999.19,18.44,5.394,20079.53,1.41,5.3813,13764.342,0.89,1.6552,71448.381,10.47,,,,5.4319,65813.728,3.35,5.4545,152695.346,34.19,5.4512,145715.403,42.33,5.4553,19552.034,0.92,,,,,,,,,,,,,5.5407,38719.48,1.84,1.6555,61251.86,19,5.5731,273136.127,75.82,5.5768,231791.306,15.03,5.6083,172209.395,26.92,5.6115,23660.882,4.48,5.7878,64567.15,7.75,,,,5.6797,79258.124,0.43,5.7115,52586.553,16.96,5.7976,20580.682,8.38,,,,,,,,,,5.8644,45042.992,2.12,,,,,,,5.8257,20566.589,0.69,5.9501,20141.947,3.82,5.8231,16548.918,100,5.9517,52794.818,3.71,6.0273,38088.742,2.83,,,,,,,6.0292,81364.573,25.34,6.0323,63802.869,7.66,6.0599,61727.747,8.9,6.1102,14794.641,2.8,6.0953,21496.174,3.15,,,,6.0901,64050.25,12.88,6.1312,217857.014,46.96,,,,,,,,,,,,,6.2068,34332.144,1.15,6.3679,10536.841,13.54,,,,,,,,,,6.3096,12653.708,1.53,6.3397,17182.231,22.08,6.3518,12470.731,0.75,,,,,,,6.4064,375019.305,42.58,6.4696,20696.777,1.34,6.6636,28951.567,65.96,,,,6.431,19363.042,2.32,6.5568,21264.695,1.49,6.5714,161156.767,55.87,6.5245,24616.547,2.96,,,,2.1901,133743.034,27.42,6.5969,11155.472,0.3,6.623,661571.368,31.12,6.6372,595039.169,71.76,,,,,,,,,,,,,6.7344,43032.186,4.79,6.7946,130845.142,90.3,,,,2.2042,395611.816,82.88,6.7811,21715.255,1.75,6.8307,44481.665,5.15,6.8822,57603.333,2.71,,,,6.8706,484179.601,38.97,,,,6.923,39922.976,19.66,,,,,,,6.9439,12652.558,1.53,2.2897,11767.01,3.12,,,,,,,6.9725,45114.778,77.7,7.0206,12144.233,7.99,,,,,,,6.8776,374410.905,41.64,,,,,,,,,,2.4194,28279.025,52.13,,,,,,,7.1508,111569.573,54.94,,,,7.1609,41259.725,4.97,7.1664,14942.954,34.04,7.1147,17382.116,0.09,7.1807,75416.183,78.55,,,,,,,,,,7.371,28198.334,3.1,7.3749,10899.868,0.29,7.3651,79000.624,24.6,7.4787,134825.59,25.54,7.5328,44225.899,3.28,7.4748,11226.117,3.5,7.4386,16049212.87,86.35,,,,7.4796,15742.441,26.83,7.4891,68722.531,7.79,2.5884,188807.129,87.92,7.5372,63217.357,11.12,7.5322,49590.982,61.73,,,,7.6558,25827.114,0.69,7.6097,77600.446,8.8,7.5709,77014.771,21.19,,,,7.6518,20151.746,7.31,7.6849,15400.144,57.59,7.7243,448443.721,50.85,2.8323,114168.597,73,7.7383,60191.276,5.83,7.7459,12319.102,0.07,7.9398,98803.732,13.51,,,,7.8062,3339075.999,94.49,,,,7.9369,386886.392,13,7.9879,71421.787,86.8,,,,,,,,,,,,,8.0531,11142.072,3.87,8.0492,293394.025,1.58,,,,,,,,,,8.0675,60234.799,17.69,,,,,,,8.1008,221081.584,5.88,,,,8.0941,65438.237,3.92,,,,,,,,,,,,,8.2823,184899.06,52.13,8.283,26911.391,0.14,,,,,,,8.2892,483663.853,53.12,2.978,30336.124,1.44,,,,,,,,,,8.3817,196706.429,32.24,8.4118,105069.745,3.59,8.4967,312250.662,42.7,,,,,,,8.502,1069093.249,35.92,8.5692,547946.145,89.86,2.9967,37390.882,46,8.6278,137913.303,19.38,8.6649,21664.169,3.08,8.7015,2801844.955,95.72,,,,8.758,95525.032,13.73,8.7544,46224.822,6.32,,,,8.8219,558963.708,59.48,,,,8.2888,788824.132,20.96,8.8806,761553.485,73.76,,,,,,,8.9091,67832.514,2.28,,,,9.022,12444.807,0.87,8.9619,43576.839,28.55,9.0102,33419.435,31.02,9.0338,56588.111,37.07,,,,,,,,,,3.1463,27023.763,61.76,9.0469,10937.806,1.5,,,,9.196,331683.899,19.89,9.1996,523472.379,97.97,9.2045,270835.622,100,,,,9.224,19252.74,65.36,9.2678,1962275.408,98.22,9.2729,1445681.955,100,9.2663,154854.636,18.65,3.1737,81210.416,100,9.2668,723166.388,58.49,,,,9.3628,14589.108,1.83,,,,9.553,15414.495,1.25,,,,9.4292,15812.004,2.59,9.2015,33757.497,7.19,,,,3.2003,46829.416,3.04,,,,3.2359,49554.011,6.23,,,,,,,3.4099,189496.985,36.47,,,,3.4857,144739.695,16.1,3.5124,272472.927,39.94,3.5476,41697.078,47.13,3.5673,69290.094,62.53,3.6719,10462.064,1.87,3.7203,789282.026,97.43,,,,,,,,,,,,,,,,,,,3.9886,26648.798,3.84,,,,4.0692,628059.848,44.14,4.0706,15744.5,12.01,4.1058,226705.249,53.72,,,,4.1771,20939.64,6.75,4.2027,99712.842,0.54,4.2174,136545.082,16.38,4.2036,374984.826,9.97,,,,4.2431,103016.65,62.54,4.356,53485.061,7.71,4.3431,12639.388,2.25,4.3853,72961.4,8.28,,,,4.5365,92575.109,6.51,4.5135,618068.895,45.85,4.4532,1089989.486,51.85,4.4501,114838.673,41.64,4.5072,15399.881,4.08,4.4988,325897.738,1.75,4.5024,117232.186,73.5,4.6092,16418.803,1.32,4.5826,36545.979,2.37,,,,4.6026,21929.355,2.44,4.6019,14543.401,2.76,4.6227,383321.916,18.23,0.9234,25955.415,26.82,4.5969,45580.192,3.2,4.6247,67051.265,4.97,,,,4.6908,65067.956,3.32,4.7267,38118.374,43.33,4.857,33997.853,2.52,4.7717,549832.398,92.35,4.7658,1104863.81,71.63,4.8014,831159.697,42.36,,,,0.9253,103340.445,100,4.8746,746383.269,35.11,4.9042,784848.767,40,4.9432,456801.334,12.14,4.9849,48639.053,2.31,5.0804,16827.473,1.09,,,,5.0353,303145.446,43.73,4.9329,17611.572,14.6,4.9367,10115.829,1.22,,,
208_2012_T_2n,P2-C10,1,,,,,,,,,,,,,,,,5.1503,11675.694,7.26,5.2895,20512.554,13.61,5.1899,66044.938,28.38,,,,5.2019,27750.63,5.15,1.3014,403951.598,44.85,,,,,,,,,,5.283,19044.364,1.91,,,,5.3483,829788.833,17.95,5.4572,11185.224,6.26,5.4067,10791.753,2.64,5.4535,10481.852,3.28,1.6484,52049.036,4.98,,,,5.4513,152189.353,4.51,5.4658,66749.135,5.82,5.4688,95981.596,15.45,5.475,7564152.062,93.31,,,,,,,,,,5.4346,11663.584,14.41,5.5502,12220.756,8.11,1.6558,134598.657,64.51,5.5932,771939.319,84.86,5.6005,13212.368,4.13,5.6234,36069.26,1.02,,,,5.7981,14112.246,1.82,,,,5.6851,121470.848,2.05,5.712,283634.824,22.44,5.7201,28148.414,2.4,,,,,,,5.7446,107436.201,9.06,5.6953,11471.913,0.14,,,,,,,5.8269,205596.58,6.27,,,,5.8425,32596.241,37.32,,,,,,,,,,6.0103,299410.247,18.12,6.0349,194272.257,14.69,,,,6.0602,130183.042,16.29,,,,6.1034,222091.402,21.23,6.0636,11567.724,7.99,6.1055,92865.45,9.31,6.1441,151168.516,78.2,,,,,,,,,,,,,6.2102,47036.192,1.43,6.2157,158376.443,58.17,6.2673,376503.807,32.06,6.268,368198.456,22.28,,,,6.3167,790125.472,59.35,,,,6.351,12259.675,0.72,2.0286,40926.729,29.55,,,,6.4203,1301804.106,51.12,,,,,,,,,,,,,,,,6.5886,32114.062,24.52,,,,,,,2.2015,84178.003,33.49,6.419,11746.284,1.18,6.6401,85504.799,1.05,6.6428,232020.721,17.43,6.6518,137974.86,41.15,,,,,,,,,,6.7773,480501.23,17.6,,,,6.6642,11344.669,1.47,2.2001,142186.104,77.04,6.7826,1004069.251,21.72,6.8409,15861.115,10.97,,,,6.8917,243046.288,71.59,7.0836,111222.128,2.41,6.8748,169866.271,35.15,6.944,289948.578,84.74,,,,6.9469,27504.493,22.03,,,,,,,6.8899,60856.282,25.96,,,,,,,,,,,,,,,,7.0836,50047.937,1.83,,,,7.0983,24440.987,100,,,,,,,,,,7.1517,231477.346,19.52,,,,,,,7.1696,121247.118,32.19,,,,,,,,,,,,,7.4116,14110.896,2.87,,,,7.3755,94698.9,42.48,7.378,256662.752,25.7,7.3121,481853.498,36.44,7.3767,32797.374,16.51,7.5469,33845.463,6.33,7.4308,260361.06,19.69,7.4499,4388439.907,73.9,7.6871,23636.56,18.81,7.4899,146465.038,52.92,7.4908,53922.433,34.77,,,,7.4523,69278.56,85.59,,,,7.5529,22788.329,6.1,7.4548,88901.831,8.9,7.6047,11647.232,7.51,7.5801,70301.429,26.99,,,,7.6612,9761554.642,96.46,,,,,,,2.8326,651181.734,84.3,7.7456,17865.438,9.02,7.7577,11517.822,0.19,7.7541,83136.925,16.89,7.7616,23860.793,19.11,7.8179,5054272.366,98.98,,,,7.948,23219.819,0.71,,,,8.088,18821.555,1.88,8.1876,23238.94,15.42,2.861,22896.699,6.08,7.8805,16647.71,2.17,8.047,63301.657,15.47,7.9415,12383.534,0.21,8.2836,10777.78,2.86,7.8825,35276.798,2.98,8.0645,91256.862,52.87,,,,,,,7.9427,18928.95,10.97,8.1498,11773.845,1.18,2.8981,51929.004,100,,,,8.1526,19962.236,1.68,,,,8.2637,18834.286,7.49,8.4961,13214.406,1.72,8.2669,85038.28,42.18,8.3128,19194.785,0.32,,,,,,,8.3329,11440.95,5.13,,,,,,,8.2496,17610.065,3.58,,,,8.4019,125734.277,39.24,8.4296,109381.637,3.33,8.5107,23589.713,4.79,,,,,,,8.5292,190935.535,5.82,8.5912,268928.508,86.65,3.0074,67717.963,100,8.6433,43740.873,4.84,8.5339,144308.915,12.71,8.7225,3134644.079,95.52,,,,8.7768,34350.018,9.59,8.789,14709.284,2.99,8.8406,11233.651,2.75,8.8343,429864.76,47.09,9.1188,10240.268,5.22,,,,8.9014,180100.864,90.98,2.9992,90163.13,24.14,8.9105,20988.933,2.73,8.8879,14800.127,0.45,,,,9.1644,15184.012,3.71,8.9755,62998.699,26.89,,,,9.0477,74930.374,31.99,,,,9.1064,10981.067,3.07,,,,3.1497,48957.651,28.31,9.2649,12129.849,2.46,,,,9.2168,1197462.386,69.98,,,,9.2213,2119278.257,100,9.2162,1739422.065,97.94,9.0275,11248.331,15.07,9.2848,1268776.718,96.7,9.2908,736347.044,100,9.2804,92857.852,24.65,3.1814,90471.081,61.55,9.2857,452875.915,58.97,,,,9.3689,62243.633,5.93,,,,9.5836,10466.8,1.36,,,,9.4593,80777.889,25.21,9.5355,14735.362,1.99,9.6954,10353.16,2.89,,,,,,,,,,3.3325,277942.581,27.85,3.3287,610073.42,86.91,3.4157,533955.875,84.74,3.3974,80692.186,21.84,3.5241,54855.348,2.01,3.5176,138056.655,13.2,3.551,72391.864,57.79,,,,3.6647,110896.362,6.75,3.7299,479858.498,84.66,,,,,,,3.9121,72510.616,9.36,3.9657,49640.214,41.11,,,,,,,4.057,15496.354,1.94,,,,4.0712,206161.105,50.43,,,,4.1115,111316.993,20.31,,,,4.1868,244724.759,19.36,4.2157,511806.255,8.62,4.2189,584813.707,75.59,,,,4.1726,14551.951,9.01,4.2539,420007.012,89.17,4.3569,26471.739,3.31,4.3587,19724.645,1.2,4.3955,96486.016,3.79,,,,,,,,,,,,,4.4584,99538.374,0.98,4.4793,206350.095,50.66,,,,,,,4.5981,876581.638,18.96,,,,,,,4.606,1209385.409,44.3,,,,4.6226,15779.39,10.47,0.9244,81706.9,36.98,4.5944,11294.577,2.76,,,,,,,4.7021,72770.491,2.16,4.7387,140833.128,77.6,,,,,,,4.7759,56519.256,17.67,4.8144,1583506.202,46.93,,,,,,,,,,4.9198,1331745.746,39.47,4.8465,74766.945,7.49,,,,,,,4.9679,10826.778,20.59,4.927,26482.988,3.31,,,,,,,5.043,143635.367,17.98
208_2021_T_2n,P1-A7,1,1.2633,99335.017,41.54,,,,4.945,10788.301,0.15,,,,,,,5.2478,11307.255,1.64,5.2769,42484.176,12.64,5.175,111173.929,35.84,5.2127,18542.905,0.77,5.1739,49320.078,5.58,1.3113,428768.418,25.48,,,,5.207,65246.976,34.38,5.1734,33201.747,4.16,,,,5.164,12444.126,0.18,5.3476,1315986.695,23.2,5.4564,25221.462,5.66,,,,5.4309,18148.386,4.09,1.649,334295.024,18.62,,,,5.4283,237668.732,4.32,5.4745,149161.438,8.27,5.4801,237114.921,25.5,5.4571,10879340.81,91.73,,,,5.3945,12950.131,1.08,,,,,,,5.5394,33230.349,9.88,1.6576,167163.856,35.18,5.5675,758370.63,88.57,,,,5.6057,34315.999,0.65,,,,5.7798,11713.766,1.47,5.5832,11443.518,0.98,5.6786,30179.82,0.43,5.7017,157526.979,8.5,5.7282,46606.319,2.13,,,,,,,5.7303,489580.475,18.64,5.7284,18417.236,0.16,5.7386,20796.583,12.07,,,,5.82,110307.897,1.53,,,,5.8171,63957.697,75.06,,,,,,,,,,5.9992,231203.882,12.61,6.0257,203739.048,11.09,,,,6.0444,132412.832,13.27,6.206,11502.137,2.87,6.0872,228736.468,12.74,,,,6.095,17493.645,3.57,6.1242,277327.251,80.22,6.1248,10581.142,2.64,,,,6.1631,22749.343,1.9,,,,6.2072,131341.745,1.82,6.2042,265878.238,51.41,6.259,413590.528,18.94,6.2576,270848.963,14.78,6.2015,14578.711,7.79,6.3055,1342695.578,55.64,,,,6.3995,59580.113,2.45,2.0273,170402.364,54.78,6.327,28369.759,7.07,6.3974,1576969.664,55.86,,,,,,,6.4433,10969.678,3.33,,,,,,,6.5667,245822.822,56.69,6.6496,81868.125,6.99,,,,2.1952,199489.604,41.11,6.5545,11847.273,0.9,6.6252,86356.757,0.73,6.6257,455318.476,18.87,6.6383,179076.778,40.25,,,,6.697,14150.135,4.12,,,,6.7794,425234.163,14.64,,,,6.7525,15575.946,1.95,2.2066,149018.239,39.07,6.7893,441896.689,7.79,,,,6.8343,30344.694,0.26,6.8791,281260.206,48.6,6.7584,289014.467,5.1,6.8861,564369.114,57.86,6.9208,399197.157,80.68,,,,6.9338,71506.108,39.78,6.8102,10612.477,0.44,,,,6.9592,12910.099,1.36,6.9767,16226.744,100,,,,,,,7.0808,13282.515,5.64,,,,7.0848,245211.983,8.44,,,,7.0735,15889.908,58.88,,,,,,,7.2528,11715.235,5.81,7.1312,189269.456,7.21,7.1536,13258.922,2.68,,,,7.1533,311068.421,26.56,,,,,,,,,,,,,7.2054,15494.807,0.41,,,,7.3673,203531.769,67.97,7.365,267991.909,20.36,7.3019,276003.438,15.02,7.3671,33909.051,8.45,7.5127,16404.317,2,7.4248,729883.798,39.72,7.4319,5583395.387,79.27,,,,7.4728,244724.51,37.35,7.4891,67496.172,28.82,,,,7.4413,57205.73,77.18,,,,7.5439,196883.326,18.21,7.5526,16263.899,1.24,,,,7.5612,69415.164,21.74,,,,7.6427,13995871.33,96.99,,,,,,,2.8146,68891.137,33.45,7.7199,86500.789,25.78,7.7175,11730.066,0.17,7.7292,89130.757,2.34,7.7361,56005.134,31.16,7.8006,6212323.502,98.69,,,,7.9458,28283.836,0.39,,,,8.088,14238.08,1.08,8.1631,85437.864,25.41,2.8725,47274.193,4.04,7.876,30170.173,2.51,8.0394,55647.253,12.37,,,,8.2659,18313.371,1.56,8.0609,15102.274,0.57,8.0489,170712.35,50.28,,,,,,,7.9035,67800.55,19.97,8.1299,14220.193,1.08,2.8723,68126.71,82.8,,,,8.1391,430369.426,16.38,8.1419,50665.604,4.22,,,,8.1284,33979.069,2.83,8.2468,82932.355,25.79,8.2802,48011.924,0.68,,,,,,,,,,,,,,,,8.2241,34108.811,0.9,,,,8.3793,155314.289,42.36,8.4075,136209.96,2.91,8.5049,332280.369,8.72,8.6323,19694.195,4.77,,,,8.5135,4008630.32,55.51,8.5698,271071.117,68.14,2.9892,205854.802,93.03,8.6262,77505.193,9.24,8.7627,32731.879,0.84,8.6958,4514166.353,96.42,,,,8.7556,138204.062,7.7,8.7409,49836.724,1.31,8.8191,10481.7,2.33,8.8107,210501.208,20.5,9.0783,20519.903,3.99,8.2852,13651.1,1.04,8.8785,164437.176,49.01,3.0056,112688.091,10.42,8.9067,48740.467,4.06,8.7393,16348.068,0.23,,,,8.9443,21657.026,4.59,8.9607,249368.385,25.17,,,,9.0338,271603.686,27.41,,,,9.1068,14319.407,0.8,,,,3.1474,42836.931,20.77,9.0393,114881.273,3.02,,,,9.1954,1887591.091,77.55,9.1939,2449144.943,96.19,9.199,3272718.065,99.45,9.4873,19232.419,0.76,,,,9.2658,1743940.879,98.07,9.2672,925827.807,100,9.2637,129367.401,11.04,3.167,211185.623,78.01,9.2638,624959.445,52.06,,,,9.3466,24546.664,1.89,9.6148,11143.593,0.95,9.5248,15469.48,1.29,,,,9.4295,75692.348,20.65,9.4959,10186.945,1.26,9.4741,93165.338,5.19,,,,,,,,,,3.3148,321049.658,65.58,3.3183,846397.838,91.66,3.3978,831899.102,84.26,3.3982,33403.509,6.91,3.5067,44115.45,1.52,3.5047,77026.158,4.29,3.5366,104023.337,55.18,,,,3.655,63648.416,2.68,3.7172,763906.914,86.45,,,,,,,3.9009,150192.972,17.25,3.9506,153672.525,69.22,,,,,,,4.086,22427.401,2.25,4.1376,15146.375,2.39,4.0638,178826.764,37.91,4.0746,266627.272,50.39,4.0982,86645.042,23.06,,,,4.1877,159916.198,8.63,4.2056,526352.966,7.47,4.2049,618677.859,77.44,,,,4.2258,22968.337,5.28,4.2378,593540.608,87.91,4.3604,117623.029,11.79,4.3523,160485.927,6.75,4.3829,247397.816,8.76,,,,,,,,,,,,,4.4482,144956.627,1,4.4717,243502.777,38.42,,,,,,,4.5988,603838.679,10.65,,,,,,,4.5936,760469.105,26.18,,,,4.6142,97031.704,28.86,0.9254,32289.985,12.96,,,,4.6087,19203.478,2.34,,,,4.684,269886.521,4.91,4.7273,61598.896,17.55,4.8571,15627.737,1.91,,,,4.7604,330833.341,74.56,4.796,2514979.455,45.72,,,,0.9181,93149.249,38.96,4.942,25587.067,0.22,4.8922,2074092.79,37.7,4.8408,26609.476,2.02,,,,,,,5.0324,76973.943,58.29,5.0338,80128.444,8.03,5.0298,144943.588,15.27,,,,5.1721,45035.104,4.51
211_2012_T_4n,P1-C8,1,,,,,,,5.0364,46816.768,1.65,5.0746,521661.624,7.91,,,,5.1322,11027.21,6.93,5.1631,87962.013,1.67,,,,5.1958,739562.975,28.08,5.1732,24493.263,10.15,1.2956,178253.808,32.53,5.2682,10099.604,0.82,5.2078,25578.114,100,5.2132,34641.103,6.5,5.2691,3534473.158,55.49,5.3542,21474.497,1.93,5.3379,315791.366,9.52,,,,5.3864,1710017.508,25.92,5.2634,10306.096,3.76,1.6519,89568.763,7.42,,,,5.4285,153012.779,5.82,5.4492,143895.202,14.3,5.4664,173799.409,31.19,5.4595,32032.708,19.06,,,,,,,,,,5.3888,26702.963,14.89,5.5488,1749753.539,33.3,,,,5.5702,568350.003,98.08,5.5058,10655.134,3.89,,,,5.5493,62405.519,3.44,5.7824,17766.456,3.33,5.5481,38114.39,0.52,5.6608,81363.775,7.3,5.705,274942.356,25.65,5.7119,40834.646,3.77,,,,,,,5.732,251173,21.53,,,,,,,5.8137,276742.613,4.19,5.8162,146602.931,5.17,5.8142,74691.305,4.12,5.8069,51291.604,71.73,6.0061,747549.182,11.33,5.9447,36687.217,1.12,1.7781,44052.652,6.76,6.0024,236412.785,14.75,6.026,69596.071,6.34,,,,6.0555,55711.306,8.67,6.0106,140239.273,7.73,6.0934,76070.697,6.3,,,,6.0877,16942.163,7.98,6.1234,98417.123,22.38,,,,,,,6.1597,523734.644,6.71,6.1595,35769.633,8.86,6.2102,82000.05,2.89,6.2013,157428.617,52.03,6.2645,332537.27,30.7,6.2514,109469.701,6.83,,,,6.298,304751.393,11.57,6.3422,50149.577,16.58,6.3564,107568.157,6.68,,,,6.3651,17905.026,0.99,6.4045,548871.621,26.33,,,,6.5003,116006.803,38.96,,,,6.623,120843.355,22.67,6.5496,253027.327,3.84,6.565,42816.396,15.94,6.4897,13617.468,0.19,6.5598,15427.322,0.12,2.1908,338632.225,52.61,6.5803,56850.282,0.89,,,,6.6351,515977.083,19.59,,,,,,,,,,6.7192,206947.586,3.14,6.7285,669250.418,25.35,6.8357,164029.24,18.43,6.767,17998.837,3.38,2.1933,486554.01,59,6.7687,628418.83,18.95,6.8334,4152341.355,32.37,,,,6.891,61862.265,57.22,6.8681,238125.446,7.18,6.8879,175678.841,57.35,6.9312,292144.514,65.8,,,,,,,,,,,,,6.95,11609.138,6.95,6.8367,581545.631,19.52,,,,7.0079,32551.574,15.56,7.0821,21945,11.94,,,,6.8754,132352.377,5.01,7.0888,355982.838,5.4,,,,7.108,47955.657,2.66,,,,,,,7.1315,121307.324,10.4,7.1405,46300.233,10.43,7.0958,12977.068,0.72,7.1578,15274.355,0.21,7.24,10041.834,3.37,7.2939,19052.092,1.71,,,,,,,,,,,,,,,,7.342,11528.581,0.18,7.305,441902.833,40.26,7.4726,104487.166,5.76,7.304,24101.716,0.73,7.4262,197838.706,18.02,7.4348,30751.816,2.76,7.4792,10583.315,5.67,,,,,,,2.5856,185327.898,69.91,7.5538,10462.598,5.83,7.53,28493.113,65.5,,,,7.4699,23855.189,0.37,7.5999,6258808.244,48.74,7.5648,204137.227,38.92,,,,7.6447,50614.012,7.27,,,,7.8848,12897.284,0.1,2.8246,53521.832,35.64,7.7328,22034.967,3.53,7.7291,28076.981,2.52,7.7471,40315.155,0.54,,,,7.7997,4907128.545,98.33,7.896,31494.102,0.48,7.9388,39981.111,1.41,,,,7.9764,18180.848,0.29,7.9835,28201.461,0.54,2.8779,12581.323,0.17,7.9583,34771.521,0.45,8.0171,11159.908,2.71,8.0454,31563.382,2.83,7.9145,11039.088,0.15,7.8569,36948.12,3.17,8.0438,43864.901,18.42,8.063,68418.528,8.03,8.0958,66426.686,1.01,7.9276,51514.709,21.63,8.0831,57614.102,0.9,2.8745,27039.403,62.12,8.1539,21899.277,1.36,8.2761,12603.724,1.08,8.1389,26255.859,0.34,8.251,67743.844,10.52,8.3769,26196.665,0.34,8.2431,89367.203,5.54,8.3245,19846.918,1.78,8.2789,13052.256,0.1,,,,,,,,,,,,,8.4512,15454.858,0.21,,,,8.3646,198601.938,18.21,8.4038,2620990.742,84.62,8.4865,44290.155,0.59,,,,8.6663,11590.202,0.64,8.5088,130481.915,4.6,8.564,317739.463,51.51,,,,8.6224,187387.138,12.45,8.5134,64659.156,44.32,8.6941,439088.999,14.18,8.7484,926761.886,90.09,8.7485,9106886.194,90.72,8.7495,5708764.016,76.11,8.8567,19820.689,4.81,8.8089,255336.797,41.66,8.7451,85999.858,20.81,,,,8.8783,553355.748,88.77,2.9993,54950.863,39.05,8.8841,251054.346,3.22,8.8941,113926.425,4.02,8.9259,28213.38,3.31,8.925,316106.272,4.79,8.9481,123907.473,10.01,,,,9.0306,236255.066,19.08,,,,9.0661,23060.373,0.23,,,,3.1414,120385.795,30.61,9.0359,76224.1,1.02,,,,9.1983,12339.016,0.77,9.1972,29321.106,64.72,,,,,,,9.2197,90974.885,59.93,9.2639,625112.915,43.64,9.2695,207322.717,88.92,9.2644,86277.944,1.18,3.1658,12733.841,32.87,9.2686,427862.125,5.48,9.2725,385148.136,3,9.3508,99594.945,7.91,9.4176,266363.765,3.66,9.4153,510011.145,6.54,9.4223,964950.706,7.51,9.4262,20172.479,1.85,9.5513,54073.024,5.25,9.4937,12936.226,0.13,,,,,,,3.2287,155945.209,12.38,,,,3.3158,100703.914,36.03,3.3959,214275.702,34.79,3.3915,29391.201,32.32,3.5046,36827.996,1.4,3.5057,559111.191,46.34,3.5406,37658.697,42.21,3.5592,167251.282,54.91,3.6569,81928.975,5.24,3.7145,582122.836,88.43,,,,3.91,10501.051,0.67,,,,3.947,1610455.677,92.19,,,,,,,4.02,42508.092,6.62,,,,4.0599,161705.929,2.45,4.0691,21227.994,6.67,4.0995,182659.405,52.99,4.1204,46652.387,100,4.186,246603.191,23,4.1028,13447.014,1.21,,,,4.1039,12503.934,0.2,4.1522,31902.36,18.4,4.2345,550643.375,83.56,4.3553,37022.806,5.76,4.3563,30312.548,1.94,4.3829,392884.164,18.85,,,,4.3423,47223.412,0.72,4.3334,154285.631,4.69,4.3441,212040.693,4.04,4.4415,25917.429,3.72,,,,4.4866,10450.587,0.94,,,,4.6012,772571.901,23.3,4.492,12679.276,4.63,,,,4.6071,971478.13,36.8,4.5881,14955.539,0.82,4.7276,31240.064,0.59,0.923,50194.078,16.71,4.5885,44332.725,0.67,4.6413,40639.218,1.24,4.6854,534208.945,43.15,4.6883,64679.895,2.46,4.7228,154310.515,68.52,4.7249,16454.95,0.5,,,,,,,4.7873,1088531.04,41.39,4.8718,6602550.463,79,,,,,,,4.9001,1000498.932,38.04,4.8434,300929.543,4.72,4.8444,1308016.839,24.89,5.0862,16417.324,6,,,,5.0362,84409.864,13.14,,,,,,,5.1686,23382.569,3.64
211_2021_T_4n,P1-B4,1,,,,,,,5.0543,32523.377,0.87,5.0718,372600.125,7.5,,,,5.1504,11827.742,4.2,5.1665,237925.354,3.7,,,,5.2006,162350.323,8,5.2022,19940.877,8.91,1.3067,186877.662,22.79,5.2065,11603.537,1.05,5.2111,35586.213,74.66,5.2151,47850.215,8.5,5.2686,2559141.866,51.24,5.1798,11008.569,1.59,5.3441,465866.689,17.06,,,,5.3843,1229495.329,24.75,,,,1.652,61351.859,5.43,,,,5.4314,172145.633,5.55,5.4563,167668.141,19.92,5.4562,195881.733,33.97,5.4659,33429.598,22.08,,,,5.5281,15582.745,0.27,,,,5.3845,16883.237,3.49,5.5418,2263541.664,35.23,1.6444,40636.543,56.95,5.5625,344296.411,100,5.5169,29510.562,15.38,,,,5.5339,87615.573,6.3,5.5411,13853.678,2.46,5.5377,47424.03,0.79,5.6645,52688.113,7.62,5.7018,168732.73,16.27,5.7044,33939.306,3.2,,,,,,,5.7367,147810.714,10.73,,,,,,,5.8141,157057.03,3.16,5.8204,51332.834,1.37,5.8187,37722.661,2.71,5.8095,28031.131,100,6.0061,433431.085,8.73,5.9429,28817.105,0.99,,,,6.0053,130319.23,12.14,6.0265,90060.228,11.2,,,,6.0588,56689.245,9.45,6.0096,74614.878,5.37,6.0802,86590.611,7.67,,,,,,,6.1282,64824.289,14.07,,,,,,,6.162,248164.556,4.3,6.1588,30864.088,10,6.2053,118139.436,3.15,6.2012,224545.393,65.6,6.2615,158311.659,14.92,6.2562,141036.185,13.14,,,,6.3022,348303.763,17.17,6.3455,58613.949,17.12,6.3581,68055.596,5.18,,,,6.5503,86410.842,6.21,6.3993,768833.811,42.73,,,,6.4974,455300.927,65.89,,,,6.6178,159526.952,28.34,6.5499,237769.976,4.79,6.5576,44462.912,9.82,6.6557,14365.182,0.24,6.5417,13410.398,0.14,2.1795,227303.341,33.56,6.5705,66330.303,1.33,,,,6.6291,512508.765,25.26,,,,,,,,,,6.7204,123932.52,2.49,6.7697,354636.861,21.51,6.8328,114935.786,24.03,6.7629,29879.282,5.31,2.1953,582480.232,67.16,6.7738,536571.451,19.65,6.8288,3785971.295,38.7,,,,6.882,50631.594,61.21,6.8653,122569.371,4.49,6.8803,215974.647,54.9,6.9316,457287.391,68.4,,,,,,,6.7342,11657.819,0.57,,,,6.8842,30483.563,9.48,6.8336,421851.748,24.54,,,,7.0152,84898.251,30.16,7.0891,29165.831,6.72,,,,7.0888,78738.837,4.78,7.0921,284149.705,5.72,,,,7.106,64611.204,3.77,,,,,,,7.1293,48129.138,3.49,7.1492,93986.161,14.06,7.0999,28081.332,2.02,7.1555,66975.813,1.12,7.225,22421.946,3.24,7.3168,11783.679,1.7,7.183,12865.934,28.33,,,,,,,,,,,,,7.4779,32240.388,0.65,7.3482,34120.828,4.24,7.4677,111468,8.02,,,,7.4194,279782.378,34.8,7.425,65126.366,9.42,7.4709,24693.703,10.55,,,,,,,2.5833,81791.594,82.14,7.5852,12530.06,2.59,7.5235,88938.175,89.78,7.5407,74716.057,24.42,7.5264,13609.395,0.27,7.5953,5187085.383,52.59,7.5542,104393.947,32.09,,,,7.6403,34618.983,6.11,,,,7.7476,17665.377,0.18,2.8146,14819.329,11.44,7.7258,79028.56,7.46,,,,7.6166,12086.529,0.26,,,,7.7993,2989694.182,96.66,7.8855,11601.672,0.23,7.9327,61130.136,1.63,7.9911,20387.876,100,8.0742,18813.522,0.38,7.9878,18602.729,0.29,,,,7.8165,12791.459,0.22,8.025,19172.039,5.82,8.0317,25787.221,3.73,8.2716,13790.812,0.23,7.8563,32515.49,2.36,8.0475,46555.434,29.02,8.0689,39317.906,7.03,8.1092,11814.309,0.24,7.921,23244.385,14.49,8.0847,18303.274,0.37,2.8688,66683.689,100,8.1513,10130.3,0.77,8.1397,93977.333,6.82,8.1339,27521.238,0.48,8.2631,12155.241,1.79,8.3572,13472.885,0.23,8.2381,44926.414,4.17,8.3422,23831.213,3.45,8.4308,11167.433,0.11,,,,8.2421,10051.131,0.59,,,,8.3489,24907.037,5.15,,,,,,,8.3636,144085.863,11.8,8.4066,2228777.062,88.68,8.5085,324731.131,6.91,,,,8.5029,15091.44,0.88,8.5085,1826905.756,48.69,8.5706,168981.355,49.58,2.9883,66863.617,60.47,8.6237,291256.803,23.94,8.5099,959987.877,89.07,8.6944,256567.839,10.21,8.7551,256720.529,84.82,8.7513,5602825.091,88.97,8.7518,3054800.053,64.99,,,,8.8119,172540.624,33.17,8.758,18819.653,5.36,,,,8.8808,806371.414,76.12,,,,8.8819,62546.689,1.08,8.9039,41079.683,1.09,8.9308,64270.212,11.5,8.9287,513677.01,10.34,8.9588,215420.815,19.57,,,,9.0297,206396.279,18.75,8.7831,13403.23,3.6,9.104,21910.94,0.35,,,,3.1426,104351.476,39.17,9.043,100558.101,2.14,,,,9.2007,23813.645,1.81,,,,,,,9.2047,46475.084,66.28,9.2209,81812.864,62.98,9.2653,500908.53,34.33,9.2687,127555.328,84.85,9.27,47142.477,0.79,3.1685,59661.063,68.88,9.263,238269.494,4.13,9.2768,112017.095,1.14,9.3569,10256.899,1.31,9.4096,67701.706,1.13,9.4039,200687.799,3.48,9.4194,252770.972,2.56,9.4252,16786.397,1.37,,,,9.4738,34597.741,0.55,,,,,,,3.2283,95703.06,12.19,,,,3.322,78140.448,38.18,3.3844,251260.64,33.94,,,,3.4759,98594.727,5.98,3.5017,461855.719,40.9,3.5322,25583.934,49.09,3.5569,109226.45,50.1,3.6533,16109.837,1.4,3.7131,797060.602,88.22,,,,,,,,,,3.9516,1567686.732,90.49,,,,,,,4.0267,28305.198,4.72,,,,4.0557,109867.939,2.21,4.0737,36118.162,13.13,4.0924,124819.336,55.62,4.1141,65386.119,33.7,4.1886,103766.898,10.01,,,,,,,,,,4.1545,48563.865,25.44,4.2312,495543.164,84.7,4.3476,50650.438,8.44,4.3556,59530.225,5.19,4.385,187185.519,10.4,,,,4.3333,40599.923,0.82,4.3317,142540.177,4.92,4.3346,227108.765,3.53,4.4403,18993.684,3.35,,,,,,,,,,4.5964,329663.838,12.07,,,,,,,4.6034,485076.788,29.42,4.6021,12376.06,0.89,4.6199,21135.867,0.33,,,,4.5933,12761.943,0.26,4.6336,10565.155,0.36,4.687,497983.451,45.25,4.6811,119684.577,3.86,4.7296,38884.65,35.7,4.8524,17162.457,0.59,,,,,,,4.7898,1336645.214,43.08,4.871,4076053.667,67.74,0.915,69716.171,86.63,,,,4.8966,1215275.305,39.17,4.8422,310787.509,6.22,4.8435,1523749.45,23.71,5.0897,10843.982,5.65,5.0343,11709.046,51.57,5.0289,67576.787,11.27,5.0416,54902.592,17.07,,,,4.9204,13540.913,2.26
216_2021_W_4n,P1-E2,1,,,,,,,,,,5.0789,380857.908,12.04,,,,5.1441,30536.77,6.28,5.1753,74484.929,1.44,5.1895,10834.776,100,,,,,,,1.3026,112737.579,44.03,,,,,,,5.2142,78358.805,10.58,5.2771,2293757.663,48.75,5.3515,36133.506,3.22,5.3419,464232.61,30.86,,,,5.392,1099047.92,34.73,5.2711,16892.482,4.72,1.6657,109964.044,17.16,,,,5.4372,114524.819,6.23,5.4568,85283.555,30.16,5.464,87356.264,27.39,,,,,,,5.584,15126.701,0.49,,,,5.3926,16080.695,7.53,5.5529,1677077.995,32.37,1.6554,124135.067,66.61,5.5731,121116.741,90.87,5.5245,152325.607,42.54,,,,5.5578,73112.396,5.92,5.5391,12936.267,1.75,5.7032,16117.379,0.28,5.6562,23061.595,2.06,5.7076,34206.8,13.63,5.8048,20523.321,6.85,,,,1.7317,15953.146,8.64,5.7357,16789.357,4.8,5.6807,11019.283,12.6,,,,5.8062,13385.378,0.42,5.8217,70327.171,3.86,5.8257,12053.787,0.98,5.8121,18105.017,100,6.0114,12877.062,0.41,,,,,,,6.0073,14911.626,5.11,6.0344,34766.492,9.22,,,,6.066,50176.443,8.33,6.0854,68338.73,5.53,6.1031,13128.894,2.05,6.0662,11499.096,5.81,6.0903,74472.995,10.72,6.1352,344152.969,40.74,6.0143,46360.027,3.75,,,,6.1732,56824.042,1.83,,,,6.2165,139365.798,7.66,6.2086,38127.445,63.72,6.2412,20334.648,6.78,6.2231,38951.816,13.34,,,,6.3048,93893.574,16.75,6.3591,10086.882,16.86,6.3698,24701.987,1.86,2.039,69185.765,67.14,,,,6.4096,110230.217,12.36,,,,6.5039,123493.789,73.33,6.5325,101257.48,52.84,6.6321,127691.88,17.24,6.5572,55409.015,1.75,6.5738,230897.15,43.51,6.6486,12318.679,0.22,,,,2.1999,194059.091,64.38,6.5634,44828.814,0.95,,,,6.6356,289522.83,51.63,,,,6.6985,401728.556,76.84,6.7016,436268.205,68.7,,,,6.7767,131805.802,22.75,6.8422,133300.599,42.49,6.8484,23390.442,3.16,2.1924,300021.84,58.48,6.7759,189402.15,12.59,6.8399,3393160.611,53.98,,,,6.6965,13708.914,16.05,6.886,118232.106,7.86,6.88,38291.812,41.79,6.9339,107714.039,51.68,,,,,,,,,,,,,6.8795,11835.595,1.74,6.8397,534838.375,44.27,,,,,,,,,,,,,7.0728,10195.811,1.76,7.1,53817.069,1.7,,,,7.1197,295233.331,15.81,2.4215,19681.884,100,,,,7.294,10881.415,3.11,7.1504,53696.258,25.76,7.1177,54526.077,4.41,7.1621,104328.14,1.82,7.2514,11343.019,6.74,7.3031,10079.666,0.9,,,,,,,,,,,,,7.3673,24338.041,1.3,7.3801,51540.979,1.1,7.3664,13422.05,3.56,7.3655,11998.71,0.97,7.3336,13461.134,0.48,7.432,128747.623,34.13,7.4379,195872.252,17.46,,,,7.4808,11678.827,26.18,7.4862,50635.653,0.81,2.5868,174807.331,60.62,,,,,,,7.5481,10767.029,19.12,7.5882,14940.717,0.32,7.6022,2594284.526,41.3,7.5721,190670.256,41.55,,,,,,,,,,,,,2.8164,82480.338,38.36,7.7282,39008.224,10.4,7.5396,14122.467,1.26,7.7543,151858.294,16.02,,,,7.8146,2376820.58,95.98,,,,7.7551,10537.298,0.58,7.9888,34110.955,100,7.8552,43932.39,0.93,,,,,,,8.0529,36755.905,1.18,8.0398,62613.753,5.54,7.9969,23334.959,2.08,8.0511,572312.905,10.01,8.0538,42148.112,12.06,8.0796,13425.155,5.57,8.0703,15932.636,3.31,,,,7.8755,188743.129,78.31,,,,,,,8.1566,31439.963,2.37,,,,,,,,,,,,,8.2511,14650.112,10.56,8.4596,13567.488,1.21,8.4437,16767.872,0.27,,,,,,,,,,,,,8.1654,48393.45,5.1,,,,8.3863,288949.708,24.09,8.4152,217551.136,29.18,8.516,281581.671,29.7,8.5153,12927.58,6.53,,,,8.5171,901387.101,49.53,8.586,137501.953,27.77,2.9948,171998.596,100,8.6292,46596.357,6.23,8.6383,10493.232,1.89,8.7088,528087.869,70.82,,,,8.7555,105617.612,31.2,8.7513,35251.625,3.72,8.7384,23955.137,2.12,8.8251,56131.721,23.51,8.753,54030.878,22.21,,,,8.882,241515.035,64.4,,,,,,,8.9469,11411.778,0.63,8.9239,19459.128,4.05,,,,8.9629,126725.393,11.72,,,,9.0386,131277.521,12.14,,,,8.9063,11463.364,3.39,9.2736,24300.302,12.28,,,,9.0402,38834.458,4.1,,,,9.2035,77771.983,5.87,9.2039,112515.137,75.09,9.2117,10777.539,29.82,,,,9.224,21311.806,100,9.2705,383090.898,51.79,9.2734,96299.84,100,9.2764,30273.647,0.53,3.1707,84389.413,100,9.2706,151896.427,4.88,,,,9.3547,18706.932,3.05,,,,9.3994,64991.73,2.09,,,,9.4395,13398.567,1.12,9.6649,67012.515,12.82,9.4802,11913.326,3.52,,,,,,,3.2341,108754.157,17.74,3.3312,77922.414,11.22,3.3254,331355.014,95.38,3.4054,128409.11,23.49,,,,3.4834,51082.173,8.82,3.5206,227991.858,35.58,3.5479,59263.825,85.17,3.572,66200.134,76.2,3.5585,22733.036,4.42,3.7245,367330.246,89.39,,,,,,,,,,3.9598,36223.937,8.71,3.9563,11378.199,35.28,,,,,,,,,,4.0679,235786.528,7.45,4.0842,12777.49,10.94,4.101,402825.372,62.75,,,,4.205,22512.151,8.97,4.2046,50309.843,4.48,4.2169,73120.602,9.87,,,,4.2354,226432.442,77.21,4.2439,305585.364,78.46,4.3545,53170.265,8.82,4.3674,34201.184,6.64,4.3978,158666.664,17.8,,,,4.3453,34061.799,1.08,4.3355,114837.343,4.13,4.3437,217484.886,4.2,4.4457,28524.92,4.74,,,,,,,,,,4.6087,44018.461,2.93,4.5052,15407.557,4.3,4.6191,14920.198,40.43,4.6124,46248.28,7.98,4.5888,49489.947,4.01,4.6207,69683.733,1.35,0.9284,18624.61,30.69,4.5933,120665.031,3.81,4.6348,35122.881,1.26,4.6909,682851.722,63.14,4.6964,72795.886,3.96,4.7362,33518.316,61.83,4.7244,10600.315,0.38,,,,4.7697,41182.141,11.5,4.8049,820201.364,44.65,,,,0.9287,37591.701,65.51,,,,4.9056,648385.22,35.3,4.8558,296182.436,6.3,4.8714,822819.797,15.88,5.1007,37441.728,10.46,,,,5.0323,195567.916,32.46,5.0472,35945.113,5.29,,,,5.0945,12383.788,2.06
218_2012_T_2n,P2-B6,1,,,,,,,,,,,,,,,,,,,5.2954,17145.786,17.09,5.1923,26190.448,18.1,,,,5.2015,28161.475,9.64,1.3075,129672.167,26.21,,,,,,,,,,,,,,,,5.3504,1205321.491,29,5.4615,22536.621,8.17,,,,,,,1.6563,119757.802,15.57,,,,5.4428,81685.095,3.69,5.4667,95691.017,13.94,5.4784,134129.906,29.18,5.4694,7081465.076,94.92,,,,,,,,,,,,,,,,1.6672,126973.459,67.47,5.5839,396290.034,84.92,5.6064,22831.143,27.86,5.4887,15577.577,0.69,,,,5.799,31165.538,8.67,,,,5.6837,104425.188,5.46,5.7049,182144.636,23.35,5.7157,23177.504,3.13,,,,,,,5.7376,90070.615,11.1,5.7434,31588.401,0.42,,,,,,,5.8261,145265.95,5.12,,,,5.8422,26078.377,58.8,,,,5.9604,11124.693,2.83,,,,6.0105,194711.249,16.29,6.0351,215524.678,22.95,,,,6.0581,87334.692,11.5,,,,6.1006,156520.652,20.35,,,,,,,6.1603,10126.64,100,,,,,,,6.1831,17217.492,1.69,,,,6.2114,44610.656,1.57,6.2104,97887.174,55.35,6.277,273229.506,36.95,6.2665,146989.414,12.3,,,,6.3111,609992.15,59.56,,,,6.3741,10884.811,0.74,2.03,87149.69,83.93,,,,6.4169,836094.605,49.06,,,,,,,,,,,,,,,,,,,6.6643,31323.702,6.93,,,,2.1995,78856.541,44.82,6.4203,14978.737,0.91,6.6378,21067.734,0.28,6.6428,162669.559,15.88,6.657,69684.81,32.92,,,,,,,,,,6.7777,589100.652,28.72,,,,,,,2.1988,117347.729,72.81,6.7816,1099222.981,26.45,6.8343,12715.018,6.05,,,,6.8893,141024.59,91.05,,,,6.8864,161427.8,55.96,6.9358,145018.49,80.4,,,,,,,,,,,,,6.8889,25973.585,22.18,6.9861,14127.014,35.63,,,,,,,,,,,,,7.0917,12051.251,0.59,,,,7.0917,29958.248,73.08,7.2757,10671.622,2.47,2.4346,22383.744,65.32,,,,7.1425,189672.429,23.38,,,,,,,7.1707,114672.495,25.36,,,,,,,,,,,,,,,,,,,7.3793,203315.517,47.12,7.3758,272089.645,16.58,7.3807,27551.015,2.93,7.3742,36270.101,16.63,7.5424,30021.71,7.63,7.4423,97607.123,10.39,7.4481,1240828.668,64.89,,,,7.4849,71938.686,63.57,7.4892,80435.815,36,2.5916,58953.401,100,,,,,,,7.5549,13715.308,6.52,7.456,22277.847,1.36,,,,7.5789,36816.543,27.11,,,,7.6549,6314254.266,97.06,,,,,,,2.836,68885.812,52,,,,7.7766,10677.352,0.56,7.7529,87616.889,5.83,7.7537,19362.848,62.87,7.82,1688152.926,97.39,7.9177,10004.874,3.09,7.9359,28412.894,1,,,,,,,8.1762,23198.736,23.13,2.8702,42645.191,9.43,,,,,,,,,,,,,7.8655,43541.725,5.37,8.0641,115715.75,80.32,8.0632,15454.587,51.35,,,,7.9328,28354.376,19.68,8.1006,24780.623,1.51,2.8837,26499.736,100,8.3421,30371.887,2.07,,,,,,,8.2707,16486.551,9.37,,,,8.2612,50823.879,13.68,8.3008,10784.136,0.56,,,,,,,8.3421,177945.562,41.24,,,,,,,8.2631,10983.435,0.73,,,,8.3948,91724.829,29.45,8.4225,77529.484,1.15,8.5197,88427.38,5.88,,,,,,,8.5245,327338.53,11.53,8.5874,484926.408,96.78,2.9979,13614.052,35.86,8.6376,62782.928,21.34,8.6409,14307.749,2.55,8.719,6658991.905,98.36,,,,8.7695,74801.476,7.35,8.7718,33305.222,2.22,,,,8.8259,278742.708,55.76,,,,8.332,80477.524,4.9,8.8922,160583.604,100,3.0003,19393.425,9.22,,,,8.9151,41649.121,1.47,,,,,,,8.9748,93746.188,32.76,,,,9.0478,106788.034,37.31,9.2059,16185.622,26.77,8.9135,17377.372,1.71,,,,3.1504,42938.528,23.26,9.2681,22129.032,1.47,,,,9.2098,924901.908,63.02,,,,9.219,401376.179,100,9.2136,640617.35,91.87,9.2388,149465.808,73.5,9.2821,757492.649,95.67,9.2864,311398.136,100,9.278,49068.611,10.85,3.1728,39268.908,54.86,9.2848,262630.993,25.74,9.0071,17494.951,7.83,9.3697,58469.201,14.21,9.4955,25951.672,5.74,9.4197,378914.057,37.14,,,,9.4508,94071.538,30.21,9.3136,10922.819,4.64,9.5747,11333.217,1.11,,,,,,,,,,3.3306,208951.153,64.68,3.3254,600086.985,98.3,3.4055,403228.814,82.55,3.3996,42408.321,13.92,3.4865,32015.042,1.56,3.5138,171513.429,22.3,3.5551,37344.944,37.3,,,,3.6596,57114.627,4.51,3.7272,440975.979,93.13,,,,,,,3.9142,59681.036,21.54,3.9695,15527.11,45.55,,,,,,,4.0862,65160.797,8.58,4.1492,14809.82,3.6,4.0626,124622.918,38.49,4.0841,12324.692,8.19,4.1084,163217.852,40.26,,,,4.1952,154338.075,19.79,4.2165,178335.69,9.33,4.2184,249422.229,69.4,4.0799,95066.46,5.79,4.152,25779.742,24.66,4.2532,243020.288,85.98,4.3401,11091.079,1.46,,,,4.3959,47924.36,2.81,,,,,,,,,,,,,4.4597,64865.095,1,4.4783,212612.722,51.69,,,,,,,4.6013,610692.294,14.69,,,,,,,4.6063,823085.466,40.13,,,,4.6271,12775.875,12.74,0.9281,25652.351,21.47,4.6077,14498.094,4.48,,,,,,,4.7023,45468.077,2.05,4.7299,112924.314,72.37,,,,,,,4.7743,24275.07,29.62,4.8094,1037989.859,46.89,,,,0.9276,14223.434,38.37,,,,4.9157,950320.945,42.93,4.8487,72245.288,4.4,,,,,,,,,,4.9196,41602.557,5.48,,,,,,,5.0424,125580.006,16.53
218_2021_T_2n,P1-D1,1,,,,,,,,,,,,,,,,5.1885,10954.309,3.48,5.2902,15384.368,8.98,5.1833,48607.155,31.15,,,,5.2025,11904.581,2.5,1.3072,479407.992,37.88,,,,5.21,117667.859,75.5,5.1746,21493.676,6.51,5.2759,17753.287,1.21,,,,5.3411,1228139.008,25.75,5.4542,23192.73,9.32,,,,,,,1.6653,130119.5,11.56,,,,5.4226,174849.884,3.64,5.4652,135638.365,14.34,5.4788,178440.151,25.87,5.4631,7100790.502,94.58,,,,,,,,,,5.5017,16593.422,53.32,,,,1.6608,179115.03,66.62,5.569,534722.682,93.63,,,,5.4671,37699.995,1.14,,,,5.7797,11663.573,3.53,5.7979,11524.788,1.11,5.6691,76829.166,3.28,5.7079,147885.465,10.72,5.6923,18387.571,1.52,,,,,,,5.7469,141472.42,10.34,5.7283,27109.694,0.36,,,,,,,5.8174,86952.33,1.55,,,,5.8055,24772.679,55.27,6.0039,31947.318,11.76,,,,,,,6.0207,74357.916,6.02,6.029,194073.559,17.76,,,,6.0516,112494.93,18.6,,,,6.089,223396.308,19.85,,,,,,,6.1269,77617.723,58.97,,,,,,,6.1692,22666.452,1.87,,,,6.2064,84225.691,1.5,6.2094,54596.472,31.14,6.2599,303322.707,25.14,6.261,232267.201,18.79,,,,6.3033,1046850.652,63.39,,,,6.3777,19787.079,0.99,2.0283,146968.504,93.48,,,,6.404,1029950.844,47.8,,,,,,,,,,,,,,,,6.5624,35970.03,27.28,6.6581,59789.405,5.78,,,,2.1787,35767.877,14.32,6.5189,44977.932,3.06,6.6219,19180.345,0.26,6.6332,240549.719,14.57,6.6392,68185.848,26.04,,,,,,,,,,6.7704,460792.616,21.77,,,,,,,2.1879,187323.023,69.81,6.7798,926347.956,19.43,6.8329,14521.58,7.37,,,,6.8861,235732.43,81.61,6.9301,17608.408,0.37,6.8739,404167.274,70.88,6.9293,262249.178,79.7,,,,6.9331,11867.833,40.72,,,,,,,6.8757,57555.235,11.04,6.9723,32567.915,100,,,,,,,,,,,,,7.0926,175373.839,8.29,,,,7.0779,43648.728,100,,,,2.4248,15659.25,38.72,,,,7.1433,166691.334,12.19,7.1482,13077.995,3.97,,,,7.1527,270549.13,26.13,,,,7.2773,10427.503,0.44,,,,,,,7.5632,15415.907,0.9,,,,7.3703,61255.575,23.74,7.3675,67719.571,4.6,7.3065,209191.977,19.15,7.4705,47211.219,25.71,7.5316,33002.668,7.74,7.4299,323335.752,29.6,7.4391,1625686.327,69.3,,,,7.4705,79939.104,53.2,7.4763,20950.896,9.59,2.588,58777.63,100,7.4426,14528.32,46.68,,,,7.5508,64626.114,12.74,7.4471,30908.531,2.1,7.6014,13208.807,6.05,7.5732,15313.09,17.82,,,,7.6464,9395305.884,98.46,,,,,,,2.8219,49573.181,57.15,7.7282,52806.262,12.08,7.7495,10034.384,0.43,7.7488,40896.979,2.38,7.7466,17274.579,59.28,7.8055,1904768.282,99.13,,,,7.936,25601.22,0.46,,,,,,,8.1585,49430.538,28.86,2.856,11254.863,1.09,7.8683,20995.676,1.74,,,,,,,8.2618,15675.316,1.51,7.8615,62083.51,4.54,8.0498,167803.106,63.01,8.071,49102.687,82.16,,,,7.9035,98503.178,36.99,8.338,23764.549,1.62,2.8724,43486.328,64.15,8.324,34512.121,1.73,8.1403,219724.185,16.07,8.144,68252.957,5.64,,,,8.2252,12177.763,1.01,8.2453,50119.202,15.78,8.4443,13638.299,0.58,,,,,,,8.327,141324.654,54.77,,,,,,,,,,,,,8.3807,76778.802,27.21,8.4115,102108.75,1.54,8.514,827166.202,48.23,,,,,,,8.5168,3326111.22,59.17,8.576,549719.586,93.03,2.9948,45924.861,67.83,8.6216,62318.76,21.19,8.7568,54153.873,1.82,8.701,6467075.9,97.36,,,,8.7565,224881.618,29,8.7533,121324.593,7.07,8.757,12874.157,12.98,8.8138,369313.527,56.81,9.1271,10276.927,5.43,8.3159,45186.767,3.07,8.8772,315355.028,72.14,2.9963,15521.16,3.06,8.9072,20703.28,1.71,8.902,12056.171,0.21,,,,,,,8.9576,120971.438,33.26,,,,9.0314,122386.33,33.65,9.113,10005.945,8.17,9.1301,12810.369,1.65,,,,3.1407,42406.38,34.19,9.2624,26674.341,1.56,,,,9.1962,1628711.792,81.51,9.1945,1610517.542,95.72,9.2029,1761633.198,100,,,,9.2173,174195.832,60.85,9.2641,1505482.719,96.89,9.2705,850340.989,100,9.2645,107376.223,10.37,3.1717,147874.351,69,9.2639,502476.266,41.53,9.0036,11726.084,5.37,9.336,13386.803,3.17,,,,9.3979,166911.883,13.8,,,,9.4269,85122.518,30.16,9.1883,130261.691,54.21,9.4824,69195.716,8.92,,,,,,,3.2281,16395.151,3.88,3.3206,257528.48,76.66,3.3164,693630.416,93.56,3.3969,244555.018,47.35,3.4042,28694.609,9.2,3.5039,27587.48,1.3,3.5065,88639.821,7.88,3.539,91240.398,54.31,3.5634,14179.885,17.86,3.6727,13735.916,0.96,3.7158,558206.361,91.62,,,,,,,3.9037,92452.789,28.03,3.95,33606.368,75.63,3.9476,24976.016,28.52,,,,4.082,32376.074,5.35,4.1562,10329.007,2.21,4.0621,137845.652,50.74,4.0735,316592.562,66.3,4.1051,64728.638,19.73,,,,4.1893,120800.781,8.76,4.2038,193170.595,8.23,4.2057,234343.094,71.01,,,,4.1605,71894.396,34.68,4.2407,469262.964,84.34,4.341,25289.443,4.18,4.3522,31750.31,2.22,4.3805,56320.207,2.61,,,,,,,,,,,,,4.4434,50993.67,0.53,4.4665,203280.732,43.48,,,,,,,4.5984,411344.804,8.63,,,,,,,4.5983,585477.511,27.67,,,,4.6179,34173.044,19.95,0.927,25271.126,13.65,,,,,,,,,,4.69,204383.819,4.26,4.7335,61820.576,36.36,4.8617,11813.429,2.77,,,,4.7617,44426.901,65.1,4.7948,2247506.766,46.79,,,,0.9188,49830.82,100,4.9502,11395.778,0.15,4.9015,1839863.425,38.3,4.8377,32683.248,2.22,,,,,,,5.0353,14723.056,42.06,5.0354,97418.365,16.1,5.0299,41287.667,7.92,,,,5.1534,11142.816,1.84
219_2012_T_2n,P2-C3,1,1.2808,11015.753,17.41,,,,5.0625,23787.997,0.65,,,,,,,5.1645,18516.65,11.53,,,,5.1896,36910.71,14.1,,,,,,,1.3025,229076.231,51.63,,,,5.2197,15129.336,18.18,5.1788,26684.2,5.23,,,,5.3369,75942.187,0.31,5.3377,67592.11,2.67,,,,,,,5.3991,13087.134,8.21,1.6583,181080.902,16.11,,,,5.452,71895.887,3.15,5.4527,343489.612,29.02,5.4606,392197.539,46.81,5.4641,34614.198,3.03,,,,,,,,,,,,,,,,1.6549,162740.926,100,5.5861,529147.942,85.95,,,,5.6157,304547.523,55.5,,,,,,,,,,5.6918,31033.442,0.13,5.7189,273090.07,25.29,5.7127,49095.212,9.59,,,,,,,5.7259,22800.054,2.68,5.6766,142947.707,12.52,,,,,,,5.8245,177478.826,4.85,,,,5.8311,17917.505,45.82,,,,,,,,,,6.0238,22009.924,2.36,6.0386,212532.074,19.77,,,,6.0598,46477.44,4.86,,,,6.1026,66320.523,5.9,6.0714,14298.741,17.87,6.1038,20961.762,2.92,6.1405,92133.839,68.51,,,,,,,,,,,,,6.2241,58326.39,1.59,,,,6.2826,32167.199,6.28,6.2768,63936.811,6.86,,,,6.3114,34988.311,1.7,6.3618,47115.294,47.66,6.368,26134.969,2.09,2.0439,60679.625,80.07,,,,6.4142,1119746.745,52.33,,,,,,,,,,6.4433,45054.434,8.83,,,,6.5822,31726.65,33.42,6.5385,11240.554,3.66,,,,2.214,12093.251,13.81,,,,6.6349,420623.254,36.83,6.6482,1448018.779,70.25,,,,6.7293,18765.628,15.08,,,,,,,6.7296,1319418.562,46.97,,,,6.6628,10314.057,2.02,2.1987,40235.175,46.66,6.7309,492959.673,19.45,,,,,,,6.8024,10834.359,18.37,6.8887,325946.19,12.86,6.8921,11454.834,27.61,6.8836,13114.971,9.11,,,,,,,6.9332,14227.339,0.69,,,,,,,6.9891,22773.977,38.39,,,,,,,,,,,,,7.0311,16255.106,0.58,,,,7.095,72400.639,100,7.1261,18220.909,5.59,2.433,14833.145,33.65,,,,7.0723,43317.498,5.1,7.1595,98838.953,68.65,,,,7.1589,20535.29,6.69,,,,7.1464,17009.874,0.07,7.1853,20757.408,40.96,,,,,,,,,,7.3772,158681.516,48.68,7.3826,195372.427,13.25,7.3148,604287.784,56.22,7.3762,27890.456,29.93,,,,7.4908,97501.993,9.07,7.4449,13905386.63,56.8,,,,7.4909,21057.129,44.76,7.4981,43858.856,45.74,2.5913,102580.405,100,7.4444,768112.738,100,,,,,,,7.4407,394528.187,26.76,,,,7.5735,39074.223,26.28,,,,,,,,,,,,,2.8319,247794.236,88.69,7.7488,11411.824,8.13,7.7331,10627.054,0.04,7.7509,48847.698,7.83,,,,7.8243,2429081.848,98.32,,,,7.9408,20540.282,0.56,,,,,,,8.174,26413.482,22.7,2.8773,18543.281,6.04,,,,8.0488,114307.665,17.36,8.0446,23439.165,0.1,,,,8.0352,26661.863,3.14,7.9367,43912.772,16.68,,,,,,,8.0933,29354.154,11.15,8.1178,34898.049,2.37,2.8871,20603.937,100,8.3366,17073.653,1.36,8.1061,10647.486,1.25,,,,,,,,,,8.2622,76007.87,28.97,8.3009,96202.715,0.39,8.3871,13764.216,14.35,,,,8.3416,103859.465,31.86,3.0417,42441.925,36.48,,,,,,,,,,8.4002,114476.715,49.63,8.4251,50136.74,0.8,8.5075,135680.04,21.75,,,,,,,8.5085,278167.108,7.6,8.6039,361632.52,80.76,3.0036,39474.032,100,,,,8.5098,117236.267,16.44,8.7188,6146972.642,98.23,,,,8.7785,35026.352,6.46,8.9072,114936.636,18.42,8.884,18282.837,2.78,8.8242,198544.079,43.24,,,,8.2778,13538.531,0.92,8.8986,29464.594,20.99,2.9935,37122.133,37.7,8.7705,11006.903,1.02,8.9032,654589.155,17.88,,,,,,,8.9712,75325.058,36.62,,,,9.0466,95806.683,46.57,9.2016,12467.052,21.17,8.8835,44115.597,8.14,,,,3.1485,137768.639,60.54,9.2653,39975.949,6.41,,,,9.2163,993124.349,79.34,,,,9.2211,1107649.47,100,9.2147,1138083.405,100,9.2411,83169.153,100,9.2846,1154939.832,100,9.2861,694564.656,100,9.2804,74765.305,24.34,3.1778,74573.573,100,9.2842,413426.254,38.38,,,,9.3788,30701.297,6.2,9.4218,10375.638,3.38,9.4235,296546.693,27.53,,,,9.4533,32631.872,14.15,9.6829,408289.366,63.54,9.5055,10931.073,2.02,3.1364,23525.137,14.75,,,,,,,3.3171,48868.929,6.8,3.3288,483866.248,91.78,3.4122,260709.263,100,3.3925,100652.399,44.07,3.4826,54424.861,1.94,3.5155,167068.191,14.86,3.5552,69739.155,23.9,,,,3.6624,115262.009,10.23,3.7279,347901.947,89.8,,,,,,,,,,3.9696,35235.492,59.29,3.9617,15950.551,28.65,,,,4.0213,92119.13,9.62,,,,4.0758,191597.666,53.01,4.0911,16057.29,9.75,4.1168,87056.753,19.38,,,,4.198,245722.716,22.75,4.2118,253362.603,1.03,4.2187,286894.026,56.2,,,,4.2392,12341.604,6.45,4.2549,321405.328,83.83,4.3453,81096.625,8.47,4.3433,40847.692,3.62,4.4036,50176.82,2.34,,,,,,,,,,,,,4.4602,20889.452,19.55,4.5111,37580.777,12.18,,,,,,,4.6059,83549.059,3.3,,,,,,,4.6005,103739.42,3.69,,,,,,,0.9261,48271.927,19.56,4.5977,10512.373,2.91,,,,,,,4.7065,43060.159,1.88,4.7385,137590.05,72.45,,,,,,,4.7758,23627.007,14.82,4.8113,1073404.266,46.97,,,,0.9244,52274.215,82.59,,,,4.9184,950707.997,41.6,4.8505,24867.98,1.69,,,,,,,,,,5.0388,408552.808,42.68,,,,5.1352,10252.513,3.34,,,
225_2012_T_2n,P2-D2,1,,,,,,,5.0689,45702.399,1.61,,,,,,,,,,5.298,13344.882,11.57,,,,,,,,,,1.3057,238270.473,37.19,,,,,,,5.1863,46519.734,36.94,5.379,11055.287,1.01,5.2646,11115.115,0.11,5.345,1641914.276,35.52,5.4537,13765.627,7.55,,,,,,,1.653,78178.366,14.41,,,,5.4504,123218.073,4.51,5.4592,23465.67,3.36,5.4793,35087.773,17.96,5.4723,4975134.451,92.19,,,,,,,,,,,,,,,,1.6747,60438.412,32.12,5.5905,615487.107,95.53,5.6188,12723.748,16.79,5.6195,76476.66,3.82,,,,,,,,,,5.6858,72574.728,0.73,5.7125,139923.722,20.99,5.7097,17981.729,2.1,,,,,,,5.7394,46825.13,8.63,5.683,30390.854,0.56,,,,,,,5.8236,142279.65,5.01,,,,5.8384,39477.277,100,,,,,,,,,,6.0146,110831.566,10.72,6.0367,135537.903,20.09,,,,6.0596,74327.18,10.91,,,,6.0924,71955.638,13.26,6.0667,16149.814,24.58,6.1113,55491.16,6.43,6.1415,69409.505,70.33,,,,1.9853,15461.765,13.4,6.1846,20850.895,1.95,,,,6.2198,65091.447,2.29,6.2124,128427.463,69.7,6.2715,214542.758,25.03,6.2722,124340.473,12.02,6.2067,15786.846,17.21,6.3133,334902.358,54.55,,,,,,,2.0366,18174.493,100,,,,6.4167,600917.017,35.59,,,,,,,,,,,,,6.583,13400.762,1.78,6.5857,40784.447,28.2,6.6681,24003.746,4.21,,,,2.2007,224156.122,53.5,,,,6.637,184886.601,3.43,6.6405,166964.583,27.2,6.6574,82423.921,34.4,,,,,,,,,,6.781,705416.101,33.56,,,,,,,2.2032,325539.401,86.46,6.7881,1508528.797,32.64,,,,,,,6.8877,85634.929,66.92,,,,6.8918,179471.974,80.91,6.9423,321985.833,77.78,,,,,,,,,,,,,6.8965,32225.812,13.19,6.9904,22477.236,40.46,6.9905,10945.523,51.93,,,,,,,,,,7.0953,51724.665,2.46,,,,7.0955,32590.245,100,,,,,,,,,,7.1471,94327.928,17.38,7.1683,15015.645,3.63,,,,7.1696,132557.105,23.22,,,,7.1406,26964.252,0.27,7.1977,52327.62,63.38,,,,,,,,,,7.3846,48030.112,41.98,7.3808,61877.544,5.65,7.3873,20745.961,3.07,7.4942,53141.832,28.53,7.5475,78444.079,20.91,7.4322,42531.986,6.3,7.4531,8964219.833,90.22,,,,7.4884,15981.006,14.05,7.4986,181855.48,76.3,,,,7.4517,199871.541,100,,,,7.5494,14169.58,7.48,7.4462,174439.091,15.94,,,,7.5891,51869.491,42.25,,,,7.6584,5558393.023,95.46,,,,,,,2.8358,441691.813,82.19,7.7408,15768.396,3.91,7.6613,23357.474,0.24,7.7446,52252.273,11.11,,,,7.8245,1686293.637,97.57,,,,7.9461,10672.938,0.38,,,,,,,,,,2.8752,16922.298,2.96,,,,8.0414,89662.319,23.15,,,,8.2333,14971.893,2.62,7.884,11583.348,2.13,8.0691,44956.996,55.47,8.0784,43290.955,59.1,,,,,,,8.0936,39200.891,3.58,2.8682,44085.046,100,,,,8.1571,10495.015,1.93,,,,8.2589,11166.046,2.67,,,,8.2719,61728.036,38.74,8.3144,18260.441,0.18,,,,,,,8.3531,48044.231,42,,,,,,,,,,,,,8.4019,124887.744,74.87,8.4332,128941.318,2.24,8.5275,139125.375,29.58,,,,,,,8.5206,353051.586,12.43,8.6167,229347.027,83.49,3.0065,21604.276,100,8.646,84813.583,8.41,8.5251,244187.53,59.3,8.7231,5605935.888,97.58,,,,8.7768,32599.162,14.45,8.6747,19173.826,4.08,8.8781,14164.159,3.66,8.8317,346805.444,58.64,,,,8.3413,14409.768,1.32,8.8992,371851.56,92.22,3.019,13403.596,7.07,8.9255,10034.23,0.94,8.6798,24487.17,0.86,,,,,,,8.9796,99605.366,36.6,,,,9.0451,114638.316,42.13,9.2086,14499.135,13.49,,,,,,,3.1516,19682.851,9.55,9.2691,15440.556,3.28,,,,9.2102,299844.831,45.85,,,,9.2181,69589.605,100,9.214,227208.143,100,9.2385,160705.355,73.76,9.2867,1905056.315,100,9.2872,1367080.381,100,9.283,132447.504,23.21,3.1745,21098.938,42.6,9.2799,670432.049,62.71,,,,9.3724,99191.817,21.51,9.5058,15677.064,2.75,9.4238,113037.125,10.57,,,,9.4553,26474.637,15.87,9.5574,10579.232,1.6,9.6296,14259.62,6.32,,,,,,,,,,3.3341,77330.631,8.96,3.3314,280295.521,84.12,3.4196,637062.45,86.84,3.3915,24211.126,10.23,3.4687,66740.221,3.18,3.5169,114228.522,21.05,3.5551,53553.292,84.15,,,,3.6586,82948.256,6.79,3.73,657868.582,93.21,,,,,,,3.9176,45372.719,9.62,3.9673,39586.2,43.22,,,,,,,4.0846,124416.462,18.27,4.1513,10849.105,3.43,4.0725,436801.249,57.98,,,,4.1156,126056.503,28.14,,,,4.1909,131625.861,19.75,4.2141,53946.683,0.54,4.2058,37153.004,29.5,,,,,,,4.2567,257548.549,83.23,4.3659,12652.994,1.86,4.3527,22842.295,1.87,4.4009,82225.296,4.87,,,,,,,,,,,,,4.4631,119977.943,2.06,4.4775,120580.78,38.1,4.5525,10437.075,0.11,,,,4.6096,358516.329,7.76,,,,,,,4.6033,539966.822,25.69,4.6032,11315.928,6.08,4.6291,75141.965,65.13,0.9225,45993.042,40.16,4.5979,36357.829,4.83,4.6396,14492.081,3.86,,,,4.7093,63524.948,2.32,4.7421,148938.546,82.38,,,,,,,4.7765,11335.229,14.96,4.813,1228719.674,44.94,,,,,,,,,,4.9205,1109918.448,40.59,4.8559,42711.289,3.9,,,,,,,5.0427,19695.463,42.14,4.9399,31960.914,4.69,5.0408,44616.283,18.27,,,,5.0429,85080.015,12.49
225_2021_T_2n,P1-D8,1,1.277,37766.039,54.14,,,,,,,,,,,,,,,,5.2924,36309.92,8.36,,,,5.2136,14645.659,1.74,5.1978,34828.244,9.21,1.3147,236273.412,27.74,,,,5.207,74380.537,81.43,5.1768,49264.725,32.18,,,,5.3038,12310.138,0.13,5.3429,1600986.977,36.06,5.4586,15916.836,6.62,,,,,,,1.6554,145262.179,21.44,,,,5.4278,114088.386,3.53,5.4513,46645.599,5.7,5.4715,114892.895,32.31,5.4671,5006700.074,89.37,,,,,,,,,,,,,5.5434,10496.313,2.42,1.6684,152732.52,62.22,5.5727,366358.312,96.39,,,,5.6102,75142.581,2.93,,,,5.8085,19038.998,12.44,5.8136,16058.257,1.54,5.6825,39493.368,0.41,5.712,77294.652,9.37,5.7251,10893.916,0.9,,,,,,,5.7487,93004.383,15.33,5.7313,15743.193,0.28,,,,,,,5.8269,68264.274,1.12,,,,5.8247,31672.556,72.04,,,,,,,,,,6.0078,70588.748,11.43,6.0329,135644.828,20.04,,,,6.0513,84249.137,12.1,6.2232,68413.335,14.96,6.0905,97853.773,14.44,6.0736,10735.456,18.26,6.0956,27584.936,8.84,6.1338,225512.762,75.07,6.136,11695.321,2.56,,,,6.1652,32699.561,3.08,,,,6.2083,73457.133,1.2,6.2062,110682.721,72.86,6.2624,194427.861,16.05,6.2521,15072.976,2.44,,,,6.3091,430340.485,51.08,,,,6.3682,14503.238,2.23,2.029,54425.96,71.03,6.3227,28057.534,6.14,6.4089,526926.049,40.08,,,,,,,,,,,,,6.5527,26641.952,5.4,6.5739,220612.635,60.6,6.6569,103329.162,9.9,,,,2.1966,184870.918,59.07,6.5344,13760.688,1.35,6.6297,187121.992,3.34,6.6414,239659.681,28.44,6.6461,96402.929,30.29,,,,,,,,,,6.7802,448913.645,29.59,6.7974,26015.413,100,6.7781,12005.494,7.84,2.1964,236478.506,83.56,6.7758,764057.225,17.21,6.8552,10704.267,10.64,,,,6.8891,107775.369,50.3,6.9138,47567.75,1.07,6.8863,234994.493,59.58,6.9356,333503.826,84.51,,,,,,,,,,,,,6.8862,60624.029,10.91,6.9786,44417.102,100,6.978,11121.669,47.61,,,,,,,,,,7.0863,45619.944,3.01,,,,7.0819,22215.671,100,,,,,,,,,,7.1402,45487.209,7.5,,,,,,,7.1506,429604.547,41.16,,,,,,,7.1806,45564.326,48.87,,,,,,,,,,7.5314,17963.259,25.25,7.4396,189082.093,18.55,7.3558,31366.635,4.63,7.4823,71599.525,15.66,7.5334,101402.388,25.04,7.4236,169100.574,24.98,7.4394,8993444.934,93.07,,,,7.4775,14844.689,17.67,7.4836,31900.54,27.14,,,,7.4411,196632.229,89.85,,,,7.5549,81109.649,20.5,7.5521,10822.164,1.06,,,,7.5687,39312.528,36.38,,,,7.647,7438069.325,97.28,,,,,,,2.8226,66746.65,45.27,7.7402,64134.884,10.39,7.6442,16658.468,0.17,7.7396,52809.025,4.17,,,,7.8076,1355654.185,95.62,,,,7.9376,51095.88,0.84,,,,,,,7.8278,37124.26,8.55,,,,7.8807,13896.786,1.31,8.0349,25406.736,9.48,8.2119,13310.114,0.14,8.2011,23361.835,2.24,7.8623,46442.057,7.65,8.0558,80442.933,37.17,8.0698,49800.993,68.31,,,,7.9177,67561.047,31.22,8.0825,22680.348,2.23,2.8869,14674.277,100,,,,8.1469,105316.492,17.36,8.1444,37016.23,3.49,8.0891,11830.108,3.78,,,,8.2564,35841.512,20.79,8.2798,67063.388,0.69,,,,,,,8.3345,42676.947,59.99,3.0383,10827.672,2.49,,,,8.2303,24407.984,1.93,,,,8.3822,106819.382,52.42,8.4113,128102.384,2.29,8.5181,955308.646,75.52,,,,,,,8.517,4119785.752,67.53,8.6007,250982.484,87.36,2.9973,85544.695,100,8.6272,94325.839,11.24,8.7118,18123.207,0.7,8.702,5422080.088,96.91,,,,8.7574,44588.076,12.12,8.7533,22646.823,1.79,8.8736,10673.263,3.98,8.8203,171423.856,30.65,,,,8.3375,17832.625,1.75,8.883,429090.9,69.54,3.0007,24356.444,6.16,8.9151,13682.671,1.29,8.8975,10947.974,0.18,,,,,,,8.9607,120901.851,32.65,,,,9.0349,160776.591,43.42,,,,8.8844,16866.834,4.58,,,,3.1587,16635.824,17.13,9.2439,24245.056,1.92,,,,9.1989,361676.961,55.58,9.2024,347388.877,92.6,9.2051,128011.549,100,,,,9.2226,198441.777,70.47,9.2712,1845837.417,100,9.2732,1261060.47,100,9.2645,148491.106,14.23,3.1757,83128.407,81.72,9.2698,670746.444,63.23,,,,9.3497,18815.073,7.21,,,,9.4071,134908.328,12.72,,,,9.4378,23119.111,11.35,9.667,175305.419,35.35,9.4805,10135.752,2.76,,,,,,,,,,3.3275,52417.485,16.79,3.3215,263410.337,75.59,3.4043,601687.768,89.15,,,,3.4699,42777.589,2.82,3.5108,79879.838,11.79,3.5429,81869.654,75.64,,,,3.6643,36567.589,3.18,3.7216,682771.805,90.46,,,,3.8716,11104.629,0.97,3.9011,60063.515,13.98,3.9582,52510.364,60.28,3.9484,57727.115,63.97,,,,4.0928,48929.429,7.03,,,,4.0668,316541.53,64.15,4.0806,173565.553,67.18,4.103,48156.612,29.73,,,,4.1896,26873.466,3.26,4.2054,38333.914,0.4,4.2094,51651.921,33.74,,,,4.2291,15528.616,15.85,4.2408,281914.677,69.2,4.3471,49584.535,7.12,4.3597,69394.22,6.04,4.3889,107386.538,8.17,,,,,,,,,,,,,4.4466,94753.393,1.24,4.4722,130810.019,31.25,4.6122,23527.996,0.24,,,,4.608,143385.063,3.23,,,,,,,4.6052,222575.815,14.67,,,,4.62,234849.143,54.09,0.9276,13714.81,16.27,4.6053,30107.918,6.1,4.6178,35988.386,8.89,,,,4.6989,75630.879,2.34,4.7236,13982.381,12.85,,,,,,,4.7672,30124.091,68.08,4.7991,1535879.729,47.57,,,,0.919,31983.973,45.86,4.9515,25149.837,0.45,4.9113,1233446.533,38.2,4.8453,18354.839,1.8,,,,,,,5.0386,139007.8,68.58,5.039,47660.714,6.85,5.0351,146259.595,26.33,,,,4.9209,26668.179,3.83
229_2012_T_4n,P2-D10,1,,,,,,,,,,4.9972,10133.464,0.06,,,,5.1574,13074,6.85,,,,,,,,,,5.1886,12417.367,4.43,1.3059,317025.184,38.82,5.2168,116150.396,7.13,,,,5.1878,28380.358,8.59,5.227,12377.839,0.21,5.4331,21623.763,0.96,5.3471,276218.002,8.2,,,,5.2279,10439.439,0.06,,,,1.6465,80841.913,5.87,,,,5.4478,134778.593,4.62,5.4607,117107.052,10.34,5.4672,135184.422,21.58,5.4849,26511.342,22.24,,,,,,,,,,,,,5.68,14520.367,0.84,,,,5.5869,680671.549,100,,,,,,,5.6358,11222.069,0.21,5.7952,56438.989,17.09,,,,5.696,28199.7,1.25,5.7088,497952.475,24.87,5.7068,79412.008,4.93,,,,,,,5.7412,175733.535,13.06,,,,5.7505,18022.083,27.9,5.7182,11734.817,0.07,5.8225,146606.865,6.83,5.714,20426.291,0.38,5.8402,54723.47,84.26,6.0149,5725270.006,34.79,5.9575,613533.012,58.57,,,,6.0034,110361.394,7.71,6.047,149989.156,10.55,5.9592,22022.439,6.67,6.0677,58758.255,8.88,6.018,1710344.073,31.52,6.0982,214599.833,15.58,,,,6.1095,38775.368,11.61,6.1419,118745.853,22.94,6.1761,99357.42,1.83,,,,6.1762,1021823.341,10.56,6.1689,13690.607,4.68,6.215,53598.559,2.5,6.2098,149979.143,78.73,6.2691,411003.31,25.51,6.2676,364050.574,25.43,6.2153,17750.059,21.52,6.3138,588775.014,36.03,6.3528,40522.534,21.27,6.3701,183288.051,9.02,,,,6.354,57984.254,1.07,6.4215,544036.086,29.51,,,,6.6806,23650.285,26.41,,,,6.5353,27005.038,8.18,6.5677,182348.142,1.11,6.5751,18450.807,28.31,6.6604,15527.258,0.5,6.5683,10328.515,0.1,2.1881,480484.602,52.56,6.6032,255233.037,4.36,,,,6.6415,573894.725,35.12,,,,,,,,,,6.7352,1958130.072,11.9,6.7262,115069.022,5.07,6.7509,18058.168,8.77,6.7797,15114.775,4.58,2.1942,541833.634,61.19,6.7849,420651.95,12.49,6.8439,177458.54,1.78,,,,6.8947,160118.59,75.61,6.8735,164187.079,4.87,6.8905,144748.108,49.51,6.9407,220558.548,66.84,6.9332,257732.829,1.57,,,,,,,,,,6.883,32806.002,23.18,,,,,,,,,,,,,,,,7.0948,107389.132,4.73,7.1577,191571.462,1.16,7.0957,15083.805,2.88,7.1197,19455.946,1.51,2.4205,11858.585,18.42,,,,7.1416,81324.338,6.04,7.1595,28516.831,8.64,,,,7.1666,15563.498,0.5,7.249,28513.714,31.84,7.121,11691.973,0.52,7.1977,39381.641,10.61,,,,7.4139,21762.883,0.1,,,,7.4423,14705.798,1.14,7.4543,31130.88,0.53,7.3189,423303.95,29.77,7.2937,29540.577,0.54,7.4502,56275.831,5.37,7.431,304374.697,21.4,7.4504,207018.806,9.17,7.4908,325918.853,75.96,,,,7.4959,104560.471,1.06,2.5842,73126.677,21,,,,,,,7.5587,18312.151,11.07,7.5961,236003.638,4.03,7.6154,96950.725,0.98,7.5881,117859.798,52.16,7.5953,17110.235,18.77,7.6563,37379.168,7.65,,,,7.9092,28492.54,0.29,2.8322,105363.786,50.21,7.7499,36966.163,4.06,7.7416,18315.104,0.81,7.7619,66297.583,0.3,,,,7.8215,4494189.566,98.17,7.901,389125.038,2.36,7.9301,14335.023,0.67,7.9985,208976.206,100,7.9817,314326.32,5.37,7.9946,374104.005,21.61,2.8756,20555.053,0.66,7.9838,413505.425,4.27,7.9858,13215.789,5.91,8.0488,34920.833,1.55,7.9819,54176.062,1.74,7.8781,16079.852,1.2,8.067,61257.82,39.9,8.1169,115519.968,2.04,8.1074,518196.716,3.15,7.9489,30308.435,19.74,8.0931,131369.271,2.24,2.876,61971.449,42.67,8.1479,11168.949,0.55,8.1635,13115.915,0.97,8.1398,126831.725,1.31,8.2579,56187.244,6.15,8.2976,39194.811,0.4,8.2654,64447.845,1.97,8.3157,36322.839,1.61,8.2989,190557.556,1.93,,,,8.3779,71631.206,5.56,,,,8.3667,92092.129,21.24,,,,8.3932,268235.635,100,8.3935,383922.839,52.73,8.4302,441186.791,20.04,8.4613,234195.008,1.06,,,,8.5153,248391.678,19.28,8.5113,47945.954,2.23,8.5894,475854.052,57.61,2.9963,32555.553,20.87,8.6371,317323.095,13.94,8.5385,49657.821,26.47,8.7148,1749507.685,79.45,8.7505,12769031.46,99.17,8.777,11308430.25,50.39,8.7395,18535968.59,84.14,8.8735,45530.576,20.35,8.8342,214706.139,79.37,8.7527,152813.93,22.77,8.3754,18865.844,0.32,8.8982,822980.255,90.32,3.0032,36450.733,22.03,8.8934,1685368.428,17.41,8.8929,68050.722,3.17,8.9422,3507322.861,62,8.9422,5201398.89,31.6,8.9725,444382.826,27.3,,,,9.0518,470106.844,28.88,8.9854,12098.347,2.21,9.1113,55246.053,0.25,,,,3.1514,97361.233,63.29,9.1897,32263.47,0.15,,,,9.2177,43343.684,2.13,,,,,,,9.2161,61221.764,47.65,9.2362,43248.363,33.05,9.2816,703132.714,86.84,9.2829,209941.097,100,9.2871,550487.51,17.67,3.1806,64689.446,60.16,9.2888,2593109.726,26.79,9.2906,3355353.382,34.02,9.3747,37474.425,3.48,9.4384,948503.697,30.45,9.4308,1685525.572,17.41,9.4323,3002785.005,30.45,9.4612,39290.861,5.4,9.5247,29529.7,1.73,9.4859,19224.484,0.09,,,,,,,3.2338,47387.221,4.4,,,,3.3301,104335.792,24.61,3.4043,317895.972,43.83,3.4072,66090.599,28.74,3.5056,18085.943,0.8,3.5111,481340.755,34.93,3.5468,43625.911,34.9,3.574,96252.892,70.55,3.6661,126181.546,7.46,3.7266,1133824.119,94.99,,,,,,,,,,,,,,,,,,,4.025,35276.83,5.33,,,,4.0684,308114.51,1.87,,,,4.1042,341819.578,66.88,4.1294,650112.462,98.04,4.1934,440728.341,22.01,4.218,29383.902,1.3,4.2196,28768.496,8.71,,,,4.1463,46406.458,22.46,4.2573,748811.7,73.72,4.3373,43007.682,6.5,4.3443,21596.688,1.28,4.4104,236207.525,12.81,,,,4.4224,17509.234,0.11,,,,,,,4.4557,35583.043,7.28,,,,4.5071,24705.422,1.09,,,,4.6033,614496.01,18.24,,,,,,,4.6023,849388.403,37.4,,,,4.6317,28530.923,1.65,0.9221,55509.644,24.55,4.6522,14113.898,0.09,,,,4.6988,98104.747,6.03,4.7089,68208.786,2.34,4.7327,135719.895,51.79,,,,,,,,,,4.8152,1206391.131,41.33,,,,0.9112,11727.621,10.3,,,,4.9191,1151726.755,39.46,4.8516,17030.208,0.29,4.9,50490.402,2.92,,,,,,,5.0376,173481.246,26.22,,,,,,,,,
229_2021_T_4n,P1-B7,1,,,,5.1109,18752.23,10.26,,,,,,,,,,,,,5.2845,11633.409,0.35,,,,5.2187,19187.307,0.74,5.1811,73829.6,12.91,1.3067,429409.582,31.91,5.2056,136909.836,8.09,,,,5.1645,43722.194,5.84,5.2666,77241.673,0.73,5.1743,12714.447,0.93,5.3443,286583.943,10.63,,,,5.3817,27387.321,0.1,,,,1.6476,99024.328,4.97,,,,5.4231,129713.122,3.42,5.4583,277221.329,16.11,5.4627,328221.314,34.2,5.4682,10267.697,5.53,,,,5.5674,14838.29,0.16,,,,,,,5.5204,22113.964,0.67,1.6517,72378.33,12.49,5.5621,562039.951,96.25,,,,,,,5.6536,135883.462,1.4,5.7824,67260.159,8.98,5.8011,24730.639,0.84,5.6562,38933.349,2.85,5.6984,278707.256,12.81,5.7145,22162.189,1.06,,,,,,,5.7427,491094.163,17.72,5.8498,13893.468,7.48,5.8789,15445.673,8.83,5.6628,52339.928,0.2,5.8236,56057.703,2.15,,,,5.8087,29950.175,73.88,6.0087,8328954.781,31.37,5.9447,730331.038,46.07,,,,6.0137,73094.172,5.41,6.0369,55999.618,3.43,6.1084,54117.268,7.22,6.0531,65684.552,10.12,6.006,2179894.895,22.51,6.0838,265486.015,13.33,,,,6.0822,49043.926,10.2,6.1247,240852.594,23.54,6.1686,162926.946,1.68,,,,6.1607,836553.821,8.75,6.1672,38981.302,10.96,6.2086,117254.529,4.49,6.2018,220187.842,76.81,6.2545,349693.551,16.72,6.2698,34837.649,2.58,,,,6.2987,821563.014,31.76,6.343,56291.206,19.64,6.3575,136718.438,4.54,2.0242,39900.187,43.74,6.3296,66810.935,0.69,6.4031,983695.887,44.9,6.5756,24631.514,3.89,6.4411,17296.148,4.48,6.3217,15719.509,5.58,6.5217,33425.334,4.46,6.5484,766464.709,2.89,6.568,259424.599,74.48,,,,6.5613,39120.071,0.39,2.1859,475184.528,55.6,6.5943,151052.517,1.44,,,,6.632,995374.319,38.48,,,,,,,6.5576,16183.893,6.22,6.7187,3015062.557,11.36,6.7113,20236.334,1.11,6.7834,46113.876,19.38,6.7622,75255.603,10.04,2.1903,689279.859,77.21,6.7745,224394.42,8.33,6.8356,91349.412,0.91,,,,6.8814,181302.087,41.84,6.8795,54371.056,2.02,6.8748,379917.059,39.71,6.932,390455.3,69.78,6.9277,322422.846,1.21,,,,6.9777,10574.905,0.41,,,,6.8791,58991.427,12.45,6.963,27024.694,0.66,,,,7.0157,42252.085,4.82,6.9833,24026.108,3.35,,,,7.084,66596.413,3.66,7.1392,270302.658,1.02,7.066,26167.449,4.2,,,,2.4276,22354.516,12.95,,,,7.14,134609.157,4.86,7.1557,59603.225,10.65,7.2803,37388.435,0.39,7.1442,26204.844,0.89,7.2361,103764.797,26.88,6.9925,13435.683,0.98,7.1812,22300.806,6.72,,,,7.396,16401.036,0.06,,,,7.441,13761.502,0.65,7.2941,13611.104,0.13,7.3036,162009.347,9.93,7.4769,471280.26,4.87,7.4335,94219.669,5.94,7.4204,739014.356,45.31,7.4328,322819.044,23.63,7.4754,1350472.865,87.9,,,,7.4781,39861.869,0.4,2.584,77159.461,21.88,7.5548,16851.566,1.73,7.5254,33415.53,39.78,7.5425,191313.436,21.83,7.5786,254347.123,2.42,7.5955,75552.113,0.75,7.5633,82492.518,22.1,7.5842,68007.665,61.47,,,,,,,7.8802,17386.909,0.17,2.8183,66950.271,35.65,7.7307,139727.24,8.98,7.533,21702.888,1.59,7.7562,14258.974,0.05,,,,7.799,5009279.799,98.68,7.8892,493739.122,1.86,7.9359,17296.376,0.66,7.9794,278063.119,95.45,7.9676,276176.895,2.63,7.9774,753780.699,22.68,,,,7.9624,354867.855,3.71,7.9764,22675.867,13.02,,,,8.071,35539.185,1.2,8.0468,23217.296,0.84,8.0485,124732.03,35.26,8.0983,191907.985,1.98,8.0903,945571.081,3.56,7.9022,67066.705,18.96,8.0719,280239.279,2.67,2.8712,116726.477,78.15,8.1404,36005.266,1.19,8.1399,279614.7,10.09,8.1007,501884.744,5.25,,,,8.3658,357934.759,3.74,8.2479,31508.682,0.59,8.4318,25870.452,1.89,8.2907,167816.298,1.68,,,,8.3625,154476.309,7.35,,,,8.3446,424634.251,43.49,,,,8.3754,325228.768,100,8.3707,302381.204,36.41,8.4061,593340.476,21.12,8.4459,233465.061,0.83,8.482,11322.592,0.67,8.4985,602905.373,28.68,8.5031,642217.568,24.6,8.5633,439257.6,74.82,2.9868,225606.574,61.25,8.6206,570937.46,21.39,8.5035,229568.611,51.11,8.6916,2215514.018,78.88,8.7289,13800961.12,99.11,8.7538,9281688.411,34.6,8.7256,22553223.3,80.38,8.8192,15563.384,8.93,8.811,239400.795,61.99,8.7455,149327.154,18,8.3543,16595.973,0.16,8.8774,1187999.546,76.36,2.9989,54570.522,6.23,8.877,1043266.785,10.91,8.9098,12121.417,0.46,8.9237,6728430.713,69.28,8.9262,9687370.055,36.49,8.9505,264758.679,15.65,,,,9.0317,442116.12,26.14,8.9277,10721.535,0.98,9.106,102858.327,0.38,8.9836,15574.281,0.92,3.1397,114767.811,44.28,9.2072,26634.166,0.09,,,,9.1949,91126.966,3.02,9.1968,129787.453,50.38,9.1952,14574.647,50.76,,,,9.2185,60636.349,32.51,9.2633,944098.849,80.5,9.267,248976.754,95.59,9.2714,350559.352,11.84,3.1668,148424.92,64.72,9.2712,1755989.995,18.36,9.2744,2227669.872,22.24,9.3547,30485.271,2.23,9.4123,1024451.937,34.61,9.4098,1934037.124,20.22,9.414,4044288.49,40.37,9.4295,38293.048,4.61,9.2083,14870.102,0.68,9.4558,59972.833,0.22,,,,,,,3.2274,113034.794,8.28,,,,3.3117,119650.169,30.61,3.391,488645.952,81.93,3.397,39556.654,24.98,3.4836,126912.101,6.98,3.5021,526135.439,26.41,3.5436,71668.314,38.23,3.557,276510.421,63.72,3.6429,52024.307,2.56,3.715,1327316.926,86.84,,,,,,,,,,,,,,,,,,,4.0217,36409.056,5.61,,,,4.059,250755.511,0.94,4.0734,59798.273,11.5,4.0881,378929.404,77.97,4.1164,1945938.504,96.39,4.1852,254252.097,11.69,4.1961,22259.233,1.63,4.2037,23741.729,3.17,,,,4.1482,56197.756,18.15,4.2327,816347.091,72.9,4.3533,108733.184,16.76,4.3509,159099.333,7.82,4.3845,271426.866,12.39,,,,4.3866,38437.414,0.14,,,,,,,4.4434,38480.523,11.13,,,,4.598,14441.196,1.06,,,,4.5954,281069.023,10.43,,,,,,,4.5987,431202.943,23.7,4.6634,14792.032,0.15,4.6165,182482.429,5.49,0.9219,30343.324,9.86,4.6529,37809.636,0.14,4.6171,30656.442,1.93,4.6814,73330.81,4.34,4.6808,178060.849,4.69,4.728,59776.788,17.91,,,,,,,4.7612,20711.61,3.27,4.7882,1717438.07,45.24,,,,0.9155,79799.379,37.75,,,,4.8974,1451389.664,38.23,,,,4.8848,101689.578,3.06,,,,,,,5.0295,76333.541,11.76,5.0281,19719.694,4.16,,,,,,
230_2012_T_2n,P2-D3,1,,,,,,,4.9721,10370.698,0.31,5.0724,10054.579,1.75,,,,5.1422,10946.867,5.5,5.2914,54280.242,24.89,5.1917,75327.078,41.73,,,,5.1821,19808.525,3.13,1.3076,362853.916,42.96,,,,5.2055,10484.026,17.7,5.1949,24496.143,2.97,5.1597,11325.281,0.44,5.2958,12017.686,0.19,5.3422,851506.819,17.21,5.4886,29804.2,11.77,5.4869,16287.469,2.83,5.4399,13848.39,3.56,1.6595,252483.843,17.36,,,,5.4449,202636.065,5.51,5.466,34524.675,2.49,5.4725,91402.31,14.91,5.4736,10591403.35,94.29,,,,,,,,,,,,,5.5499,30009.767,13.76,1.6486,100556.46,33.68,5.5882,659898.883,92.36,5.6124,15262.587,3.93,5.6127,20811.942,0.54,,,,5.7944,32364.114,3.93,5.549,13745.331,2.73,5.6795,228715.447,3.64,5.7096,219843.972,17.54,5.7126,46121.581,3.56,,,,,,,5.7467,218254.416,13.36,5.7415,11116.165,0.1,,,,,,,5.8297,248583.522,7.5,,,,5.8359,50604.082,64.76,,,,5.9635,17768.403,2.31,,,,6.0155,245063.316,13.5,6.0413,136241.336,8.37,,,,6.0549,156752.21,14.05,,,,6.0985,309364.044,21.27,6.0696,37362.333,17.9,6.1098,13802.719,2.25,6.1414,54170.374,36.18,,,,,,,,,,,,,6.2176,128629.461,3.88,6.2074,281582.696,63.48,6.2642,483320.585,37.33,6.2801,445180.013,24.52,6.2186,21543.544,20.35,6.3158,897695.096,51.11,,,,6.3754,25147.391,0.88,2.03,39555.187,25.27,,,,6.4146,1050788.507,47.66,,,,,,,,,,,,,,,,6.5858,16997.198,14.49,,,,,,,2.2026,188585.801,42.98,,,,6.6328,57038.072,0.51,6.6415,371536.796,21.15,6.6573,78448.081,33.12,,,,6.8842,11700.169,4.35,,,,6.7795,630214.246,25.12,,,,6.9756,44270.411,5.38,2.2014,279577.722,84.14,6.7825,1312741.489,26.53,,,,,,,6.8952,236710.581,93.66,6.9479,31036.367,0.63,6.8887,188741.69,44.37,6.9475,571075.833,75.93,,,,6.958,20679.833,23.68,6.9945,11130.385,0.63,,,,6.9092,13407.663,2.96,6.9921,51289.609,57.92,,,,7.0323,21153.582,8.81,,,,,,,7.0948,60990.593,2.43,,,,7.0951,109671.209,100,7.1303,13668.223,1.95,2.4233,61205.288,36.85,,,,7.1455,234194.133,14.34,7.1668,30404.913,4.04,,,,7.1583,34632.707,6.88,,,,7.2858,11913.38,0.19,,,,7.1549,10478.106,1.27,,,,,,,7.3823,359299.938,51.2,7.3832,523046.567,20.34,7.314,602490.554,37.03,7.381,63649.156,20.14,7.2882,14924.501,1.94,7.431,349955.227,21.51,7.4496,4502097.48,71.73,,,,7.488,113847.596,50.84,7.4931,108506.201,38.35,2.5937,92874.809,100,7.5515,10934.888,13.64,7.5418,14269.083,26.86,7.5438,10243.676,2.94,7.4488,68186.03,2.65,,,,7.5797,118833.543,31.02,,,,7.6574,10340220.44,95.66,,,,,,,2.8271,127105.136,37.83,7.7469,64929.216,55.74,7.7655,28836.688,0.46,7.7485,97746.649,10.55,7.7554,38794.253,44.41,7.8239,4161979.331,96.05,,,,7.9202,10688.664,0.32,,,,,,,8.1832,12582.661,5.77,2.8691,53287.758,10.59,,,,8.0418,282247.787,23.37,,,,,,,7.8668,44272.651,2.71,8.0718,87206.492,33.13,8.1527,10676.09,19.9,,,,7.9413,25556.196,9.71,8.1044,25544.924,0.99,2.8618,15997.767,16.49,8.0916,21967.441,0.77,8.1576,45189.048,2.77,8.1459,19831.939,1.17,8.2717,24906.567,5.68,,,,8.2664,234147.424,45.42,8.2997,11729.276,0.19,,,,,,,8.3413,233750.711,33.31,,,,,,,8.283,11256.306,1.21,,,,8.4008,358499.594,49.36,8.4269,70242.342,0.74,8.5213,62920.601,6.79,,,,,,,8.5196,188797.764,5.69,8.6091,452002.089,76.34,3.0116,17143.636,100,,,,8.6361,10229.416,0.9,8.7204,9339696.708,98.74,,,,8.7749,56874.656,11.68,8.7743,26073.943,2.81,8.7735,32709.663,2.71,8.8278,823096.468,57.06,8.7799,10411.23,6.51,8.2704,10745.532,0.42,,,,2.9998,92986.312,26.71,8.8013,22175.477,1.31,8.9121,39716.571,1.2,,,,9.0382,10968.982,1.91,8.9789,157231.998,30.64,,,,9.0512,213500.311,41.6,,,,8.9166,23483.882,4.82,,,,3.1515,146354.953,20.18,9.2556,28677.232,3.09,,,,9.2145,1802389.423,63.16,,,,9.2201,2043643.575,100,9.2125,1582505.554,96.36,9.2387,138291.13,52.72,9.2868,1192560.728,97.39,9.2892,727059.224,100,9.2834,92353.988,18.36,3.1795,81459.205,59.72,9.2804,490885.658,29.08,9.0049,27392.567,9.68,9.3716,213846.465,19.09,9.4226,13240.53,2.63,9.4231,624682.855,37.01,,,,9.4529,245538.53,33.8,9.3313,10305.212,0.76,9.3853,11922.882,2.45,,,,,,,,,,3.3268,398165.506,65,3.3376,337882.314,49.17,3.4058,541025.929,83.42,3.3976,44245.619,10.33,3.5039,101720.015,4.05,3.5153,221289.774,15.22,3.5509,116128.886,60.18,,,,3.661,116596.301,5.33,3.7314,790324.066,86.27,,,,3.8776,30072.64,1.38,3.9124,95849.623,8.61,3.9613,58925.287,47.82,3.9541,16711.782,100,,,,4.0864,14549.628,1.3,4.1525,13046.914,2.33,4.075,178868.544,31.12,,,,4.1049,207792.667,38.19,,,,4.1891,250768.818,20.01,4.2139,450669.921,7.18,4.2194,531172.513,64.5,,,,4.1657,16438.203,5.67,4.2554,392027.792,72.3,4.3573,48203.326,4.32,4.3568,22745.251,1.04,4.3963,73696.576,3.34,,,,,,,,,,,,,4.457,170301.14,1.58,4.4692,260245.295,46.44,4.5026,11345.128,0.18,,,,4.5997,646931.818,13.07,,,,,,,4.6059,728897.423,29.05,,,,4.6291,22280.448,10.22,0.9231,135571.66,44.61,4.6006,13183.892,2.29,,,,,,,4.7033,94906.063,2.58,4.7349,298762.063,77.06,4.762,20370.562,2.64,,,,4.7817,69064.707,17.77,4.8098,1619635.869,44.08,,,,0.9216,15680.089,13.77,4.7906,19507.282,0.17,4.9193,1522525.31,41.43,4.8509,150613.794,5.86,,,,,,,4.9622,14397.274,24.35,4.9186,19482.057,1.75,5.0375,15491.27,3.42,,,,5.0441,137665.924,12.34
233_2021_W_4n,P1-F8,1,1.2775,28882.206,28.4,,,,5.0595,10986.113,0.4,,,,5.1514,28697.022,4.81,,,,,,,,,,,,,,,,1.3087,360255.467,58.46,5.1685,12082.09,5.88,,,,,,,5.2831,14198.575,2.32,,,,5.3491,601016.579,22.73,,,,,,,,,,1.6551,19857.309,3.02,5.4225,398395.118,27.85,5.4373,57843.783,2.83,5.4548,151372.994,9.78,5.4631,232380.213,43.48,5.4751,33236.754,76.47,,,,5.533,539129.969,24.51,5.5327,524464.055,51.86,,,,,,,1.6603,10052.699,36.76,5.5858,104837.856,86.58,,,,,,,,,,,,,5.6812,184678.295,4.13,,,,5.7168,207567.738,17.27,5.7027,27920.4,3.71,,,,1.7216,363358.275,72.55,5.7065,26201.944,3.04,,,,,,,,,,5.8204,155780.788,5.64,5.8353,178140.665,12.3,,,,,,,,,,,,,6.0029,54740.966,10.32,6.0391,72323.908,10.53,,,,6.0593,18721.946,2.38,6.0689,260819.197,18,6.0959,47693.524,7.25,6.1318,17669.998,0.54,6.1034,45658.555,15.35,,,,6.1548,248645.628,17.16,,,,,,,6.0275,18701.316,100,6.2173,27937.88,1.01,6.2086,14039.301,27.35,6.2747,12171.589,1.62,6.276,16096.839,3.04,6.4133,10707.101,49.48,6.3052,174975.837,15.32,6.358,26048.393,50.75,,,,,,,6.4099,339273.174,23.42,6.416,814043.674,50.26,,,,6.6533,12176.25,100,,,,,,,,,,,,,6.5181,20132.8,0.45,,,,2.205,115885.318,36.19,,,,,,,6.6401,651347.984,57.04,,,,,,,,,,,,,6.7872,202918.864,17.15,,,,,,,2.2008,159705.986,46.96,6.7876,309010.811,11.69,,,,,,,6.873,13551.024,25.11,6.8771,218080.759,8.25,6.8986,61744.965,59.7,6.9388,94013.969,59.66,,,,,,,6.9575,32977.777,2.89,,,,6.9893,69807.85,5.09,6.9832,19546.714,27.24,,,,,,,,,,,,,6.8803,163194.702,13.79,,,,,,,,,,2.4383,17118.754,100,7.1304,10009.433,1.68,7.156,45236.475,5.26,7.1603,41380.838,26.26,7.1052,12399.938,0.86,7.1729,208658.637,4.67,,,,7.2668,12796.438,2.77,,,,,,,7.3633,320650.956,7.66,,,,,,,,,,7.3089,363567.215,52.92,,,,,,,7.4325,139168.387,20.26,7.4412,39298.188,8.49,,,,,,,,,,2.5901,59667.422,80.14,,,,,,,,,,7.596,11435.036,1.87,,,,7.578,29186.731,70.81,,,,7.656,53151.307,45.73,,,,7.869,23199.277,8.01,2.8332,72968.497,74.74,7.734,25699.321,14.83,,,,7.755,396090.537,9.47,,,,7.8248,1647387.324,98.72,,,,7.9508,21248.061,0.77,7.9907,61205.933,100,,,,,,,,,,7.8707,123791.64,5.63,8.1509,30107.954,1.34,,,,8.047,180317.774,4.03,7.8659,10800.234,1.25,8.0715,11531.968,1.22,,,,8.0345,20030.542,30.97,8.1694,104210.094,10.99,,,,,,,,,,,,,8.1697,14629.87,0.67,8.39,61406.317,19.17,8.2556,531057.822,24.15,8.2514,28931.206,7.46,,,,8.258,75053.622,25.92,,,,,,,,,,,,,8.3822,799004.487,19.09,,,,8.3915,74777.944,71.13,8.4149,43291.385,1.01,8.4883,1022479.38,24.43,8.4858,1653112.048,50.76,,,,8.52,1236234.685,44.74,8.5929,424290.903,97.64,3.0011,44369.958,75.39,8.6207,34576.092,4.19,8.6638,16870.687,2.71,8.7069,4213347.438,97.99,,,,8.763,66521.03,4.82,8.8083,127143.905,3.04,8.7497,18253.9,0.81,8.8222,437985.902,64.12,8.8825,13091.453,1.74,8.3444,10391.492,1.7,8.8899,115243.889,66.52,,,,,,,8.8976,33440.392,1.21,,,,,,,8.9682,11206.196,5.45,,,,9.0978,79991.524,38.92,9.064,13452.101,2.82,9.1435,27330.19,1.98,9.1048,780606.462,23.97,3.1534,38076.569,23.42,9.108,544874.992,13.02,9.104,40211.331,34.22,,,,9.1036,63297.898,62.25,,,,,,,9.2229,28808.372,100,,,,,,,9.3215,942600.704,21.08,3.1774,26323.398,100,9.3273,11746.707,0.53,9.1127,17655.934,6.1,,,,9.4029,564606.985,12.63,9.3896,160944.442,7.32,,,,,,,9.4876,73510.729,19.04,9.6984,19781.012,1.43,,,,,,,,,,3.3297,38532.249,12.95,3.3313,209345.886,55.6,3.4027,60065.289,83.45,,,,3.4935,28762.595,2.43,3.5126,75330.675,11.44,3.5459,24699.623,30.74,3.5674,13515.094,21.75,3.6678,85296.625,7.15,3.7286,247646.067,94.93,,,,,,,,,,,,,3.9605,46462.22,100,,,,4.0251,86002.86,10.95,,,,,,,,,,4.0911,35603.005,15.21,,,,4.2012,189017.257,15.72,,,,,,,,,,4.2279,302868.146,60.01,4.2498,82357.415,72.22,4.3521,67632.196,8.61,4.36,28069.276,2.35,4.3971,125856.176,7.77,,,,,,,,,,,,,4.4474,23894.463,20.56,,,,,,,,,,4.6053,142067.556,5.37,,,,4.6133,227608.462,60.48,4.6121,167290.664,14.14,,,,,,,0.9246,22367.134,16.43,,,,,,,,,,4.6981,71867.776,3.51,4.7369,34867.75,59.93,,,,,,,,,,4.811,1027505.496,50.19,,,,0.9248,52632.449,51.75,,,,4.9104,795714.601,38.86,,,,,,,,,,,,,4.9272,11299.767,1.44,,,,5.0391,574482.302,12.85,5.0417,243667.368,31.02
234_2012_T_2n,P2-C1,1,,,,,,,5.0562,86788.54,3.03,5.0665,11717.847,1.7,,,,,,,5.287,14922.707,10.67,,,,5.2215,16627.637,2.22,,,,1.3102,154419.755,34.27,,,,,,,5.1841,37154.68,9.79,5.3701,11352.411,1.03,5.3225,69192.224,3.1,5.3524,626875.795,18.97,5.4761,17250.669,8.73,,,,,,,1.6592,33773.225,6.88,,,,5.4473,74926.342,3.65,5.4697,73249.101,7.74,5.4723,45321.279,16.48,5.4776,6675685.684,93.45,,,,,,,,,,,,,,,,1.6474,10214.273,19.15,5.5884,529688.367,90.58,,,,5.4743,26750.898,1.32,,,,5.7966,17110.802,4.51,,,,5.69,80698.99,3.62,5.7192,194334.323,24.06,5.7215,26651.029,3.14,,,,,,,5.7459,79604.104,11.08,,,,,,,,,,5.8288,216187.928,7.54,,,,5.8359,38000.885,62.77,,,,,,,,,,6.0112,177555.381,16.39,6.0401,140985.021,15.66,6.0438,15495.236,4.08,6.0659,75737.372,14.37,,,,6.0996,90895.454,18.51,6.0674,13349.329,18.12,6.1084,52225.295,11.16,6.1443,234532.919,76.04,,,,,,,,,,,,,6.2208,78724.591,2.75,6.215,101482.305,60.09,6.272,300280.217,35.42,6.2514,109895.769,10.14,,,,6.3119,440644.643,58.91,,,,,,,,,,,,,6.4171,694275.095,42.31,,,,,,,,,,,,,,,,6.5802,79733.809,62.51,,,,,,,2.1992,70047.509,25.09,,,,6.6282,25240.514,0.35,6.6391,127974.05,17.11,6.6531,88454.612,34.73,,,,,,,,,,6.7825,359153.47,20.49,,,,,,,2.2023,112853.442,71.56,6.7831,843471.146,25.53,6.8455,15006.173,6.16,,,,6.8915,145187.09,80.93,,,,6.8937,270225.916,94.94,6.9421,184658.803,87.5,,,,,,,,,,,,,6.8894,28638.061,16.51,6.9925,15234.827,100,,,,,,,,,,,,,6.8781,37619.567,2.15,,,,7.0968,19164.62,100,,,,2.4222,10560.876,23.78,,,,7.1433,104533.657,14.56,,,,,,,7.166,46626.961,10.8,,,,,,,7.1938,73985.9,82.97,,,,,,,,,,7.3817,52354.021,23.42,7.3803,75758.284,6.89,7.3154,353289.367,39.23,,,,7.5462,43653.959,8.82,7.434,158945.663,17.65,7.4476,1310377.77,58.74,,,,7.4815,20981.749,44.61,7.4827,78227.932,34.21,2.5896,74737.622,86.63,7.4485,15101.553,100,,,,,,,7.4492,17989.654,1.64,,,,7.5936,22963.181,10.52,,,,7.6576,6289020.747,97.08,,,,7.7294,51710.229,22.61,2.8352,163036.365,71.02,7.7457,38350.534,7.79,7.6511,32372.378,1.45,7.7498,70925.363,10.77,7.7492,20165.35,100,7.8203,2470656.949,99.17,,,,7.9472,29529.948,1.03,7.995,33489.073,100,,,,,,,2.8795,40472.137,9.37,,,,8.0464,86892.351,23.36,,,,,,,7.8721,41550.695,5.79,8.0593,69570.811,59.26,8.0823,49629.693,42.88,,,,7.9511,22392.095,19.07,,,,2.887,19243.759,59.86,8.292,51302.158,6.04,,,,,,,8.2673,24449.244,8.76,,,,8.2609,61072.208,61.91,8.3015,12074.388,0.54,,,,,,,8.3031,86477.49,38.69,,,,,,,,,,,,,8.396,76442.884,25.28,8.4212,370678.814,6.72,8.5204,46108.493,7,,,,,,,8.5184,154448.924,5.39,8.6012,322487.7,86.48,2.9955,17159.321,61.69,8.6346,99209.953,14.02,8.52,91499.734,26.86,8.7146,5114604.34,92.75,,,,8.7579,19028.414,3.07,8.79,14238.478,2.16,8.7597,33261.508,8.94,8.8287,408245.907,39.99,,,,8.2978,104818.936,9.53,8.8949,384533.553,78.15,3.0076,30286.381,20.69,8.9152,20044.319,2.48,8.8971,13945.586,0.49,,,,,,,8.97,230355.829,37.8,,,,9.0471,284412.258,46.67,,,,9.1443,11046.312,1.78,,,,3.1513,32156.545,19.37,9.0528,135223.552,20.54,,,,9.2118,322006.57,37.89,,,,9.2153,271207.219,100,9.2152,584470.469,97.11,9.2333,140437.811,76.57,9.2805,1879102.329,100,9.2849,1122966.275,100,9.28,124518.789,28.83,3.1824,25830.994,44.04,9.2805,604281.13,74.67,9.0079,14032.712,6.14,9.3657,97123.958,15.61,,,,,,,9.6091,12546.781,5.49,9.4491,144150.448,47.67,9.5497,12539.747,2.88,9.3905,11131.222,1.8,,,,,,,,,,3.3305,154267.919,32.97,3.331,523927.802,90.61,3.4002,480599.158,97.63,3.4023,38015.259,18.29,3.5181,23170.134,1.32,3.5124,96828.567,19.72,3.5519,74873.495,70.81,,,,3.6546,95078.298,8.01,3.729,550200.006,86.97,,,,,,,3.9071,53814.438,15.32,,,,,,,,,,4.0846,17939.801,3.4,4.164,14885.644,4.11,4.0718,411359.418,59.66,,,,4.1047,176233.318,45.56,,,,4.1936,160227.969,19.84,4.2134,88318.787,3.96,4.215,117157.941,30.86,4.2081,130566.127,11.87,4.1585,15717.218,13.09,4.2547,177216.263,87.38,4.3446,12188.726,2.31,,,,4.3996,140456.246,8.56,,,,,,,4.5211,76146.527,15.38,4.4637,78849.183,56.38,4.4637,51284.667,0.79,4.4762,230056.854,63.57,4.4947,138586.254,6.21,4.5032,44249.291,100,4.609,548712.385,16.61,,,,,,,4.6018,711292.981,40.59,,,,4.6273,25287.534,18.08,0.927,33537.102,35.34,4.5964,30452.904,4.42,,,,,,,4.7083,39700.195,1.93,4.7398,153108.585,74.41,,,,,,,4.7686,85783.849,72.07,4.8105,935815.185,45.6,,,,,,,4.8838,89887.408,1.26,4.9193,855534.741,41.69,4.9556,74031.542,6.73,,,,,,,,,,5.0371,79135.216,15.02,,,,,,,5.1854,22023.978,4.18
23_2021_T_4n,P2-A1,1,,,,,,,,,,4.9962,11005.774,0.09,,,,5.1517,13319.548,8.51,,,,,,,,,,5.183,16752.292,9.56,1.3014,132046.321,30.01,5.2188,33842.603,3.5,,,,,,,5.2745,10854.34,0.24,,,,5.3359,10033.85,0.67,,,,5.2107,10174.247,0.08,5.3403,14264.255,4.15,1.6611,14364.92,2.15,,,,5.4369,46767.365,2.67,5.4524,178925.844,23.29,5.4591,235059.675,38.7,,,,,,,,,,,,,,,,5.5195,66697.542,4.99,,,,5.5828,141634.274,100,5.6528,14159.019,4.12,,,,5.6466,301968.165,7.11,,,,,,,5.5165,12987.999,3.91,5.7072,91425.819,10.58,5.8026,50365.429,6.46,,,,,,,5.7432,25351.665,3.82,,,,,,,5.6863,110179.19,0.87,5.9509,13002.832,0.65,5.6959,325383.352,7.66,5.8276,19729.896,100,6.0173,3939512.227,31.09,5.9519,423143.03,64.79,,,,,,,6.0388,71401.715,11.14,5.942,10014.968,6.23,6.0637,47199.37,5.63,6.1057,51255.89,1.21,6.1032,43691.986,6.55,,,,6.0916,61065.366,19.47,6.1308,11274.376,2.02,6.1751,64210.544,1.51,,,,6.1722,1645111.399,27.49,6.1679,45108.616,12.92,6.2149,21245.309,1.06,,,,,,,6.2731,17255.504,3.65,,,,6.3089,87853.698,5.24,6.3685,28963.994,100,6.3695,109359.894,6.94,,,,6.3506,58709.188,1.38,6.4119,624098.133,41.39,,,,6.6707,10568.163,100,,,,,,,6.562,1374720.892,10.85,6.5958,10559.225,37.34,6.5419,19066.842,0.92,6.5585,77937.964,1.18,2.1984,246073.358,68.22,6.5706,889028.603,19.76,,,,6.6416,1211379.015,72.22,,,,,,,6.6106,16692.404,13.07,6.7325,1107851.285,8.74,6.7316,31104.288,3.32,,,,6.7773,73856.71,45.96,2.1985,364803.141,68.89,6.7881,40374.739,2.69,6.8424,235706.568,3.6,,,,,,,6.8837,502625.209,33.43,6.6962,39594.701,41.83,,,,6.9889,111981.247,0.88,,,,6.9565,38944.511,2.32,,,,,,,6.8471,11795.008,0.47,,,,7.0188,16564.596,14.66,7.089,19186.886,39.08,,,,6.8786,456890.172,48.82,7.148,105165.415,0.83,,,,6.9971,18220.23,1.91,,,,,,,7.2562,23632.666,3.56,7.1622,50442.295,100,7.2879,12213.355,0.29,7.1728,103928.607,5.01,,,,,,,,,,,,,7.4128,14764.041,0.09,,,,7.444,10475.819,1.1,7.4487,15574.699,0.35,7.3721,80383.487,12.54,7.374,12659.627,0.3,7.4547,29254.369,4.48,7.4346,235294.276,36.69,7.4505,10180.859,3.07,7.4867,135502.839,30.8,,,,7.4841,15909.51,0.24,2.59,53994.326,13.5,,,,7.5343,24841.266,100,7.5515,54172.822,22.71,7.5966,37951.088,0.84,7.6075,92962.762,1.41,7.5705,68380.585,36.72,7.5793,10533.778,100,7.6394,17538.577,4.67,,,,7.9018,10362.269,0.16,2.8369,46629.176,100,7.7399,173778.544,60.81,,,,7.7546,12425.852,0.08,,,,7.8138,2856186.743,100,7.8998,204142.966,1.61,7.9399,13488.281,0.67,,,,7.9725,31798.487,0.71,7.9876,283745.515,21.21,,,,7.9828,80201.743,1.34,,,,7.943,11919.023,3.59,8.0855,14729.122,0.71,8.0669,52780.696,7.96,7.8244,56860.867,79.09,8.1104,26185.961,0.71,8.1075,271638.935,2.14,,,,8.0934,27680.074,0.62,2.884,73623.391,100,8.1637,15473.765,0.98,8.1497,10617.003,1.6,8.1463,23505.84,0.39,,,,8.2394,10222.357,0.17,8.2606,11179.565,0.41,,,,8.3092,42002.247,0.64,,,,8.3706,17881.842,1.87,,,,8.3707,25187.752,12.74,,,,,,,8.3877,115456.397,33.35,8.4155,48029.803,1.75,8.4975,277788.897,1.76,,,,8.5118,165172.2,17.31,8.5089,1104473.646,54.9,8.6082,284570.64,71.25,,,,8.6288,11500.288,1.22,8.5041,299358.098,100,8.704,2660047.856,97.05,8.7545,5393722.602,99.42,8.744,6737830.259,40.87,8.7513,13274337.55,83.94,8.8886,10647.488,6.53,8.8377,48494.816,25.05,8.7496,198939.495,34.57,8.0825,23085.223,0.51,8.89,25031.483,8.76,,,,8.8875,640039.205,10.7,9.0252,11291.643,0.56,8.9409,2509040.683,67.92,8.9369,4567561.788,36.05,8.9653,277056.438,28.67,,,,9.0407,200951.752,20.8,8.9442,22812.231,4.06,9.1147,41716.136,0.25,,,,,,,9.1572,10215.796,0.06,,,,9.1722,15651.286,0.99,,,,8.9875,14139.179,57.37,,,,9.2253,19404.582,100,9.2701,103359.355,42.65,,,,9.2847,177445.603,8.55,3.1772,11502.936,100,9.285,887782.707,14.84,9.2808,1488620.352,22.61,,,,9.4287,713976.837,34.42,9.4276,1309672.712,21.89,9.4278,2371387.253,36.02,9.4577,14737.305,4.26,9.688,12593.608,1.11,9.49,58052.083,0.35,,,,,,,,,,,,,3.3214,66611.273,20.72,3.4094,149071.635,77.05,3.41,10517.674,5.41,3.4865,66262.736,7.08,3.5155,148710.165,22.3,3.5409,13864.436,8.51,3.5688,13117.418,100,,,,3.7262,256824.366,75.31,,,,,,,,,,,,,3.9577,149163.82,100,,,,4.0142,37912.726,4.52,,,,4.0687,18248.427,0.14,4.0808,21824.073,37.58,4.0996,111239.53,51.32,4.126,64859.334,54.07,4.195,61807.375,7.15,,,,,,,,,,,,,4.2484,683182.204,95.5,4.3561,104698.519,12.49,4.3541,60890.388,8.74,4.3942,150421.698,9.97,,,,4.4226,25071.291,0.2,,,,4.4583,21142.427,1.58,4.45,109658.128,29.2,,,,,,,,,,,,,,,,,,,,,,4.6517,11630.694,0.27,4.6686,50648.765,3.79,,,,4.6666,24140.217,0.19,,,,4.694,106831.838,11.06,4.7015,59029.86,3.37,4.7352,31879.662,19.14,,,,,,,4.7667,12654.715,3.68,4.807,856710.788,48.98,,,,0.9227,11288.825,19.97,,,,4.9079,681555.425,38.96,4.8499,15753.67,0.35,4.9953,13676.326,1.02,,,,,,,5.0329,515079.6,61.42,,,,,,,,,
248_2012_T_2n,P2-D8,1,1.2663,34887.11,40.16,,,,5.1096,18169.731,0.6,5.0689,12903.157,2.24,,,,,,,5.2948,45330.905,23.11,5.1885,64294.9,24.15,5.2209,12374.198,0.7,5.1765,44221.845,7.13,1.3024,388373.552,42.68,,,,5.2113,20701.127,28.32,5.1715,21324.164,2.45,5.3857,12919.257,0.92,5.3249,12282.693,0.14,5.3443,801443.52,18.03,5.4692,20313.057,5.63,,,,5.4453,16749.109,7.13,1.6522,132686.195,8.83,,,,5.4478,188529.256,4.83,5.4646,104466.098,7.54,5.4773,137491.291,21.45,5.4693,8995787.806,92.37,,,,,,,,,,,,,5.549,19396.494,9.89,1.667,201801.968,87.31,5.5853,1158744.586,92.31,5.6038,10182.028,4.34,5.6199,43264.618,0.85,,,,5.7894,32403.184,3.73,,,,5.6872,169150.544,1.87,5.7102,288734.153,20.56,5.7165,41181.23,3.28,,,,,,,5.7433,325552.356,18.18,5.7476,12797.283,0.13,,,,,,,5.8264,340951.55,11.25,,,,5.8307,60159.809,55.55,,,,5.9615,20089.135,2.55,,,,6.01,226964.759,13.8,6.0333,186657.147,11.6,,,,6.0634,187493.401,18.23,,,,6.102,257623.705,17.14,,,,6.1111,36359.953,6.97,6.1446,179602.588,66.34,,,,,,,6.1706,15918.278,1.27,,,,6.2132,175028.182,5.78,6.2123,122499.998,46.93,6.2769,430708.418,34.32,6.2639,362157.536,22.03,,,,6.3133,876006.607,49.6,,,,6.3809,68682.129,2.88,2.0364,125510.82,59.05,,,,6.4174,1226943.779,51.05,,,,,,,,,,,,,,,,6.5844,54371.154,25.48,6.6484,14197.656,2.25,,,,2.1918,240669.261,43.11,,,,6.6363,143716.068,1.48,6.6401,380625.124,21.55,6.655,316304.453,57.25,,,,6.8803,13512.264,4.14,,,,6.7886,513111.838,20.54,,,,,,,2.1979,361080.292,84.04,6.7817,1045942.904,23.52,6.849,13132.667,5.36,,,,6.893,284931.658,81.91,7.0808,14584.36,0.33,6.8885,189036.973,41.83,6.9411,213939.67,75.68,,,,6.9504,29684.168,19.91,6.9755,24349.214,1.38,,,,6.8879,72374.243,23.92,6.9909,21673.115,44.68,,,,,,,,,,,,,7.0904,36176.723,1.45,,,,7.0891,83671.93,83.59,7.2589,16952.609,5.06,2.4419,19572.552,13.84,,,,7.1428,255618.598,14.27,,,,,,,7.1692,74423.235,11.8,,,,6.9996,10190.507,0.11,,,,,,,7.5571,10476.001,1.16,,,,7.3811,229237.172,68.4,7.3784,330844.843,23.61,7.3659,67278.414,4.18,7.3855,33898.734,18.21,7.5458,33257.197,4.21,7.4267,325249.951,20.21,7.4481,6746509.652,74.6,,,,7.4872,116429.261,38.08,7.4986,58550.981,22.4,2.5885,142033.627,100,7.4517,113898.015,100,7.5449,16481.296,53.66,7.5527,14300.227,3.75,7.4541,73687.881,5.26,,,,7.5869,131204.948,36.15,,,,7.6571,13958427.74,95.82,,,,7.724,10703.345,4.09,2.8279,183292.59,67.64,7.7475,24054.378,4.62,7.7604,17618.016,0.19,7.756,72547.333,8.02,7.7562,35570.558,23.86,7.8194,4819341.579,96.45,7.9278,17644.616,3.06,7.9241,13102.935,0.43,,,,,,,8.1699,10808.58,5.51,2.8753,52113.047,8.26,,,,,,,,,,,,,8.0573,15400.655,0.86,8.065,109923.081,47.78,8.0783,40367.283,36.56,,,,7.9356,14189.224,6.17,8.1513,19754.167,1.41,2.8847,140172.709,79.9,,,,8.149,38395.142,2.14,8.1563,10415.004,0.83,8.2691,42822.174,7.67,,,,8.2652,103489.102,60.31,8.2993,26848.452,0.3,,,,,,,8.3333,11806.946,3.52,,,,,,,8.3421,10506.377,1.16,,,,8.4,139137.317,30.84,,,,8.5207,51140.283,5.65,,,,,,,8.5174,88745.559,2.93,8.5941,492283.517,89.49,2.9911,12448.939,40.31,8.6362,129164.631,17.37,8.523,88422.816,6.78,8.7182,7337994.705,99.69,,,,8.7567,23355.963,7.53,8.6592,20229.155,2.24,8.7614,65405.353,16.92,8.828,663315.773,41.24,9.1003,23957.049,11.87,8.2906,28174.626,2.01,8.8958,463766.06,89.04,2.9982,115745.443,30.38,8.8944,17736.165,1.42,8.8977,52373.816,1.73,,,,9.0335,17893.17,3.1,8.9716,470228.752,39.53,,,,9.046,447112.548,37.58,,,,8.8896,88136.899,28.42,,,,3.1505,555191.675,73.59,9.2834,11344.288,1.25,,,,9.2165,1596133.873,66.87,,,,9.2178,2981100.162,100,9.2153,2053332.353,97.11,,,,9.2847,1773542.1,97.5,9.2885,1422606.971,100,9.2838,142250.561,22.55,3.1817,86895.193,57.66,9.2811,738352.943,58.97,9.0157,38699.487,14.8,9.373,90439.774,8.28,,,,9.5697,17745.512,1.42,9.5724,10614.567,4.06,9.4533,213679.275,47.37,9.5267,20666.393,3.74,,,,,,,,,,3.1471,23234.952,2.13,3.3293,59761.063,11.46,3.3272,276151.38,74.75,3.3975,276588.66,38.14,3.4007,107797.68,25.04,3.4925,37520.404,1.5,3.5123,238198.82,15.85,3.5525,49215.362,35.36,,,,3.6616,126574.772,5.72,3.7193,153133.359,48.1,,,,,,,3.9129,97254.855,13.63,3.9685,19632.352,14.87,3.9578,39649.189,75.08,,,,4.0796,17126.037,1.67,4.1569,34850.305,4.7,4.0699,292801.24,50.77,4.091,63761.801,14.56,4.1072,266965.978,47.36,,,,4.1886,235574.928,16.78,4.2164,457323.738,5.06,4.2142,619722.095,71.3,4.2133,10801.193,0.77,4.1547,61513.503,18.23,4.2556,761052.285,88.16,4.3551,42393.405,4.12,4.3375,23585.363,1.07,4.3896,47886.3,1.99,,,,,,,,,,,,,4.4601,109902.835,0.75,4.4791,364942.151,49.24,4.4996,22020.202,0.24,,,,4.6111,610139.002,13.72,,,,,,,4.6053,838073.804,33.55,,,,4.6279,22952.296,11.7,0.9249,37723.697,18.99,4.5993,19840.895,3.44,,,,,,,4.7092,92290.727,2.36,4.741,159793.889,52.13,4.7546,11979.63,1.52,,,,4.772,62603.614,26.66,4.8105,1738277.168,44.49,,,,0.9235,17129.912,19.72,4.7721,11589.3,0.12,4.9158,1578325.254,40.4,4.8616,133456.236,9.52,,,,,,,,,,5.0349,143246.833,13.93,,,,,,,5.1728,33362.33,3.24
248_2021_T_2n,P1-C1,1,1.267,92181.591,37.13,,,,,,,,,,,,,5.1241,10645.677,4.47,5.282,29011.53,14.66,5.175,69145.702,33.65,5.2179,12401.343,0.84,5.176,37172.176,11.53,1.3113,154306.45,17.68,,,,5.2071,45020.164,66.93,,,,,,,5.3268,16760.422,0.2,5.3429,872650.168,22.74,5.4656,46761.951,9.44,,,,,,,1.6448,191263.956,16.86,,,,5.4254,148240.962,3.83,5.4622,195246.333,21.33,5.4528,92334.661,14.17,5.4551,8002928.907,93.17,,,,,,,,,,,,,5.5337,16277.33,8.22,1.6579,196726.577,79.74,5.5691,621550.882,96.12,,,,5.6085,48896.733,1.41,,,,5.7902,33807.732,6.96,5.5871,14950.008,2.49,5.6701,104433.561,1.26,5.7048,98154.422,13.31,5.7069,17406.862,1.72,,,,,,,5.7332,45420.617,3.93,5.7247,36893.359,0.43,,,,,,,5.8177,81752.459,1.99,,,,5.8108,16684.75,31.72,,,,,,,,,,6.0028,144048.148,14.38,6.025,140813.97,14.29,,,,6.0544,150233.74,24.45,6.2246,22618.358,11.7,6.0943,98631.514,8.7,,,,6.0796,10734.509,5.66,6.1249,151346.54,80.87,6.1231,10607.982,5.49,,,,6.1703,19141.249,1.53,,,,6.2073,123708.229,3.01,6.2095,152322.056,48.71,6.253,198711.239,19.63,6.2654,132162.258,13.2,,,,6.2978,773321.171,52.09,,,,6.3858,91827.358,5.2,2.0256,121062.286,89.06,6.333,24110.576,12.48,6.4057,827906.425,47.78,,,,,,,,,,,,,6.557,13089.983,5.3,6.5623,91829.327,55.91,6.6537,28006.487,4.67,,,,2.192,286828.124,64.11,,,,6.6191,98478.453,1.15,6.6265,293976.085,19.8,6.6397,188629.347,52.11,,,,,,,,,,6.785,528631.822,31.15,,,,6.7602,39488.121,8.13,2.1868,447183.022,82.74,6.7743,971384.563,25.31,,,,6.8438,11079.528,0.13,6.8851,137766.279,52.78,6.9358,27686.879,0.72,6.8833,295808.446,60.86,6.9293,222921.698,80.14,,,,6.9285,27175.552,25.77,,,,,,,6.8848,20653.098,4.51,6.9742,30412.128,100,,,,,,,,,,,,,7.0867,27278.746,1.61,,,,,,,7.106,11530.637,4.63,2.4138,12031.33,26.65,,,,7.1382,113786.165,9.85,7.1402,15093.672,5.43,,,,7.1567,134036.463,22.35,,,,7.0321,13341.613,0.16,,,,,,,,,,,,,7.3644,177600.154,71.34,7.3647,193279.438,24.75,7.3021,118009.963,11.98,7.3662,32307.479,16.72,7.5237,21143.634,4.56,7.4145,352385.034,35.77,7.432,5685109.454,68.64,,,,7.4722,52025.197,29.28,7.478,52459.73,32.28,2.5843,94218.239,88.82,7.4363,60492.229,100,,,,7.5386,71137.238,16.72,7.4375,88473.876,11.33,,,,7.5622,96734.152,44.05,,,,7.6407,10198978.49,98.32,,,,,,,2.8141,24099.713,28.81,7.7312,39427.581,8.27,7.7399,25829.747,0.31,7.7529,32246.152,3.25,7.7383,24789.585,23.51,7.7958,3085939.866,97.16,,,,7.9379,11053.653,0.27,,,,,,,8.1648,37224.56,18.81,,,,,,,,,,8.0206,10824.06,0.13,,,,7.8622,108655.519,9.4,8.0532,102267.283,64.54,8.0611,24960.139,68.55,,,,7.9037,25194.189,15.9,8.1357,16897.725,2.16,2.8905,16726.661,27.12,,,,8.1466,80590.858,6.97,8.1332,11782.281,0.94,,,,8.4864,38649.981,3.08,8.2408,111529.196,44.07,8.2927,26302.16,0.32,,,,,,,,,,,,,,,,8.6025,37080.965,3.74,,,,8.3778,212208.339,50.31,,,,8.5071,377497.262,38.09,,,,,,,8.5075,2107429.458,51.27,8.5712,253089.349,90.99,2.99,121004.673,100,8.6192,142963.155,25.8,8.6684,21315.258,1.03,8.6989,5396024.977,99.05,,,,8.7456,20752.324,2.68,8.8547,26847.937,2.71,8.8652,21609.331,10.38,8.8016,111888.101,15.99,9.0831,22871.129,7.94,8.2574,18279.892,2.34,8.8784,382476.29,80.26,2.9977,78920.901,18.55,8.9123,39660.355,3.16,8.8845,11261.962,0.27,,,,,,,8.9468,46375.921,6.46,,,,9.0342,172677.072,24.05,,,,9.1387,15571.051,2.01,,,,3.1405,407677.596,84.56,9.2773,11286.497,1.14,,,,9.1982,1234944.547,69.95,9.1956,1806982.649,96.01,9.1988,1847991.329,99.29,9.4828,44357.012,2.36,,,,9.2652,1390539.726,97.22,9.2684,713071.023,100,9.2634,106368.602,17.74,3.1674,176131.682,74.6,9.2645,490746.478,39.1,,,,9.3532,21111.465,3.41,,,,9.1792,14038.156,1.12,,,,9.432,137199.19,32.53,9.1975,99067.02,33.62,9.4462,11595.552,1.5,,,,,,,,,,3.3207,46482.036,24.5,3.3181,305081.476,79.91,3.3962,418586.107,91.31,,,,3.49,77940.787,4.59,3.5025,157906.359,13.92,3.5456,58043.597,53.4,,,,3.6654,16754.18,1.48,3.7148,380599.5,81.77,,,,3.8746,19815.427,1.74,3.9036,92015.342,20.44,3.9385,20592.398,29.09,3.9496,80619.96,58.56,,,,4.0153,10653.01,1.73,4.1204,11431.066,1.81,4.0603,134607.837,54.48,4.0681,151347.122,44.51,4.0976,184869.872,44.07,,,,4.1875,71103.524,9.64,4.2072,229825.354,2.77,4.2042,318388.721,65.53,,,,4.1481,76597.623,33.76,4.2336,553366.589,91.5,4.3523,53740.489,8.75,4.3458,64167.047,5.65,4.3819,146387.981,8.45,,,,,,,,,,,,,4.4482,37617.877,0.36,4.4691,222048.846,35.22,4.4733,16908.276,0.2,,,,4.5987,394456.096,10.28,,,,,,,4.6038,496359.168,29.25,,,,4.6134,38879.881,19.64,0.9154,37970.774,22.37,,,,,,,,,,4.6844,82817.2,2.14,4.7277,64172.517,27.88,4.8504,10072.795,2.17,,,,4.7591,154087.817,85.7,4.7917,1786046.137,46.15,,,,0.9207,92569.87,37.28,4.759,23534.526,0.27,4.8976,1563582.141,40.4,4.8411,30164.323,3.86,,,,,,,5.0356,33479.137,100,5.0327,76392.321,12.43,5.0263,96661.921,21.1,,,,5.1746,45051.536,7.33
251_2012_T_2n,P2-D1,1,,,,,,,,,,,,,,,,,,,,,,5.1946,49674.388,19.61,,,,,,,1.2958,157095.637,40.48,,,,,,,,,,,,,,,,5.3497,398270.821,15.38,,,,,,,,,,1.6543,63652.422,9.61,,,,5.4476,44245.522,2.89,5.4734,114774.444,20.2,5.4733,115368.098,37.11,5.4778,62857.408,7.02,,,,,,,,,,,,,,,,1.6363,11529.374,41.26,5.5908,424498.263,89.04,,,,,,,,,,5.6362,11035.692,1.72,,,,5.6745,36359.939,0.23,5.7164,141722.025,28.32,5.7314,17435.62,3.12,,,,,,,5.7452,63700.546,11.78,5.8461,108204.445,12.09,,,,,,,5.8299,160371.034,8.68,,,,5.8375,27187.115,100,,,,,,,,,,6.037,65385.625,7.29,6.0363,106412.949,17.33,,,,6.0662,36586.207,9.24,,,,6.0989,98819.696,14.91,,,,6.1126,14944.473,3.13,,,,,,,,,,,,,6.1781,23696.728,54.99,6.2147,24747.497,1.34,6.2173,135525.167,70.38,6.2852,289850.709,51.92,6.2786,266674.4,29.75,6.2042,18826.156,51.71,6.3125,295398.851,48.04,,,,6.3755,28417.971,1.7,,,,,,,6.4196,352996.099,29.12,,,,6.6771,17254.085,100,,,,6.5663,35142.524,5.49,,,,,,,,,,,,,,,,,,,6.6324,21975.253,2.45,6.6434,133660.647,21.74,,,,,,,,,,,,,6.7824,340508.085,18.5,,,,,,,2.1976,32579.379,56.18,6.7847,500932.641,19.34,,,,,,,6.8885,76508.623,88.28,6.8516,165605.94,6.4,6.8913,65281.532,49.92,6.9406,201226.288,70.13,,,,6.9587,11460.247,29.23,,,,,,,6.891,11212.198,13.92,,,,,,,,,,7.086,23552.32,27.55,,,,7.0838,61558.338,3.35,,,,7.1037,17764.716,100,,,,2.4227,13282.946,100,,,,7.166,77571.561,14.35,,,,,,,7.1727,21427.601,13.4,,,,7.1306,13303217.14,84.7,7.2012,15529.12,100,,,,,,,,,,7.3876,204784.603,51.11,7.3904,275609.279,19.49,7.3872,17691.844,2.88,7.3448,330974.836,82.35,,,,7.4353,88911.158,14.48,7.4486,722287.044,4.6,,,,7.4833,63548.44,84.46,7.4928,11593.622,9.67,2.5878,54268.939,100,7.3689,70034.606,16.38,,,,,,,,,,,,,7.5928,19122.325,12.71,,,,7.6643,32843.623,17.77,,,,,,,2.8351,110102.303,56.91,7.7364,40147.579,12.67,7.629,16070.504,0.1,7.7583,33244.175,14.9,,,,7.8168,2208085.941,75.25,,,,7.7439,169629.087,9.19,,,,8.0031,14180.292,1,,,,2.8823,27328.346,17.09,,,,,,,8.069,76731.905,0.49,,,,7.8722,17196.146,3.18,8.069,36280.229,47.53,8.085,17740.171,58.28,,,,,,,8.0949,24839.174,1.76,2.885,56928.291,54.1,8.063,12630.38,0.75,,,,,,,8.2709,28950.02,41.56,,,,8.2688,30132.033,12.01,8.3464,43084.604,0.27,,,,,,,8.3439,134975.786,33.69,,,,,,,8.4984,28369.308,12.71,,,,8.4002,91433.298,23.87,8.4297,222911.662,5.61,8.4737,15480.577,6.94,,,,,,,8.5253,60032.732,3.25,8.5927,155369.291,70.83,3.0104,36585.83,62.47,8.6319,29242.415,11.98,8.5283,37005.742,5.5,8.715,3658372.1,92.02,,,,8.7638,16714.699,7.42,8.7699,14220.599,6.37,,,,8.8312,144282.096,53.81,,,,8.3442,65794.82,4.65,8.895,115938.901,36.59,3.0026,30777.724,60.17,8.9112,17424.722,2.35,8.9007,22685.655,1.23,,,,,,,,,,,,,,,,,,,,,,,,,3.1504,116340.597,60.61,9.2773,48946.378,21.94,,,,9.2159,1205145.092,71.89,,,,9.2225,1329616.238,100,9.218,1232104.753,97.84,9.2398,196267.652,86.5,9.2844,62030.521,61.83,,,,,,,3.1842,60113.693,71.32,9.2829,28938.508,3.9,,,,9.3737,52400.482,8.67,9.4965,30023.786,18.78,9.4241,331065.643,44.63,,,,9.4556,271707.951,70.94,9.5648,12717.556,4.51,,,,3.2932,12597.027,9.82,,,,3.2365,23621.566,3.91,3.3302,120884.577,25.33,3.3288,408273.96,95.05,3.4065,170309.429,100,3.4007,24821.271,16.1,,,,3.5172,277633.265,41.9,3.5566,44870.567,58.08,3.5816,102085.244,100,3.6546,58355.733,6.11,3.7336,365672.999,94.7,,,,,,,,,,3.9726,39788.078,100,,,,,,,4.0983,10039.901,2.53,,,,4.0795,13941.34,6.51,4.0838,33911.188,22.02,4.1121,269347.06,62.69,,,,4.1921,125702.248,25.12,4.2155,373734.971,2.38,4.2174,462516.458,72.25,4.1112,22290.23,1.58,,,,4.2522,630599.585,79.13,4.3421,10741.91,2.71,,,,4.3972,53774.466,4.44,,,,,,,,,,,,,4.4549,36214.432,19.59,,,,,,,,,,4.5902,185393.043,7.16,,,,,,,4.6059,823406.99,44.75,,,,,,,0.9264,35179.745,36.11,,,,,,,,,,4.7039,34067.076,2.23,4.7361,132653.477,90.25,4.7577,29759.422,10.81,,,,4.7828,29602.327,23.08,4.8126,759378.194,49.66,,,,,,,,,,4.9208,648635.722,42.42,4.8455,48901.118,3.46,,,,,,,,,,4.9124,10353.217,2.61,,,,,,,5.0414,107282.97,27.08
252_2021_W_4n,P1-E8,1,,,,5.0635,30043.522,69.05,5.0541,286691.191,8.26,,,,,,,5.1545,11240.308,8.98,,,,5.1847,91878.738,16.98,,,,5.1846,12616.06,3.61,1.3031,156765.209,50.37,,,,,,,5.3199,18501.778,0.66,,,,5.3224,562848.77,9.88,5.3496,26917.896,1.64,5.3842,41904.123,40.61,,,,5.3811,15211.714,0.61,1.6549,60551.611,11.14,,,,5.434,49684.901,3.1,5.4525,54957.173,18.83,5.4571,67252.253,16.37,5.4607,30352.902,1.21,,,,,,,,,,,,,,,,,,,5.5759,558781.081,98.22,5.5816,200503.285,8.09,5.576,31461.556,3.59,5.6256,15230.937,4.57,5.6604,33190.851,1.18,,,,5.6661,102650.113,1.8,5.7055,42989.673,10.3,5.8077,17816.458,6.75,5.7133,226784.928,12.97,,,,,,,5.7549,142630.535,5.68,,,,5.6841,18614.571,9.76,5.7936,10293.817,0.3,,,,5.8145,16912.425,42.5,6.0339,34055.093,17.86,6.0341,901764.515,52.87,,,,5.9487,13343.104,4.84,6.0241,35262.689,12.86,6.0345,1072655.953,38.29,6.051,61922.602,9.08,6.1075,16430.349,4.93,6.0968,18137.08,3.34,,,,6.0973,286921.668,24.93,,,,,,,,,,,,,6.1634,187774.237,10.74,,,,,,,,,,,,,,,,6.3082,23009.707,3.79,6.3494,43382.261,32.58,6.366,52687.073,1.74,,,,6.3635,19330.52,5.8,6.4104,329349.1,34.85,6.4527,70087.723,2.83,6.6637,44186.249,100,,,,6.4383,51674.425,1.84,,,,,,,6.5465,20651.234,9.58,,,,2.1997,168062.946,87.52,,,,6.5986,61811.584,2.46,6.6411,442544.614,72.95,,,,,,,,,,,,,6.73,51488.337,5.3,6.8091,23647.742,48.75,6.9753,25588.629,0.91,2.1957,252969.983,78.11,6.7796,76248.023,4.66,,,,6.8745,128580.541,5.12,,,,6.8818,643556.891,39.31,,,,6.9249,85253.487,49.87,,,,6.9381,31312.048,51.1,6.9522,10037.079,1.65,2.296,22502.318,2.73,,,,6.9773,14498.056,100,6.9822,31215.188,45.79,,,,7.0835,13281.671,12.08,7.2851,32881.929,1.31,6.878,489298.861,50.37,,,,7.0946,23280.964,100,7.2604,10416.4,0.63,2.4297,10752.083,100,,,,,,,7.1562,85687.982,50.13,,,,7.1731,64307.224,29.84,,,,7.1887,580096.373,10.18,7.195,10099.837,11.92,,,,7.3544,10258.596,1.27,2.4578,46424.313,18.11,7.3792,301147.735,18.3,7.3778,393222.13,16.16,7.3537,15387.137,5.61,7.3796,69018.397,20.72,7.2173,14216.325,0.83,7.4249,38455.636,14.03,7.4458,75039.386,1.32,,,,7.4796,107685.61,41.96,7.3652,11905.825,22.53,2.5854,75804.115,100,7.5396,44154.769,29.96,7.541,16915.717,58.62,7.5418,10683.149,9.62,,,,,,,7.5761,51000.126,7.52,,,,7.6563,26182.718,23.12,,,,7.7243,16754.657,31.71,2.8292,608743.658,91.58,7.739,75815.07,11.68,7.6208,19422.569,0.34,7.7643,14313.149,1.77,,,,7.811,3627921.027,95.96,,,,7.9413,501579.748,14.46,7.9918,24923.691,100,7.8806,13344.412,0.55,,,,,,,,,,8.0477,48865.146,19.26,8.0488,873304.466,15.32,8.2893,23871.337,11.08,,,,,,,8.0821,18481.091,41.14,,,,,,,8.1099,22415.81,0.92,2.8771,44479.023,52.51,8.0431,10466.753,0.35,,,,,,,,,,8.2865,10184.288,3.29,8.2932,294256.024,45.64,8.1867,37407.916,0.66,8.2876,13749.279,26.02,,,,8.2888,919052.702,55.86,3.0123,18911.591,7.38,8.307,12050.3,8.18,,,,,,,8.3844,149208.38,25.11,,,,8.5016,468605.184,57.96,,,,8.6789,135383.859,8.23,8.4976,1448685.608,41.76,8.5793,259697.774,92.41,3.0014,143268.404,92.74,8.6267,88149.559,22.88,8.6785,748633.02,32.46,8.7102,3122641.439,99.66,,,,8.7642,104053.106,13.06,8.7582,49292.797,6.1,,,,8.8256,189552.375,63.22,,,,8.2895,1562498.913,64.22,8.8858,404633.91,62.35,,,,,,,8.9111,143251.772,4.13,,,,,,,,,,9.0224,15468.13,18.45,,,,,,,,,,,,,3.1604,13001.102,17.28,8.9133,12060.342,1.49,,,,9.203,1096375.396,36.19,9.2016,1507276.821,92.29,9.2098,1734941.128,98.62,,,,,,,9.2758,92714.284,33.86,9.2735,13512.466,100,,,,3.1796,45942.211,28.28,9.2687,21510.643,6.94,,,,9.3616,26845.204,3.52,,,,9.2058,12851.943,4.15,,,,9.4366,47531.142,8,9.7093,17589.089,3.44,9.4897,27435.738,3.44,3.2154,119308.002,4.81,,,,,,,3.3287,64102.161,5.57,3.3273,273858.352,96.39,3.4177,147232.847,32.61,3.3988,11617.447,5.36,3.4951,95937.108,9.88,3.5173,216978.875,39.93,3.5396,12010.031,22.96,3.5688,12525.085,17.57,,,,3.7231,479066.133,86.03,,,,,,,3.848,54127.571,12.41,,,,3.9622,10454.521,30.86,,,,4.0142,61622.513,9.03,4.1267,65715.117,7.97,,,,4.0874,13841.669,8.95,4.109,168934.844,29.4,,,,4.1909,47646.443,11.41,4.2095,361681.643,6.35,4.2156,407170.082,14.54,4.2057,13762.32,0.57,,,,4.2479,969058.351,93.2,4.3494,72812.373,10.67,4.3491,26214.585,5.96,4.3838,22041.11,2.33,,,,,,,4.4693,125664.154,7.37,4.4558,14426.808,5.63,4.4472,20411.616,18.03,4.6073,17998.442,2.18,4.4894,906616.607,15.91,4.4943,501410.877,70.9,4.6266,13806.437,0.84,4.5953,63261.64,2.55,,,,4.6123,14274.81,1.47,,,,,,,0.9287,105072.995,69.19,,,,,,,,,,4.6927,32258.375,2.01,4.7252,32681.15,55.33,4.7567,19102.984,1.12,4.7715,972798.879,94.28,4.7703,1654703.988,66.75,4.8039,694207.046,43.32,,,,0.919,93002.158,89.68,4.8758,1568943.685,62.5,4.906,765644.182,47.78,,,,,,,4.921,203205.334,8.2,,,,5.0383,363300.105,53.26,,,,,,,,,
25_2021_T_2n,P1-F9,1,,,,,,,,,,,,,,,,5.1411,20804.778,4.83,5.175,26014.078,4.83,5.1875,40929.084,10.93,5.2235,27325.083,1.6,5.1941,32942.451,5.06,1.3051,415575.013,34.1,,,,,,,5.173,23510.574,4.49,,,,5.3177,99888.122,0.45,5.346,2074129.609,36.94,,,,,,,5.4245,10697.984,1.89,1.6504,64445.754,6.15,,,,5.4356,68326.005,3,5.4692,151093.59,13.98,5.4715,213097.374,27.02,5.4653,149914.793,8.05,,,,,,,,,,5.583,16622.261,2.21,5.5355,12532.441,2.33,1.662,24754.894,7.71,5.5795,733625.743,85.52,5.5857,46791.666,8.26,5.6089,270716.951,20.82,,,,5.7829,15612.265,2.98,5.8264,24403.746,1.63,5.6834,48460.029,0.22,5.7083,138437.306,11.15,5.8006,38801.318,2.28,5.672,20356.935,6.21,,,,5.7471,33007.836,7.01,5.6757,200079.79,10.75,,,,,,,5.8242,104080.862,1.68,,,,,,,,,,6.0321,19328.707,5.06,,,,6.0122,71015.439,6.75,6.0328,264405.551,34.38,6.0293,25765.835,4.93,6.0569,110188.021,10.76,,,,6.1021,154598.932,14.76,,,,6.1036,98364.348,11.2,,,,6.2245,123618.212,23.64,,,,,,,,,,6.2121,119814.954,1.93,6.2051,114872.611,100,6.2667,66570.27,3.92,6.2711,88336.267,8.4,6.2219,16235.723,27.35,6.3127,1083003.637,63.56,,,,6.3728,41958.891,4.48,2.027,24034.796,100,6.3292,31271.465,5.98,6.4065,1041714.225,52.9,6.5882,18171.682,3.21,,,,,,,,,,6.5711,21874.636,8.3,,,,6.6632,229962.632,15.37,,,,2.2002,288738.791,55.34,6.5171,11094.661,0.58,6.6287,829862.463,44.59,6.638,265167.717,15.56,,,,6.6209,10371.836,6.03,,,,,,,6.7786,554756.922,34.14,6.7999,81582.913,66.92,6.7758,11252.482,2.15,2.1916,221946.591,43.07,6.7793,1052205.399,18.74,6.833,10348.591,3.82,,,,6.8923,231805.815,56.69,7.0009,11554.702,0.21,6.8828,301372.805,54.83,6.9369,415066.744,82.98,,,,,,,,,,2.2894,13432.741,2.03,6.88,75363.678,11.53,6.9822,76159.51,82.75,6.984,12171.416,22.97,7.0306,18748.668,21.03,,,,,,,7.0788,21613.146,1.33,,,,7.0871,21494.083,59.64,,,,2.4248,36399.215,78.05,,,,7.1531,35156.882,7.47,,,,,,,7.1634,640349.961,42.79,,,,,,,7.1905,52259.761,45.53,,,,7.5108,31584.496,2.18,,,,7.3712,152524.303,42.6,7.3704,223707.496,11.79,7.3826,19682.485,2.56,7.3636,45558.199,8.71,7.2997,11972.584,3.13,7.4314,10979.099,1.43,7.4414,20837817.4,93.1,,,,,,,7.4885,70425.523,25.79,2.5871,36457.697,69.13,7.4419,688557.929,91.5,7.5311,45762.231,56.51,7.5561,114395.374,23.9,7.5495,16854.041,0.89,,,,7.582,12706.619,6.54,,,,7.6569,69166.332,41.85,7.6839,17216.318,100,7.7312,40971.918,15,2.8213,241483.032,73.56,7.7391,111090.824,27.35,7.7388,48858.77,0.22,7.7486,19900.129,1.37,,,,7.8133,2287193.684,99.05,,,,7.9434,39520.108,0.64,,,,7.9954,13234.409,0.7,8.0991,15784.801,2.93,2.8877,10556.692,0.71,7.8897,11927.968,1.97,,,,8.0528,114024.411,0.51,,,,7.8636,48514.25,10.31,8.0597,150611.552,63.7,,,,,,,7.9184,52564.432,22.23,8.1297,20851.319,1.1,2.8721,28663.843,100,8.2904,99493.096,10.61,,,,,,,,,,8.4941,15407.398,2.55,8.2837,32708.839,10.15,8.2957,111909.015,0.5,,,,,,,8.3372,41066.015,11.47,3.0383,64830.501,12.05,,,,8.2294,11010.41,0.76,,,,8.3923,13400.241,3.6,8.4162,82276.996,1.19,8.5244,729564.985,50.38,,,,8.3075,130570.408,36.47,8.523,3712621.408,59.89,8.59,611959.842,92.8,2.9984,72975.387,100,,,,8.5794,343979.3,17.21,8.7085,6780467.547,97.79,8.5035,14775.819,50.19,8.764,82885.08,7.56,8.7597,53587.931,3.7,,,,8.8258,159741.585,26.62,,,,8.2904,227273.559,11.98,,,,,,,8.9097,33251.797,5.5,8.9394,19398.814,0.31,,,,,,,8.9686,46679.055,22.06,,,,9.0361,42383.144,20.03,9.1936,16678.98,11.26,8.8798,10695.195,0.98,,,,3.1557,11060.315,7.01,9.261,29961.131,2.07,,,,9.1971,371364.056,39.61,,,,,,,9.2123,14273.907,100,9.2259,82458.109,45.66,,,,,,,,,,3.1781,79856.001,40.09,9.2809,24314.85,4.02,,,,,,,9.496,14530.735,0.97,9.4087,83164.01,13.76,,,,9.4426,119837.327,32.21,9.1917,40555.299,12.31,9.4874,21641.38,1.97,,,,,,,3.2319,25632.554,5.16,,,,3.3287,16256.271,8.21,3.4012,108813.066,40.1,3.3946,19147.114,9.86,3.4958,97252.233,5.99,3.5168,252443.917,24.1,3.5546,31103.718,28.95,3.5686,144716.948,42.25,3.657,53817.488,3.18,3.7227,400352.334,87.71,,,,,,,,,,3.9597,30788.759,100,,,,,,,4.0951,79790.405,7.8,,,,4.0683,114013.569,43.28,4.0896,43027.955,14.89,4.1057,288966.069,45.25,,,,4.195,71198.895,5.73,4.2149,234101.046,1.05,4.2135,298663.129,57.1,4.202,29432.75,1.55,4.1529,42094.385,16.96,4.2496,521528.177,85.9,4.3603,44039.039,4.3,4.3616,69324.356,4.1,4.3922,77663.461,3.94,,,,,,,4.515,44610.874,11.68,4.4603,97208.094,18.07,4.4465,38276.733,23.16,4.5115,71278.842,10.76,4.4957,97143.923,0.43,4.5021,15624.108,52.65,4.6098,215562.5,3.84,,,,,,,4.6053,278119.078,17.12,,,,4.6197,66693.655,12.39,0.9234,17792.354,9.62,,,,4.6249,17586.961,4.6,,,,4.6992,108287.648,4.75,4.733,61214.02,45.4,,,,4.7694,99727.351,100,4.7701,447438.52,78.94,4.8019,1016665.423,44.58,,,,0.9214,95863.264,100,4.8781,121358.296,6.52,4.9082,921159.01,40.4,4.9423,24652.448,1.3,,,,,,,5.042,278599.725,84.78,4.9218,66635.563,6.51,5.0362,196262.807,30.04,5.0173,12935.152,0.86,5.0449,65387.864,6.39
262_2021_W_4n,P1-F5,1,1.2799,76430.07,69.76,5.1579,17231.553,20.59,5.0588,52953.928,3.71,,,,5.1567,292587.697,25.41,5.1652,10224.337,3.66,,,,,,,5.1574,19009.861,2.54,5.1828,26372.391,9.99,1.3075,496953.051,60.16,5.1595,16897.456,2.16,,,,,,,5.1609,95557.455,9.7,5.3209,11987.573,3.68,5.3482,181412.802,13.92,,,,,,,,,,1.6577,252384.495,26.27,5.4209,413660.517,40.16,5.4375,109119.425,3.07,5.5303,341038.931,15.25,5.4707,42382.22,20.15,,,,5.5301,12641.997,50.85,5.5272,423620.866,20.19,5.5277,401497.384,21.52,,,,,,,1.6635,248657.22,91.36,5.5818,218124.803,100,,,,,,,5.68,11150.217,7.23,,,,5.6731,970369.998,31.62,,,,5.7109,86903.73,15.05,5.6681,16001.459,1.74,,,,,,,5.7576,23477.715,4.16,,,,5.7845,149455.005,73.6,,,,5.8341,90360.725,6.34,,,,,,,,,,,,,,,,6.0066,58996.373,10.2,6.0321,59222.117,11.21,,,,6.07,37865.642,11.23,,,,6.0878,28715.668,2.99,6.1356,285953.982,17.06,6.1034,13039.012,8.07,,,,,,,,,,6.1998,18412.763,0.88,,,,6.211,165461.214,11.61,6.2103,75699.094,80.16,6.2635,194009.126,21.09,6.2573,104291.653,18.03,,,,6.3091,195389.18,26.12,6.3582,18736.981,19.84,,,,2.0359,57003.882,100,,,,6.4107,706555.077,57.08,,,,6.6653,12218.483,49.15,,,,,,,,,,,,,6.6319,11151.927,0.36,,,,2.208,83239.178,31.08,6.537,13845.265,1.41,,,,6.6411,403938.555,53.99,,,,,,,,,,,,,6.7432,32025.288,3.59,,,,,,,2.2026,95050.39,73.01,6.7835,138483.138,10.63,,,,,,,6.8901,174203.103,81.16,6.8561,26353.592,2.02,6.885,271442.664,65.15,6.9379,275807.191,70,,,,,,,6.7617,12575.227,1.68,,,,6.889,39760.007,21.62,6.9808,91693.607,47.55,,,,,,,,,,,,,7.0978,10243.628,1.15,,,,7.0926,43798.47,100,,,,2.4302,12361.619,14.43,7.1363,58166.309,5.05,7.1429,23772.012,4.21,7.1595,63744.735,16.18,,,,7.167,26986.916,0.88,,,,,,,,,,,,,7.3503,177024.6,3.71,,,,,,,7.2347,11689.126,1.19,7.3736,42891.432,8.12,,,,,,,7.4312,205384.62,38.88,7.4394,18619.494,5.72,7.5607,18032.409,43.75,,,,,,,2.5914,84936.124,65.24,,,,,,,7.5579,40413.929,37.86,,,,,,,7.5759,32974.095,27.16,,,,,,,,,,7.871,10634.665,3.72,2.834,13968.949,22.93,7.7317,21980.668,3.42,,,,7.9485,26675.735,0.56,,,,7.8133,765896.028,98.5,,,,7.9465,98690.117,6.92,7.9932,137285.834,87.8,,,,8.1788,20261.586,35.18,2.8908,14337.56,0.47,7.862,37647.544,1.79,7.964,17561.986,2.84,,,,7.9582,26132.647,0.85,,,,7.9197,16636.593,4.53,8.0715,21400.134,100,,,,,,,,,,,,,,,,8.1641,19969.448,3.53,,,,,,,8.261,151108.957,7.2,8.26,33389.924,10.76,8.2786,21587.505,6.63,8.2513,17990.841,6.3,,,,,,,,,,8.481,21263.626,100,8.3839,2085853.411,43.74,,,,8.3942,39437.657,24.86,8.4262,47556.048,0.64,8.4867,1224858.601,25.68,8.4875,224382.628,13.38,,,,8.5181,339074.323,23.79,8.6052,816944.446,100,3.0004,25443.214,64.44,8.6311,113972.286,25.55,8.5269,175064.332,83.71,8.7056,7333618.594,99.18,,,,8.7616,116350.182,5.97,8.7646,61904.207,1.3,8.8176,27953.613,4.53,8.8244,353904.217,58.82,8.8831,570344.688,53.48,8.3115,16129.998,1.64,8.8882,540150.592,83.96,,,,8.9954,18049.913,0.86,,,,,,,,,,8.9684,282591.038,36.14,,,,9.043,249347.009,31.89,9.0693,76508.715,29.34,,,,9.1305,63183.647,3.77,3.1569,11788.854,11.51,9.1623,14233.084,0.3,,,,,,,,,,,,,,,,9.2269,538617.408,70.24,,,,,,,9.0532,19639.346,0.64,3.1799,49822.513,58.29,,,,,,,,,,9.538,17568.166,0.57,,,,,,,9.4409,96500.218,60.83,9.4709,95883.565,43.98,9.48,20417.165,1.05,,,,,,,3.2263,12222.978,7.17,3.331,79046.989,48.95,3.3333,303313.854,63.57,3.404,445861.686,83.09,3.4027,12896.602,30,3.5036,45836.53,5.14,3.5228,133963.407,13.95,3.5497,47634.976,73.59,3.5699,19737.419,100,3.6654,58964.146,6.87,3.721,452179.235,100,,,,,,,,,,3.965,10200.122,100,3.958,56382.727,74.14,,,,,,,,,,,,,,,,4.1034,26979.571,9.08,,,,4.1992,111369.86,19.28,,,,,,,,,,4.1489,26909.025,11.36,4.2486,160999.53,71.22,4.363,62683.808,18.58,4.3593,83578.641,9.73,4.3939,95810.23,7.74,,,,,,,,,,,,,4.454,25651.939,30.57,,,,,,,,,,4.6136,169021.71,12.97,,,,,,,4.6057,252379.652,28.31,,,,,,,0.9239,26376.027,28.33,,,,,,,,,,4.6961,160202.778,4.5,4.7342,55478.566,66.9,,,,,,,,,,4.8042,1662618.896,46.74,,,,0.922,33138.377,30.24,,,,4.9105,1402978.631,39.44,,,,,,,,,,,,,,,,5.1555,10975.823,5.97,5.0451,608737.277,19.84,5.0487,50718.46,15.04
268_2021_T_4n,P2-A3,1,1.2732,10761.305,16.42,,,,5.0448,15054.795,0.71,,,,,,,5.136,101867.415,48.52,5.2827,31076.964,11.98,5.1881,52676.933,14.05,,,,5.1891,27707.291,9.24,1.3074,311827.373,49.12,,,,,,,5.1827,26143.674,5.23,,,,5.3363,89444.118,0.36,5.2587,431145.307,23.79,,,,,,,5.3998,16216.09,7.83,1.6581,115728.408,12.27,,,,5.4328,75111.229,3.19,5.4567,386511.496,38.11,5.4511,394814.219,34.09,5.4612,73551.897,5.13,,,,,,,,,,,,,,,,1.6608,124476.125,87.33,5.5847,365719.279,81.72,,,,5.6131,481179.892,54.34,,,,5.7972,21181.493,4.24,,,,5.6744,85020.061,0.34,5.707,150121.026,16.95,5.7052,26462.874,4.06,5.6833,20345.395,7.62,,,,,,,5.8069,13785.521,0.96,,,,,,,5.8207,71749.237,3.39,,,,5.8315,18401.766,100,,,,,,,,,,6.011,10780.604,1.88,6.0335,203896.526,31.55,,,,6.0636,111470.218,14.91,,,,6.0936,28787.96,3.05,,,,,,,6.1317,61222.828,51.4,,,,,,,6.1681,20128.058,2.41,,,,6.2107,64598.295,3.05,,,,6.2689,24200.338,3.72,6.2663,15076.796,2.64,,,,6.3121,51472.038,2.14,6.3577,43172.324,32.53,6.3696,25105.243,2.35,2.0315,43520.3,25.34,6.3449,10922.023,5.82,6.412,971052.744,61.53,6.5934,29351.942,14.18,,,,,,,6.4468,26580.087,5.32,6.5449,10997.319,3.27,6.5732,48646.642,13.73,6.5271,18002.695,3.25,,,,2.1912,58047.155,24.05,,,,6.6296,505120.53,35.2,6.6403,1646117.078,68.56,,,,,,,,,,,,,6.7443,121659.2,13.4,6.7997,36301.363,100,,,,2.1992,166933.253,82.7,6.775,31888.383,1.76,6.8406,15324.137,5.35,,,,6.919,10056.748,5.92,6.873,285711.546,15.77,6.8949,25434.214,12.7,6.911,20323.874,10.58,,,,,,,6.9487,67463.723,2.81,,,,,,,6.9788,29605.131,100,6.9815,65113.786,100,,,,,,,,,,6.9865,33079.477,3.64,,,,7.0905,70231.676,100,7.1267,14845.378,7.96,2.4335,82392.333,79.21,,,,7.1578,11246.265,1.94,7.1553,150700.025,78.46,,,,7.1697,38397.017,6.92,,,,,,,7.1874,130980.05,66.53,,,,7.3678,12945.838,1.32,,,,7.3701,121948.247,65.42,7.379,170682.882,16.3,7.3693,67268.024,10.41,7.3553,38712.864,20.62,,,,7.4726,10760.522,1.67,7.4396,22716762.18,91.83,,,,,,,7.486,46705.644,18.04,2.5833,205064.068,86.99,7.4399,905612.285,100,7.5411,19293.806,61.14,7.5477,28084.328,11.2,7.4379,371842.313,35.52,,,,7.5735,73906.431,18.7,,,,,,,,,,,,,2.8234,34454.657,56.11,7.7408,40576.464,4.65,7.7342,38717.616,0.16,7.7505,55147.992,5.61,,,,7.814,2802112.314,91.51,,,,7.9427,30666.198,1.45,7.9903,14078.083,100,,,,8.1784,26095.585,10.06,2.8747,21374.526,3.85,7.8806,10153.811,1.22,8.0389,66185.474,9.55,8.0559,60706.768,0.25,,,,8.0549,22058.7,3.8,,,,8.0774,56411.453,74.31,,,,,,,8.133,40007.668,3.82,2.8835,28389.767,71.53,8.0508,19822.316,1.86,8.0443,14735.319,2.54,,,,8.2516,10064.176,4.17,8.49,19410.63,2.33,8.2637,35892.99,17.19,8.2997,213360.163,0.86,,,,,,,8.2981,10817.4,5.8,3.0401,71311.987,27.49,,,,8.433,12836.239,1.31,,,,8.3923,123785.781,30.77,8.4053,11987.442,0.24,8.504,231969.485,23.59,,,,,,,8.504,749226.877,35.36,8.5858,606726.791,89.66,2.9982,150659.397,84.42,8.6315,90172.333,8.58,8.6375,10661.002,1.25,8.7109,5003633.347,98.24,,,,8.7685,96044.041,6.03,8.7607,35287.708,3.59,8.8704,14600.519,2.11,8.8248,176166.499,45.31,9.1016,14054.451,7.28,8.2883,10681.048,1.02,8.8897,674137.228,77.28,3.0045,26584.574,10.6,8.9117,58442.583,7,8.9086,120918.987,5.71,9.0182,19497.261,25.69,,,,8.9633,201677.862,21.2,,,,9.0363,242138.089,25.46,,,,8.8784,53479.996,3.36,,,,3.1552,58355.868,33.39,9.2343,15303.276,1.56,,,,9.2083,805326.393,75.54,,,,9.2124,1000555.868,100,9.2057,1052518.719,100,9.2364,21929.424,32.26,9.2738,1238125.072,98.15,9.2772,700622.544,98.11,9.2792,94654.794,17.07,3.1756,118486.613,36.46,9.2768,444105.177,53.21,9.0004,24810.719,9.58,,,,,,,,,,,,,9.4466,59801.883,14.87,9.5299,19416.704,3.18,9.4909,51697.427,3.25,,,,,,,,,,3.3328,139725.644,26.74,3.3258,429959.382,100,3.4105,211333.201,94.95,3.4012,19578.145,9.87,3.4984,73642.785,8.11,3.5158,31812.117,3.37,3.5511,20400.631,7.62,,,,3.6661,19119.241,2.19,3.7224,431026.75,83.67,,,,3.8623,19185.42,2.2,,,,3.9649,30183.964,49.55,3.9652,16114.325,100,,,,4.0108,27720.032,3.71,,,,4.0699,187698.474,55.82,,,,4.107,28597.697,9.39,,,,4.2018,147681.478,16.68,4.21,249562.34,1.01,4.2069,317830.755,63.57,,,,4.2352,19905.092,6.86,4.2491,248335.007,93.94,4.3532,63174.422,8.45,4.3576,48460.159,5.55,4.3957,36516.926,2.31,,,,,,,4.358,21330.971,6.45,,,,4.4561,25510.454,35.46,4.5053,87464.598,18.98,,,,,,,4.6086,20598.436,1.14,4.5145,10636.54,5.14,,,,4.6123,26248.465,2.89,,,,4.6188,60038.264,23.15,0.9245,12257.715,5.29,4.5969,18383.964,5.47,4.6205,12394.982,3.75,4.6949,10024.405,1.05,4.6964,60277.182,2.56,4.7374,51467.891,22.72,,,,,,,4.7748,116188.878,56.14,4.8069,1056014.194,44.84,,,,0.9205,32340.192,49.36,4.9555,36748.226,2.56,4.9105,928205.459,39.41,4.8427,31819.424,3.04,,,,,,,4.963,26446.492,55.78,5.0394,329059.72,44.03,,,,5.1372,19195.921,3.46,,,
269*_2012_T_2n,P2-B11,1,,,,,,,5.1088,23616.298,0.43,,,,,,,5.1434,55941.625,14.76,5.2759,10244.68,7.75,5.1896,63526.667,33.78,5.2236,14624.657,0.82,5.2052,11781.745,1.91,1.3051,178953.519,19.19,,,,5.213,11837.617,29.19,5.185,24448.65,2.72,5.2729,20373.118,1.51,,,,5.3458,2017696.216,25.48,5.452,19324.845,6.42,5.4,12596.065,1.94,5.4218,19194.392,5.59,1.6611,92841.223,7.36,,,,5.4434,151768.045,5.74,5.4486,23915.935,1.37,5.4755,32746.451,5.23,5.469,12250325.83,94.94,,,,,,,,,,,,,5.5474,20480.474,15.49,1.6593,63100.123,25.1,5.5862,780376.928,81.62,,,,5.6097,14330.29,0.41,,,,5.8024,12278.784,1.36,5.7859,11779.21,1.19,5.688,109103.278,2.28,5.7061,254863.963,18.11,5.7305,13191.626,0.7,,,,,,,5.7458,229429.76,14.15,5.7468,21389.898,0.17,,,,,,,5.8255,300633.605,5.42,,,,5.8269,82087.278,79.09,,,,5.9645,11452.613,1.58,,,,6.0072,248741.61,10.48,6.0326,507377.821,25.22,,,,6.0653,146431.046,9.73,,,,6.1034,237244.648,18.81,6.0687,16568.921,6.79,,,,6.1439,57281.356,73.3,,,,,,,6.1349,10010.99,1.12,6.1832,10988.494,3.22,6.2146,218579.488,3.94,6.2138,313227.58,76,6.263,634237.852,33.78,6.26,568815.848,23.96,6.2071,25834.389,43.33,6.3123,900634.101,50.34,,,,6.3841,31708.107,2.05,2.038,36149.964,34.72,,,,6.4109,791788.261,34.56,,,,,,,6.4173,15018.885,4.97,,,,,,,6.5794,65578.253,43.36,6.6541,32766.4,3.31,,,,2.2021,180898.037,38.28,,,,6.6389,66626.227,0.52,6.6418,442087.94,24.71,6.6507,119470.491,40.03,6.6981,16042.08,5.02,6.7066,17537.397,9.15,,,,6.7814,882101.695,22.96,,,,6.9753,79031.275,8.78,2.1985,254974.779,77.3,6.7818,1342835.51,16.96,6.845,26485.778,4.43,,,,6.896,247052.623,86.31,6.8398,474680.787,6,6.8949,396289.189,59.78,6.9426,348904.234,69.88,,,,6.9547,13659.067,15.13,6.9725,10703.584,0.6,,,,6.8835,73599.644,14.1,6.9845,42958.095,56.98,,,,,,,,,,,,,7.1019,19083.373,0.5,,,,7.0915,107946.059,82.25,7.1224,10438.61,1.54,2.4359,22847.34,23.76,,,,7.1439,265472.552,16.37,7.1555,23082.042,4.62,,,,7.1691,130266.634,13.17,,,,6.9792,73263.134,1.53,,,,7.1758,17165.24,1.91,7.4043,13833.778,0.66,,,,7.3744,530825.667,78.31,7.3789,734416.407,54.37,7.382,44960.021,2.23,7.3733,90576.311,32.51,7.5211,10914.975,1.5,7.4209,421445.375,20.95,7.4473,3667180.506,76.75,,,,7.4845,98572.441,43.83,7.4904,153520.447,23.71,2.5928,179769.739,83.95,7.4474,45014.525,100,,,,7.5685,27507.096,6.82,,,,7.6011,29830.741,4.61,7.5865,87484.752,18.77,,,,7.6585,10054905.61,95.53,,,,,,,2.8295,25817.744,12.6,7.7415,13111.775,7.8,7.661,14183.459,0.3,7.7421,182129.761,8.73,7.7504,32448.94,35.94,7.8214,3975258.346,97.4,,,,7.9382,19932.976,0.36,,,,,,,,,,2.8625,31238.224,3.16,7.8771,12962.018,1.45,8.0414,158563.83,18.72,,,,8.279,11140.693,1.13,8.0519,30020.955,1.85,8.0719,99706.661,45.8,,,,,,,7.9351,18524.244,8.51,,,,2.8876,42656.201,78.88,8.0476,15535.069,1.01,8.1543,36040.351,2.22,8.1663,10235.091,1.14,8.274,14181.391,3,8.4384,11678.863,1.3,8.2659,116252.392,26.52,,,,,,,,,,8.3126,14824.603,2.19,,,,,,,8.2342,22637.569,1.08,,,,8.3961,149936.63,34.56,8.427,184227.795,1.7,8.5186,166107.461,7.96,,,,8.3394,10097.593,1.49,8.5198,720227.806,12.97,8.5972,776896.211,91.02,,,,8.6389,54785.225,8.38,8.5227,402254.108,37.77,8.7121,10594685.77,97.68,,,,8.767,109053.41,5.86,8.7704,46163.71,2.21,8.7572,57470.281,6.79,8.8254,770894.05,56.73,,,,,,,8.8884,155052.123,92.2,3.0007,45097.32,11.18,8.9016,14328.638,1.6,8.8993,106129.117,1.91,,,,9.1586,11865.094,1.83,8.9696,571147.532,37.09,,,,9.046,623516.003,40.49,,,,9.0944,10098.618,0.54,,,,3.1477,159554.295,36.43,9.05,247327.043,11.85,,,,9.2093,636103.096,41.21,,,,9.2153,733822.967,100,9.2117,979895.228,93.65,9.2351,456786.212,68.38,9.2826,1100728.691,93.94,9.2836,573564.194,95.91,9.2802,85927.139,8.69,3.1801,78516.799,50.69,9.2803,421229.862,46.99,9.0001,46685.31,7.21,9.3701,144591.693,14.85,,,,,,,,,,9.4469,108598.078,25.03,9.5282,10735.522,2.07,9.3344,10005.47,0.54,,,,,,,,,,3.3289,542664.784,84.66,3.326,982392.263,93.11,3.4145,405077.371,84.37,3.4034,78058.93,12.67,3.5263,58506.134,1.52,3.5116,178084.889,14.12,3.5513,55564.599,47.23,,,,3.6651,220546.819,8.63,3.7246,1164245.015,93.71,,,,,,,3.9111,105503.908,16.63,3.9595,28323.716,25.73,3.9503,11360.688,48.93,,,,4.0851,116169.444,7.72,4.1511,34867.305,5.43,4.0714,253238.532,39.02,4.0828,19342.33,6.38,4.1088,210623.108,38.31,4.201,14707.024,34.58,4.1895,257480.948,18.3,4.2175,425528.04,8.91,4.2176,545744.443,60.61,4.1984,14335.655,1.06,4.1619,38557.225,11.54,4.2552,276926.682,83.92,4.3547,60709.905,4.03,4.3473,65006.349,2.54,4.3965,74558.989,3.25,,,,,,,,,,,,,4.4563,60872.513,0.58,4.478,373733.818,58.15,4.4697,10680.123,0.22,,,,4.6036,939697.387,11.87,,,,,,,4.608,1259938.715,32.79,,,,4.6326,28104.424,21.26,0.9207,63718.477,31.12,4.6001,32372.63,4.99,,,,,,,4.6996,74343.874,2.81,4.735,186854.924,53.6,4.7646,21383.296,2.95,,,,4.7762,87971.3,25.6,4.8119,1161651.985,43.92,,,,0.929,11844.91,100,4.775,15812.62,0.12,4.9189,1110405.461,41.98,4.8443,60834.028,4.5,,,,,,,,,,5.0367,186839.332,12.42,5.0401,24850.653,4.76,,,,4.9249,49934.545,3.32
269_2021_T_2n,P1-E4,1,,,,,,,5.1018,11183.54,0.16,,,,,,,5.1497,43509.751,11.52,5.2915,15716.598,11.5,5.1794,22184.383,21.38,,,,5.1744,14573.806,3.46,1.3113,333947.92,27.43,,,,5.2127,49672.812,56.38,,,,,,,5.2771,17379.694,0.63,5.3434,1474394.222,27.55,5.4876,36790.278,21.49,,,,,,,1.6668,83385.386,10,,,,5.4349,80394.068,3.63,5.4606,84751.725,9.7,5.4857,112874.353,18.74,5.4633,6545168.972,95.13,,,,,,,,,,,,,,,,1.6608,82732.558,37.53,5.5781,385730.776,91.17,,,,5.4618,18001.601,0.51,,,,,,,5.8249,33217.077,3.75,5.6868,24334.756,0.88,5.712,119943.35,11.21,5.7494,32319.172,2.33,,,,,,,5.7415,229397.638,17.06,5.7427,11574.521,0.17,,,,,,,5.8238,83611.246,1.19,,,,5.8204,33960.194,76.84,6.0201,22679.171,10.58,,,,,,,6.0035,90786.007,7.85,6.0273,141243.836,12.64,,,,6.0508,82865.335,10.38,6.2276,60863.902,19.38,6.0936,206531.826,24.77,,,,,,,6.137,138666.977,84,6.1313,16318.563,5.19,,,,,,,,,,6.2131,104842.938,1.49,6.2098,74534.682,33.32,6.2576,133612.402,9.65,6.2679,159168.889,13.77,,,,6.31,714353.334,52.49,,,,6.3741,10725.864,0.85,2.0358,78177.094,71.71,6.3274,38481.249,12.25,6.4134,663022.94,41.16,,,,,,,,,,,,,,,,6.5755,132244.875,64.62,6.656,119024.987,13.42,,,,2.2017,162988.081,42.37,6.5202,21694.17,3.95,6.6239,15472.831,0.22,6.639,352190.497,25.88,6.6476,102266.994,29.48,,,,6.6946,10678.516,6.85,,,,6.7812,613121.789,30.82,,,,6.9673,55770.507,20.88,2.2037,232321.756,77.32,6.7855,1350786.977,25.24,,,,6.8347,24255.268,0.35,6.8862,156894.659,61.95,6.9719,23071.282,0.43,6.8936,246056.71,66.97,6.94,216269.115,80.48,,,,6.9423,32680.505,27.35,,,,,,,6.8925,76409.185,15.98,6.979,17470.632,100,,,,,,,,,,,,,7.0866,68944.901,3.47,,,,7.0823,38313.285,100,,,,,,,,,,7.1512,140507.643,10.45,7.1404,16967.288,6.31,,,,7.1636,373151.2,42.08,,,,,,,,,,,,,7.2969,12315.472,0.43,,,,7.3734,28112.697,19.52,7.369,20944.988,3.82,7.3552,32986.847,2.95,,,,7.539,24496.742,7.24,7.4317,414824.491,37.13,7.4424,1938696.368,69.97,7.5722,13711.423,13.22,7.4797,76375.358,33.85,,,,2.5908,82455.627,100,7.4413,21472.242,100,,,,7.5537,107587.86,22.69,7.5598,15617.27,2.85,,,,7.5707,26188.093,19.43,,,,7.654,10625505.1,98.26,,,,,,,2.8247,33077.29,41.94,7.7307,44475.77,21.4,7.6632,14535.414,0.52,7.7457,78109.195,2.72,7.7517,39069.514,32.69,7.8075,2727400.105,97.64,,,,7.9444,20652.864,0.29,,,,8.1646,10299.136,1.88,8.1749,45739.551,33.45,2.8744,17897.877,2.02,7.8697,11644.948,1.54,8.0359,32478.839,21.94,,,,8.2783,15329.245,1.73,8.0492,56647.935,4.21,8.0686,54457.071,21.03,,,,,,,8.0563,60030.339,23.19,8.1415,10671.964,1.94,2.8799,31561.331,100,,,,8.1457,188401.393,14.01,8.1494,68363.109,9.03,,,,,,,8.2554,26434.247,8.87,,,,,,,,,,,,,,,,,,,8.2297,19330.018,0.67,,,,8.3845,53265.428,28.2,8.4154,130270.242,2.02,8.5086,317328.884,11.06,,,,,,,8.5143,4791447.667,68.17,8.6025,477803.316,95.83,3.001,18753.312,100,8.6318,30640.443,5.82,8.7519,22303.923,0.6,8.7045,6293074.54,97.53,,,,8.7621,241885.492,8.2,8.7559,132319.24,4.61,8.8812,14052.262,9.49,8.8224,348025.964,44.97,,,,8.2757,10584.527,1.93,8.8826,114977.02,55.31,3.0071,20095.041,4.24,8.9012,35469.161,4.69,9.0287,10645.9,0.15,,,,,,,8.9633,211688.24,36,,,,9.0331,198891.82,33.82,,,,9.1084,15307.412,0.52,,,,3.1505,96624.422,64.81,9.1268,11971.031,0.42,,,,9.2039,1119859.501,88.46,,,,9.2092,1638108.347,99.37,9.2059,1537698.029,97.62,9.2269,197160.517,61.3,9.2715,1197331.692,100,9.2753,664947.022,100,9.2667,96333.677,10.86,3.1705,113371.524,62.45,9.2707,447652.539,59.16,,,,9.3616,12036.074,2.05,,,,,,,,,,9.4445,58662.221,31.06,9.6747,139763.025,30.24,9.4806,30524.519,1.03,,,,,,,,,,3.3278,245125.726,75.04,3.3237,575634.936,87.52,3.3973,262471.842,79,3.4049,15443.525,5.42,3.5064,19291.714,0.97,3.5119,33937.732,4.07,3.5443,38947.157,49.05,3.5657,20504.52,18.29,3.6647,47356.116,3.22,3.7213,707771.873,87.11,,,,,,,3.9057,76204.608,16.08,3.9594,25577.238,58.75,3.9505,43597.073,70.81,,,,4.0847,67226.496,8.42,4.139,16541.749,4.11,4.0657,58269.454,27.19,4.0811,198924.409,63.93,4.1207,12028.182,5.89,,,,4.1895,72943.509,6.82,4.2031,187639.845,6.77,4.2112,168730.848,63.17,,,,4.15,34540.56,14.97,4.2428,168082.102,65.97,4.3648,75637.468,9.48,4.3634,112810.615,7.67,4.3824,31626.938,1.96,,,,,,,,,,,,,4.4555,64240.268,0.59,4.4727,193263.812,48.07,,,,,,,4.5971,259673.899,4.85,,,,,,,4.5993,334155.689,16.8,,,,4.6149,30036.903,21.97,0.9192,15050.765,9.91,,,,,,,,,,4.6938,51475.129,2.32,4.7324,62545.657,32.95,,,,,,,4.7682,93763.372,85.82,4.8024,1052761.059,47.52,,,,0.9229,61451.408,100,4.7676,27530.265,0.4,4.9093,868810.583,39.21,,,,,,,,,,5.0379,121149.335,72.66,5.0341,45925.917,5.75,5.0476,126079.958,26.36,,,,5.0487,30913.3,3.87
271_2021_W_4n,P1-A6,1,,,,5.1155,20623.425,12.87,5.0647,17693.625,0.47,4.9843,42523.855,0.33,,,,,,,5.2713,10029.623,0.71,,,,,,,5.1028,10496.761,2.99,1.3098,168270.779,28.15,5.2141,69738.572,6.5,,,,5.1719,10053.337,2.46,5.2712,20117.642,0.38,5.1673,12119.373,1.51,5.3511,60403.413,2.54,,,,5.213,25447.869,0.19,,,,1.647,84321.682,5.95,,,,5.4245,85149.045,3.09,5.4456,147408.39,17.33,5.4457,140574.396,31.3,5.4573,22731.419,28.54,,,,5.617,13265.882,0.13,,,,,,,5.5195,67765.614,4.77,1.6574,44064.063,34.39,5.5672,175711.87,85.98,5.6691,10491.528,3.51,,,,5.6224,86124.054,1.32,5.7713,15046.71,3.68,5.689,28423.655,0.62,5.5666,15119.975,1.88,5.7027,137458.124,12.56,5.7209,27264.408,2.26,,,,1.7247,232797.003,60.64,5.6358,13988.121,1.95,,,,,,,5.6548,178411.716,1.36,5.8237,119251.794,3.16,5.8259,338642.829,5.2,5.8153,18637.804,100,6.0073,3580189.12,27.37,5.9435,386833.405,56.66,,,,5.8553,15491.255,2.48,6.0354,33939.913,5.35,6.1523,13080.475,3.2,6.1425,30602.95,2.71,6.0484,558997.714,8.59,6.0836,43194.654,3.05,6.0526,12138.429,0.28,6.1012,45835.036,8.97,6.1253,119286.21,13.46,6.1377,357220.077,5.49,,,,6.1663,3482359.922,33.49,6.1641,105381.719,40.07,6.2096,120455.896,3.19,,,,6.1588,22610.78,1.87,6.267,14346.679,2.3,,,,6.3038,65659.299,5.28,6.3441,94373.076,86.54,6.3581,213438.123,10.93,2.0233,11913.408,21.35,6.4012,728203.155,11.19,6.4111,160615.189,14.84,6.5511,15675.461,5.24,6.453,11209.79,2.8,6.5155,122791.93,31.75,,,,6.552,1781134.089,13.61,6.5603,53432.441,50.68,6.594,20422.582,0.45,6.5513,97949.927,1.12,2.1863,446669.403,64.46,6.587,477379.149,9.1,,,,6.6301,782781.739,63,,,,6.6887,177833.842,30.4,6.6837,184813.137,47.66,6.7227,1421964.82,10.87,6.7245,22081.405,1.68,,,,6.7618,93086.723,22.79,2.1926,647233.728,72.49,6.7704,61079.49,2.57,6.8321,345240.169,3.97,,,,6.787,17256.961,29.97,6.8773,501602.475,21.07,6.8821,13253.781,13.04,6.9258,68888.047,29.85,6.9642,78647.691,0.6,,,,6.9232,12158.597,0.98,,,,6.87,15612.082,0.81,6.9789,22956.179,0.79,,,,7.0121,52162.66,30.11,7.0727,10672.94,3.37,,,,7.2666,17547.061,1.34,7.139,72876.521,0.56,,,,6.9962,27084.061,2.22,2.4186,53495.024,55.94,7.0091,33597.284,4.09,7.3073,109844.123,15.32,7.1453,136263.736,59.05,7.267,16157.344,0.25,7.1626,92552.366,2.02,7.2388,133314.128,33.25,,,,,,,7.4697,12384.384,3.03,7.3919,13604.429,0.06,,,,,,,7.3339,10291.709,0.2,7.3496,52516.763,8.27,7.3575,50125.685,0.77,7.4433,27659.422,4.05,7.421,229333.416,36.13,7.4362,115882.589,14.39,7.4724,199114.96,34.31,,,,7.4692,26958.902,0.31,2.5838,156397.319,42.28,7.5484,16901.035,2.3,7.5206,62767.954,40.63,7.5549,37080.202,26.41,7.5831,80463.625,1.53,7.603,116719.616,1.34,7.5578,223939.696,59.79,7.5802,30458.603,73.46,7.6371,44542.702,19.61,,,,,,,2.8275,74074.063,51.29,7.7188,34785.62,3.48,,,,7.7523,1557959.523,6.64,,,,7.8066,2843863.87,100,7.8878,149437.809,1.14,7.9404,12126.582,0.32,7.9844,50008.759,100,7.9665,86890.588,1.66,7.9772,279986.505,19.7,,,,7.9714,171321.671,1.65,8.032,43044.048,3.24,8.1515,10030.737,1.25,8.0403,370961.32,8.1,7.8486,12441.381,1.73,7.8494,318768.043,36.47,8.0629,176237.095,5.78,8.0932,296239.927,2.26,8.1565,57019.481,6.52,8.0842,20507.043,0.39,2.8651,11572.545,100,8.1633,40664.672,2.08,8.2637,25083.245,3.5,8.1392,48733.708,0.47,8.3848,16627.563,2.4,8.2276,11898.586,0.11,8.2422,89279.217,2.48,8.4472,10065.867,1.25,8.2869,33669.227,0.39,,,,8.3697,34654.392,2.84,,,,8.3526,318388.41,43.42,8.4052,16377.953,0.07,,,,8.4022,129085.933,19.16,8.4023,18809.761,0.79,8.4913,439995.256,1.88,8.4756,911982.367,20.96,8.5095,183618.607,15.04,8.4954,1762801.773,46.64,8.5617,610096.406,70.05,2.9899,82121.825,75.66,8.6226,368621.414,15.49,8.6758,14932.047,2.52,8.6958,2344244.254,98.58,8.7466,5452584.865,95.83,8.7528,20731601.57,91.9,8.7522,8221537.839,35.06,8.8163,18875.155,1.42,8.8151,90001.341,31.32,8.7395,217649.404,28.68,8.3288,25383.044,0.48,8.8781,800452.489,80.09,3.0006,20204.9,14.39,8.8786,867252.921,8.34,8.8787,28582.624,0.76,8.93,1882992.142,61.79,8.9243,4473981.489,34.2,8.9571,227681.394,21.23,,,,9.0332,132121.124,12.32,8.9408,19976.386,3.16,9.1089,22484.451,0.1,9.0968,582195.849,13.38,3.136,37827.049,58.23,9.1644,120795.122,0.52,9.1104,16807.211,15.64,8.9289,743601.208,38.08,9.0939,28912.22,19.62,,,,,,,,,,9.2615,307730.561,47.71,9.2709,15814.913,48.45,9.2912,487391.406,10.64,3.1691,104810.459,100,9.2682,1041642.404,10.02,9.2774,1424733.029,16.34,9.3548,26398.113,3.62,9.4134,877912.975,19.17,9.4086,2129580.075,20.48,9.4182,2645453.305,30.35,,,,9.6692,96770.022,5.14,9.5339,14410.391,0.06,,,,,,,3.2291,144378.582,19.81,3.328,10915.6,2.14,3.3222,147340.909,47.75,3.3769,89238.391,30.1,,,,3.4868,70608.796,5.37,3.506,754731.701,53.29,3.5418,73672.78,55.06,3.5612,135774.033,66.81,3.6581,17498.779,1.24,3.7158,488134.024,79.77,,,,,,,,,,3.9556,26737.633,10.71,,,,,,,4.0067,36280.956,3.21,,,,4.066,71710.469,0.55,4.0787,23710.539,13.15,4.0898,829008.024,72.45,4.1185,1284860.387,90.09,4.1877,170039.844,15.54,4.2406,10101.266,1.25,,,,,,,4.2304,284212.065,50.97,4.2343,157827.394,62.97,4.3436,163234.885,14.44,4.3512,116673.688,8.26,4.3841,170925.587,15.79,,,,4.4039,72188.383,0.55,,,,,,,4.444,71271.203,31.38,,,,,,,,,,4.5802,10706.513,0.45,,,,4.6136,167575.007,49.95,4.6117,14432.342,1.1,4.6523,90096.359,1.38,4.6116,15907.983,1.12,0.9265,25317.547,20.43,4.6535,115074.447,0.88,,,,4.6861,225942.511,21.07,4.687,96036.189,3.49,4.733,53284.708,37.19,,,,,,,,,,4.7938,1345080.044,48.83,,,,0.9205,56667.853,37.8,,,,4.9026,1076039.885,39.06,4.9853,14521.107,0.28,4.9967,13367.854,0.94,,,,5.0376,11382.384,28.46,,,,,,,5.1414,19954.538,0.44,5.0425,662761.23,58.61
272_2021_W_4n,P1-A4,1,1.2647,132404.854,61.02,5.06,402786.565,55.65,5.0458,155837.852,5.28,,,,,,,5.1547,20505.009,5.65,5.1666,17150.317,2.16,5.1746,180136.238,28.15,,,,5.1972,16664.531,1.99,1.3067,131331.438,33.66,,,,,,,5.3115,77003.714,0.98,5.3115,45739.861,0.74,5.3145,1727865.124,15.25,5.3508,46744.298,3.48,5.3719,143176.071,58.34,,,,5.3691,177067.996,2.36,1.6571,63399.071,5.18,,,,5.4269,127912.373,3.47,5.4465,93052.648,15.61,5.4496,96911.64,11.82,5.4739,46212.918,0.97,,,,,,,,,,,,,5.5611,15642.546,1.97,1.6681,44482.706,3.48,5.5654,564713.912,87.44,5.5747,1925106.98,25.63,5.5772,327987.671,28.45,5.6074,102060.784,11.36,5.5677,32213.349,0.41,5.7752,12920.097,2.82,5.7635,69630.997,0.61,5.7015,108560.574,14.6,5.7139,10542.719,1.38,5.7244,254118.078,49.57,,,,5.6334,24450.997,5.82,5.7214,11017.243,0.23,,,,,,,,,,,,,5.8193,16936.778,16.29,6.0068,52389.264,11.42,6.02,5274877.795,82.72,1.776,10693.503,1.27,,,,6.0235,17202.264,3.61,6.0208,5345647.883,67.95,6.0596,136521.212,15.46,6.1112,26727.603,2.98,6.087,44532.165,3.64,,,,6.0855,168634.344,20.82,,,,6.0261,109791.563,12.23,,,,,,,6.0434,21971.496,4.29,6.2093,43383.972,1.47,,,,,,,,,,6.2301,10233.585,19.62,6.2954,46503.509,3.56,6.3442,140750.785,41,6.3535,102204.353,1.83,,,,6.3598,15587.663,1.74,6.3997,639490.857,52.64,,,,6.4324,50048.794,9.18,,,,6.4252,66443.848,0.84,,,,6.5632,16144.647,3.86,6.5232,24431.087,5.32,,,,2.1936,633993.055,76.31,,,,6.4994,10848.909,0.23,6.6329,926459.128,70.96,,,,,,,,,,,,,6.7342,124118.624,13.24,6.7925,149847.308,65.07,6.7622,71783.121,0.91,2.1957,890391.748,92.09,6.7793,17657.511,1.32,,,,6.8711,324404.598,6.78,,,,6.881,254760.947,18.99,6.8796,30063.006,9.21,6.921,128590.811,30.6,,,,6.9328,132201.229,65.66,6.7467,17617.666,1.35,2.2949,97201.53,12.48,,,,6.8949,10675.902,100,6.9691,143952.329,68.3,7.0152,40740.2,26.87,7.0815,163939.399,22.13,7.2743,133893.679,2.8,6.8756,303373.147,32.35,,,,,,,,,,2.4167,72879.851,51.7,,,,7.259,36468.168,8.68,7.152,224338.546,53.38,,,,7.1515,41940.087,9.14,7.1595,452708.589,82.99,7.134,56618.287,0.5,7.1792,244455.766,51.18,,,,7.4113,14917.984,1.85,2.4475,230046.255,29,7.3654,316800.577,7.81,7.3673,380397.709,6.12,7.3643,42157.243,8.85,7.3648,66278.667,7.38,,,,7.4233,190708.289,40.04,,,,7.6767,117361.132,91.1,7.4701,259866.836,30.58,,,,2.5888,180147.317,91.21,7.5291,720171.565,78.89,7.5311,49245.307,78.54,7.5474,84825.237,31.54,7.6433,30503.179,0.49,,,,7.565,86245.217,7.4,,,,7.6547,13013.771,6.34,,,,7.7168,110797.328,46.24,2.8178,91148.556,48.66,7.7313,130149.088,7.07,7.8541,10978.482,0.1,7.9177,14831.045,1.84,,,,7.7997,5717742.794,98.34,,,,7.9313,154542.477,5.23,,,,8.0359,21611.689,0.35,8.1423,12383.858,1.56,,,,7.8675,11666.267,1.23,8.0496,83087.692,12.83,8.0442,1661453.178,14.66,8.2815,63657.479,13.87,8.0626,28140.131,6.7,,,,8.0613,25573.227,19,,,,,,,8.0851,10942.793,0.18,2.8684,138413.925,83,8.0475,10371.838,0.19,8.1026,10670.821,2.54,8.2843,18988.025,2,,,,8.2555,11115.537,1.17,8.2718,361952.756,47.98,8.3674,10808.359,0.1,8.2805,58171.174,24.28,,,,8.2813,2734614.339,67.39,3.0026,179302.679,22.6,8.2986,16913.354,1.85,8.3378,14203.291,1.76,,,,8.3745,267349.11,52.11,8.4051,795500.024,22.19,8.494,263584.825,32.63,,,,,,,8.4954,1048759.351,35.51,8.568,318614.244,79.24,2.9846,121550.58,80.49,8.6236,356213.909,28,8.6569,14418.928,0.5,8.6965,2741572.113,76.47,,,,8.7547,43905.776,19.66,8.7486,20617.773,2.55,,,,8.8158,78219.214,22.77,8.9609,11548.867,3.24,8.2845,4871178.998,78.38,8.8768,1070820.269,58.13,2.9943,11098.835,4.13,,,,8.8888,68684.881,2.33,,,,,,,8.9624,216133.847,32.88,9.0082,349101.171,54.27,9.0269,183031.125,27.84,,,,,,,,,,3.1509,162321.468,92.9,9.271,26464.566,3.28,,,,9.1958,2400850.573,42.87,9.1972,3187468.256,95.54,9.1993,4902520.81,99.08,,,,9.211,69512.632,77.27,9.2646,202051.977,50.78,9.2634,31823.939,54.27,9.2788,22835.723,4.98,3.1676,167455.839,89.41,9.2666,62168.747,6.55,,,,9.3515,17331.204,1.52,,,,9.1896,23265.05,2.45,,,,9.4365,60011.404,11.7,9.703,70905.625,4.61,9.4734,29247.829,13.09,3.2039,243623.436,3.24,,,,,,,3.3259,23977.74,2.96,3.3198,170696.184,77.47,3.3969,224697.83,12.16,,,,3.4839,66198.52,7.06,3.5078,438452.336,35.8,3.5424,57793.816,29.91,3.5521,11063.897,7.2,,,,3.7142,835524.812,90.87,,,,3.8617,20490.055,2.21,,,,,,,3.9499,36378.067,13.88,3.8601,58913.923,0.75,4.0138,53494.757,6.06,,,,4.0596,27373.797,5.97,4.0799,10763.049,5.23,4.0964,168528.837,46,,,,4.1986,87077.997,11.71,4.2058,626808.239,5.53,4.2021,748856.791,9.52,4.1994,63605.561,1.02,,,,4.2344,1232635.213,88.09,4.3613,39179.588,4.44,4.3572,65279.19,7.04,4.3888,165555.289,13.63,,,,4.4873,11525.045,2.51,4.5054,39748.239,0.62,4.4503,98350.453,12.4,4.4418,75463.363,36.75,,,,4.5019,455732.952,4.02,4.4928,903576.303,38.03,4.6115,36214.18,2.7,4.5761,272649.086,3.63,,,,4.6054,39060.681,4.17,,,,4.617,24295.367,3.06,0.918,49453.935,31.06,,,,4.5729,14147.927,0.22,4.5852,12805.886,1.95,4.6853,62962.036,1.71,4.7174,22221.944,21.05,4.8511,121212.581,1.9,4.7622,4238137.166,83.22,4.7626,4632332.873,61.67,4.8,1461930.928,39.6,,,,0.9169,50385.337,23.22,4.8694,2492995.31,52.1,4.8984,1628099.285,44.11,4.9432,30119.504,0.48,,,,5.0763,60100.412,0.8,,,,5.0388,301313.557,34.13,,,,,,,4.9089,61628.967,6.98
273_2012_T_2n,P2-E1,1,4.9122,11256.663,47.36,5.1216,15362.667,7.44,5.1885,43035.461,23.93,5.1888,60718.609,9.05,1.299,401623.256,41.22,5.1777,20084.384,3.3,5.3337,14836.344,0.26,5.3373,549422.573,11.19,5.4522,39328.429,12.05,1.6408,154300.437,12.58,5.4423,254444.514,5.52,5.4294,26018.028,1.79,5.476,109693.818,16.56,5.4659,9404827.93,95.08,1.654,107454.175,60.36,5.5827,686217.743,85.11,5.6143,22254.343,0.5,5.6715,69552.878,1.23,5.699,308107.396,22.96,5.7282,19109.314,1.5,5.7388,228036.909,13.21,5.7321,18291.609,0.18,5.8109,302689.706,6.59,5.8297,43421.499,64.47,5.9977,346028.777,16.89,6.0305,154111.442,10.38,6.0471,167613.679,14.77,6.0887,307153.719,25.04,6.0597,19016.3,25.07,6.1014,28055.682,3.09,6.1358,61241.892,62.91,6.2025,162556.375,3.54,6.2014,224709.029,59.22,6.2561,395557.041,31.09,6.2555,390551.755,19.07,6.1983,21496.191,13.25,6.3001,1031866.079,58.99,6.3945,30352.202,1.38,2.0254,95060.589,67.02,6.4063,1120789.783,42.27,6.5742,27920.14,20.84,6.6341,10642.128,2.02,2.1828,80931.736,27.28,6.5117,23981.316,1.63,6.6317,78289.241,0.79,6.6327,308321.17,17.63,6.6484,143406.917,43.15,6.6973,15735.432,6.21,6.7666,306254.892,8.69,2.1839,110183.847,57.98,6.7702,1166610.008,23.75,6.8776,288136.956,79.17,7.0788,166298.715,3.39,6.8835,234165.968,63.23,6.9328,218299.263,83.18,6.943,15258.007,21.08,6.8037,10844.645,0.62,6.8676,60422.968,17.33,6.9853,38662.151,74.78,7.0877,254660.965,7.22,7.0896,173715.853,87.15,7.2511,11903.418,3.05,2.4221,36218.9,40.29,7.1455,226570.675,13.13,7.156,53134.278,10.07,7.5673,13151.457,1.97,7.3756,226388.914,57.93,7.3709,353957.784,24.02,7.3093,564147.262,38.01,7.3723,38691.49,24.95,7.5397,37233.745,6.56,7.4196,218987.88,14.75,7.4427,4605734.875,81.56,7.4826,65420.103,46.62,7.4847,76515.705,29.71,2.5773,221766.004,95.24,7.4419,81915.793,100,7.5416,27871.487,6.08,7.4426,73963.821,5.02,7.5778,163751.1,53.13,7.6434,13112129.27,95.92,2.827,276903.208,64.27,7.74,11276.594,7.03,7.7495,13981.661,0.25,7.749,104915.055,15.74,7.7472,19886.304,27.47,7.8148,4172159.772,96.75,7.9127,22580.881,0.49,8.0072,22456.447,100,2.8669,82113.976,15.55,7.8718,11902.773,1.02,8.0304,116681.303,17.27,8.0569,28538.411,1.65,8.0587,65717.324,35.83,8.0647,23719.37,59.6,7.925,13205.455,7.2,8.333,32154.026,2.18,2.8867,30720.819,30.91,8.3284,14858.473,0.67,8.149,51445.466,2.98,8.1586,19788.029,1.69,8.2559,31238.991,10.53,8.1312,16718.953,1.43,8.2512,165764.923,45.72,8.318,24963.368,0.44,8.2939,10957.358,0.74,8.3395,84725.044,21.68,8.4111,10478.878,1.57,8.3933,293291.753,51.66,8.4981,27877.75,4.18,8.5032,172052.95,3.75,8.5891,533700.331,89.65,3.0009,26874.762,72.78,8.6321,76704.744,7.07,8.5099,110725.812,8.62,8.7086,8717561.758,99.31,8.7581,27292.596,5.89,8.6604,21641.517,3.25,8.8578,11579.413,1.71,8.8161,632388.864,50.59,8.8877,149101.332,92.97,2.982,122669.654,26.78,8.9135,46426.907,3.98,8.8954,51265.066,1.12,8.9396,12119.885,2.51,8.9614,92226.89,32.86,9.0306,121190.747,43.18,8.872,34912.282,7.53,3.1416,95190.847,18.98,9.2651,53815.739,8.07,9.2074,1605281.463,72.89,9.213,2594074.05,100,9.2094,1757230.746,97.04,9.0042,10834.055,7.38,9.2774,1684335.882,98.67,9.2783,1307666.47,100,9.274,132236.173,25.05,3.1745,146388.632,64.75,9.2735,640495.069,54.84,9.3643,280668.702,21.31,9.4911,15132.719,2.87,9.414,193952.684,16.61,9.4446,132961.009,23.42,9.5247,14277.46,1.72,9.689,16650.293,3.59,3.1432,14928.867,3.22,3.3181,439857.479,48.38,3.3135,742846.708,86.18,3.4026,618294.639,70.58,3.3917,19436.874,6.69,3.49,14111.771,0.4,3.4984,196687.794,16.03,3.5473,113827.434,53.14,3.6462,118063.71,5.61,3.7208,535332.889,74.88,3.8603,15720.457,0.75,3.9049,81073.312,8.68,3.9544,47290.109,26.69,3.9532,15777.472,100,4.1346,36044.69,7.31,4.0532,185715.783,38.45,4.1952,11945.146,4.14,4.0966,405530.375,55.86,4.1785,279506.315,20.83,4.204,333513.442,5.91,4.2051,372360.205,61.14,4.141,50784.471,27.94,4.2483,446687.652,82.76,4.3377,51989.717,4.58,4.3422,38465.62,1.83,4.3841,21890.259,0.83,4.4425,86338.996,0.63,4.4679,284182.44,57.62,4.5924,1008215.579,20.53,4.586,1396020.824,39.6,4.615,13040.009,7.63,0.9157,123386.521,37.95,4.699,219604.694,4.77,4.7289,254700.211,76.45,4.7553,10225.621,1.8,4.7614,47711.197,10.29,4.8043,2041466.5,44.32,,,,0.9116,12759.999,52.68,4.7753,12043.674,0.12,4.9115,1807068.169,39.23,4.838,41008.064,2.78,4.9603,15038.752,38.5,5.0252,196737.176,17.34,5.0275,10534.762,3.02,5.1655,24812.309,2.19,,,,,,,,,,,,,,,,,,,,,,,,,,,,,,,,,,,,,,,,,,,,,,,,,,,,,,,,,,,,,,,,,,,,,,,,,,,,,,,,,,,,,,,,,,,,,,,,,,,,,,,,,,,,,,,,,,,,,,,,,,,,,,,,,,,,,,,,,,,,,,,,,,,,,,,,,,,,,,,,,,,,,,,,,,,,,,,,,,,,,,,,,,,,,,,,,,,,,,,,,,,,,,,,,,,,,,,,,,,,,,,,,,,,,,,,,,,,,,,,,,,,,,,,,,,,,,,,,,,,,,,,,,,,,,,,,,,,,,,,,,,,,,,,,,,,,,,,,,,,,,,,,,,,,,,,,,,,,,,,,,,,,,,,,,,,,,,,,,,,,,,,,,,,,,,,,,
282_2012_T_4n,P2-C8,1,,,,,,,5.0653,86046.224,3.18,5.0864,13956.636,3.02,,,,5.1598,33652.474,23.6,5.3093,13217.831,13.59,5.1976,31057.913,14.09,5.2166,317555.793,13.64,5.1981,16978.036,5.44,1.3061,137375.449,50.03,,,,,,,5.1832,24326.954,6.06,5.1675,11651.01,0.59,5.3405,80655.312,0.36,5.3383,47249.814,2.43,,,,,,,,,,1.6466,34028.073,4.98,,,,5.4517,47884.143,3.02,5.4606,388912.393,34.51,5.4375,81474.283,9.62,5.4757,96566.574,7.25,,,,,,,,,,,,,,,,,,,5.5936,277861.192,86.2,5.6103,21195.672,23.33,5.6242,385533.913,55.45,,,,5.8036,43441.07,10.83,,,,5.6894,201891.051,0.89,5.7131,225227.932,30.93,5.7126,32691.324,6.05,,,,,,,5.7348,13486.787,1.66,5.827,18578.902,1.39,,,,,,,5.8331,114116.536,4.21,,,,,,,,,,5.9728,22597.036,7.09,,,,6.0115,19489.42,2.5,6.0401,161235.02,18.35,,,,6.0677,96762.369,11.23,,,,6.1031,73720.741,10.8,6.0749,13809.28,19.2,,,,6.1466,19919.136,41.59,,,,,,,,,,,,,6.218,45151.646,1.67,,,,6.273,36200.547,6.7,6.2645,10633.357,1.36,6.3384,17447.471,100,6.3135,60544.648,2.6,6.3636,127659.174,61.27,,,,,,,,,,6.419,489520.428,40.97,,,,,,,,,,,,,,,,,,,,,,,,,2.2007,92456.749,43.18,,,,6.6376,450749.914,33.82,6.6439,1159234.93,49.78,,,,6.7346,12983.694,17.08,,,,,,,6.7386,681984.981,38.8,,,,,,,2.2038,141763.034,75.97,6.8155,13022.139,0.67,,,,,,,,,,6.8858,484496.304,24.89,,,,6.9348,83721.243,32.45,,,,,,,6.949,10137.17,0.44,,,,,,,7.0006,17616.802,21.76,,,,,,,,,,,,,7.0381,19554.489,1.11,,,,7.0913,37390.717,100,,,,2.4327,22181.856,100,,,,7.0734,40042.273,4.94,7.1626,147684.439,57.24,,,,,,,,,,,,,,,,,,,7.3972,23600.899,1.43,,,,7.3799,259108.672,53.28,7.3825,344571.329,17.43,7.3178,449491.082,51.15,7.3784,50737.801,28.31,,,,7.4922,100042.749,11.39,7.4478,20986922.35,92.96,,,,,,,7.5039,57428.385,20.85,2.5879,83844.095,100,7.4527,720452.828,94.59,,,,,,,7.4463,203000.924,10.27,,,,7.586,26582.299,6.28,,,,7.6587,11789.468,8.83,,,,,,,,,,7.7556,12897.861,3.22,7.7302,24348.178,0.11,7.7471,28080.136,1.7,,,,7.8239,1117154.681,90.52,,,,7.9463,36751.978,1.36,7.9976,113698.353,100,,,,,,,,,,,,,8.0449,142352.01,18.1,8.0656,35802.709,0.16,,,,8.0739,12301.285,1.52,7.952,89081.132,23.66,8.0778,39558.727,100,,,,8.099,18521.557,4.92,8.1229,51765.754,2.62,2.8895,20898.968,100,8.3406,33175.134,2.31,,,,,,,8.2714,15634.739,7.3,,,,8.3446,11123.799,3.05,8.3034,69336.043,0.31,,,,,,,8.344,162319.907,33.38,3.0524,30843.819,31.71,,,,,,,,,,8.403,106536.596,44.55,8.4272,12924.223,0.22,8.5129,94357.64,5.72,,,,,,,8.5096,135293.374,4.99,8.5817,312387.548,52.65,,,,8.6422,103960.12,12.58,8.5076,65949.103,20.63,8.7242,5736317.546,99.5,,,,8.7645,43157.03,3.18,8.7902,15340.366,0.93,8.7606,77748.692,9.89,8.8257,319733.098,56.41,,,,8.3454,95900.427,4.85,8.8945,313255.928,78.11,3.0005,23466.272,51.91,8.9003,66340.297,5.57,8.9037,278797.958,10.29,,,,9.0339,18982.792,4.11,8.9713,468384.82,35.84,,,,9.0473,619654.996,47.42,,,,9.1349,13134.195,0.97,,,,3.1573,250094.758,70.41,9.2664,34339.01,2.08,,,,9.2096,600657.623,41.91,,,,9.2215,194720.18,100,9.2203,361695.627,100,9.2458,51034.996,83.08,9.2851,515320.014,97.77,9.2869,165458.64,100,9.2715,10838.455,4.73,3.1765,17193.799,100,9.2866,211831.807,17.78,9.0128,43206.393,15.69,9.3665,32688.33,10.31,9.4267,10156.663,4.44,9.4295,500215.856,41.99,9.6056,11616.05,4.22,9.4622,45485.598,19.02,9.546,24583.944,4.47,9.5961,11648.496,0.86,3.1458,11774.193,12.96,,,,,,,3.3354,116263.28,26.76,3.33,396358.115,96.18,3.4288,141840.178,100,3.4079,108924.797,55.04,3.506,87544.604,4.98,3.5179,115454.114,16.91,3.5537,47900.126,21.82,,,,3.6759,32615.04,3.29,3.7318,426817.508,85.51,,,,,,,,,,3.9678,583067.74,94.54,,,,,,,4.0408,91587.712,10.63,,,,4.0735,142225.106,30.8,,,,4.1171,248038.013,63.64,,,,4.2023,202041.427,27.75,4.2201,229404.893,1.02,4.2276,252791.297,63.01,,,,,,,4.2573,244449.398,87.5,4.355,53766.035,6.24,4.3455,10376.835,1.05,4.4052,115696.699,9.68,,,,,,,,,,,,,,,,4.5123,23330.188,10.39,,,,,,,4.607,35576.017,1.83,,,,,,,4.611,31976.799,1.82,,,,,,,0.9253,19761.697,8,4.6101,10496.211,2.27,,,,,,,4.7113,45431.395,2.87,4.7422,101376.848,60.76,,,,,,,4.7656,29575.816,32.55,4.8185,767393.487,48.43,4.8997,815625.325,71.04,,,,4.9685,31267.826,2.35,4.9254,670042.158,42.28,4.8522,163118.769,8.25,,,,,,,4.9608,20599.694,53.09,,,,,,,,,,5.0429,333632.979,38.72
296_2021_W_4n,P2-A8,1,,,,5.067,29186.9,25.32,5.0598,85554.517,9.25,,,,,,,5.156,28147.526,13.22,,,,5.1978,44506.825,30.39,,,,5.3298,39925.367,9.4,1.3174,74044.245,50.69,,,,,,,5.3307,127758.353,4.6,5.3225,29912.84,1.12,5.3226,1403899.468,22.71,5.3397,20690.846,3.56,5.3888,13803.921,19.83,,,,5.3756,19567.05,0.99,1.6588,43818.991,20.64,,,,5.441,57254.171,3.79,5.4557,68834.659,40.21,5.4613,70342.113,18.81,5.4778,53795.946,2.66,,,,,,,,,,,,,,,,1.667,28989.148,8.13,5.5816,417208.08,100,5.5821,277859.368,14.12,5.5909,47741.979,16.66,5.6173,20300.506,3.19,5.7705,54125.642,1.95,,,,5.5998,194358.727,3.14,5.7191,58578.211,34.23,,,,5.7425,50499.304,34.32,1.7235,228630.932,84.92,,,,5.5816,98571.261,4.88,,,,,,,,,,5.8374,58718.73,9.21,,,,6.0357,27333.119,22.31,6.0331,1214213.824,67.28,,,,,,,6.0402,23770.857,9.1,6.0362,1288482.504,46.39,6.0592,65410.063,32.52,6.0637,120450.855,18.9,,,,,,,6.104,78246.357,17.54,,,,6.1469,63579.084,9.98,,,,,,,6.0258,15222.801,10.35,,,,,,,6.4042,13091.787,14.58,6.2765,15955.996,16.1,,,,6.3035,17040.784,3.89,6.3648,13458.548,18.24,6.3687,30302.09,1.58,2.0408,45819.581,24.5,6.4087,145220.385,22.79,6.4122,161141.732,22.3,,,,6.4417,19027.911,13.33,,,,6.4328,45966.062,1.66,,,,,,,,,,,,,2.1954,129454.635,74.63,6.4132,33200.676,1.25,,,,6.647,293435.077,67.01,,,,,,,,,,,,,6.7346,80481.73,16.73,,,,,,,2.1981,166787.142,82.96,6.7796,18464.117,3.18,,,,6.8818,125579.069,6.22,,,,6.8843,219281.572,37.77,,,,6.941,18922.663,6.12,,,,,,,6.964,21891.401,5,2.2886,13488.683,7.83,,,,,,,,,,,,,7.0942,15403.494,27.46,,,,6.9729,13552.628,2.82,,,,,,,7.2488,16278.411,1,2.4322,28819.626,72.91,,,,7.3096,50445.875,27.25,7.1631,31668.603,10.25,,,,,,,7.1731,99589.605,69.76,7.1484,63864.236,1.03,,,,7.1534,10510.067,0.38,7.2771,10171.111,2.19,2.4661,85116.476,19.15,7.3801,225056.75,13.88,7.3776,275689.625,10.35,7.3165,104378.351,39.97,7.3751,50136.792,7.87,,,,7.4393,48607.724,18.62,7.4496,148037.234,2.39,,,,7.4818,40566.394,34.62,7.4986,10899.724,5.55,2.5906,125175.869,100,7.535,90156.416,64.44,,,,,,,,,,,,,7.5771,56161.541,6.84,,,,7.6611,12119.798,14.83,,,,7.7237,85157.578,43.37,2.8354,112713.371,83.92,7.7329,11752.95,3.44,7.5999,18381.704,0.3,7.7535,77146.275,16.64,,,,7.8142,3105148.621,98.08,,,,7.9464,43704.079,4.73,,,,,,,,,,,,,,,,8.0486,20751.68,4.1,8.0575,524957.247,8.49,8.0411,16264.357,1.64,,,,7.8578,72036.569,34.95,8.0763,20537.949,19.94,,,,8.1663,18421.581,8.94,8.1285,17241.679,0.65,,,,8.298,924942.48,48.19,,,,,,,,,,,,,8.2896,333117.871,68.42,8.169,20526.98,0.33,8.2884,22996.083,11.71,,,,8.295,1137013.503,70.14,3.0019,71160.896,16.01,8.3035,14919.302,10.66,,,,,,,8.389,261370.984,61.83,8.4197,99953.221,10.93,8.5036,168672.512,36.38,8.4928,307108.085,78.29,,,,8.5035,270935.773,29.3,8.585,531213.582,96.36,3.0037,165212.162,100,8.6378,59581.605,13.77,8.5088,77806.601,8.52,8.7139,792971.197,86.68,,,,8.7629,51851.125,22.57,8.7588,14737.812,3.18,8.7374,20360.659,4.03,8.8189,80819.575,39.47,9.0905,15595.58,11.19,8.2907,1978291.901,74.23,8.8899,255885.588,74.79,,,,8.9121,16759.749,7.13,8.9087,63388.313,6.85,,,,8.7592,12460.296,10.17,8.9717,33250.596,11.77,9.0155,13784.122,100,9.0385,21350.984,7.56,,,,,,,9.1405,13420.393,3.42,,,,9.1496,11384.025,2.46,,,,9.2093,690221.89,35.96,,,,9.2152,866788.524,98.72,9.2093,1003164.932,92.33,,,,9.2829,70825.799,32.03,,,,9.3339,400858.668,40.38,3.178,19746.665,16.47,9.2758,41825.115,17.8,,,,9.3637,13826.217,2.25,9.4128,220114.813,22.17,,,,,,,9.4597,23060.032,5.46,9.5103,10186.645,1.86,9.6786,10587.952,4.61,3.2143,138794.052,7.05,,,,3.2326,25125.474,4.09,,,,3.3295,62989.278,100,3.42,107216.725,33.02,,,,3.4912,75481.687,15.69,3.5091,96871.783,45.63,3.5481,30514.272,71.37,3.5692,31738.506,31.14,3.558,10480.007,5.1,3.7264,211533.229,90.23,,,,,,,,,,3.9614,18703.459,100,,,,3.8709,34847.589,1.25,4.0289,34281.622,17.04,,,,,,,,,,4.1085,174528.505,53.37,,,,4.1938,39681.945,23.18,4.2103,319245.073,5.16,4.2089,422403.439,15.21,4.2041,38337.962,1.44,4.2156,10393.34,13.8,4.2494,388597.073,90.78,4.3401,10260.897,5.1,,,,4.3968,277574.578,38.41,,,,,,,4.5135,23764.613,1.32,4.458,19619.248,4.41,4.4527,10515.757,12.87,,,,4.4978,867209.652,14.03,4.503,713492.468,58.4,,,,4.5946,58334.753,2.96,4.6183,88286.752,84.31,4.6137,19056.147,3.96,,,,,,,0.9373,10470.396,24.69,,,,,,,,,,4.7004,39364.391,2.61,4.7334,27581.89,100,4.7575,19574.936,1.08,4.7773,835887.457,94.15,4.7707,1377585.898,69.98,4.8074,681628.724,45.13,,,,0.9258,24257.743,100,4.8814,1451393.881,71.88,4.9116,659286.633,43.65,4.941,23456.914,0.88,,,,5.0907,19128.761,0.97,,,,5.0349,81073.794,40.31,,,,,,,,,
300*_2012_T_4n,P2-B10,1,,,,,,,5.0658,17084.197,0.52,5.0834,485565.805,4.16,,,,5.1209,10714.858,4.06,5.181,74627.218,2.02,,,,,,,5.182,20051.179,3.59,1.3138,263776.849,34.54,,,,5.2215,14048.283,4.91,5.2329,51322.397,9.28,5.2834,6067681.979,54.27,5.359,32975.482,2.84,5.3432,583340.356,14.5,,,,5.3963,2494228.062,21.35,5.4032,19878.836,7.45,1.6489,85331.731,9.07,,,,5.4462,126411.498,3.99,5.4566,109311.746,10.45,5.459,109013.823,31.53,5.4784,28464.903,28.15,,,,,,,,,,5.4029,104608.376,21.65,5.5546,915621.733,24.83,,,,5.5861,844227.901,95.85,5.5412,12312.638,4.61,,,,5.5536,27880.366,0.61,,,,5.5638,17840.907,0.13,5.6723,22749.032,1.96,5.7108,380053.091,21.91,5.7178,76261.03,5.56,,,,1.7161,556216.764,41.36,5.7336,55983.789,4.99,5.9111,12093.102,11.96,,,,5.8263,893046.659,7.64,5.8267,227466.886,6.91,5.8298,417012.72,9.07,5.8353,39316.644,100,6.0227,2305243.41,19.73,5.9609,129705.058,3.42,,,,6.0012,95866.233,7.22,6.0395,81197.084,7.68,6.2027,11784.658,2.13,6.0598,20027.376,2.03,6.0213,722542.76,15.72,6.0963,33229.524,3.53,5.9728,10672.123,0.2,6.1067,79742.721,11.61,6.1397,142822.508,13.29,6.1521,187035.725,4.07,,,,6.1799,380956.728,3.1,6.1859,16885.744,5.7,6.2225,15870.54,0.48,6.2124,84608.089,46.17,6.2678,250569.475,18.26,6.2778,287417.734,21.66,6.2827,162080.688,30.86,6.3166,43633.572,4.29,6.3567,74785.567,40.81,6.3742,51562.899,2.32,,,,6.4088,299482.405,6.52,6.4139,897022.844,45.61,,,,6.5157,149942.985,67.55,6.5246,20453.645,6.13,6.6313,94127.906,17.02,6.563,31889.766,0.27,,,,6.5208,17031.478,0.13,,,,2.1994,288735.539,45.26,6.6198,25194.055,0.23,,,,6.6445,706870.325,69.46,,,,,,,,,,6.7328,628231.572,5.38,6.7362,297952.288,13.53,6.8472,316308.409,21.64,6.8497,39557.174,7.15,2.2072,452723.245,54.57,6.7801,788679.544,19.6,6.8417,4696977.476,28.46,,,,6.8927,10970.609,21.81,6.8856,421586.217,10.48,6.8943,85097.455,39.93,6.9413,327959.787,58.36,6.9888,28406.118,0.24,,,,6.958,12521.764,1.23,,,,6.98,55985.682,2.14,6.9835,14871.385,0.31,,,,7.0275,31953.635,8.21,,,,,,,6.8951,191336.11,8.69,7.1102,1022318.889,8.75,7.089,13630.65,6.41,7.1144,77502.629,3.36,2.4231,56199.846,84.38,,,,7.1529,15314.679,1.37,7.1565,136145.878,24.23,7.1094,59648.175,1.3,7.1645,89545.058,0.66,7.2375,18730.779,8.44,7.3197,30731.56,2.65,7.1904,12129.286,4.78,,,,7.4139,30460.182,0.21,,,,,,,7.3729,39398.859,0.35,7.3162,593014.762,56.12,7.4345,10110.23,0.22,7.4618,12045.088,0.32,7.4464,101112.746,9.57,7.4468,114272.608,9.86,7.4874,25216.843,12.46,,,,7.3466,13026.553,0.08,2.5903,130529.817,38.95,,,,7.5445,85346.477,70.6,,,,7.5656,12017.375,0.11,7.6096,6055944.619,36.66,7.5815,217583.466,36.29,,,,7.655,16544.111,2.44,7.6055,20977.225,40.74,7.7691,11475.661,0.07,2.823,51424.185,21.38,7.7421,169773.234,10.41,7.5405,10281.011,0.89,7.7588,737049.567,5.2,,,,7.818,5332376.046,98.04,7.8978,44871.435,0.38,7.9458,24439.869,0.74,,,,7.9861,12069.315,0.11,7.9862,53150.422,1.44,,,,7.9783,181559.887,1.48,8.0473,63363.933,4.79,8.186,22995.417,1.98,8.0291,264434.412,1.95,,,,7.8594,354326.976,33.83,8.0831,60541.799,1.61,8.1143,67789.742,0.58,8.1638,126839.773,12.11,8.0997,21123.904,0.19,2.878,117685.341,100,8.0597,256939.478,11.57,,,,8.152,113408.893,0.92,8.2639,90571.279,14.2,8.2886,22550.622,0.18,8.2697,84691.893,3.26,8.3353,20368.648,1.76,8.2981,109427.759,0.66,,,,8.3657,33629.306,1.46,,,,8.3677,52404.253,10.85,8.3287,21506.469,0.15,8.3927,79600.774,73.89,8.3971,323226.457,36.24,8.4289,37776.394,1.09,8.4853,904721.636,6.38,8.4827,2995523.838,56.75,8.5332,21875.143,0.95,8.5207,402111.772,12.21,8.5784,634278.014,78.67,3.0042,28976.617,35.63,8.6309,202191.304,10.53,8.5236,233987.172,65.85,8.7128,3361602.432,96.75,8.7584,3939355.479,98.83,8.7573,13194665.02,91.28,8.7615,10791562.45,76.09,8.8756,55653.501,4.21,8.8299,318670.879,68.84,8.747,178928.899,16.95,8.3038,11135.968,0.1,8.89,1015786.402,62.29,,,,8.8934,742409.455,6.04,8.9052,195041.668,5.92,8.9429,28414.281,0.76,8.9384,280323.009,2.4,8.9703,174071.607,10.06,,,,9.0501,171812.918,9.93,,,,9.0827,22042.426,0.15,9.0965,12223.845,0.23,,,,9.1421,76905.044,0.54,,,,9.2087,15685.763,0.71,,,,,,,9.2186,23582.424,18.67,,,,9.2819,528609.751,32.28,9.2846,128173.077,69.99,9.3239,1527941.28,11.27,3.1865,55457.509,100,9.2867,1001124.675,8.14,9.2881,1133446.14,6.86,9.3704,105079.072,8.22,9.43,1519548.396,11.21,9.4227,2473983.249,20.12,9.4303,2642258.318,15.99,,,,9.5028,10821.754,0.84,9.4573,76867.109,0.53,,,,,,,3.2391,124666.364,9.75,3.3322,163595.246,23.82,3.3249,501403.683,65.38,3.4101,252756.633,47.97,3.3907,15777.834,11.72,3.4889,178394.496,8.1,3.5149,305624.386,32.48,3.5533,58777.99,42.25,3.5682,156122.532,67.94,3.6648,133386.369,7.83,3.7273,1085186.145,88.84,,,,,,,,,,3.9623,17232.223,9.6,,,,,,,4.0176,168505.284,17.07,,,,4.0669,410939.993,3.52,4.0868,21185.279,7.11,4.1049,508562.072,67.43,4.1275,165338.114,87.08,4.1974,311296.53,17.95,,,,4.2062,18056.586,3.26,,,,4.2291,426777.604,63.67,4.2519,887501.058,91.61,4.3515,71551.781,7.25,4.3586,15879.345,0.93,4.3959,137240.246,6.98,,,,4.3438,32441.82,0.28,4.3428,149988.951,3.95,4.3491,292453.032,7.93,4.4627,43585.232,6.44,,,,4.4723,13620.095,1.17,,,,4.6042,369443.714,9.18,4.5119,19064.331,7.14,4.6253,246592.306,57.15,4.6012,477146.187,21.67,4.6,45387.44,0.99,4.7473,35175.926,0.95,0.934,41826.438,33.96,4.6014,105400.052,0.9,4.651,28495.905,0.75,4.6935,957297.543,55.35,4.7034,61392.618,1.94,4.737,59761.264,65.16,4.8678,14270.051,0.38,,,,,,,4.8138,1229554.703,38.77,4.7405,13184.091,3.17,0.9234,16395.229,100,,,,4.9185,1101118.885,34.72,4.8562,184990.208,1.65,5.0051,15500.328,0.42,,,,,,,4.9413,14100.922,1.43,5.145,13958.995,0.53,5.1569,12786.059,0.09,5.0419,333803.061,33.82
300_2021_T_4n,P1-C11,1,,,,,,,5.0413,11753.959,0.34,5.072,350960.502,4.46,,,,,,,5.1653,222187.967,5.26,,,,,,,5.1874,14837.148,10.98,1.3073,389344.541,51.1,5.2652,14905.516,1.22,,,,5.2176,67832.923,16.67,5.273,4388160.432,55.11,5.3631,10237.549,0.98,5.3414,391498.546,13.3,,,,5.3815,1952539.196,24.83,,,,1.6519,28766.065,5.85,,,,5.4292,91716.775,3.65,5.4465,74041.853,11.07,5.4505,79093.49,26.7,,,,,,,,,,,,,5.5273,13653.719,2.31,5.546,1262184.972,29.91,1.6658,12399.57,33.43,5.5696,409883.879,91.85,5.5066,21113.518,11.28,,,,5.5389,46338.312,1.41,5.5404,11676.986,2.87,5.6846,11449.172,0.12,5.6979,18460.583,1.77,5.7026,223514.271,15.67,5.7025,36454.104,3.96,,,,1.7277,378631.11,78,5.7405,35850.724,7.69,,,,,,,5.8139,488453.687,6.21,5.8249,94963.009,2.72,5.8186,273670.837,8.32,,,,6.0093,1069395.347,13.6,5.9457,47549.134,1.96,,,,6.008,58162.369,8.27,6.0283,35677.884,6.18,6.2111,15533.124,3.82,6.051,24565.13,4.76,6.047,216887.758,6.6,6.0867,14558.37,2.96,6.2421,11736.361,0.26,6.0886,52894.594,13.21,6.1358,93607.103,12.43,6.1412,192924.274,5.87,,,,6.1705,127788.778,1.7,,,,6.2165,43828.245,1.26,6.2021,71019.826,59.48,6.2595,137734.684,14.95,6.2466,63340.072,9.01,6.3251,19515.396,11.44,6.3025,45808.012,6.58,6.3439,48390.403,40.52,6.3548,27063.262,1.68,2.0373,14665.51,39.32,6.4001,244302.544,7.43,6.4062,440598.629,31.22,,,,6.5017,245533.002,71.73,,,,6.6198,59999.493,14.75,6.5491,18241.467,0.23,6.5745,15813.308,5.09,6.6077,10145.32,0.11,6.4134,19335.387,0.18,2.1869,83657.724,22.99,6.7237,71447.495,0.9,,,,6.634,524114.289,75.24,,,,,,,,,,6.7234,266032.665,3.38,6.7795,356947.786,24.76,6.8376,138300.819,21.15,6.8274,27539.465,6.77,2.1951,294878.314,50.39,6.7799,495093.171,16.81,6.8375,3747929.153,35.79,,,,6.8858,14200.129,27.29,6.8755,315871.406,10.73,6.8853,43701.918,49.42,6.9318,359249.863,66.39,6.9953,10518.789,0.13,,,,6.9431,23006.349,3.3,,,,6.9841,53533.339,2.2,6.9715,14076.011,0.59,,,,7.0085,29016.159,10.78,,,,,,,6.8774,225091.55,15.61,7.0933,608962.468,7.74,,,,7.103,50034.481,2.93,2.4301,41262.582,78.56,,,,7.2978,110205.013,23.63,7.1494,135857.016,25.1,7.1001,36324.177,1.1,7.1592,113304.323,1.19,7.2344,21156.733,6.18,7.3049,10098.223,0.97,7.1843,12672.188,14.1,,,,7.4159,11663.379,0.1,,,,,,,7.3504,13331.462,0.17,7.396,26126.581,4.52,7.4612,12795.768,0.39,7.5357,11784.899,0.48,7.4232,93009.876,16.1,7.4376,23120.095,2.22,7.6527,19996.481,14.87,,,,,,,2.5904,69189.56,48.89,,,,7.528,83749.154,100,7.537,26477.514,23.5,,,,7.5949,4762664.42,45.52,7.571,57969.459,18.2,,,,7.6509,23022.442,3.83,,,,7.9428,13621.735,0.13,2.8216,51190.419,43.86,7.7269,163838.993,13.98,7.8491,11367.619,1.09,7.7555,1429806.982,12.55,,,,7.8021,3274778.979,98.55,7.8925,19748.729,0.25,7.9481,17955.458,0.52,,,,7.9786,11063.387,0.14,7.9774,38237.343,0.91,,,,7.97,55725.27,0.74,8.0347,31350.339,4.64,8.0268,14427.638,1.38,8.0459,143090.597,1.5,,,,7.901,53814.267,6.18,8.0563,42874.951,1.87,8.1027,42479.395,0.54,8.1576,87548.42,10.06,8.0751,14594.096,0.18,2.8688,41248.588,68.19,8.0927,78610.965,4.88,,,,8.1508,24916.333,0.33,8.3732,18644.288,5.12,8.2735,21458.884,0.29,8.2491,27945.667,1.48,,,,8.2826,14261.121,0.14,,,,8.2441,13808.346,0.81,,,,8.347,45806.92,7.76,8.3873,10206.16,0.09,8.3826,24395.473,65.31,8.3787,207020.74,23.92,8.4071,27678.016,1.08,8.4819,668183.695,5.87,8.4733,1521582.109,34.27,8.5103,16949.41,0.99,8.5146,1843080.366,52.87,8.5633,349745.814,85.7,2.9962,91066.819,74.46,8.6242,147276.672,12.7,8.6539,15693.673,1.65,8.6968,2508087.993,97.79,8.7527,1042194.293,96.4,8.7471,9281666.367,91.93,8.7458,6175764.91,54.23,8.8751,65413.02,9.68,8.8156,265822.426,73.27,8.7473,93983.117,11.43,,,,8.8782,755695.414,64.48,,,,8.8861,281239.093,3.74,8.8876,95779.999,2.75,8.9337,125936.939,5.51,8.9241,773328.636,9.83,8.9546,132917.449,10.9,,,,9.0317,130230.194,10.68,8.943,12145.846,2.75,9.1495,37523.607,0.37,9.0951,845399.137,19.04,,,,9.0944,612745.905,5.38,9.0859,50289.946,64.25,8.9233,125502.488,7.79,9.1891,34743.877,34.09,,,,9.0927,56936.905,55.87,9.213,14400.6,54.12,9.2627,314583.068,27.15,9.2672,53462.593,64.56,9.3089,1258165.631,13.22,3.1696,89672.087,100,9.27,378458.858,5.03,9.2723,409404.604,3.91,,,,9.4117,828649.45,8.7,9.3881,1133297.238,15.07,9.4192,757062.899,7.24,,,,9.2071,10904.412,1.34,9.474,119342.587,1.18,,,,,,,3.2283,69097.115,9.73,3.3251,53230.187,13.3,3.3195,284662.42,62.53,3.3933,255887.272,44.8,,,,3.4843,115186.99,7.99,3.51,124416.438,25.32,3.5451,39112.255,59.91,3.5598,92983.634,67.66,3.6589,68552.079,5.75,3.7163,854882.727,90.37,,,,,,,,,,3.9563,11766.791,6.94,,,,,,,4.0185,57208.512,11.09,,,,4.0616,211778.81,2.69,4.0769,11378.529,5.61,4.0913,258419.851,65.67,4.1188,104648.468,59.54,4.1859,116529.646,8.17,,,,,,,,,,4.2242,242598.42,64.49,4.2371,580502.979,97.53,4.3452,54120.395,10.49,4.3566,31661.976,2.66,4.3903,84651.288,6,,,,4.3319,23986.159,0.31,4.3313,89685.273,3.69,4.3367,162333.426,3.85,4.4476,27945.17,4.65,,,,,,,,,,4.5985,166650.543,5.66,,,,4.6052,183563.221,55.6,4.5986,217936.916,15.12,4.5842,24623.824,0.75,4.6116,25722.454,0.61,0.9319,16190.885,23.3,4.591,60133.122,0.76,,,,4.684,624585.789,51.21,4.688,98324.182,3.92,4.7241,22851.557,43.22,4.7264,12871.398,0.53,,,,,,,4.7954,1077653.455,42.94,,,,0.9222,97846.486,100,,,,4.9005,873096.339,34.79,4.8483,226343.767,2.84,4.8453,1263563.304,29.94,,,,,,,5.0319,195925.199,37.96,,,,,,,,,
302_2012_T_2n,P2-C2,1,,,,,,,5.0567,106967.724,4.49,5.1569,11772.861,1.43,,,,,,,5.1889,26346.218,7.17,5.1885,37974.897,15.16,,,,5.2121,12210.14,3.73,1.3049,196570.704,54.21,,,,5.206,75201.004,37.79,5.1812,23560.69,2.09,5.2688,16322.485,0.67,5.3289,451264.917,1.94,5.3369,31767.159,2.29,,,,,,,5.4077,15538.01,4.93,1.66,159193.778,12.62,,,,5.447,77574.652,4.03,5.4593,530056.274,42.77,5.4661,531882.873,54.29,5.4752,66076.432,4.44,,,,,,,,,,,,,,,,1.6702,162121.843,73.07,5.5867,246444.098,80.97,5.5861,24399.257,7.74,5.6192,338520.21,57.07,5.6228,15736.576,7.1,5.6671,13100.147,1.16,,,,5.6858,29826.088,0.13,5.7098,235382.125,26.91,5.7121,39662.602,10.9,5.6804,13274.666,5.58,,,,5.7036,10047.398,1.89,5.6823,169051.138,11.36,,,,,,,5.8306,176737.742,7.41,,,,5.8373,24241.088,100,5.9701,12212.692,1.48,6.0391,46645.422,8.8,,,,6.0033,28049.592,4.9,6.0386,162785.741,16.43,6.0412,59651.552,5.28,6.0594,84081.716,14.12,,,,6.1086,43157.13,3.42,6.0723,37364.488,16.79,,,,,,,,,,,,,6.1857,15204.516,1.72,,,,6.2078,37526.021,1.57,,,,6.2904,10755.437,2.96,6.2319,13214.851,2.31,6.3569,11561.157,100,6.3109,49725.729,2.55,6.3446,45782.155,100,6.3786,21482.291,2.02,2.0431,24056.245,39.38,,,,6.4181,951013.209,62.14,,,,,,,,,,6.4513,16581.708,1.47,6.5586,14247.478,1.73,,,,6.6849,10744.542,2.04,,,,2.2004,66831.453,30.62,,,,6.6327,504969.916,33.92,6.6412,1160206.069,59.51,,,,6.6401,10617.758,9.58,,,,,,,6.7325,380186.92,20.81,,,,,,,2.202,86571.833,62.13,6.7408,200328.836,14.46,6.8476,19912.784,4.12,6.8879,15439.184,1.04,,,,6.8761,281654.794,20.33,6.9027,17730.09,63.52,6.9403,56522.098,34.87,,,,,,,6.9536,48144.952,2.47,2.2891,10530.803,3.51,7.0524,10147.813,5.13,6.9868,45569.37,47.67,,,,,,,,,,,,,6.892,64333.58,3.52,,,,7.0905,72006.319,100,7.1238,16492.523,2.53,2.4267,12785.866,100,,,,7.0842,18427.52,3.47,7.1581,70060.067,43.22,,,,,,,,,,7.1503,10404.449,0.04,7.1887,15324.287,100,,,,7.2976,13735.381,2.23,,,,7.3742,230504.877,35.41,7.3776,363488.682,14.82,7.3096,540132.526,54.51,7.3667,38886.451,17.56,,,,7.4775,63299.175,6.39,7.4464,20702503.87,88.95,,,,,,,7.4983,182010.556,38.48,2.5905,94803.378,38.48,7.446,646518.435,100,,,,,,,7.4467,324746.937,13.24,,,,7.5822,45120.012,7.81,,,,7.6573,13563.792,5.52,,,,7.7288,71938.949,15.21,2.8277,99084.506,73.76,7.7467,61180.475,11.82,7.7364,47621.821,0.2,7.747,48814.464,7.91,,,,7.8211,1267833.906,94.18,,,,7.951,41212.993,1.73,,,,,,,8.176,22640.045,6.16,2.8781,15711.045,2.99,7.8394,63364.355,7.18,8.0438,200251.694,18.82,8.056,106074.02,0.46,,,,,,,7.9373,31558.182,9.49,8.0836,29383.1,18.92,,,,8.0902,19822.939,5.96,8.1177,66896.464,2.73,2.8834,14910.888,100,8.3031,122895.849,11.55,,,,,,,8.2643,14641.878,6.71,8.4938,25906.701,2.93,8.2956,74980.709,23.59,8.3032,125923.466,0.54,,,,,,,8.3029,249740.746,38.37,3.0463,73643.529,20.05,,,,8.3408,15350.765,2.49,,,,8.4063,114176.204,36.41,8.2094,13256.88,0.2,8.4973,36675.944,5.94,,,,,,,8.5033,77473.249,3.25,8.6023,396098.974,87.44,3.0061,18643.151,100,8.637,55609.936,5,,,,8.7195,6638983.923,98.88,,,,8.7659,53921.612,8.37,8.8838,75558.256,12.25,8.7565,36238.926,3.41,8.829,256301.344,49.3,9.0943,11256.586,7.59,8.2969,273102.433,11.14,8.8946,331894.68,64.13,3.0083,14040.014,29.83,8.9186,53550.551,6.06,8.9034,223083.635,9.36,,,,,,,8.967,140676.222,40.82,,,,9.0479,148441.59,43.08,,,,8.8707,67995.979,10.55,9.0992,18242.75,8.2,3.1641,30137.08,16.49,9.2563,37554.914,6.09,9.0677,16589.583,18.88,9.2008,315208.108,29.61,,,,,,,9.216,20587.878,48.3,9.2339,24994.09,68.51,,,,,,,9.4891,25935.749,4.93,3.1782,48093.092,100,9.4907,13534.721,1.53,9.0314,12778.857,2.7,9.3673,63715.643,17.3,9.41,11229.154,2.13,9.4223,215719.605,24.43,,,,9.4512,137002.788,43.69,9.5205,36543.234,3.96,9.3826,11340.835,1.76,3.23,16623.219,5.27,,,,,,,3.3321,80633.315,14.9,3.3265,352145.279,86.43,3.411,236529.956,89.94,3.4039,167379.113,68.88,3.4821,71318.228,3.9,3.5013,110026.405,8.72,3.5546,71231.723,27.3,,,,3.6624,95399.71,10.12,3.726,338926.188,95.54,,,,,,,,,,3.969,13348.045,20.16,,,,,,,4.0299,65322.462,10.97,,,,4.0761,406850.241,49.46,4.0856,401458.454,81.03,4.1101,336601.279,60.81,,,,4.1876,194365.499,22.22,4.2206,413097.31,1.77,4.2174,518172.514,45.9,4.2085,255216.651,10.41,,,,4.2503,179608.912,77.86,4.371,10946.461,1.84,4.3456,21039.701,2.23,4.3977,57468.233,3.76,,,,,,,4.5228,150390.492,28.36,4.4581,111902.146,30.46,4.4623,36377.656,14.8,4.5131,38575.247,12.84,4.5057,233408.973,1,4.5003,183903.262,73.75,4.6004,54506.252,3.93,,,,,,,4.6171,49382.823,2.7,4.5947,22126.289,9.99,4.6311,29620.772,8.06,0.9281,53793.208,23.4,4.5998,43032.847,5.23,,,,,,,4.7117,39859.407,2.07,4.736,112097.854,40.35,4.8598,13349.756,2.52,4.7794,27783.481,100,4.7758,162707.156,51.59,4.8114,884802.614,45.93,,,,,,,4.8832,210064.439,14.11,4.9191,842873.709,43.75,4.9558,185019.48,7.54,,,,,,,,,,,,,,,,,,,5.0416,102067.617,17.14
306_2021_T_2n,P1-F7,1,1.2848,36325.503,40.6,,,,5.1102,22558.807,0.43,,,,,,,5.1645,26227.239,5.96,5.2928,55204.104,19.63,5.1858,51395.44,33.01,,,,5.1903,32902.441,10.79,1.3127,624469.032,47.06,,,,5.2132,37708.542,48.22,,,,,,,5.2978,11315.106,0.15,5.3515,303219.692,9.69,5.4697,38123.417,29.07,,,,,,,1.6667,97549.736,9.27,,,,5.4399,68338.515,2.98,5.4531,219577.222,19.09,5.4553,270473.344,33.41,5.4697,6075538.061,92.34,,,,,,,,,,,,,5.5414,36252.62,12.89,1.6671,117463.463,84.93,5.583,197987.228,83.66,,,,5.6142,37248.279,0.91,,,,5.8006,21772.856,4.93,5.8288,14739.015,2.06,5.6784,135581.888,1.85,5.7105,203860.16,10.2,5.7217,30122.12,2.62,,,,,,,5.7432,66987.73,5.55,5.7291,11426.191,0.17,,,,,,,5.8214,46186.307,0.88,,,,5.8292,24677.219,41.31,,,,5.9563,13221.937,3.19,,,,6.0114,79419.294,8.27,6.0347,118678.816,13.07,,,,6.0652,87969.183,14.9,6.2342,14844.621,10.89,6.101,108222.705,10.28,,,,6.104,21901.41,8.07,6.1477,88020.053,63.08,6.1146,15543.195,11.4,,,,,,,,,,6.2201,103077.918,1.97,6.2123,37085.538,18.01,6.2723,184694.402,16.07,6.2783,185917.813,19.35,,,,6.3108,489045.533,23.5,6.3577,30336.254,14.74,6.4022,16623.493,1.04,2.0294,54618.012,63.28,6.3319,22935.611,16.82,6.4109,1111799.265,54.99,,,,,,,,,,,,,,,,6.5669,21922.208,20.78,6.5262,29642.233,4.13,,,,2.1979,195596.755,49.48,6.5239,29566.316,3.56,6.6296,93242.43,1.42,6.6398,1209070.698,58.1,6.6559,147032.366,42.59,,,,6.7013,13134.94,6.21,,,,6.7804,374600.664,23.32,,,,6.9714,57233.414,12.95,2.2062,334214.435,74.31,6.7757,490921.102,15.69,,,,6.8375,16760.816,0.25,6.89,127196.507,80.6,6.8771,188363.126,6.02,6.8866,174836.821,49.07,6.9408,198605.905,57.4,,,,6.9412,26064.734,26.19,6.9585,34111.305,1.64,,,,6.9022,18479.096,4.46,6.981,49026.98,100,,,,,,,,,,,,,7.1027,67528.567,4.2,,,,7.0824,68004.765,100,,,,2.4227,15424.946,39.46,,,,7.1418,42528.599,3.52,7.1511,53207.144,15.38,,,,7.1769,200683.289,27.99,,,,,,,,,,7.1622,21876.265,4.95,7.2994,13038.924,0.65,,,,7.3763,67442.297,61.6,7.3799,88540.784,10.67,7.3557,44707.714,4.92,7.3719,15328.041,11.24,7.5281,10880.129,2.63,7.4379,350477.972,38.59,7.4433,6199391.71,84.45,,,,7.4801,69578.628,38.91,7.4876,13213.007,9.28,2.592,117364.958,89.87,7.4486,125431.317,76.82,,,,7.5564,188559.175,24.12,7.5575,27987.084,3.37,7.5866,14021.295,9.85,7.5851,25498.434,12.96,,,,7.6447,11611402.53,98.33,,,,7.7201,11980.562,8.42,2.8321,78688.04,65.26,,,,7.6643,11719.799,0.16,7.7497,53455.799,2.68,7.7501,20249.925,20.35,7.8136,2468389.704,98.28,,,,7.9439,29341.383,0.56,7.9888,10381.202,100,7.9888,16783.792,2.02,8.0915,17791.585,6.33,,,,8.0675,11864.374,1.4,8.035,28349.909,10.58,,,,8.2696,22096.417,3.08,8.0709,37035.202,3.07,8.063,80145.966,22.07,,,,,,,8.1787,10537.635,2.9,8.1564,13160.496,1.59,2.8873,28376.554,100,,,,8.1445,90376.945,7.48,8.1553,36760.443,4.34,,,,8.2673,17459.181,2.06,,,,8.2741,28734.678,0.39,,,,,,,,,,,,,,,,8.2463,13079.315,0.66,,,,8.3928,43072.557,16.48,8.4182,107614.197,1.47,8.5163,748940.635,37.57,,,,,,,8.5113,3188329.229,60.87,8.6012,530278.535,94.23,3.0034,55284.866,100,8.6338,23255.264,3.12,8.5281,1566766.061,62.17,8.7129,7159510.544,98.09,,,,8.7641,89164.248,5.13,8.7596,49104.77,2.46,8.8796,19047.984,7.11,8.8251,573818.657,52.24,9.1216,12164.913,9.74,8.2913,10152.918,1.22,8.8868,132748.909,69.74,3.0059,12028.986,1.54,8.9157,27884.198,3.29,8.8993,84071.441,1.6,,,,9.0382,28450.621,14.62,8.9681,173366.547,34.33,,,,9.0369,157200.955,31.13,,,,9.1098,32639.855,1.88,,,,3.1517,40692.172,38.17,9.1509,11710.229,0.59,,,,9.2029,1261328.744,79.17,,,,9.2097,2067682.755,100,9.2057,1763100.336,97.8,9.2204,223562.701,89.56,9.2787,995348.794,98.9,9.2789,526062.951,100,9.2696,75808.01,10.57,3.1794,162619.896,86.3,9.2728,380698.601,44.92,,,,,,,9.4362,19606.602,2.73,9.2026,15577.946,1.84,,,,9.4407,97397.212,37.26,9.6743,175529.179,29.44,9.4862,123296.317,7.1,,,,,,,3.24,75457.909,12.85,3.3278,32526.395,11.98,3.3286,181021.678,73.77,3.4024,191334.211,59.78,3.4044,80296.926,21.38,3.4871,11117.844,0.69,3.5139,23848.921,2.27,3.551,59953.467,28.59,3.5591,26300.534,38.12,3.6644,32429.093,2.24,3.7225,500912.436,92.69,,,,3.8745,15499.718,1.07,3.9069,75377.291,11.87,,,,3.9509,14048.737,39.06,,,,4.0244,36195.668,6.13,4.146,11359.18,2.27,4.073,91933.377,47.24,4.0946,41613.932,23.18,4.11,21391.886,11.87,,,,4.1895,200574.561,10.03,4.2076,241894.856,3.3,4.2154,265396.229,60.07,,,,4.2336,14109.256,7.96,4.2484,161803.975,80.92,4.3539,52097.897,8.82,4.3582,52511.453,3.63,4.3905,39354.253,1.95,,,,,,,,,,,,,4.4555,41733.633,0.35,4.4763,168736.959,33.68,,,,,,,4.5977,158213.292,5.06,,,,,,,4.6109,354800.053,22.09,,,,4.6218,31995.999,11.38,0.9304,17685.081,7.47,,,,,,,,,,4.6997,89891.263,3.92,4.7333,61273.564,26.96,,,,,,,4.7717,121116.536,58.74,4.8078,1082799.818,47.22,,,,0.9264,53135.724,59.4,4.9517,16474.58,0.25,4.9114,897939.915,39.16,4.8449,58431.89,7.04,,,,,,,4.9602,12741.586,27.85,5.1799,13221.711,2.24,5.0332,21036.935,5.08,,,,5.0437,152127.924,25.77
311_2021_T_2n,P2-A5,1,1.28,29346.422,39.58,,,,,,,,,,,,,,,,,,,5.1953,34944.581,11.22,,,,5.1677,14616.886,8.78,1.3162,172819.296,37.12,,,,5.2136,405677.706,87.66,5.1717,10012.748,2.15,,,,5.3124,30884.126,0.16,5.3448,747324.1,37.3,,,,,,,,,,1.6563,105407.462,11.38,,,,5.4345,64470.421,3.23,5.4797,124323.236,38.2,5.4649,172712.59,45.12,5.4667,26056.525,2.47,,,,,,,,,,,,,,,,1.6581,211437.648,71.07,5.5816,335083.275,89.01,,,,5.6121,319853.516,39.34,,,,,,,,,,5.6146,13846.094,0.07,5.7135,55140.579,14.03,,,,5.6776,12711.042,6.03,,,,5.7505,52222.4,18.43,5.6803,228680.455,21.71,,,,,,,5.8254,77698.191,4.23,,,,5.8287,19494.331,100,,,,,,,,,,6.0167,45362.85,9.1,6.0351,126245.657,30.24,,,,6.0545,21491.679,8.18,,,,6.0972,49530.275,5.35,,,,6.0958,19413.098,5.36,,,,6.237,14074.838,11.2,,,,6.1668,30691.061,6.41,,,,6.2196,55267.786,3.01,6.2119,49883.739,41.3,6.2694,138147.883,41.19,6.2668,130004.977,26.09,,,,6.3138,378553.036,58.54,,,,6.3683,83259.788,16.91,2.035,138726.957,88.15,,,,6.4129,424223.792,39.48,6.5997,11836.89,10.4,,,,,,,6.4375,14317.255,3.07,,,,,,,6.6621,84667.77,18.93,6.5114,10099.745,3.16,2.2018,189192.668,62.79,6.727,16213.892,1.94,6.6287,402648.752,38.23,6.6413,130428.621,20.17,,,,,,,,,,,,,6.7795,223012.077,25.97,6.8014,21687.547,38.88,6.7743,17978.503,3.85,2.198,250814.04,78.06,6.7807,513485.933,25.63,6.8421,27988.706,9.34,,,,6.8884,139009.425,76.8,,,,6.885,220340.186,88.88,6.9414,171236.407,80.14,,,,,,,,,,,,,6.888,34220.536,24.88,,,,,,,,,,,,,,,,,,,,,,,,,7.138,16267.303,6,,,,,,,7.1556,55370.091,19.54,7.1584,10207.992,4.78,,,,7.1695,120834.856,27.02,,,,,,,7.1946,32637.042,100,,,,7.5261,13412.256,1.74,,,,7.3712,170990.395,63.1,7.3734,263039.676,31.46,7.3687,25156.023,6.03,7.3647,49568.431,39.46,,,,7.3996,16499.374,3.95,7.4476,17772178.71,93.15,,,,,,,7.4936,61425.184,19.23,,,,7.4462,618669.865,100,7.547,11168.557,100,7.5573,21852.313,23.31,7.4459,272442.765,32.58,7.6054,24281.636,7.6,7.585,13540.254,5.09,,,,7.6521,10168.117,7.4,,,,,,,2.8324,49526.146,60.68,7.7402,89201.147,15.15,7.7382,14953.1,0.08,7.7517,20786.833,2.7,,,,7.8188,1772001.97,96.54,,,,7.9357,14059.41,0.77,7.9888,52923.119,100,,,,8.1737,11289.418,8.53,,,,7.8453,30009.224,6.26,8.0494,42994.72,11.86,8.0488,49842.363,0.26,,,,7.8737,20165.281,7.12,8.063,44476.72,40.64,8.0787,21843.885,100,,,,,,,8.1132,11151.118,1.33,2.8705,12578.875,100,,,,8.145,13124.103,4.63,,,,8.026,10467.984,3.47,,,,,,,8.3011,107857.904,0.57,,,,,,,8.3447,21141.127,7.8,3.0449,49542.209,37.43,,,,,,,,,,8.3942,51369.705,29.24,8.4093,19755.308,11.89,8.523,296865.171,38.49,,,,,,,8.5217,853651.333,46.49,8.5825,37565.154,74.88,3.0032,50021.543,100,8.6322,54127.553,7.41,8.5225,468501.446,87.81,8.7092,129225.241,77.76,,,,8.7632,44477.916,8.12,8.9541,13944.598,1.81,,,,8.8255,142437.469,36.27,,,,,,,8.8885,273740.336,46.48,,,,,,,8.7319,16605.176,0.9,,,,,,,8.9708,33825.133,39.57,,,,9.0345,36383.779,42.57,,,,8.843,12617.812,2.3,,,,3.1551,121867.498,100,9.278,29816.4,3.87,,,,9.2033,79071.16,16.06,,,,,,,,,,,,,,,,,,,,,,3.1775,67074.187,67.72,,,,9.0573,38714.993,12.12,,,,9.4874,14414.078,3.22,9.4213,39966.552,8.34,,,,9.4484,69961.364,39.83,9.3482,16304.768,2.58,9.7193,11896.902,2.17,3.1457,10475.925,9.2,,,,,,,,,,,,,3.4121,269378.121,95.79,,,,3.4967,26418.013,3.08,3.5142,82313.171,8.89,3.5542,41667.189,48.42,,,,3.6641,24411.589,3.5,3.7282,330841.175,100,,,,,,,,,,,,,,,,,,,4.0955,28604.905,10.89,,,,4.0662,110001.93,79.03,4.0822,434224.723,80.14,4.1057,91152.15,26.91,,,,4.1959,53496.629,13.61,4.2136,259935.509,1.36,4.2156,314962.276,67.52,,,,4.1547,24021.178,17.67,4.2515,200009.151,75.58,4.3536,12532.006,4.77,,,,4.3959,117067.681,10.9,,,,,,,,,,,,,4.4581,34303.695,24.97,4.5074,60681.107,14.5,,,,,,,4.6098,131266.233,6.55,,,,,,,4.606,145583.484,16.95,,,,4.6336,22074.254,16.68,0.9239,13274.047,22.6,,,,,,,,,,4.7,36176.486,1.81,4.7405,49191.317,39.6,,,,,,,4.7693,81391.819,71.48,4.807,922599.457,46.16,,,,0.9262,44789.49,60.42,4.7828,10574.687,1,4.913,813419.599,40.7,,,,,,,,,,,,,5.0388,48388.141,18.42,,,,,,,5.1655,19239.154,7.32
321*_2012_T_2n,P2-D5,1,1.2716,112974.626,38.84,,,,5.0646,205988.135,2.14,5.1416,25056.29,1.18,,,,5.1592,23619.265,4.48,5.1825,69322.577,8.39,5.1904,13575.97,3.1,,,,5.1762,19519.023,1.93,1.3002,677248.832,46.32,,,,,,,5.1837,168611.689,21.13,5.2663,16998.23,0.39,5.3318,326613.011,0.9,5.3446,224479.889,3.13,5.3818,11025.208,15.83,5.3162,11426.664,0.54,5.4133,23708.128,5.17,1.6469,191917.242,7.65,,,,5.4434,356355.701,5.53,5.4541,591483.715,25.76,5.4632,621181.458,37.81,5.4746,141625.043,6.55,,,,,,,,,,,,,,,,1.6619,66991.123,30,5.5853,1034685.525,84.32,5.593,19678.858,4.3,5.6153,505510.669,50.37,5.6238,43535.826,5.37,5.6277,24642.861,3.09,,,,5.6757,73018.122,0.2,5.6984,377586.266,11.53,5.7164,98060.308,5.09,,,,,,,5.7311,30169.539,1,5.6752,236731.198,10.95,,,,,,,5.8228,366486.471,3.82,5.9659,16410.275,2.02,5.8358,168115.508,80.43,5.9607,37325.039,1.75,6.0357,60147.652,4.53,,,,6.0077,106587.982,4.01,6.0342,285005.003,11.02,6.0353,50300.197,6.3,6.0582,120892.852,3.17,6.1072,11250.252,1.39,6.0997,336654.402,13.43,6.0566,10362.049,5.63,6.1079,114171.237,4.99,6.1422,310067.655,48.26,,,,1.9743,11261.86,1.36,6.1802,28230.372,0.69,6.3424,14686.638,2.86,6.2205,104211.309,1.08,6.0258,35981.156,8.15,6.2714,77463.073,4.02,6.2723,84834.486,3.19,6.3617,34325.978,19.95,6.3039,184994.85,3.81,6.3524,358657.642,81.26,6.3074,18529.692,1.06,2.0166,14079.488,22.67,6.4931,14175.206,1.75,6.416,2346322.799,62.31,,,,6.6652,22145.765,20.41,6.3243,17913.345,2.54,6.4504,46346.913,5.81,6.5496,35970.615,1.69,6.5809,142457.732,36.99,6.5277,43565.33,1.95,,,,2.1903,396044.022,40.42,6.5934,11450.097,0.26,6.6297,684125.876,31.64,6.641,3060679.372,62.97,,,,6.5869,11562.446,3.85,,,,,,,6.7307,1731362.139,33.4,6.8191,35183.423,10.09,,,,2.1931,572370.664,72.07,6.765,351320.433,4.91,,,,,,,6.7786,11584.982,6.78,6.8772,1868939.104,26.1,7.0087,19382.083,15,6.9346,340805.551,37.24,,,,,,,6.9581,104737.196,2.16,,,,7.0341,14962.922,2.29,6.992,53882.869,9.13,6.9905,40925.829,33.69,,,,,,,,,,6.9858,55865.34,1.08,,,,7.0945,296463.547,100,,,,2.429,12911.553,13.42,,,,7.1529,61953.402,2.05,7.1511,491937.715,53.76,7.2678,19457.442,2.4,7.1712,133332.218,5.97,,,,,,,7.1965,175563.938,75.25,,,,7.2717,11588.495,0.86,,,,7.3776,70890.549,6.79,7.4326,668028.696,15.35,7.3107,1234365.057,47.72,7.3703,11979.504,1.48,7.5443,145222.286,10.94,7.4847,214827.787,8.3,7.4291,32416480.18,89.35,7.6716,14293.408,8.13,,,,7.4926,623686.899,41.66,2.5894,184161.134,93.37,7.547,27854.174,1.87,,,,7.5475,43816.175,10.13,7.5461,28846.659,0.66,7.6146,15281.783,1.02,7.5831,103348.22,31.78,,,,7.6585,138359.173,17.15,7.699,16971.934,39.98,7.7241,592228.173,39.56,2.8315,598790.651,73.65,7.7468,16730.296,1.8,7.7429,73692.25,0.2,7.747,43742.866,3.24,,,,7.8236,6068652.836,96.96,,,,7.9418,137151.257,1.43,8.0061,31008.845,100,7.9949,13772.759,0.32,8.1792,31789.59,3.85,2.8447,96419.097,4.31,8.0646,11365.631,0.28,8.0419,157773.086,11.98,8.0564,316854.929,0.87,,,,8.0635,156632.625,5.18,7.9348,30291.149,7.97,8.0839,52103.341,12.4,,,,8.087,25834.437,6.79,8.1122,342299.741,7.86,2.8911,170268.82,77.69,8.1076,36360.662,2.09,8.2825,95241.06,3.15,,,,8.2684,32877.257,3.36,8.2798,13157.691,0.32,8.2842,193606.369,46.69,8.3053,129070.612,0.36,,,,,,,8.306,500558.419,47.93,2.998,31344.82,3.79,,,,8.3389,22383.722,1.66,,,,8.4068,320988.611,39.6,8.4285,78331.924,0.55,8.5011,557787.713,41.33,,,,,,,8.5016,2478580.591,25.8,8.608,1056422.83,80.89,3.0033,54754.635,45.95,8.6437,134516.732,6.05,8.5099,756106.138,57.08,8.7191,13917013.55,98.48,,,,8.7782,13118.024,1.54,8.6447,43436.235,3.22,8.7752,12601.258,0.96,8.8278,1160003.809,56.07,,,,8.3004,763450.754,17.54,8.8986,670222.877,72.14,2.9976,72753.283,16.83,8.9149,20420.064,0.5,8.905,927158.375,9.65,,,,9.0368,14607.275,0.69,8.9723,148849.598,38.5,,,,9.0496,148838.069,38.5,,,,8.8783,13178.55,1.55,,,,3.1503,72626.407,21.21,9.2723,38654.436,2.86,,,,9.2135,463997.501,26.61,,,,9.2186,329683.24,96.26,9.2144,576383.788,95.71,9.2331,114012.705,53.56,9.2842,5660595.227,98.03,9.2861,10038023.44,99.47,9.2849,592792.342,26.52,3.1754,117875.674,73.79,9.2803,2767456.214,67.24,9.0095,21461.789,1.43,9.3685,119757.923,8.83,,,,9.4134,97782.869,2.38,,,,9.4553,215479.978,26.58,9.5614,16296.015,1.03,9.4994,292551.534,34.36,3.2071,18940.226,4.13,,,,3.2311,10196.636,0.75,3.3219,882902.011,38.56,3.322,1239852.059,94.05,3.3983,719759.295,34.8,3.4065,204904.391,30.61,3.5,60181.854,1.16,3.5155,362759.514,14.47,3.5471,20672.904,4.4,3.5671,19275.742,27.64,3.666,217579.785,6.06,3.7262,1689124.462,89.11,,,,,,,,,,3.9594,159626.966,42.04,,,,,,,4.017,338504.957,8.88,,,,4.0723,1158869.806,54.48,4.0889,24673.306,5.51,4.1054,597125.78,51.57,4.1963,15960.165,6.94,4.1924,549425.76,16.77,4.2122,61788.851,0.17,4.2184,85761.456,10.75,4.205,464440.971,10.67,4.2452,21601.948,5.1,4.253,751604.739,57.07,4.3522,399907.184,10.49,4.3524,224358.415,6.25,4.3956,10281.585,0.27,,,,4.4111,19350.745,0.91,4.5203,437643.326,32.98,4.4622,399371.031,48.32,4.4544,239664.385,29.71,4.507,75584.053,8.36,4.5029,251077.869,0.69,4.5044,90222.458,45.05,4.6003,122709.555,1.71,,,,,,,4.596,157436.776,3.04,4.593,52854.782,6.52,4.6295,150872.199,18.25,0.9251,114000.996,19.3,4.5966,123721.239,5.82,4.6238,32498.115,2.45,,,,4.711,172944.192,2.68,4.7378,358049.627,52.33,,,,4.7731,33714.104,100,4.7683,161929.249,35.35,4.813,2614027.335,40.56,4.8883,16741.875,3.07,0.9215,35611.926,12.24,4.881,190017.701,8.79,4.9201,2404015.75,37.3,4.9527,236795.361,5.44,5.0633,14130.891,1.71,4.9096,12528.744,2.73,5.0138,19596.463,23.14,5.0397,1661824.688,43.58,5.0365,23618.291,3.62,5.1443,22856.465,1.02,,,
322_2012_T_2n,P2-C4,1,1.2685,28671.198,73.6,,,,,,,,,,,,,5.1409,27266.012,16.54,,,,5.1882,35878.328,21.44,5.1366,15777.344,1.38,5.1874,12868.71,2.32,1.3014,278306.581,34.16,,,,,,,,,,,,,,,,5.3459,789085.031,19.02,5.4796,32519.174,18.32,,,,5.2764,13955.879,16.07,1.6566,69722.921,6.7,,,,5.4449,85805.804,3.24,5.4645,26121.296,2.44,5.4885,78788.527,17.74,5.4733,8566352.562,95.88,,,,,,,,,,5.4615,13583.592,15.16,5.5491,15735.102,54.26,1.6555,13402.819,27.64,5.5866,607888.704,87.57,,,,5.6154,16679.725,0.41,,,,,,,,,,5.6878,87778.345,1.4,5.7191,247473.613,22.12,5.7217,25004.522,1.94,,,,,,,5.7435,258787.497,17.43,5.5829,23628.211,0.26,,,,,,,5.8296,201223.506,6.18,,,,5.8303,88289.94,75.92,,,,5.9608,12879.962,2.19,,,,6.0088,235377.208,14.22,6.0282,127873.338,9.42,,,,6.0584,93141.839,11.44,,,,6.1022,136045.499,13.08,,,,6.0999,50048.039,7.46,6.1449,139321.274,85.76,,,,,,,6.176,10540.609,1.18,,,,6.2106,111192.592,3.41,6.2126,95819.732,41.93,6.2689,490255.863,38.13,6.2706,438897.873,26.52,,,,6.3117,641541.817,55.98,,,,6.391,10734.421,0.63,,,,,,,6.4163,1058370.13,48.16,,,,,,,,,,,,,,,,6.5852,74786.284,46.11,,,,,,,2.2008,76896.39,28.82,,,,6.6368,61174.699,0.68,6.6389,221795.888,19.35,6.6527,123104.323,41.34,,,,6.8836,10845.585,5.26,,,,6.7776,510631.946,22.05,,,,,,,2.1945,129384.095,61.86,6.7841,939511.087,22.64,,,,6.8368,14955.182,0.17,6.8894,298840.981,72.09,,,,6.8959,468701.49,67.92,6.9418,176440.845,74.2,,,,6.9509,26193.241,27.04,,,,,,,6.8841,73178.147,23.8,,,,,,,,,,,,,,,,7.1079,16811.873,0.73,,,,7.0993,23157.802,100,7.2616,12240.12,3.72,,,,,,,7.146,241287.091,16.25,,,,,,,7.1658,71437.301,19.23,,,,,,,,,,,,,,,,,,,7.3866,175832.639,53.43,7.3817,232572.738,23.86,7.3108,428994.378,31.59,7.3831,33944.566,15.39,7.5477,24217.034,4.11,7.4275,312714.333,23.03,7.4494,4394943.473,70.01,,,,7.4891,85612.363,37.3,7.4934,46612.301,30.08,2.5895,96548.009,88.77,7.4529,76027.586,84.84,,,,7.5526,13053.336,4.24,7.4508,64799.093,6.65,,,,7.5798,95789.252,28.53,,,,7.6528,11532996.74,97.24,,,,,,,2.8318,244411.672,79.02,7.7442,33105.906,61.52,7.7605,35576.645,0.57,7.7493,71889.944,8.88,7.7516,21339.416,22.03,7.8182,4356325.806,98.16,,,,7.9544,27844.098,0.85,,,,,,,,,,2.8744,62441.153,16.81,7.8883,14650.327,1.64,,,,,,,,,,7.8714,75165.174,5.06,8.0651,70831.492,58.04,,,,,,,,,,,,,2.8676,45492.913,65.5,,,,8.1519,43956.013,2.96,8.1613,10571.501,1.18,8.2621,28330.326,10.62,,,,8.2647,107292.551,45.21,8.3022,12290.656,0.2,,,,,,,8.3389,74394.173,22.61,,,,,,,8.2877,10298.887,1.27,,,,8.4008,137938.545,37.46,8.4287,177964.106,4.01,8.5219,100637.725,12.44,,,,,,,8.5235,233561.038,7.17,8.5933,476259.127,89.29,,,,8.5493,13391.366,4.78,8.5189,160632.912,15.92,8.7172,4244773.596,95.68,,,,8.7562,34800.065,9.74,8.6488,22871.137,2.83,8.7654,47691.824,19.97,8.8289,572611.854,38.7,,,,8.3459,14539.951,1.49,,,,3.0083,62116.451,20.19,8.9043,15722.294,1.76,8.9056,80250.107,2.46,,,,9.1539,17044.921,4.53,8.9714,373130.663,38.74,,,,9.0444,342909.002,35.6,,,,8.8885,60516.337,16.93,,,,3.1478,195752.675,69.91,9.2851,21101.634,2.61,,,,9.2152,1247816.274,73.53,,,,9.2209,1839939.787,100,9.2209,1722618.271,97.14,9.24,160200.77,52.23,9.2827,1346772.352,95.96,9.2888,808256.222,100,9.279,104027.361,28,3.1794,46338.738,39.86,9.2843,495074.868,55.47,9.0105,15761.341,10.17,9.3727,46292.63,5.29,9.5089,12005.557,3.23,9.4182,147492.655,16.53,,,,9.4529,112576.711,30.58,9.5631,15614.768,5.21,9.5856,10733.544,3,,,,,,,,,,3.3269,211803.238,31.55,3.3317,592726.412,93.66,3.4081,317407.237,86.51,3.3985,104581.975,24.51,3.5011,20223.015,0.87,3.5167,228461.381,21.96,3.5515,42186.833,63.43,,,,3.6587,133186.588,7.6,3.7301,547662.688,93.2,,,,,,,3.916,84417.427,19.66,3.9652,12753.055,23.09,,,,,,,4.0913,35233.674,4.33,4.1547,21740.119,5.57,4.0704,185698.588,49.39,4.0828,16637.782,8.26,4.108,234304.887,46.3,,,,4.1899,249940.146,22.34,4.215,299394.291,4.77,4.2161,406841.723,75.87,,,,4.1466,29680.529,14.46,4.2522,353392.97,83.32,4.3582,34108.555,4.19,4.3657,17090.174,0.97,4.3987,75446.284,3.43,,,,,,,,,,,,,4.4593,84596.056,0.71,4.4761,217994.32,55.87,,,,,,,4.609,715939.054,17.25,,,,,,,4.6121,945323.731,40.81,,,,,,,0.9246,33470.206,23.81,4.6034,14838.035,3.95,,,,,,,4.7022,103648.467,3.91,4.7381,110314.295,56.71,4.7683,10767.355,1.83,,,,4.7828,31071.086,35.77,4.8119,1260785.517,47.59,,,,,,,,,,4.9159,1050298.199,39.64,4.8524,45858.8,4.7,,,,,,,,,,4.9139,18186.83,2.23,,,,,,,5.0443,108812.019,13.36
322_2021_T_2n,P1-E1,1,1.2724,91904.903,55.7,,,,,,,,,,,,,5.1579,14558.35,5.2,5.3012,14081.618,13.13,5.1879,34450.586,32.99,5.2175,10770.825,1.02,5.1948,27816.735,9.55,1.3024,305601.864,36.8,,,,5.2157,55716.977,82.9,5.1694,20679.023,6.53,,,,5.2891,11413.106,0.26,5.3418,690722.661,24.41,5.4728,26677.171,18.47,,,,,,,1.6615,53940.261,6.45,,,,5.4343,73765.5,3.18,5.4699,74161.134,8.07,5.4767,75894.038,18.78,5.4656,6258522.39,95.2,,,,,,,,,,,,,5.5384,13702.462,12.78,1.6624,35031.344,44.59,5.5748,437931.347,100,,,,5.4813,16374.129,0.54,,,,5.7872,11039.239,3.49,,,,5.679,76365.323,1.73,5.7043,128519.42,14.9,5.7073,10616.333,1.09,,,,,,,5.7482,177823.958,20.91,,,,,,,,,,5.8277,85004.726,2.74,,,,5.8176,46496.715,100,,,,,,,,,,6.0082,108168.371,13.85,6.0387,87662.741,10.5,,,,6.0535,64924.64,17.18,,,,6.0926,150314.142,17.98,,,,6.1036,13184.506,5.29,6.1352,160272.128,100,,,,,,,,,,,,,6.2082,116143.894,3.74,6.2051,73149.166,37.72,6.2696,296576.827,30.52,6.2594,198531.457,25.42,6.1974,18669.274,62.83,6.3079,548920.682,51.89,,,,6.3773,27422.339,2.43,,,,,,,6.4088,561934.769,44.59,,,,,,,,,,,,,,,,6.5732,98123.808,85.59,6.6544,36108.736,12.41,,,,2.199,90421.189,36.51,6.5213,32362.167,4.17,6.6296,41630.37,0.63,6.6383,260888.733,24.66,6.6403,127600.829,48.9,,,,6.877,10850.404,7.91,,,,6.7841,318559.123,27.55,6.8034,13972.394,100,,,,2.203,138154.607,57.49,6.7855,605552.479,21.4,,,,6.8401,18845.32,0.29,6.8872,194737.758,67.72,,,,6.9003,354275.383,65.31,6.9401,257328.893,84.27,,,,6.9355,32926.026,36.37,,,,,,,6.8848,41855.796,16.37,6.979,14583.64,100,,,,,,,,,,,,,7.093,76422.744,6.61,,,,7.0828,15362.898,100,,,,,,,,,,7.1395,106837.272,12.56,,,,,,,7.1592,121525.779,41.77,,,,,,,7.193,12528.565,100,,,,,,,,,,7.3747,36708.622,35.79,7.3779,44684.058,5.76,7.368,40757.507,4.88,7.4843,13673.401,8.45,,,,7.4312,258206.952,30.93,7.4423,3253836.779,73.58,,,,7.4794,56312.21,38.01,7.4841,11389.135,18.71,2.5882,83685.471,89.01,7.4469,55448.075,100,,,,7.5515,69884.382,15.85,7.5568,20417.052,2.63,,,,7.5791,39105.65,24.8,,,,7.6507,9023942.964,98.44,,,,,,,2.8238,46264.866,43.33,7.7339,71804.443,49.96,7.6697,13361.805,0.3,7.7473,19506.179,2.61,7.7522,17453.231,19.28,7.8097,2883342.013,98.17,,,,7.9302,16983.258,0.55,,,,7.9939,15688.737,2.02,8.1706,53878.369,50.24,2.8688,13757.063,4.73,7.8634,12052.021,1.75,,,,,,,8.2662,14077.957,4.84,7.8648,84284.091,9.91,8.0585,73047.412,76.27,,,,,,,7.9184,22724.515,23.73,,,,2.8822,17683.257,39.83,,,,8.1486,57543.372,6.77,8.1499,11530.839,1.68,,,,8.4964,16443.41,2.39,8.2541,58726.661,37.96,8.4463,13205.311,0.3,,,,,,,8.3374,52154.453,50.84,,,,,,,8.6085,18884,2.52,,,,8.3949,123743.455,39.12,8.4137,131270.552,4.75,8.5229,365278.448,48.82,,,,,,,8.5191,1466968.154,47.22,8.5785,356786.527,93.36,2.9961,20266.078,100,,,,8.6528,31569.442,2.34,8.708,2633646.465,95.25,,,,8.764,28681.739,17.77,8.862,21582.948,2.88,8.8784,17403.075,20.63,8.8195,263053.301,36.82,,,,8.3319,26051.077,3.36,,,,3.0021,45434.934,10.3,8.905,21907.565,3.19,8.7162,19662.542,0.63,,,,9.0258,11067.698,8.41,8.9622,220443.937,38.49,,,,9.0393,193037.208,33.71,,,,8.8805,14673.876,9.09,,,,3.1508,149685.365,85.13,9.2614,25114.308,3.36,,,,9.2004,908838.272,80.61,,,,9.2096,920615.93,100,9.2056,1118009.417,95.21,9.2177,105016.466,44.97,9.2729,836191.688,100,9.2781,330025.764,100,9.2749,60580.517,20.82,3.1713,93716.557,63.68,9.2705,313828.993,45.66,9.0012,17620.162,28.94,,,,,,,9.4052,122823.77,17.87,,,,9.4395,97997.56,30.98,9.2017,77887.868,54.08,9.4926,36002.33,22.31,,,,,,,,,,3.3346,135320.508,54.29,3.3243,505243.929,94.47,3.3976,375094.815,97.34,3.4012,20564.31,8.84,3.5083,27884.143,2.41,3.5061,187186.874,22.39,3.5531,34938.354,50.38,,,,3.6648,26021.555,2.41,3.7225,513149.333,91.02,,,,,,,3.9111,75761.27,25.85,3.9634,14161.765,40.17,3.9508,11589.97,42.74,,,,4.0764,13735.041,3.64,,,,4.0666,72722.314,55.27,4.0785,181369.371,60.06,4.1001,185079.037,68.73,,,,4.1935,116861.706,13.55,4.2066,177849.638,4.02,4.2139,208131.28,65.77,,,,4.1536,23976.917,12.65,4.2458,298933.369,81.38,4.3532,14662.863,3.88,4.3651,90983.825,8.43,4.3914,72622.893,5.76,,,,,,,,,,,,,4.4502,35545.166,0.39,4.4693,169427.598,51.88,,,,,,,4.6019,298245.035,10.54,,,,,,,4.6183,210535.393,18.21,,,,4.6178,25583.868,23.86,0.9363,16699.627,15.39,,,,,,,,,,4.7034,36995.813,1.59,4.7357,61157.575,42.94,,,,,,,4.7681,74340.829,100,4.8027,1098323.56,47.34,,,,0.9205,73098.748,44.3,4.9449,11831.719,0.18,4.9071,1001638.371,43.17,4.8414,22642.069,2.92,,,,,,,5.0445,14110.383,41.42,5.1872,10783.389,2.85,5.0351,28154.607,11.01,,,,5.0477,57659.318,15.26
328_2012_T_2n,P1-C5,1,,,,,,,5.054,40868.174,0.95,,,,,,,5.1474,19181.64,6.16,5.2846,31551.868,17.09,5.1811,51380.59,18.49,5.2095,15360.061,0.95,5.1997,80939.902,7.56,1.3005,353297.801,28.4,,,,,,,5.1682,12626.301,1.57,,,,5.3031,37814.526,0.32,5.3393,1381011.252,23.32,5.4637,23063.206,8.46,,,,,,,1.6528,131756.859,7.88,,,,5.4239,160852.062,4.61,5.4696,30859.797,1.75,5.4529,32396.994,5.74,5.453,10848430.91,92.19,,,,,,,,,,,,,5.539,17156.047,9.29,1.655,183363.645,74.23,5.5646,900033.732,88.42,,,,5.6043,91013.606,2.03,,,,5.7925,21418.093,2.66,,,,5.6665,138501.388,1.18,5.7033,383361.561,23.39,5.7106,40845.324,1.97,,,,,,,5.7346,457913.317,22.36,5.6788,16009.891,0.14,,,,,,,5.816,326930.856,7.6,,,,5.8086,114817.684,86.7,,,,5.9549,13455.409,1.93,,,,6.008,270634.438,12.44,6.0254,192294.222,9.39,6.0632,10776.28,1.34,6.0464,81022.469,7.64,,,,6.0867,197084.917,11.79,6.0562,10784.527,11.16,6.0872,101140.253,8.06,6.1276,73891.706,60.36,,,,,,,6.1631,24047.966,1.88,,,,6.2056,182504.431,4.25,6.1986,309763.663,59.78,6.2589,725436.354,34.96,6.2543,321934.598,14.8,6.2,19718.887,9.44,6.3031,936210.49,57.67,,,,6.3615,87591.082,4.49,2.0243,119171.391,58.69,,,,6.4016,1555394.614,48.79,,,,,,,,,,,,,,,,6.5592,51419.277,28.57,6.6514,20591.298,3.49,,,,2.1976,127419.469,32.65,6.4142,21049.959,1.73,6.6239,235998.979,2.01,6.6288,300333.667,18.5,6.6368,141794.918,43.14,,,,6.6919,13479.822,5.59,,,,6.7731,737960.936,21.33,6.7868,51807.679,47.7,6.7634,16198.647,2.01,2.1903,174539.298,75.12,6.7764,1239290.418,20.92,6.836,10441.907,7.55,,,,6.8788,386476.116,75.46,6.913,11191.747,0.19,6.8866,330960.005,34.09,6.9302,465345.321,81.49,,,,6.937,12887.294,11.47,6.9453,22246.25,1.37,,,,6.8727,83060.316,13.5,6.9678,28364.862,61.34,,,,,,,,,,,,,6.9961,34372.741,0.99,,,,7.0763,64620.2,100,7.1136,10023.502,2.9,2.4308,40204.278,24.21,,,,7.1356,329874.817,16.11,,,,,,,7.1611,77659.964,13.16,,,,,,,7.1832,95767.338,67.71,,,,7.3913,18787.891,1.86,,,,7.3654,224222.267,64.98,7.3655,321456.615,26.35,7.3028,572901.652,27.98,7.3702,49213.093,15.99,7.5279,29545.947,4.25,7.4167,480134.425,23.45,7.4359,10186672.38,86.43,,,,7.4783,128914.862,54.58,7.4837,65467.463,52.37,2.5849,161485.528,93.17,7.437,172629.33,100,,,,7.546,37721.79,4.09,7.4349,153937.719,12.62,,,,7.5721,63513.308,14.92,,,,7.6406,11979708.7,96.12,7.6817,23406.262,65.97,,,,2.8154,556473.741,72.75,7.7365,25433.552,6.06,7.7446,21933.261,0.19,7.7412,100072.093,9.91,7.7353,40922.694,36.43,7.8024,5520831.025,97.33,7.9076,20467.379,3.53,7.9433,56093.343,1.3,7.9828,56977.305,100,,,,8.159,16155.306,8.75,2.8599,91359.271,15.48,7.8579,18879.8,1.47,8.0345,72161.673,13.56,7.9948,12137.815,0.1,8.2143,16440.708,2.79,7.9955,12585.123,0.61,8.0488,144799.071,61.38,8.07,44980.174,76.68,,,,7.9309,20398.479,8.65,,,,2.8694,58828.863,52.14,,,,8.1459,31841.525,1.55,8.1432,31979.394,2.5,8.2559,27968.485,7.17,8.4868,27042.299,2.11,8.2426,95454.49,32.28,8.2893,35250.837,0.3,,,,,,,8.3232,20721.459,6,3.0404,12250.915,6.64,,,,8.331,11349.039,1.12,,,,8.3829,136773.55,33.03,8.4033,80569.041,0.99,8.5011,101074.513,10.01,,,,,,,8.5043,264004,6.14,8.5782,453170.423,93.91,2.9837,46226.932,58.49,8.6249,111049.681,10.77,8.5863,16483.111,1.35,8.7,8014066.841,98.05,,,,8.761,58262.079,11.16,8.7517,11782.708,1.17,8.8621,17274.689,3.25,8.8093,317921.02,21.99,,,,8.2722,19789.49,1.62,8.881,367252.779,87.47,2.9967,261340.925,28.31,8.8929,28236.054,2.21,8.8859,40670.098,0.95,,,,8.942,12295.769,2.12,8.9559,465114.641,37.23,,,,9.0319,443027.932,35.46,,,,8.8925,13583.612,2.6,,,,3.1454,181393.146,47.39,9.2574,13162.147,1.3,,,,9.196,1243378.647,63.78,9.2001,1848957.673,97.6,9.2007,1897595.143,100,,,,9.2167,37584.49,14.57,9.2652,1446762.415,99.25,9.2707,763279.663,98.41,9.2613,119234.326,20.2,3.1765,93967.835,51.63,9.2646,568645.353,44.41,,,,9.355,102553.114,8.04,,,,9.5494,21929.566,1.71,,,,9.4345,141703.457,34.22,9.5104,12070.462,1.95,,,,3.1332,17251.317,6.25,,,,3.2331,10144.287,0.79,3.3211,338176.126,26.95,3.3193,824278.992,92.54,3.3816,366803.888,43.45,3.3967,76118.241,13.35,3.4857,158294.282,4.58,3.5053,266236.645,15.92,3.548,70452.002,80.59,3.5547,10949.921,20.9,3.6613,156836.368,6.69,3.7165,966180.227,89.54,,,,,,,3.9002,112892.13,14.73,,,,3.9488,13585.269,49.79,,,,4.0128,17735.866,1.67,4.1414,25976.351,3.95,4.0611,209145.573,36.05,4.0671,36639.119,13.66,4.1189,46192.924,6.59,,,,4.1927,311888.608,19.03,4.199,459093.808,3.9,4.2086,523340.685,64.93,,,,4.22,12509.989,3.19,4.2341,426679.667,79.48,4.3478,60504.06,5.71,4.3515,61324.675,2.62,4.3842,259149.361,8.13,,,,,,,,,,,,,4.4408,181288.974,1.45,4.464,318735.947,48.42,4.4758,11417.152,0.1,,,,4.5929,907786.745,15.33,,,,,,,4.5934,1104049.893,31.92,,,,4.6142,35829.824,19.41,0.9251,37724.657,17.98,4.5897,21892.215,3.77,,,,,,,4.6872,75865.904,2.18,4.7203,184215.328,39.13,,,,,,,4.7639,102876.493,37.3,4.7926,1521873.285,43.66,,,,0.9262,72495.066,84.44,4.9506,21952.212,0.19,4.8963,1374604.547,39.44,4.8326,82524.393,6.76,,,,,,,,,,5.0291,151244.312,14.27,5.0307,29660.582,4.82,,,,5.1681,21746.199,2.05
328_2021_T_2n,P1-B5,1,1.269,28742.224,15.15,,,,5.0654,11631.503,0.2,,,,,,,,,,5.281,43334.976,14.36,5.1655,58149.353,23.7,,,,5.1899,46714.278,9.96,1.2974,160066.938,9.35,,,,5.2043,39052.944,47.98,,,,5.2816,10107.914,1.29,,,,5.3373,1223830.789,25.65,5.4645,49040.621,19.25,,,,,,,1.6475,206417.731,17.09,,,,5.4236,137733.832,4.05,5.4713,120957.967,8.03,5.4797,144008.392,21.85,5.4497,5541968.391,66.08,,,,,,,,,,,,,5.5348,31915.888,10.58,1.6482,211439.066,68.76,5.5738,207495.917,43.98,,,,5.6012,83606.849,2.01,,,,5.7872,11334.715,2.25,5.8111,11157.877,1.66,5.67,53748.813,0.56,5.7084,147436.616,11.36,5.741,49589.882,2.43,,,,,,,5.7422,246988.345,14.7,5.6656,32487.338,0.39,,,,,,,5.8119,83137.662,1.43,,,,5.8116,74731.887,84.92,,,,,,,,,,6.0059,167039.492,11.97,6.0215,161839.529,9.93,6.0721,12416.072,2.46,6.0541,33481.44,4.27,,,,6.087,116837.73,9.67,,,,,,,6.1253,139959.688,71.34,,,,,,,,,,,,,6.2024,196608.245,3.39,6.2025,218338.608,53.41,6.2615,452886.428,22.18,6.2584,275077.75,19.71,6.2181,19384.414,22.76,6.2998,1067367.816,59.81,,,,6.3605,43834.087,3.03,2.0184,97271.916,59.77,6.3191,10053.407,5.12,6.4045,1323137.171,58.48,,,,,,,,,,,,,,,,6.5658,130428.375,57.94,6.6495,52412.41,7.78,,,,2.1909,84415.776,28.92,6.6875,10417.975,1.33,6.6208,177377.945,2.12,6.6267,297154.413,16.65,6.6383,170198.962,48.16,,,,6.8836,16717.578,9.13,,,,6.7714,533319.303,21.23,6.785,58006.118,59.36,6.7584,40575.311,8.05,2.1944,148271.036,58.56,6.7778,902414.891,18.91,,,,6.8278,13857.295,0.17,6.8801,278223.131,57.93,,,,6.8809,573548.748,56.74,6.9299,424750.908,83.63,,,,6.9335,29581.416,26.03,6.9363,11679.764,0.65,,,,7.0733,10641.31,1.3,6.9679,46746.203,76.43,,,,,,,,,,,,,7.0823,201067.159,8.01,,,,7.0718,63866.33,83.93,,,,2.428,30846.497,40.15,,,,7.1313,162050.009,9.64,7.1514,19887.751,3.92,,,,7.1508,139147.823,20.66,,,,,,,7.1769,69351.78,74.12,,,,7.529,11161.585,0.75,,,,7.3571,54941.363,58.21,7.3598,59854.727,7.62,7.3078,198861.038,12.21,7.3483,15736.309,8.02,7.5254,23733.943,5.67,7.4217,599140.017,36.77,7.4379,8647980.386,90.75,,,,7.4729,98515.772,39.4,,,,2.5834,104927.512,91.14,7.4342,116117.666,91.91,,,,7.5455,137187.682,15.67,7.4326,151339.832,19.26,,,,7.5627,24562.372,20.52,,,,7.6414,11826595.85,97.23,7.6791,19822.589,100,,,,2.8197,65731.361,41.05,7.7286,21805.25,6.52,7.7479,15661.426,0.16,7.7479,15790.634,1.06,7.7461,17385.752,15.3,7.8001,4361576.352,99.1,,,,7.9317,65055.023,1.12,7.9731,26671.061,64.79,7.981,10924.217,1.39,8.1629,91625.865,30.37,2.8677,64423.012,9.57,7.8658,13295.575,0.98,8.0378,16690.445,8.11,,,,,,,8.2092,17706.011,1.05,8.0512,131677.012,71.17,8.0635,32978.568,100,,,,7.9144,38716.026,20.93,8.0924,11288.905,1.44,2.8802,19348.054,36.56,,,,8.136,159785.322,9.51,8.1635,10087.806,0.74,,,,8.1348,25244.849,1.86,8.2392,43342.404,41.46,8.267,50051.033,0.53,,,,,,,,,,3.0331,14299.235,4.74,,,,8.6201,41831.073,2.8,,,,8.3777,83703.525,26.33,8.4032,51100.521,0.76,8.5125,510268.14,34.12,,,,,,,8.5118,3016233.914,51.99,8.5791,389084.297,97,2.9948,53834.927,84.06,8.6232,98604.158,14.38,8.7258,15739.526,0.57,8.6987,6656065.935,99.08,,,,8.7519,50188.145,10.76,8.7601,21776.279,1.46,,,,8.8103,271551.634,24.48,9.0923,10518.875,2.61,,,,8.8761,299732.771,89.58,3.0046,99619.684,11.38,8.9102,24563.744,1.81,8.7182,11192.304,0.19,,,,8.9456,10744.087,3.41,8.9559,116676.781,24.73,,,,9.0363,125485.016,26.59,,,,,,,9.1689,10376.138,7.96,3.1443,161479.626,59.58,9.2517,21878.13,1.46,,,,9.1946,1118213.143,77.23,9.1985,1746339.21,97.45,9.2004,1636680.83,100,,,,9.2095,31453.57,17.1,9.2644,1289917.17,97.92,9.2667,569647.842,100,9.2679,99219.517,14.73,3.1661,192052.953,71.04,9.2588,467765.241,34.49,,,,9.3435,13135.131,1.45,,,,,,,,,,9.46,22002.821,6.92,9.6632,127930.107,27.63,9.6633,12015.445,2.57,,,,,,,3.2335,29379.999,3.25,3.3159,225275.46,63.53,3.3154,661795.083,89.94,3.3932,622711.874,87.2,,,,3.4965,54220.03,2.16,3.5024,66259.545,5.49,3.5327,64478.771,50.95,3.557,22776.5,51.95,3.668,36815.514,2.25,3.7077,753032.236,89.33,,,,,,,3.8998,113783.557,21.62,3.9469,24741.919,100,3.9473,33155.52,37.09,,,,4.0955,42338.616,5.4,4.1199,28037.174,5.68,4.0601,128408.447,40.77,4.0746,195827.588,56.59,4.0845,49401.946,19.12,,,,4.1822,137996.803,10.63,4.2052,258376.166,2.71,4.1971,334894.848,66.46,,,,4.1525,158903.959,43.61,4.2324,401124.784,82.41,4.3536,73379.82,9.35,4.3554,124715.606,7.64,4.3776,151832.584,6.71,,,,,,,,,,,,,4.4384,103527.949,0.85,4.4652,283453.445,57.43,,,,,,,4.5948,482620.435,10.12,,,,,,,4.6048,691568.113,27.53,4.488,12928.199,6.59,4.6121,66717.135,22.11,0.927,28110.039,14.09,,,,,,,,,,4.6836,66101.354,1.94,4.7289,63840.386,19,,,,,,,4.7623,188521.413,81.69,4.7916,1539926.323,45.24,,,,0.9183,136052.071,71.7,4.9443,29618.503,0.35,4.8958,1389786.732,40.83,4.8362,14352.441,1.83,,,,,,,5.0359,72348.542,58.11,5.0366,81311.197,10.36,5.0309,113921.779,13.94,,,,5.1632,38860.391,4.95
333_2021_T_2n,P2-A7,1,,,,,,,,,,,,,,,,5.1354,41024.081,19.36,5.2946,17481.474,10.25,5.1864,32313.028,9.86,5.2274,10476.067,0.85,5.203,25434.41,9.73,1.3074,205881.645,37.09,,,,,,,,,,,,,5.3281,57049.726,0.31,5.3469,655049.304,27.17,,,,,,,,,,1.6601,42279.395,7.33,,,,5.4418,60202.356,2.91,5.4713,207376.851,37.39,5.4753,251754.729,40.14,5.4703,54787.673,3.94,,,,,,,,,,,,,,,,1.6604,36574.443,46.56,5.5857,492395.615,90.13,,,,5.6115,253496.172,40.39,,,,5.8006,13117.622,4.13,,,,5.6744,65787.312,0.36,5.7105,92070.347,13.53,5.727,14536.344,2.4,5.6793,15476.866,7.41,,,,5.7452,110858.722,18.94,5.6769,153393.741,11.02,,,,,,,5.8289,96865.846,3.72,,,,,,,,,,,,,,,,6.0114,69751.548,11.5,6.0353,120240.818,20.36,,,,6.0444,14428.925,4.54,,,,6.0951,55047.842,9.54,,,,6.1093,19127.856,4.36,6.1347,52603.213,100,6.2371,15224.008,18.77,,,,,,,,,,6.2197,65235.099,2.51,6.2131,30939.8,38.83,6.2704,209198.744,34.5,6.2766,189920.895,31.33,,,,6.3116,767181.482,61.96,,,,,,,2.0414,53828.565,74.22,,,,6.4111,508783.228,50.87,,,,,,,,,,6.4285,14912.354,4.7,,,,6.5807,21840.526,37,6.6617,33722.132,8.14,,,,2.2012,130830.155,49.92,,,,6.6318,731638.285,52.58,6.641,129920.026,10.49,,,,,,,6.8677,11290.174,12.67,,,,6.7814,208758.553,26.59,6.8098,19273.385,50.5,,,,2.2028,186089.448,76.62,6.7815,524564.624,21.75,,,,,,,6.8949,237853.254,69.87,,,,6.8753,166621.641,37.56,6.9422,149042.805,69.13,,,,,,,6.7678,13490.809,1.09,,,,6.8979,41562.375,16.97,6.9894,51782.436,100,,,,,,,,,,,,,,,,,,,7.0759,16823.11,100,,,,2.4358,19833.569,59.86,,,,7.1325,51113.027,8.73,,,,7.3542,16899.735,20.84,7.1582,137507.487,33.17,,,,,,,7.1875,28265.616,51.93,,,,,,,,,,7.3737,87094.022,52,7.3804,117336.71,17.9,7.3112,118237.144,20.02,7.3779,13737.344,16.94,,,,7.4158,15656.54,2.65,7.4403,16732111.99,91.7,,,,7.4737,13118.755,32.96,7.4963,22092.154,37.65,2.5851,39495.437,100,7.4426,539924.798,100,7.54,12345.265,32.7,7.5557,24891.352,10.34,7.543,11823.172,1.8,,,,7.5804,29778.617,21.55,,,,,,,,,,,,,2.8272,77377.457,87.58,7.7381,55099.638,25.95,7.5933,39608.666,0.22,7.7481,54171.987,8.88,,,,7.8162,2203797.084,100,,,,7.9489,14387.358,0.55,,,,,,,8.101,11301.113,6.62,,,,,,,8.0452,36668.568,11.82,8.0525,42026.494,0.23,,,,7.8655,51786.374,8.85,8.0643,112144.564,81.76,8.0759,21558.834,29.04,,,,7.9189,25026.839,18.24,8.1299,34602.295,5.28,2.8758,35927.182,100,8.1363,17579.272,3.44,8.1436,38475.101,6.57,8.1472,15756.078,4.6,8.0176,19816.36,7.56,8.4899,14331.722,4.18,,,,8.2884,148977.439,0.82,,,,,,,8.117,14958.677,8.93,3.039,59298.71,34.76,,,,,,,,,,8.3909,33987.262,17.31,8.4193,198388.657,4.25,8.5204,322099.423,52.83,,,,,,,8.5175,1136585.314,43.64,8.5871,278668.058,92.75,2.9996,173290.131,100,,,,8.5246,620137.314,69.53,8.7117,4449005.409,95.23,,,,8.7787,43155.791,8.16,8.7703,20709.107,3.4,,,,8.8249,61398.366,38.89,,,,8.2827,10861.311,1.66,8.8908,39112.486,18.42,3.0051,12207.804,5.07,8.9146,13716.124,4.01,9.0284,11965.52,0.46,,,,,,,8.9647,20312.065,11.05,,,,9.0374,19457.808,10.59,,,,,,,,,,,,,9.0537,11793.477,1.93,,,,9.2089,298702.591,58.37,,,,9.2129,228757.314,93.21,9.2082,468524.196,100,9.2299,293690.703,86.25,9.2771,303015.208,91.02,9.2825,76427.862,100,9.2809,26284.804,6.34,3.1781,154482.9,61.46,9.2775,119193.31,34.8,,,,9.3675,11601.606,2.45,,,,,,,,,,9.4448,71836.312,36.59,9.673,164544.911,50.61,9.4952,28314.37,5.35,,,,,,,3.2384,43369.636,9.15,3.3313,14831.842,3.38,3.3247,103368.844,73.67,3.4012,164698.26,89.79,,,,3.4896,14421.089,1.84,3.5171,150152.008,26.02,3.5516,37764.561,42.83,3.5715,114261.36,91.09,3.6619,28582.761,3.22,3.7287,189356.214,87.73,,,,,,,,,,3.9614,86954.17,88.38,,,,,,,,,,,,,4.069,82038.065,64.09,4.0851,12206.879,8.65,4.109,277820.488,58.88,,,,4.1985,81642.643,12,4.2142,214008.376,1.17,4.2127,235773.345,74.27,,,,4.2197,23778.029,11.57,4.2495,330255.804,83.46,,,,4.362,11463.267,1.29,4.3977,49242.595,4.92,,,,,,,,,,,,,4.4554,15508.864,26.69,4.5084,53466.162,15.85,,,,,,,4.6085,164263.822,6.81,,,,,,,4.6075,206952.149,26.36,4.4861,10406.753,12.83,4.6288,19013.871,11.15,0.9203,10643.3,9.05,,,,,,,,,,4.7021,90088.353,4.36,4.7352,63035.761,45.85,,,,,,,4.7691,63288.653,66.41,4.8083,964659.498,46.67,,,,0.9248,42290.525,100,4.8832,15683.119,1.13,4.9133,823888.711,39.86,4.8503,22965.037,3.5,,,,,,,4.959,16333.608,61.21,5.1793,21655.103,6.82,5.0415,11742.782,4.8,,,,5.0502,57204.961,18.01
343_2021_W_4n,P1-D4,1,1.2827,14839.18,12.28,5.1542,26634.813,37.03,5.1518,17257.487,0.81,,,,5.1639,319129.038,26.6,,,,,,,,,,,,,5.2017,56057.383,17.54,1.3118,567154.502,64.95,5.1718,28085.501,6.59,5.2075,38309.338,64.18,,,,5.2421,10550.569,0.93,5.2186,10519.127,2.17,5.3271,57631.202,3.94,,,,,,,,,,1.6601,38842.405,4.63,5.4181,381630.158,30.28,5.4266,83107.91,2.64,5.4522,126311.111,4.96,5.4617,131458.864,27.39,,,,5.5133,11710.497,100,5.5239,390108.208,17.12,5.5259,372536.081,18.39,,,,,,,1.6672,22415.954,59.68,5.5739,399309.6,94.73,,,,,,,5.5058,49272.088,20.8,,,,5.6714,1031176.923,21.31,5.6093,11582.844,2.39,5.7139,107870.978,12.25,5.6945,13192.042,1.61,,,,,,,5.7396,10739.072,0.87,,,,5.7812,142577.236,70.28,,,,5.8271,54889.4,2.57,,,,5.814,43215.805,81.15,,,,,,,,,,6.006,65406.834,9.16,6.0274,66310.878,10.33,,,,6.0463,44648.415,9.85,6.0924,27039.094,11.42,6.0846,50036.105,5.96,6.1268,59505.414,4.72,6.0927,26031.894,6.97,,,,,,,,,,6.0443,40839.895,1.79,,,,6.2149,159942.336,7.48,,,,6.2508,46365.23,5.67,6.2799,11357.793,1.59,,,,6.3076,128314.468,9.3,6.3529,30715.967,100,,,,2.0418,49260.231,82.59,6.3274,11656.154,4.92,6.4077,685801.34,55.55,,,,,,,,,,,,,,,,,,,6.4597,19473.8,0.4,,,,2.1987,97476.29,32.23,,,,,,,6.6403,960823.607,69.65,,,,,,,,,,,,,6.7318,134227.202,12.17,,,,,,,2.1987,138721.714,70.98,6.7653,195240.157,13.34,6.8436,22075.649,8.53,,,,6.8802,22267.47,48.34,6.8703,207771.665,14.19,6.8789,71085.895,23.07,6.9354,75493.752,42.47,,,,,,,6.9423,15337.941,1.11,,,,,,,6.9737,54969.509,45.42,,,,,,,,,,,,,7.0848,52548.967,4.77,,,,7.0853,13997.445,25.06,,,,2.4273,24386.624,65.84,7.1359,29907.859,2.49,7.1416,18658.148,1.5,7.1521,102280.582,57.53,,,,7.1546,15994.958,0.33,,,,,,,,,,,,,7.3489,222114.759,5.03,,,,,,,7.5495,13168.896,1.17,7.3717,33927.42,5.28,,,,,,,7.4254,282763.691,44.04,7.4416,30396.215,6.28,7.5491,21253.911,100,,,,,,,2.5971,184702.668,78.32,,,,,,,7.5532,85199.426,48.42,7.5828,12543.006,1.11,7.595,14089.21,5.54,7.5779,26478.972,43.09,,,,7.6543,11382.63,11.13,,,,,,,2.8249,92745.131,79.25,7.7392,43963.278,10.42,,,,7.7468,308623.165,6.98,,,,7.8068,2532243.861,100,,,,7.9398,37857.765,1.77,7.9843,15723.922,46.05,7.992,27982.391,2.48,8.1677,22576.258,50.4,,,,8.0478,39290.034,1.72,8.1517,131222.791,3.7,8.0945,11385.842,2.35,8.0441,1143382.289,23.63,8.0417,80481.131,6.49,7.923,14164.341,5.85,8.072,32981.704,100,,,,,,,8.1348,13771.269,1.22,2.8668,31653.708,100,,,,8.2718,32955.276,2.66,,,,,,,8.2619,87502.606,3.84,8.3788,30958.292,20.81,8.2675,11902.967,2.46,,,,,,,8.3381,10487.45,100,,,,8.4852,53407.264,83.9,8.3791,1077581.6,24.38,,,,8.3882,48245.153,52.7,8.4092,55007.3,0.89,8.4804,1630999.082,36.9,8.4782,344651.968,27.35,,,,8.5068,612690.252,28.67,8.58,490053.448,97.5,2.9979,63968.39,100,8.6292,46846.022,5.51,8.5156,179505.566,82.23,8.701,6115505.843,98.73,,,,8.8033,99231.936,14.51,8.8084,20508.607,0.46,8.7814,15874.099,0.45,8.82,898113.514,55.97,8.8701,215001.613,18.18,8.2957,12547.228,1.11,8.8821,234700.824,55.64,,,,8.8976,42531.212,1.87,8.9018,66491.271,3.11,,,,,,,8.9627,25823.805,6.06,,,,9.0379,34437.327,8.08,9.0629,17600.265,12.36,,,,9.1246,81658.426,6.48,3.153,45135.471,49.17,9.1276,68939.342,1.56,,,,9.1901,12183.057,2.69,9.2016,24487.009,12.67,,,,,,,9.2202,71956.507,84.31,,,,,,,,,,3.1728,52025.042,100,9.2556,11723.192,0.51,,,,9.3545,17780.87,3.51,9.6195,14072.258,0.29,9.4003,13596.931,0.6,,,,9.4438,21384.515,23.36,9.4569,143811.514,17.95,9.4925,34039.192,4.98,,,,,,,,,,3.327,89677.759,24.02,3.3192,359076.125,72.78,3.4116,344925.428,81.29,3.4104,18003.907,20.63,3.4908,24018.166,2.18,3.5132,33862.288,4.03,3.5476,39412.947,35.41,,,,3.6733,31995.996,3.65,3.7213,437687.56,86.17,,,,,,,,,,,,,3.947,11127.093,100,,,,4.0228,49809.001,10.99,,,,,,,4.0876,101071.1,38.09,4.096,41295.769,6.33,,,,4.193,148256.242,16.84,,,,,,,,,,4.2373,135666.804,32.14,4.2362,406505.132,93.95,4.3637,63160.669,13.94,4.369,77644.878,8.87,4.3795,18708.026,1.52,,,,,,,,,,,,,4.4478,33695.011,32.96,,,,,,,,,,4.6049,166184.665,11.35,,,,4.6062,15913.957,30.13,4.596,237374.491,21.53,,,,,,,0.9302,19785.976,13.28,,,,,,,,,,4.6923,147378.837,4.69,4.7339,52705.518,52.92,,,,,,,,,,4.7993,1473864.81,46.86,,,,0.9213,105962.242,87.72,4.8641,28081.482,100,4.9048,1271338.986,40.42,,,,,,,,,,,,,,,,5.1381,13159.949,1.58,5.03,579901.778,11.98,5.0408,40536.619,8.95
347_2021_W_4n,P1-A3,1,1.2664,196266.83,58.97,5.1487,20247.993,16.84,5.05,172561.469,2.72,,,,5.1526,452273.554,21.17,5.1855,18821.539,2.34,,,,,,,5.2018,19217.071,1.19,5.2028,21573.857,4.12,1.2992,434352.077,32.34,5.1627,31053.61,4.09,,,,,,,5.1452,153413.453,12.77,5.2718,11018.059,3.89,5.3455,753477.455,17.92,,,,,,,,,,1.659,402239.309,24.45,5.4186,362759.635,26.58,5.4307,161258.789,3.25,5.522,269373.769,8.15,5.4636,127837.774,23.22,,,,,,,5.5255,364347.815,14.72,5.5246,327095.384,12.56,,,,,,,1.6543,457792.19,88.52,5.5687,810115.498,87.43,,,,,,,5.6683,16071.217,3.38,,,,5.6687,1269325.968,33.4,,,,5.7193,79849.196,6.23,5.7294,15664.983,0.68,,,,,,,5.7474,525636.574,24.48,,,,5.7735,160066.775,34.84,,,,5.8238,103474.943,1.63,,,,5.8141,22782.978,25.56,,,,,,,,,,6.0088,137700.698,8.15,6.0146,32349.282,2.57,,,,6.0609,63743.011,6.11,,,,6.0942,143451.768,8.72,6.1252,286456.266,10.27,6.0837,135976.879,14.68,,,,6.2255,16380.799,3.45,,,,6.2754,91315.265,3.69,,,,6.2083,266264.088,4.19,6.2018,265623.569,83.48,6.2597,513443.301,22.2,6.2598,223947.967,13.26,,,,6.3066,689542.951,42.57,6.3526,24606.094,7.73,,,,2.0263,78294.978,67.23,6.3344,17341.424,3.65,6.4076,1099736.472,49.58,,,,,,,,,,,,,,,,,,,6.6211,63211.749,1.66,,,,2.1898,263863.027,39.63,6.5261,10299.561,0.86,,,,6.6336,454478.572,28.06,,,,6.603,22498.333,1.65,6.6996,10162.717,8.54,,,,6.7709,317763.399,12.5,,,,6.9501,15631.312,12.88,2.1985,292481.845,62.96,6.7751,514880.637,12.24,,,,,,,6.8797,273669.087,53.98,6.8844,10252.13,0.24,6.8823,451429.882,51.56,6.9336,436267.204,77.42,,,,,,,6.988,14627.943,0.9,,,,6.8809,79361.399,13.1,6.9716,128078.388,66.47,,,,,,,7.0497,11382.712,3.53,,,,7.0798,251013.408,9.87,,,,7.075,111904.761,69.73,,,,2.416,36394.687,22.1,7.1258,375409.428,17.57,7.1433,95839.864,4.46,7.1484,29323.329,5.2,7.138,11614.749,2.45,7.1549,184481.268,4.85,,,,,,,7.1789,35079.019,36.19,,,,7.3371,376177.669,4.49,,,,,,,7.2621,11116.277,0.93,7.3316,18246.599,1.45,7.2505,21106.932,4.44,,,,7.4261,600988.35,47.81,7.4198,11361.743,4.01,7.5441,24733.727,18.52,,,,,,,2.5826,287986.868,79.97,7.607,11951.42,19.88,7.5215,17758.447,58.66,7.5429,127945.23,24.69,7.5745,32657.577,2.72,,,,7.5628,80454.359,47.89,,,,7.6429,17321.152,9.19,,,,,,,2.8126,563903.298,77.37,7.7254,85143.186,9.05,,,,7.7534,19129.339,0.23,7.7823,16740.308,100,7.8,2200931.908,97.76,,,,7.9341,601853.127,9.48,7.9802,11495.052,30.27,7.9995,14028.34,1.17,8.1637,55416.041,27.39,2.8563,19750.672,0.52,7.872,16866.485,0.68,7.973,40766.845,2.19,8.2562,14566.73,5.14,8.0129,34432.226,0.91,8.0722,18745.647,0.87,8.0522,89130.513,4.37,8.0658,100860.96,89.67,,,,8.1279,84403.877,4.14,8.1721,12567.19,1.05,2.8665,118336.152,91.65,7.938,16183.852,4.14,8.134,222145.623,10.35,8.1538,14444.712,0.58,,,,8.2521,58414.955,2.36,8.2527,37419.519,8.86,8.2845,11484.564,4.05,,,,,,,,,,,,,8.4798,36458.352,60.64,8.3714,4400735.077,52.51,,,,8.3832,103683.735,48.75,8.4039,383980.528,3.13,8.4724,2036658.875,24.3,8.4712,299086.931,10.72,,,,8.5106,2435075.963,38.34,8.59,995250.151,100,2.9894,82161.301,58.37,8.6224,278884.238,28.32,8.7716,10460.156,0.72,8.6944,11817487.9,96.44,,,,,,,8.718,211628.162,2.53,8.8136,220359.158,11.83,8.8091,462235.564,32.15,8.864,609602.787,33.22,8.3175,12073.614,1.01,8.8785,768490.659,81.66,3.0006,61613.761,11.89,8.8525,21548.338,0.87,8.8835,10801.415,0.17,8.7839,11621.605,10.33,8.9324,15092.552,11.96,8.9632,108795.098,14.34,,,,9.0309,105277.384,13.88,9.0596,283452.459,30.51,,,,9.1117,54154.438,1.94,3.1391,110212.743,52.38,9.1708,10405.392,0.12,,,,,,,,,,,,,,,,9.2151,1121107.442,83.95,,,,,,,,,,3.1652,228242.897,67.32,9.1633,11541.453,0.47,,,,,,,9.5221,68562.18,1.8,9.4935,11552.312,0.47,,,,9.429,54751.633,25.75,9.4565,159636.922,28.65,9.4814,59425.137,3.28,,,,,,,,,,3.3264,159498.967,17.22,3.3254,527207.55,69.73,3.3927,689210.014,87.33,3.3862,21354.574,13.11,3.506,56807.872,2.23,3.5095,113852.201,6.92,3.5416,73615.753,47.18,,,,3.6502,73591.998,4.32,3.7154,902398.048,86.66,,,,3.8651,45388.144,2.66,,,,3.9572,14452.385,13.15,3.9448,56857.651,78.48,,,,4.0677,14172.903,1.36,,,,,,,4.0768,49226.972,10.38,4.092,20546.071,2.76,,,,4.1886,97155.57,7.58,,,,,,,4.0913,11010.537,0.92,4.1518,106383.68,20.15,4.2371,973055.254,91.05,4.3581,163085.229,15.64,4.3569,205355.889,12.06,4.3854,64120.535,2.89,,,,,,,,,,,,,4.4452,54119.374,28.71,,,,,,,,,,4.6,436165.632,10.37,,,,,,,4.6049,495719.678,19.5,,,,4.7261,15724.972,7.77,0.9283,29561.412,15.35,,,,,,,,,,4.689,228037.026,4.59,4.7209,23710.52,9.91,,,,,,,,,,4.7946,2210827.788,44.54,,,,0.907,113380.334,34.07,4.8617,12911.098,9.91,4.8993,1970510.485,39.7,,,,,,,,,,5.0378,40002.119,30.16,,,,5.0416,55179.544,9.11,5.0298,633982.403,16.68,5.0441,46856.858,4.49
349_2012_T_2n,P2-C9,1,,,,,,,5.0557,39772.804,1.05,,,,,,,5.1548,84628.57,34.93,5.293,22282.741,15.53,5.1958,42556.153,16.57,5.2213,10297.715,0.64,5.193,37541.016,6.07,1.304,264166.24,23.8,,,,,,,5.1841,24850.047,4.43,,,,5.3134,13767.24,0.28,5.3518,1186744.185,24.59,5.4569,23452.413,7.03,,,,5.2802,17550.83,6.73,1.6608,102042.086,8.77,,,,5.4495,153942.005,4.6,5.4579,139924.739,9.95,5.4576,73246.988,9.84,5.475,8851391.724,93.01,,,,,,,,,,,,,5.5433,15005.753,10.46,1.6565,85726.068,58.96,5.5873,623490.048,86.02,5.6002,13740.242,5.27,5.6257,19667.706,0.62,,,,5.7984,19965.937,3.56,5.818,10220.141,1.73,5.684,148613.502,3.03,5.7142,271459.69,18.59,5.7281,69613.953,4.98,,,,,,,5.7485,313332.533,19.59,5.7458,12471.928,0.13,5.7542,10301.641,100,,,,5.8224,255277.542,6.77,,,,5.8296,18913.144,41.77,,,,5.9612,16210.791,2.52,,,,6.0036,200770.722,10.76,6.0332,261725.786,13.38,,,,6.0574,139369.575,13.63,,,,6.0901,239108.674,20.54,,,,6.1118,13896.105,3.2,6.143,70596.377,66.42,,,,,,,6.1796,10347.203,1.23,,,,6.2155,117753.692,3.12,6.2162,28481.204,17.1,6.2658,483949.979,34.6,6.2669,465301.019,24.93,,,,6.3118,844954.03,52.26,6.2029,35562.735,21.36,6.394,38653.476,2.75,2.0372,73243.538,100,,,,6.4168,1508223.542,57.18,,,,,,,,,,,,,6.5831,11419.176,2.15,6.5846,29175.994,18.16,6.6643,23926.409,4.06,,,,2.2058,93201.213,18.77,6.424,13172.051,1.39,6.6389,66578.85,0.7,6.643,441065.159,27.28,6.6575,188793.452,51.11,6.7134,14528.027,4.4,6.6982,14643.047,8.11,,,,6.7818,522657.361,19.04,6.8263,15719.541,51.04,,,,2.1941,128868.639,74.7,6.7811,1105223.527,22.9,6.8283,10479.396,3.47,,,,6.8926,371023.274,84.24,6.9682,11633.665,0.24,6.9016,489396.917,77.62,6.9434,104606.105,77.73,,,,,,,6.9636,23401.933,1.45,,,,6.8864,79354.661,24.24,6.9958,36778.613,77.99,,,,,,,,,,,,,7.0892,138501.639,5.05,,,,7.0939,185182.699,90.2,,,,2.4279,18003.443,14.97,,,,7.1384,134727.098,8.42,,,,,,,7.1657,140581.543,23.86,,,,,,,7.1936,53864.263,38.09,,,,7.5589,13070.004,1.45,,,,7.3872,219048.342,67.94,7.3828,334866.206,35.38,7.3132,589012.792,30.11,7.3871,42113.383,25.06,7.5309,24051.394,3.74,7.4351,464261.876,23.74,7.4523,3317603.107,67.72,7.6016,10078.458,7,7.4887,104264.384,44.48,7.4934,90905.814,33.13,2.5879,384985.708,97.41,7.4566,49336.679,68.76,7.5454,11586.618,53.35,7.5633,19646.061,5.25,7.4462,34216.234,3.62,,,,7.5964,37041.764,12.07,,,,7.6581,9483428.626,96.82,,,,7.7281,11306.693,4.12,2.8363,75144.004,68.13,7.7497,10443.015,3.11,7.7658,13021.18,0.27,7.7619,66760.358,7.41,7.7557,18687.179,36.02,7.8268,3108131.814,97.96,7.9219,27264.681,5.14,7.9397,47975.613,1.27,,,,,,,8.1828,19395.599,13.52,2.8828,35964.499,6.1,7.8735,11552.593,1.37,,,,,,,,,,7.8741,65391.274,4.09,8.0657,160763,73.27,8.0819,23845.54,42.06,,,,7.9257,19858.579,9.05,,,,2.8849,49492.781,73.27,,,,8.1452,59809.765,3.74,8.1496,21574.83,2.56,8.2555,16830.432,3.39,8.4839,10762.519,1.28,8.2769,22119.759,13.42,8.3413,22358.403,0.46,,,,,,,,,,,,,,,,8.3368,11586.995,1.29,,,,8.4081,90118.689,26.49,8.428,13230.383,0.14,8.5051,36229.545,4.02,,,,,,,8.5248,233415.655,6.19,8.6034,838531.811,95.37,3.006,56449.034,100,8.6383,83455.642,11.65,8.5258,176044.98,21.02,8.7219,9609029.506,99.45,,,,8.7714,26867.227,4.68,8.6609,16413.168,1.82,8.7721,46056.247,18.89,8.8318,627952.155,47.73,9.1032,14366.239,7,,,,8.897,287190.878,85.41,3.0021,42438.92,11.35,8.9038,15086.706,1.79,8.9077,81597.082,2.16,,,,9.0339,15072.743,2.84,8.9719,324188.374,36.39,,,,9.0478,372888.318,41.86,8.8957,13855.276,20.73,8.8882,31318.816,5.46,,,,3.1496,112691.574,41.06,9.2595,11423.319,1.27,,,,9.2207,776898.746,55.24,,,,9.2217,980307.02,100,9.2175,1093040.993,96.48,9.2385,25823.741,13.42,9.2851,1305798.458,96.32,9.2889,833929.809,100,9.2866,99330.276,16.86,3.1816,175952.376,71.85,9.285,532872.97,63.28,9.0084,25398.082,9.25,9.3738,44341.69,6.79,,,,,,,,,,9.4571,92569.443,27.21,9.5221,24191.479,7.72,9.5642,10911.613,1.9,,,,,,,,,,3.3296,197994.498,45.6,3.3299,569747.769,86.82,3.4075,475224.51,83.35,3.4096,165226.395,28.5,3.4902,27709.786,1.01,3.5097,116418.275,10,3.5539,56652.493,37.39,,,,3.6622,113156.233,5.51,3.728,451425.232,90.25,3.8383,13158.459,6.01,,,,3.9098,118720.087,23.28,3.9518,20434.172,26.21,,,,,,,4.0856,55564.128,5.44,4.1538,33609.357,4.92,4.0734,274000.374,51.64,4.0881,11790.164,4.82,4.1118,162504.472,45.6,,,,4.1913,243728.167,16.69,4.2186,332707.779,6.79,4.2176,356619.988,63.55,,,,4.1559,52981.085,18.56,4.2565,474532.248,80.99,4.3465,47648.549,4.66,4.3585,35027.441,1.71,4.4069,39328.125,1.49,,,,,,,,,,,,,4.4592,59220.533,0.6,4.4789,372017.482,54.41,4.511,17646.45,0.36,,,,4.601,645742.533,13.38,,,,,,,4.6018,904531.062,32.96,,,,4.6337,17811.088,12.42,0.9229,31257.711,17.08,4.5983,25711.302,4.85,,,,,,,4.7136,58432.504,1.74,4.7413,117178.672,49.14,4.7609,10213.195,1.59,,,,4.7859,16244.966,6.23,4.8121,1526014.473,45.56,,,,,,,,,,4.9185,1374093.971,41.03,4.8521,66924.909,7.07,,,,,,,,,,5.1706,47627.19,4.66,,,,,,,5.0434,171374.155,16.76
349_2021_T_2n,P1-E7,1,1.2843,62570.238,56.1,,,,5.0583,11190.505,0.19,,,,,,,5.1611,19292.236,6.5,5.2814,18843.331,14.64,5.1928,15751.419,21.55,5.2118,14627.894,1.21,5.2367,13049.802,6.05,1.307,435491.477,43.88,,,,5.2124,80262.034,100,5.1717,15771.704,6.6,,,,,,,5.35,675834.318,17.9,5.4871,26327.538,11.29,,,,,,,1.6573,60984.499,8.63,,,,5.4365,88375.034,3.31,5.4583,115333.29,20.81,5.4735,141319.673,26.14,5.47,5054181.185,94.07,,,,,,,,,,,,,5.5387,10544.628,8.19,1.6749,51521.208,55.04,5.5794,530914.592,95.65,,,,5.4738,18217.934,0.65,,,,5.7887,18509.525,7.74,5.8227,18511.966,3.16,5.6798,47593.314,1.56,5.6997,39759.384,5.05,5.8093,18606.346,2.65,,,,,,,5.7351,30659.609,3.69,,,,,,,,,,5.8246,76475.391,1.32,,,,,,,,,,,,,,,,6.0111,93516.367,11.98,6.0292,97175.258,13.06,,,,6.0507,72907.809,18.96,,,,6.0976,87527.318,12.38,,,,6.0929,15830.158,4.26,6.1334,78074.032,62.36,6.2252,14691.504,11.01,,,,,,,,,,6.217,82686.741,1.43,6.2143,33328.191,24.17,6.2724,195416.585,27.81,6.2705,185751.78,23.81,,,,6.3106,657892.585,54.31,,,,6.4026,10249.873,1.15,2.0412,133042.121,92.32,6.3405,17860.282,13.39,6.4134,645240.778,45.96,,,,,,,6.3086,10040.069,6.46,,,,,,,6.5751,37561.407,43.52,6.6592,66479.24,11.35,,,,2.1934,79209.741,28.12,6.5226,27211.062,6.46,6.6295,29237.703,0.54,6.6403,273607.015,22.59,6.6494,116977.485,34.74,6.7886,10716.887,8.33,,,,,,,6.7864,443114.527,26.84,6.7998,20064.185,100,,,,2.2053,110773.331,65.42,6.7829,736912.444,19.51,6.8551,10981.096,16.7,,,,6.8876,200777.549,74.4,6.9694,10247.577,0.27,6.8986,312458.241,77.95,6.9403,99692.919,88.34,,,,6.9445,11231.042,16.45,6.9557,17674.526,1.46,,,,6.8947,29576.225,13.42,6.9765,59477.084,100,,,,,,,,,,,,,7.0975,93700.243,5.68,,,,7.0834,51664.2,100,,,,2.4322,17143.357,100,,,,7.1399,99863.109,12.02,,,,,,,7.1633,253622.79,43.31,,,,7.2627,14996.354,0.49,7.1872,56217.979,43.73,,,,,,,,,,7.3648,39354.078,78.33,7.3735,60465.64,14.35,7.3567,48181.23,6.48,,,,7.5357,16393.806,7.3,7.4274,255407.411,34.33,7.4447,1906784.77,62.47,,,,7.485,39627.753,70.92,7.4807,19891.588,29.24,2.5947,211649.074,92.46,7.4487,29480.036,100,,,,7.5545,57712.429,17.54,7.5469,11147.145,2.65,,,,7.5739,19291.949,25.16,,,,7.6506,7983073.951,98.63,,,,,,,2.8338,104527.738,82.46,7.7367,40115.623,14.71,7.7489,12341.235,0.4,7.7505,29141.283,2.04,7.758,12893.578,18.89,7.8098,2148499.754,98.61,,,,7.9482,47703.038,0.82,,,,,,,8.1715,51873.286,40.31,2.8928,17222.521,2.94,7.8769,17335.245,2.91,,,,8.2324,12752.026,0.42,8.2703,13237.391,2.26,7.8836,16021.151,1.93,8.061,132945.604,55.7,8.0764,19420.423,100,,,,7.9088,67278.336,28.19,8.1565,15179.019,3.6,2.9027,11077.19,100,,,,8.1496,76771.13,9.24,8.1463,40236.019,6.76,8.0191,22558.605,8.01,,,,8.2741,11191.297,12.52,8.3053,10558.708,0.35,,,,,,,,,,,,,,,,8.5463,392424.501,27.44,,,,8.3904,58884.264,34.56,,,,8.5188,563716.402,39.42,,,,,,,8.5195,3932614.104,67.83,8.5957,403258.899,96.92,3.0024,88292.56,100,8.6294,46016.126,17.78,8.7539,35651.425,1.17,8.7073,5575966.173,99.15,,,,8.7629,116918.357,6.8,8.756,26484.16,1.85,8.9144,12675.165,39.87,8.8217,282518.385,48.03,,,,,,,8.8823,207052.486,75.9,3.0052,23512.369,7.15,,,,8.8842,11596.441,0.2,,,,,,,8.9661,66641.108,37.04,,,,9.0325,60971.564,33.89,8.879,10469.511,21.77,8.9087,13263.485,0.77,,,,3.1529,50937.778,54.16,9.0327,21895.895,1.53,,,,9.2095,735302.67,82.85,9.2043,1045052.98,98.26,9.2094,877758.48,98.1,,,,9.2207,15893.676,20,9.2727,1067772.427,98.62,9.2775,558038.115,100,9.2718,91427.188,15.61,3.1787,180726.529,78.48,9.2701,395869.161,66.48,,,,,,,,,,,,,,,,9.4433,62783.962,36.85,9.2041,64045.559,51.75,9.4883,13678.555,0.8,,,,,,,,,,3.3343,119203.239,32.05,3.3255,441633.263,93.8,3.3923,141639.242,27.6,3.3901,11771.582,5.45,3.4838,15566.657,0.94,3.5035,20350.956,2.88,3.5514,52769.465,44.64,,,,3.6581,32389.418,2.95,3.7267,411246.537,100,,,,,,,3.9101,65156.703,28.08,3.9618,11862.285,35.49,,,,,,,4.0962,15233.124,3.96,,,,4.0667,105222.527,76.09,4.0768,79118.022,39.13,4.0919,46923.55,19.82,,,,4.1893,79171.986,10.06,4.213,115555.437,3.79,4.2181,157337.08,65.83,,,,4.1623,51788.784,34.13,4.2521,287467.654,73.12,4.3632,28981.939,7.53,4.3635,38231.811,3.49,4.3973,23831.112,1.7,,,,,,,,,,,,,4.4583,39253.227,0.48,4.472,185674.747,52.21,,,,,,,4.6043,372025.184,9.85,,,,,,,4.6177,418585.774,25.36,,,,4.6219,24342.784,18.92,0.9265,38843.617,25.04,,,,,,,,,,4.6932,57141.423,2.14,4.7377,55706.392,36.46,,,,,,,4.766,43593.8,62.06,4.8051,1147832.458,43.03,,,,0.923,31327.668,28.09,4.774,12722,0.24,4.9075,1144044.212,42.88,4.8459,18808.886,4.46,,,,,,,5.0356,25473.924,38.63,5.1748,12253.583,3.19,5.0331,43321.93,19.66,,,,5.0419,65465.493,17.02
356_2021_W_4n,P1-E6,1,,,,,,,5.0602,112624.883,3.76,,,,,,,5.1615,72955.687,28.19,5.2927,59915.835,32.34,5.191,25827.054,10.99,,,,5.167,23590.777,13.54,1.3081,436280.695,58.77,,,,,,,,,,,,,5.3287,57220.118,0.28,5.3419,64597.671,2.56,,,,,,,,,,1.6581,12949.279,1.39,,,,5.432,77221.833,3.73,5.4577,327595.227,33.47,5.4569,336440.79,33.46,5.4587,44601.393,3.84,,,,,,,,,,,,,5.5364,25130.368,13.56,,,,5.5775,292624.89,86.88,5.5871,12624.034,6.57,5.6103,297292.875,40.96,,,,5.7764,15685.595,4.86,,,,5.6788,165148.436,0.81,5.7153,146963.35,26.39,5.7075,21150.296,3.38,5.6792,13276.738,7.08,,,,5.7211,17081.204,4.45,5.7999,15447.803,1.33,,,,,,,5.8226,65380.557,2.18,,,,,,,,,,5.9609,14703.812,8.44,,,,6.024,11251.824,1.71,6.0391,140413.21,26.14,6.079,19747.918,6.12,6.055,96819.666,6.99,,,,6.0962,59650.665,6.41,,,,,,,6.1323,12579.003,52.57,6.1191,15463.808,4.74,,,,,,,,,,6.2124,96900.188,3.24,,,,6.2549,16190.034,2.59,6.2259,17666.86,2.68,,,,6.308,89517.735,4.33,6.3535,63463.874,69.24,6.2954,15350.712,0.7,,,,,,,6.4131,820118.241,59.25,6.4702,11930.987,6.21,,,,,,,,,,,,,,,,6.5369,26539.752,7.29,,,,2.1992,72867.552,57.56,,,,6.6318,275948.477,23.76,6.638,1481266.553,71.68,,,,,,,,,,,,,6.7505,120385.01,8.88,6.8057,149998.484,90.85,,,,2.2043,106908.063,60.44,6.7741,124636.779,4.95,,,,,,,,,,6.8766,940011.896,37.31,6.8945,10099.904,14.04,6.9028,56183.82,22.38,,,,,,,6.9342,23287.104,1.13,,,,,,,6.987,37173.306,73.01,6.9761,57008.851,59.48,,,,,,,,,,7.0429,12023.571,0.89,,,,7.0861,28985.173,67.06,,,,,,,,,,7.2511,12570.228,3.27,7.1545,194883.39,77.62,,,,7.1727,84883.567,23.33,,,,,,,7.1877,94856.427,61.45,,,,7.1805,11075.378,0.6,,,,7.3759,197706.888,31.2,7.3731,269863.405,8.38,7.3729,25554.39,4.76,7.37,39684.985,12.16,,,,7.4062,48821.785,9.09,7.4403,19276111.18,94.07,,,,,,,7.4932,43980.744,16.96,2.59,73962.009,100,7.4421,641610.15,97.27,,,,7.5609,24789.124,22.22,7.4397,321898.13,9.99,,,,,,,,,,7.6566,14243.85,15.24,,,,,,,,,,7.7375,64574.762,8.02,7.7508,24603.983,0.12,7.8888,12373.964,0.67,,,,7.8137,617483.003,96.02,,,,7.935,38875.139,1.3,8.0017,36546.188,100,,,,8.1718,27681.785,14.94,,,,,,,8.0419,36654.819,11.31,8.0553,24065.395,0.12,,,,8.0427,12574.373,3.27,7.932,26707.882,13.06,8.076,38802.982,100,,,,,,,8.0909,51874.873,1.61,2.8744,30007.634,72.27,8.3317,92545.961,4.23,,,,,,,,,,,,,8.261,25373.554,3.03,8.299,50391.967,0.25,8.3791,24455.63,9.43,,,,8.3364,421902.402,66.57,3.0437,25026.578,13.51,,,,8.5848,21249.058,1.15,,,,8.3899,35080.026,23.24,8.2136,10510.715,0.15,8.5004,329426.683,17.9,,,,,,,8.4972,980661.185,32.77,8.6056,538615.244,100,3.0058,15196.974,56.22,8.6272,133496.933,15.41,8.5056,297015.213,47.55,8.7067,6859550.574,98.63,,,,8.7595,300153.71,9.91,8.7572,140475.95,7.63,8.7653,20608.133,6.36,8.8205,94564.064,42.65,,,,8.335,269586.596,8.37,8.8858,614947.803,76.34,,,,8.9034,26850.699,2.27,8.8994,28245.947,0.94,,,,9.042,21428.615,7.48,8.9659,255010.306,40.55,,,,9.0395,274696.245,43.68,9.1914,38391.172,21.92,9.1069,19184.221,0.63,,,,3.1528,56633.449,54.45,9.2553,68959.584,3.75,,,,9.1942,1561096.398,71.3,9.2033,630952.912,93.78,9.2134,442582.231,100,,,,9.4599,15921.91,42.06,9.274,366340.606,97.15,9.2761,106416.068,83.32,9.2737,22801.376,6.27,3.1807,13084.867,27.9,9.2745,151496.075,12.82,8.9994,35641.389,13.75,,,,9.4036,28953.816,7.96,9.3996,644422.109,54.53,,,,9.439,49916.864,33.07,9.6712,96517.595,18.01,9.4707,19169.117,0.63,,,,,,,,,,3.3298,279456.882,49.34,3.3251,650600.419,98,3.4084,463940.748,87.2,3.4012,21520.951,9.47,3.4904,81089.806,5.98,3.5168,181263.82,19.48,3.5583,10270.789,5.72,3.5649,16270.133,48.09,,,,3.7225,974790.188,94.08,,,,,,,,,,,,,3.9533,11279.599,46.33,,,,4.0172,50570.06,3.65,,,,4.073,53802.168,18.77,,,,4.1058,85842.107,32.92,,,,4.1957,124812.885,22.41,4.2119,160870.415,0.79,4.214,216043.361,66.98,4.0791,45763.622,1.42,4.2223,12505.347,7.46,4.2469,280498.701,95.9,4.3575,153045.413,11.05,4.3518,92038.44,8.93,4.3918,18987.498,1.37,,,,,,,,,,,,,4.4552,14725.954,15.76,4.5034,37857.925,13.77,,,,,,,4.6063,26420.871,1.05,,,,,,,4.6092,14555.63,1.07,,,,4.6207,26570.825,14.34,0.9287,23961.067,11.53,,,,,,,,,,4.6988,62652.258,3.03,4.7447,58921.628,45.14,,,,,,,4.7748,78268.907,40.72,4.804,941984.74,45.55,,,,0.927,29021.284,65.13,4.9567,15348.52,1.32,4.9108,838437.209,40.54,4.8447,51876.03,1.61,,,,,,,4.9567,12890.322,17,5.0395,765071.625,55.22,,,,,,,4.9698,23559.486,1.7
366_2021_W_4n,P1-D2,1,1.282,23037.959,39.26,,,,5.0548,210904.186,4.2,5.0795,202785.642,6.86,,,,,,,5.1661,72641.044,1.17,,,,,,,5.1893,25433.575,9.1,1.3023,249979.762,40.72,,,,5.2094,143392.958,86.74,5.2157,86644.446,12.21,5.2692,2267220.515,53.18,5.3492,17741.864,1.34,5.3284,77475.87,2.81,,,,5.384,1177030.144,39.79,5.2662,17540.154,6,1.6519,48000.436,8.89,,,,5.4358,128585.745,6.86,5.4517,101136.79,11.52,5.4539,98430.441,21.81,5.4783,45588.862,20.86,,,,5.5559,13070.291,0.28,,,,5.3895,17086.171,4.42,5.5487,1861485.757,29.9,1.6634,27020.568,69.42,5.5715,214262.93,81.31,5.5164,57708.739,19.74,,,,5.5471,83002.566,8.04,5.6363,12913.577,1.82,5.5413,37371.231,0.68,5.6437,53959.622,4.08,5.7111,89276.652,10.81,5.7207,12592.197,1.59,,,,,,,5.8143,10521.887,3.45,5.6771,45645.783,20.89,,,,5.8101,36204.724,1.22,5.8074,19550.528,0.39,5.8143,13851.178,1.34,5.8104,22867.737,100,,,,5.945,25940.403,0.62,,,,,,,6.0311,147874.261,27.06,,,,6.0548,65042.559,5.02,6.1024,65644.318,6.36,6.1037,18848.232,3.49,,,,6.0894,69447.137,13.41,6.1337,112097.075,15.19,,,,,,,6.17,49438.677,1.07,,,,6.2174,70166.338,1.4,,,,,,,,,,,,,6.3046,27231.154,3,6.3521,86329.878,69.4,6.3593,15458.943,1.07,2.0289,95471.498,45.59,6.3572,24906.038,2.41,6.4018,873979.225,48.2,,,,6.5009,199922.1,45.51,,,,6.6254,187910.633,26.47,6.5537,37714.967,1.28,6.5673,94216.295,10.59,6.531,90937.111,1.65,,,,2.1949,388445.362,57.25,6.4279,12069.779,0.28,,,,6.6346,713182.421,78.62,,,,,,,,,,,,,6.7309,85179.87,5.56,6.8354,170268.598,30.06,6.8179,30073.599,4.24,2.1966,600644.67,73.72,6.7683,57735.698,2.09,6.8347,3812962.227,45.86,,,,,,,6.8747,724833.649,26.24,6.6898,14540.067,7.85,6.9257,189125.967,39.73,,,,,,,6.9498,19109.221,2.11,,,,6.8671,10810.75,4.35,6.8368,532445.093,34.11,6.9692,15638.344,23.8,,,,7.0836,41012.182,18.72,,,,6.8843,696488.425,45.47,7.0939,65633.426,2.22,,,,7.1173,310930.179,14.84,,,,,,,7.2924,15804.11,5.18,7.1517,219336.827,46.08,7.1172,50680.514,4.91,7.1697,124743.422,2.26,,,,7.3241,21178.261,1.6,,,,,,,7.4006,10390.894,0.84,,,,7.3772,14753.49,0.7,7.3686,17020.269,0.4,7.383,48811.086,8.93,7.4799,11321.755,1.1,,,,7.4274,146172.185,26.74,7.4377,109661.723,8.29,,,,,,,,,,2.5886,95743.509,100,,,,,,,7.5487,51116.508,28.83,,,,7.5987,4146253.735,49.91,7.5646,112741.41,28.84,,,,7.6453,38506.424,6,,,,7.7093,52150.302,0.63,2.8224,103891.334,60.96,7.7303,158863.336,20.11,7.7095,17973.908,1.36,7.7511,13634.038,1.1,,,,7.804,4048571.727,92.64,,,,7.9376,377366.561,7.51,,,,7.8523,119364.141,2.8,8.1661,19302.88,0.31,,,,7.8873,10595.708,0.23,8.0283,29277.896,10.12,8.0345,74551.764,5.63,7.9026,15055.765,0.27,,,,,,,,,,,,,,,,,,,2.8724,20566.662,100,8.1567,28283.315,1.96,8.2919,11130.121,3.65,,,,,,,,,,8.2475,119986.304,34.95,8.1612,14238.818,1.08,8.426,25467.766,0.31,,,,,,,,,,,,,,,,,,,8.3821,141081.777,10.95,8.4057,30438.042,1.23,8.4967,678055.153,54.92,,,,,,,8.4933,3237684.005,64.47,8.5712,666080.368,83.35,2.9944,64219.024,85.67,,,,8.6491,33481.331,2.91,8.7027,2420818.008,97.74,8.7823,10108.659,8.43,8.7602,40206.239,8.53,8.7643,27315.287,2.21,,,,8.8227,351499.52,53.08,9.0953,18372.596,5.85,,,,9.0239,48548.277,6.15,,,,,,,8.8915,71820.888,1.43,8.9256,16193.586,3.77,,,,8.9614,22241.699,2.76,,,,9.0426,19425.618,2.41,,,,,,,,,,,,,9.2214,11953.714,0.97,,,,9.2024,147159.141,10.17,9.1995,221248.776,69.87,9.2031,60712.717,82,,,,,,,9.2689,714148.509,29.18,9.272,258819.459,63.04,9.2686,50526.108,0.92,3.1734,15413.691,59.84,9.266,241611.967,5.23,,,,,,,,,,9.3969,212063.269,4.59,,,,,,,9.6774,15481.746,2.81,9.4839,42768.182,9.07,,,,,,,3.2389,10271.749,1.32,,,,,,,3.3834,78598.796,10.09,3.4078,14846.889,9.99,3.4842,100979.556,6.59,3.5182,54604.346,10.11,3.5389,36394.527,45.87,,,,3.5597,22226.33,1.95,3.7251,538274.152,96.71,,,,3.864,93118.092,8.17,,,,,,,3.9497,119258.374,84.06,,,,4.0078,164814.261,12.72,,,,4.0645,189697.464,6.41,4.0776,139425.696,62.45,4.0952,70363.094,17.65,,,,4.1968,80663.332,9.77,4.2088,49998.58,3.78,4.2107,68502.78,9.65,,,,,,,4.2384,260802.966,80.09,4.3513,120422.751,9.29,4.3474,78659.509,6.9,4.3857,57231.412,3.16,,,,4.3383,52772.722,1.78,4.5076,15713.775,0.38,4.4514,44756.366,0.72,4.4457,36825.968,5.74,4.5012,11832.559,3.95,4.4735,13108.205,0.99,,,,,,,,,,,,,4.6066,29155.379,1.9,4.5998,35360.837,3.43,4.6137,90660.746,1.46,0.928,37728.164,32.05,4.5952,101759.126,3.44,4.6301,37154.422,0.89,4.6901,656245.013,81.39,4.6942,29381.114,1.57,4.7293,46070.527,49.88,4.7239,14026.779,0.34,,,,4.7669,43018.255,14.71,4.795,828851.13,44.21,,,,0.9147,35644.195,60.74,4.7635,11992.404,5.49,4.9035,675844.247,36.05,4.853,325825.972,7.64,4.8462,1726546.267,27.73,5.1013,52169.716,17.85,,,,5.038,675894.66,52.16,,,,,,,,,
372_2021_W_4n,P2-B4,1,,,,,,,5.0495,17605.866,1.93,,,,5.1526,88455.56,11.6,,,,,,,,,,,,,5.1934,13355.834,8.65,1.308,100877.917,48.64,5.1598,11998.168,4.41,5.2163,16931.727,100,,,,5.1665,39468.804,5.06,,,,5.345,433191.345,29.34,,,,,,,,,,1.6589,131557.107,28,5.4211,367059.997,21.87,5.4346,69102.206,3.4,5.5329,457647.113,29.48,5.4558,37042.004,20.91,5.4805,11702.819,22.52,5.5212,12221.762,27.31,5.5299,560019.722,25.44,5.5273,546587.439,44.85,,,,,,,1.6663,142172.795,100,5.5829,162668.975,100,,,,,,,5.504,13457.861,1.14,,,,5.6735,465778.135,12.49,5.5846,15021.082,4.46,5.7148,73477.93,18.97,5.7204,16000.432,2.08,,,,1.7206,255357.469,61.92,5.742,301911.03,35.29,,,,5.7863,33582.368,20.88,,,,5.8238,109520.382,12.01,5.8272,128268.372,10.87,,,,,,,,,,,,,6.005,23006.052,4.17,6.0309,35388.78,7.81,,,,6.0652,16257.45,6.6,6.0664,273289.433,23.17,6.1031,17115.606,3.64,6.1226,35046.399,0.57,6.1018,11571.942,4.85,,,,6.1505,186939.407,15.85,,,,6.0555,11490.209,0.52,6.0048,12023.828,47.83,6.2112,45682.604,5.01,6.2059,66834.425,100,6.2671,180250.012,23.48,6.2675,172140.326,31.22,,,,6.3118,171202.72,33.44,,,,,,,2.0239,19773.528,100,6.4108,327489.113,27.76,6.4098,336777.272,54.44,,,,6.6652,32529.342,72.69,6.5114,10100.783,3.17,,,,,,,,,,6.6186,30795.678,0.83,6.4119,49522.72,31.22,2.1992,149218.794,71.22,6.6315,18899.156,2.43,,,,6.638,250865.583,49.01,,,,6.7088,16374.801,0.98,6.7014,23401.968,30.23,,,,6.7826,141471.244,20.65,,,,,,,2.1867,98576.644,40.76,6.7824,250189.801,16.95,7.0244,10227.758,6.43,,,,6.8815,31265.665,66.29,6.8357,125961.306,8.53,6.891,70711.91,39.2,6.9427,163117.62,88.85,,,,,,,,,,,,,6.9889,15918.499,0.5,6.9787,37986.775,70.09,,,,,,,,,,,,,,,,,,,,,,,,,2.4267,18756.703,62.55,7.1292,35622.237,4.67,7.1427,61161.979,7.15,7.1475,20468.465,11.15,7.0172,49721.586,4.22,7.1673,40976.992,1.1,,,,,,,,,,,,,7.3615,285763.12,3.87,,,,,,,,,,7.316,154736.053,34.14,,,,,,,7.4287,126751.132,27.97,7.4466,17607.986,5.22,,,,,,,,,,2.5926,35443.392,37.75,,,,,,,7.5586,10542.624,49.01,7.6091,11107.298,1.43,,,,7.5782,55615.661,68.95,,,,7.6495,11033.75,15.57,,,,,,,2.8233,23598.139,26.69,7.7456,22847.272,9.55,,,,7.7624,1248707.298,16.91,,,,7.8189,896046.414,100,,,,7.9487,12627.244,1.39,7.9882,51788.65,100,,,,,,,,,,,,,8.1474,55124.474,1.83,8.1306,10270.292,3.05,8.0504,420717.302,11.28,8.0425,19572.076,2.29,7.8555,274769.915,27.87,,,,,,,8.1654,98818.827,10.02,8.3369,17813.036,2.29,,,,,,,8.2784,17858.279,2.09,8.0712,10132.393,0.46,8.4088,18944.742,9.04,8.2731,45338.474,2.06,8.2636,27594.281,4.85,8.3326,11747.91,3.48,,,,,,,,,,,,,,,,8.3817,1235204.654,16.73,,,,8.3962,157540.171,75.3,8.42,334654.66,6.79,8.4838,1270150.431,17.2,8.4862,2572042.071,41.96,,,,8.5276,180705.132,19.82,8.6086,572748.456,100,3.0009,25113.662,46.32,8.6435,43894.439,7.3,8.5312,93876.8,80.32,8.7094,4562910.429,92.57,,,,8.744,32762.81,2.36,8.7825,11866.881,0.16,8.822,426202.295,14.17,8.8194,124779.135,53.6,8.876,29896.071,2.55,8.2536,12191.305,1.56,8.8874,145886.969,60.98,,,,8.6434,16656.328,0.76,9.0074,12868.419,1.41,,,,,,,8.9753,18542.789,6.82,,,,9.0435,30600.867,11.25,9.0635,33070.481,6.04,9.1852,742952.982,53.43,9.1814,1108313.717,18.08,3.1521,22170.302,36.06,9.184,926353.416,12.54,,,,,,,,,,,,,9.3095,12667.425,8.7,9.2305,676562.779,92.24,9.3814,13114.725,100,,,,9.3287,352467.383,9.45,3.1775,33334.941,100,,,,,,,,,,9.4012,188205.896,5.05,9.3957,457822.152,20.8,,,,,,,9.4655,31031.108,10.22,9.316,21491.762,1.55,,,,,,,3.2374,15528.299,6.48,3.3292,112114.888,46.95,3.323,410561.605,63.38,3.3995,290568.541,95.68,,,,3.492,46688.184,6.81,3.512,99558.216,21.19,3.5473,18607.477,64.27,3.5673,12387.439,100,3.6686,66267.088,8.62,3.7235,813608.303,90.49,,,,3.8688,18893.52,2.46,,,,,,,3.9552,30080.639,49.74,,,,4.0937,13227.687,5.37,,,,,,,4.0809,65634.338,32.98,4.0927,16728.26,6.2,,,,4.1944,92647.76,23.92,,,,,,,,,,4.2292,124075.491,51.42,4.2466,128413.31,79.56,4.3546,33383.007,13.54,4.3631,35492.298,4.62,4.3907,19891.719,3.22,,,,,,,,,,,,,4.4596,38551.952,54.4,,,,4.5001,11390.944,3.38,,,,4.6029,72275.11,4.9,,,,4.6032,101425.192,46.04,4.603,82274.517,12.01,,,,,,,0.9236,16424.57,25.8,,,,,,,,,,4.6961,38655.646,1.9,4.736,45685.12,60.53,,,,,,,,,,4.8047,933421.751,45.98,,,,0.9228,79935.912,73.23,,,,4.911,790133.864,38.93,,,,,,,,,,,,,5.0314,15271.691,6.2,,,,5.04,537202.806,14.4,5.0674,11340.159,4.6
379_2021_V_4n,P1-F2,1,,,,5.0678,73765.379,27.22,5.0526,305813.437,7.99,,,,,,,5.1644,41884.277,22.25,,,,5.165,273717.841,29.54,,,,5.1986,12657.558,4.09,1.3044,215706.931,51.81,,,,,,,5.3177,36297.107,1.05,5.321,10185.34,0.22,5.3217,663704.264,10.85,5.3495,152203.863,8.34,5.3782,38787.451,48.52,,,,5.3807,25943.354,0.71,1.6492,46787.686,8.87,,,,5.4368,92988.488,3.68,5.4564,40405.684,11.37,5.4538,53070.604,16.45,5.5181,93110.069,3.09,,,,,,,,,,5.5302,22508.696,3.9,,,,1.6541,24017.09,3.98,5.5796,456284.954,84.3,5.5869,410859.288,11.25,5.5753,55640.45,5.61,5.6174,12361.42,2.69,5.6606,231014.298,6.71,,,,5.6715,235527.571,3.85,5.7048,66422.602,14.41,5.8022,31802.692,9.2,5.7108,175941.999,45.05,,,,5.6793,15013.928,22.57,5.7519,379367.738,12.59,,,,5.6847,53222.077,19,5.6643,10976.226,0.29,,,,,,,6.0261,17492.224,6.25,6.0322,699353.071,33.22,,,,6.0112,28704.284,7.64,6.0327,45685.682,12.66,6.0297,748552.324,21.75,6.0632,136587.924,23.3,6.1054,14185.085,3.09,6.0978,12736.929,2.41,,,,6.0936,19177.159,8.95,6.02,16884.203,11.72,6.0318,15188.975,3.31,,,,6.1666,19209.373,1.55,6.1686,130330.003,33.37,6.2106,15301.65,0.4,6.2101,37497.395,14.83,6.2213,11865.56,3.43,6.2816,14270.041,3.8,,,,6.3067,24920.895,4.29,6.3534,95971.161,37.97,6.3707,245905.885,3.52,2.0312,16378.017,12.94,6.3648,24380.256,5.31,6.4077,377182.396,33.57,6.445,201215.222,5.51,6.4448,122154.319,37.31,,,,6.4394,50005.937,1.45,6.5462,18534.613,6.62,6.5688,10224.543,8.39,6.5286,16567.924,5.33,,,,2.1967,382694.693,68.01,,,,6.5871,144451.37,4.79,6.6383,433046.293,74.47,,,,,,,,,,,,,6.7935,230923.271,18.92,6.801,146548.698,100,6.7744,114952.164,3.34,2.1961,377873.957,67.78,6.7858,250710.9,13.74,,,,6.8825,76961.699,2.55,,,,6.8769,499624.902,27.37,6.8942,26947.773,23.4,6.9381,267048.676,46.99,,,,6.9437,36050.931,3.32,,,,2.2921,14356.246,2.96,,,,,,,6.9815,45144.429,66.25,,,,7.0872,24131.917,17.83,7.2826,33569.037,1.11,7.0999,12865.844,1.05,,,,,,,7.1209,76229.01,2.58,2.4327,46167.981,100,,,,,,,7.1571,285291.003,50.2,7.1145,11990.495,2.61,7.1623,42191.569,13.57,7.1694,176435.63,53.89,7.1878,473198.155,7.74,7.1849,77265.626,60.13,,,,7.4285,10736.573,0.98,2.4558,10066.802,3.35,7.3747,362511.307,12.26,7.3743,552661.267,11.81,7.3715,26096.873,7.23,7.3751,58924.317,12.82,,,,7.4286,55577.721,15.4,7.4448,80502.156,1.32,,,,7.4785,111571.448,27.42,7.4816,12418.742,5.18,2.5916,131725.47,100,7.5399,270370.829,46.83,,,,7.5466,18579.368,23.3,7.6589,39228.424,0.84,7.3838,12226.15,5.1,7.5673,72349.442,7.93,,,,7.6642,21398.883,3.25,7.7018,11439.248,20.49,7.7271,115734.743,48.27,2.8295,21280.507,13.9,7.7335,17401.993,3.97,7.7487,18876.556,0.31,7.7292,11505.081,1.05,7.7511,973314.29,89.67,7.8121,3120194.477,96.18,,,,7.9482,346201.527,9.04,7.9585,11323.144,11.54,7.8858,37521.722,0.8,7.8376,11381.558,3.79,,,,7.855,10611.561,0.85,8.0408,42251.42,13.21,8.0546,548067.348,8.96,8.2847,52791.707,16.98,,,,7.8248,14988.019,13.17,,,,,,,,,,8.113,14185.976,0.3,2.8845,30704.975,74.23,8.2931,1396095.122,20.01,,,,,,,8.2087,10890.695,1.94,8.2825,16271.344,1.31,8.2947,484493.696,42.57,8.1745,20951.079,0.34,8.2868,24294.343,10.13,,,,8.2862,1549763.941,52.42,3.0095,12321.069,4.1,8.2843,43471.063,7.53,8.2231,13575.87,1.24,,,,8.3865,200554.913,58.09,8.4164,417521.977,19.85,8.515,524014.785,47.82,,,,8.4184,24683.501,0.83,8.5013,1557522.169,40.68,8.5716,293165.053,85.45,2.9843,18627.262,28.2,8.6309,84953.502,9.52,8.6786,2613604.907,46.52,8.7157,1675439.813,79.65,,,,8.7596,108218.289,15.48,8.7648,65391.292,5.97,,,,8.8245,317117.544,62.09,,,,8.2896,2720725.899,58.14,8.8909,327663.826,74.74,,,,8.8157,29041.411,2.34,8.9017,132663.095,3.47,,,,,,,8.9635,114098.009,32.95,9.0114,77878.436,67.01,9.0406,101856.907,29.41,,,,9.1089,25687.151,3.67,,,,3.1666,12233.396,22.77,9.273,17519.196,1.6,,,,9.2047,2197619.918,31.5,,,,9.2109,4616748.541,99.73,9.2073,2770523.627,94.01,9.231,59925.372,100,9.2765,248001.489,62.01,9.2795,52011.51,78.63,9.2712,15110.101,4.86,3.178,69993.068,100,9.2777,77717.024,6.25,9.0102,15037.24,6.27,,,,,,,9.1974,19644.872,1.58,,,,,,,9.6743,89185.969,8.05,9.4886,44042.845,6.3,3.2158,139153.338,3.81,,,,3.2358,12624.467,2.09,,,,3.3282,46110.064,69.16,3.4057,189142.015,22.37,,,,3.5003,121179.222,9.93,3.5088,154200.537,29.23,3.5499,25106.18,39.48,3.5579,18828.634,12.99,,,,3.7246,578649.507,86.27,,,,,,,,,,,,,3.9399,10997.347,11.05,3.8689,19903.177,0.58,4.0105,31573.206,5.39,4.0113,11882.829,2.45,4.074,19267.07,6.88,4.0834,17621.208,13.82,4.107,137320.634,58.47,4.1618,36569.519,31.34,4.1993,66882.911,14.51,4.2137,538770.208,8.81,4.2135,602680.233,17.51,4.2133,26029.455,0.56,4.1519,10216.517,11.75,4.2488,426068.679,85.88,4.3508,49437.032,8.43,4.3512,19510.674,3.67,4.3876,22141.606,1.97,,,,4.4685,20118.285,7.18,4.4522,96478.3,4.58,4.4593,53004.142,17.66,4.4505,42207.257,6.41,,,,4.4786,1085301.502,17.74,4.4892,623415.036,68.13,4.6073,84695.485,4.64,4.588,86187.784,2.36,,,,4.6105,104798.303,8.58,,,,,,,0.9239,18561.003,23.77,,,,,,,,,,4.6905,118034.201,4.68,4.7312,23080.994,50.03,4.7568,21490.547,1.02,4.7731,1181637.868,78.48,4.7692,1970870.298,53.95,4.8045,1113389.037,44.1,,,,0.9242,95954.355,78.69,4.876,1291602.866,42.87,4.9033,1032896.166,40.91,4.9503,16773.416,0.36,4.9232,11727.214,3.91,4.9236,511361.006,14,,,,,,,,,,,,,5.0442,196361.493,33.49
380_2012_T_2n,P1-C7,1,1.2818,27413.649,20.8,,,,,,,5.0724,13990.65,3.29,,,,5.1637,10068.238,5.41,5.2845,23004.364,16.91,5.18,27941.785,19.23,5.2105,22097.28,1.67,5.2172,12345.878,2.4,1.3078,314950.112,39.13,,,,,,,5.1732,10580.114,1.79,,,,5.3037,20875.619,0.44,5.3381,1594639.395,30.46,5.4588,27839.125,13.05,,,,,,,1.6593,187314.552,15.5,,,,5.4222,151772.61,4.61,5.4726,183577.716,14.25,5.4745,196521.13,31.25,5.4595,5838734.685,92.78,,,,,,,,,,,,,5.5439,12069.678,8.87,1.6413,140445.247,60.46,5.5683,766191.566,92.71,,,,5.601,13876.603,0.32,,,,5.7943,36839.217,6.23,,,,5.6662,147029.681,3.13,5.7114,251729.362,21.94,5.7081,49644.424,4.23,,,,,,,5.7389,183206.171,14.16,5.7189,12794.414,0.2,,,,,,,5.8129,235951.775,8.46,,,,5.8107,40095.227,34.36,,,,,,,1.7825,34055.342,8.2,6.0067,189975.61,10.18,6.0242,161748.419,13.71,,,,6.0518,74164.047,7.75,,,,6.0886,221903.474,18.36,,,,6.0761,10492.045,3.39,6.1254,96759.379,81.01,,,,,,,,,,,,,6.2056,101356.622,3.63,6.2047,258220.675,65.34,6.2623,496939.624,42.32,6.2597,491079.398,26.32,,,,6.3034,727430.33,55.11,,,,6.3991,12739.022,0.99,2.0312,119695.687,77.32,,,,6.406,706000.432,40.9,,,,,,,,,,,,,,,,6.5692,36132.583,24.8,6.6575,23139.976,6.1,,,,2.1883,177357.772,42.17,,,,6.6223,85640.826,1.36,6.6288,197497.977,14.96,6.6395,658553.282,76.92,,,,,,,,,,6.7771,568467.208,26.94,,,,6.9612,48113.362,8.13,2.186,413166.93,90.34,6.778,884929.999,16.9,,,,,,,6.8765,188765.129,66.6,6.8569,142434.513,2.72,6.8852,203601.372,45.12,6.9325,362093.565,68.73,,,,,,,6.9527,18357.307,1.39,,,,6.8921,24169.013,10.51,6.9669,39827.977,100,,,,,,,,,,,,,,,,,,,7.0747,30553.21,61.87,,,,2.4288,22406.031,38.77,,,,7.1298,261096.63,20.18,7.1423,11831.739,2.25,,,,7.1561,120551.666,31.8,,,,,,,,,,7.1391,16015.995,2.71,7.3942,11191.978,2.47,,,,7.3657,136947.163,74.54,7.3675,195926.489,22.68,7.306,492541.696,41.75,7.3564,22536.424,20.47,7.5292,16587.417,3.4,7.4269,232450.306,19.7,7.4347,2729371.501,58.09,,,,7.4733,72614.19,30.74,7.4764,38319.211,62.15,2.5793,149843.054,92,7.4357,28911.568,72.14,,,,7.533,17800.267,5.43,7.4277,45034.454,5.21,,,,7.5668,73389.49,27.96,,,,7.6412,12628260.64,96.79,,,,,,,2.8195,85705.084,41.33,7.7322,20797.551,4.36,7.7213,21277.21,0.45,7.7475,41466.458,9.13,7.7339,26604.203,18.6,7.804,2355872.891,99.07,7.907,15039.642,3.54,7.9023,19230.863,0.69,7.9852,42572.975,100,,,,8.1626,29381.969,21.6,2.8779,34026.033,8.97,,,,7.9623,10668.386,3.32,,,,,,,7.856,89267.479,6.9,8.0479,179759.015,65.88,8.072,20211.449,64.63,,,,7.9229,37197.365,13.63,8.1391,11599.477,1.34,2.8623,42302.189,49.81,,,,8.1471,23324.021,1.8,,,,8.2509,35170.993,8.36,8.4885,23202.9,4.11,8.2427,46323.983,29.86,8.2898,12044.623,0.26,,,,,,,,,,,,,,,,8.6176,10507.304,2.31,,,,8.3863,69095.417,19.56,,,,8.5116,69583.31,15.33,,,,,,,8.5101,216122.926,7.75,8.5886,466331.755,96.65,2.9885,95674.243,88.6,8.6269,132507.404,19.22,8.512,103927.015,13.76,8.6967,6934886.818,99.54,,,,8.7472,26090.825,5.66,8.7623,10221.88,2.25,8.87,42650.194,13.27,8.8063,126799.346,33.9,9.1051,11495.141,5.15,,,,8.8797,426912.941,89.41,2.995,125563.968,38.29,8.9063,35534.434,6.3,8.8879,54587.372,1.96,,,,9.031,11222.744,2.64,8.9559,188883.763,39.75,,,,9.0367,216792.595,45.63,,,,8.8895,21682.367,4.71,,,,3.14,45342.214,22.21,9.0712,20476.902,4.51,,,,9.1975,766718.792,59.79,9.1966,1186660.425,96.46,9.2027,840483.833,100,,,,,,,9.2636,894057.791,97.34,9.2694,343383.943,100,9.2637,65035.184,17.15,3.1702,92587.14,68.72,9.2638,341447.281,60.51,,,,9.3544,75002.894,11.53,,,,,,,,,,9.4276,228615.081,64.71,9.5116,15229.271,3.38,,,,,,,,,,,,,3.3219,82402.717,26.66,3.3169,347648.632,67.19,3.4041,573454.848,82.51,3.3979,58696.745,18.88,,,,3.5069,158669.355,13.13,3.5434,101263.727,74.85,,,,3.6589,146318.744,8.28,3.7154,680950.542,89,,,,3.863,15969.9,0.9,3.901,58311.081,8.56,3.9455,43434.143,34.6,3.951,15674.119,100,,,,4.0953,64141.84,6.7,4.1263,15599.563,2.85,4.0598,194444.647,45.73,4.1972,10228.104,3.31,4.0948,171426.944,42.76,,,,4.1877,237921.15,20.74,4.2011,322446.714,6.86,4.2019,405582.478,68.54,,,,4.154,51770.273,21.26,4.2346,433772.09,88.86,4.3569,28814.222,3.01,4.3477,22376.946,1.27,4.3601,50761.172,2.94,,,,,,,,,,,,,4.4488,40783.66,0.31,4.4662,199371.591,36.44,4.48,10139.722,0.22,,,,4.5985,633891.966,12.11,,,,,,,4.6067,837854.654,39.71,,,,,,,0.9241,91357.883,46.47,,,,,,,,,,4.6857,98457.563,2.99,4.7296,211199.961,66.68,,,,,,,4.758,44335.622,21.8,4.7913,1500812.091,45.56,,,,0.9086,35336.207,26.82,4.9516,16758.039,0.27,4.8995,1321287.697,40.11,4.8363,120661.697,13.97,,,,,,,4.9587,10099.853,21.22,5.032,142188.58,14.86,5.0283,18860.976,8.2,,,,4.9535,15284.954,1.6
380_2021_T_2n,P1-A11,1,1.2692,92611.858,48.95,,,,5.1053,10034.761,0.17,,,,,,,,,,5.2867,49317.71,20.42,5.1697,42139.798,34.27,5.2058,22267.336,1.07,5.1948,42033.765,12.01,1.2955,123978.513,10.47,,,,5.2037,27076.424,48.58,5.152,19959.506,6.09,,,,,,,5.3427,1708270.57,34.48,5.4637,28359.003,14.19,,,,,,,1.6531,212914.649,17.94,,,,5.4252,139460.653,3.7,5.4607,130449.12,10.58,5.4674,292372.835,36.87,5.4585,5060664.187,92.23,,,,,,,,,,,,,5.5108,12733.541,5.27,1.6551,202801.158,57.26,5.5663,521702.088,97.64,,,,5.4543,25495.988,0.57,,,,5.7899,17851.114,5.45,5.8326,12407.732,1.66,5.669,53280.089,1.93,5.6995,108043.538,10.33,5.6972,14261.038,1.19,,,,,,,5.7972,79322.481,7.61,5.7187,21728.5,0.4,5.6699,10623.696,14.55,,,,5.8203,94791.121,1.64,,,,5.8087,25348.188,36.21,,,,,,,,,,6.025,26649.165,2.67,6.0294,173521.672,14.93,,,,6.0485,103817.301,11.61,,,,6.0803,66816.61,5.63,,,,,,,6.1313,161538.808,78.71,6.2213,45106.126,20.6,,,,,,,,,,6.2033,126979.119,2.2,6.2071,177914.931,52.31,6.2498,72306.978,6.03,6.2552,115546.474,11.57,6.1916,17965.511,27.13,6.3025,1252560.943,60.14,,,,6.3991,12727.817,1.17,2.0324,97751.817,74.65,6.3341,13763.869,6.29,6.4085,875534.54,49.45,,,,,,,6.535,12811.235,5.85,,,,,,,6.5659,108798.593,74.19,6.6559,101162.549,13.55,,,,2.1864,179728.273,45.51,6.705,47145.044,9.32,6.6232,60013.756,1.09,6.6313,278887.034,13.39,6.6375,531985.259,70.63,,,,,,,,,,6.7729,472904.626,30.29,,,,6.9545,38793.94,11.84,2.1928,431218.259,85.73,6.7749,909510.585,18.36,,,,6.8259,14923.371,0.27,6.877,173711.149,68.96,6.9225,14150.655,0.29,6.8724,387517.589,68.13,6.9321,230461.827,71.42,,,,6.9303,31339.29,21.3,6.9228,11435.185,0.55,,,,6.8859,41730.455,6.88,6.9605,36892.507,100,,,,,,,,,,,,,7.0926,13167.497,0.84,,,,7.0718,60332.407,100,6.9518,10087.983,9.82,2.4249,22109.296,61.77,,,,7.1297,125380.828,12.03,,,,,,,7.1651,382084.743,51.2,,,,6.9806,11776.47,0.43,7.0327,12225.485,16.15,,,,7.3151,12954.273,0.95,,,,7.3661,50152.978,48.82,7.3657,39077.526,7.73,7.3053,179357.946,15.43,7.3641,10660.11,4.87,,,,7.4174,474548.544,40.83,7.4346,2270055.516,82.36,7.647,14442.707,9.76,7.4765,28403.49,17.72,,,,2.5839,124342.731,92.29,7.4377,22224.239,100,,,,7.5477,123949.407,21.52,7.4363,21144.332,4.18,,,,7.5584,32297.006,19.7,,,,7.6344,12334344.8,97.16,,,,,,,2.8215,47488.529,35.59,7.7261,30490.779,10.88,7.6548,30673.861,1.11,7.7517,33589.381,2.45,7.7581,17980.372,12.22,7.7982,2153685.03,98.89,,,,7.9221,22027.724,0.38,7.9926,15349.7,100,,,,8.1667,73146.954,30.29,,,,7.8613,25663.827,4.95,,,,,,,8.2763,11263.306,1.51,7.9926,20009.049,1.92,8.0502,245594.168,66.29,8.0663,27066.682,100,,,,8.1439,10011.502,2.7,8.1529,11645.171,2.3,2.8753,35766.511,54.69,,,,8.1351,45536.614,4.37,8.1317,10277.997,1.98,,,,8.477,15322.982,2.95,8.248,32995.065,17.79,8.4448,18540.422,0.67,,,,,,,,,,,,,,,,8.2438,10893.272,0.8,,,,8.3839,84413.068,32.54,,,,8.5117,718521.092,52.51,,,,,,,8.5127,3919946.932,67.89,8.5876,440879.421,97.02,2.9895,88818.224,88.53,8.62,87787.861,19.02,8.7434,13373.124,0.45,8.6972,6546075.597,99.12,,,,8.7568,119524.84,11.59,8.7569,30265.42,2.21,8.8688,11627.334,14.67,8.814,94691.851,18.5,9.1138,14447.036,7.57,8.2664,10422.134,2.06,8.8764,237854.079,84.9,3.0015,50409.183,8.75,8.909,15515.185,2.99,8.776,18479.347,0.32,,,,9.0283,13123.453,7.08,8.9555,201437.311,30.96,,,,9.0377,232307.353,35.7,,,,9.1128,17034.305,1.65,,,,3.1395,31214.895,28.82,9.2839,12197.054,0.89,,,,9.1956,905505.2,83.1,9.197,1388554.856,97.35,9.2037,1143498.247,100,9.483,10953.566,0.77,,,,9.2648,1063685.05,98.92,9.2683,411677.201,100,9.2589,38366.775,5.14,3.1667,124331.505,77.63,9.2598,342288.918,65.96,,,,9.35,12436.896,2.49,9.2849,22220.347,2.98,,,,,,,9.4361,118755.788,45.77,9.514,12236.924,3.72,9.4791,16537.824,1.6,,,,,,,,,,3.3073,40906.313,18.19,3.3209,375469.184,74.72,3.3933,420935.321,91.4,,,,3.5062,13080.045,0.84,3.5038,79847.756,6.73,3.5401,44473.51,36.43,,,,3.6672,40851.025,2.79,3.7124,714930.189,86.14,,,,3.8598,11819.653,0.81,3.8981,44364.13,8.53,3.9524,24826.507,32.42,3.929,10218.82,49.92,,,,4.0767,50457.371,5.64,,,,4.0641,112337.694,60.58,4.0729,92224.018,34.58,4.0936,55886.325,24.42,,,,4.1901,98703.776,9.44,4.192,166758.583,6.05,4.2007,221524.672,67.64,,,,4.161,86079.313,24.88,4.2328,430600.017,89.51,4.355,71401.286,7.98,4.356,78464.362,5.36,4.3834,217869.136,12.3,,,,,,,,,,,,,4.4569,24362.277,0.19,4.4707,173814.094,37.57,,,,,,,4.6009,285331.209,5.76,,,,,,,4.6051,406079.996,26.01,,,,4.6114,54196.347,22.44,0.9324,37352.468,14.72,,,,,,,,,,4.6828,69603.822,1.84,4.7249,48625.204,18.82,,,,,,,4.7706,113610.985,79.16,4.7912,1744524.032,46.23,,,,0.911,57088.955,30.18,4.7603,16674.168,0.3,4.896,1563548.294,41.44,4.8387,21376.434,4.23,,,,,,,5.0365,140101.6,76.34,4.916,72123.707,8.06,5.0331,162288.473,26.74,,,,5.0418,114388.459,12.79
381_2012_T_2n,P1-C9,1,,,,,,,5.083,46443.695,1.18,,,,,,,5.135,37712.58,15.35,5.2798,20153.211,11.48,5.1731,38913.247,22.21,5.1242,11067.578,1.03,5.1993,29768.894,7.17,1.3064,247789.614,31.47,,,,,,,,,,,,,,,,5.3409,652909.358,13.05,5.4722,54932.143,17.91,,,,,,,1.6555,182932.025,14.39,,,,5.4252,120121.549,4.04,5.4774,51383.81,4.12,5.4722,72903.978,20.39,5.4596,8937706.419,94.66,,,,,,,,,,,,,5.548,17802.392,10.14,1.6591,130940.688,79,5.5609,791986.412,92.16,,,,5.6019,15813.57,0.33,,,,5.8007,20258.729,3.17,,,,5.6723,129608.655,2.25,5.7046,244421.05,22.99,5.7203,16638.296,1.44,,,,,,,5.7301,116417.67,10.09,5.7321,12019.916,0.13,,,,,,,5.809,137187.76,3.48,,,,5.809,126855.536,78.52,,,,,,,,,,5.9992,295419.356,16.65,6.0244,100791.249,7.18,,,,6.0513,89075.877,14.46,,,,6.0837,103291.604,8.13,6.0622,12080.422,9.68,6.0934,12918.579,3.08,6.1261,75714.571,72.42,,,,,,,,,,,,,6.2055,129397.528,3.28,6.2013,151308.68,52.21,6.2565,450031.266,39.01,6.2704,411889.052,23.22,6.2038,18765.825,16.73,6.3031,589469.609,55.03,,,,6.3706,24741.822,1.01,2.0276,67989.719,73.14,,,,6.4028,817099.076,39.46,,,,,,,,,,,,,6.5453,11088.635,2.73,6.5695,84885.765,49.43,,,,,,,2.1843,71130.133,19.84,,,,6.6203,71824.533,0.76,6.6275,153624.524,14.34,6.6399,184293.226,49.24,6.6959,12190.801,4.22,,,,,,,6.7798,613802.128,16.65,,,,6.9645,56554.147,8.85,2.1938,234857.027,76.1,6.7788,1223717.598,24.46,,,,6.8292,19789.096,0.21,6.8823,187413.383,73.02,6.9673,10104.933,0.2,6.871,340751.437,73.78,6.9297,243549.373,87.19,,,,6.9439,18920.833,17.36,,,,,,,6.8806,39289.542,12.32,6.9668,31485.875,100,,,,,,,7.0276,11786.411,5.83,,,,7.0923,11630.773,0.32,,,,7.0714,18009.156,100,,,,,,,,,,7.1295,200844.464,17.4,,,,,,,7.1645,55604.18,12.62,,,,7.1533,14924.224,0.26,,,,7.1656,15247.071,2.39,,,,,,,7.366,217321.509,69.81,7.3642,355889.603,24.8,7.3017,602184.78,42.88,7.3674,43956.317,26.45,7.528,17178.381,3.02,7.4207,244434.477,17.41,7.4336,4440548.82,76.94,7.6689,83992.852,39.23,7.4741,98780.636,30.82,7.4785,62872.193,25.93,2.5888,176483.207,94.15,7.4387,62105.769,100,,,,7.5399,29022.407,7.25,7.4344,71830.14,5.01,7.5918,12443.117,5.13,7.5614,207531.539,51.05,,,,7.6405,13850030.12,97.09,,,,7.7172,16905.051,6.97,2.8131,56900.199,30.62,7.7325,52100.537,9.71,7.6394,34557.398,0.6,7.7471,108136.743,7.51,7.7388,31325.509,28.74,7.8019,4383803.467,97.28,,,,7.9386,27886.272,0.71,,,,,,,8.1637,24140.872,13.75,2.8698,21407.13,4.86,,,,8.0283,63463.535,9.68,,,,8.2141,11049.946,2.51,7.8582,97686.769,8.46,8.0539,119328.998,44.03,8.0665,24085.005,65.77,,,,7.9388,28160.379,10.39,,,,2.8668,81202.398,70.71,,,,8.1508,10994.209,0.95,,,,8.2608,32023.571,8.93,8.4888,40142.663,3.18,8.2452,178077.59,46.24,8.2972,10853.758,0.19,,,,,,,8.3274,81582.921,26.21,,,,,,,8.4195,12390.551,0.86,,,,8.3808,363071.187,63.28,8.4142,199641.233,2.72,8.5167,97249.155,6.75,,,,,,,8.5174,164579.81,4.17,8.5703,391503.748,87.53,2.9894,25031.815,70.12,8.621,113306.648,10.91,8.5154,146056.646,11.26,8.6971,7095643.897,96.53,,,,8.7505,54032.923,6.06,8.7582,12890.146,0.9,8.7487,25126.953,3.83,8.8129,452112.937,26.35,9.066,15898.238,5.47,8.3236,38832.889,2.71,8.8772,378395.402,70.49,2.9993,118189.77,29.53,8.8937,30474.629,2.41,8.8885,32598.823,0.83,,,,9.0194,10638.857,2.62,8.9548,225330.432,30.1,,,,9.0314,292370.369,39.06,,,,8.9054,14147.531,1.59,,,,3.1495,18494.921,7.61,9.2538,25878.782,1.8,,,,9.1933,1820816.236,74.38,9.2006,2213457.272,97.79,9.2009,2701117.616,100,,,,9.2184,66954.782,45.45,9.2644,1452860.77,99.13,9.27,861949.7,100,9.267,99530.142,22.58,3.1677,44177.217,52.61,9.2674,558567.413,44.24,,,,9.354,127328.567,13.51,9.4846,12819.38,2.91,9.4041,270786.167,21.45,,,,9.429,143157.442,24.95,9.507,10046.5,1.35,9.3483,18069.348,2.03,,,,,,,,,,3.3208,180443.901,43.05,3.3212,569637.706,92.21,3.3847,438948.376,83.73,3.4115,28663.031,7.95,3.5225,40400.153,1.1,3.5056,426769.11,33.57,3.5432,135254.466,72.97,,,,3.6532,114882.3,6.99,3.7162,585405.75,100,,,,3.8369,12122.107,0.74,3.9032,77708.721,12.49,3.9474,63771.077,58.49,,,,,,,4.0867,10167.398,1.65,,,,4.0596,145129.459,35.78,,,,4.0928,381630.502,60.87,,,,4.1909,161253.677,15.17,4.2021,345536.934,5.99,4.2028,431833.373,67.56,4.0874,29544.884,2.06,4.163,60645.696,30.51,4.2349,502908.595,83.63,4.3463,30732.653,4.99,4.3486,18884.708,1.15,4.379,121856.461,5.88,,,,,,,,,,,,,4.4416,97332.878,0.68,4.4635,262757.64,50.91,4.4835,11728.427,0.2,,,,4.6014,1207778.083,24.14,,,,,,,4.603,1290575.734,35.01,,,,4.6118,36656.767,20.88,0.9244,107778.356,56.37,,,,,,,,,,4.6818,67787.578,2.28,4.7191,136072.588,37.82,,,,,,,4.7631,122709.63,69.6,4.7917,1376154.801,46.29,,,,0.9131,28117.784,51.75,4.7662,25355.461,0.27,4.8971,1221996.233,41.11,4.8347,89472.097,6.24,,,,,,,,,,5.0361,126219.265,20.49,5.0419,21155.716,6.63,,,,5.1703,41216.728,6.69
381_2021_T_2n,P1-B3,1,1.2662,81194.466,30.85,,,,5.0985,47932.209,0.66,,,,,,,5.1388,25902.149,4.63,5.2818,104278.334,25.2,5.1709,58662.859,31.43,5.126,12583.557,0.62,5.1874,28845.165,5.74,1.3006,288842.603,17.28,,,,5.1995,111555.619,54.7,5.1605,11337.685,1.65,,,,5.2812,25129.857,0.42,5.3417,1556691.111,27.55,5.4565,71611.186,32.7,,,,5.4301,13000.002,3.49,1.6507,386863.814,24.52,,,,5.4246,185107.859,3.79,5.4621,70084.24,5.32,5.4718,75801.178,10.75,5.4559,10437901.5,93.98,,,,,,,,,,,,,5.5294,47872.133,11.57,1.653,409456.649,71.46,5.5653,729815.557,90.77,,,,5.5923,28922.563,0.63,,,,5.7892,19702.512,2.86,5.5349,11723.289,1.25,5.6698,113485.701,1.91,5.7028,138890.327,11.91,5.7984,61649.055,3.57,,,,,,,5.7327,62884.216,4.29,5.733,10065.281,0.09,,,,,,,5.8179,120647.253,1.66,,,,5.808,116928.722,91.28,,,,,,,,,,5.9999,155716.32,10.9,6.0232,166057.865,8.73,6.0582,18803.501,2.73,6.0544,114720.428,10.97,,,,6.0866,127800.381,8.1,,,,6.0845,16886.636,3.39,6.123,174970.399,72.16,6.2207,35938.717,13.19,,,,,,,,,,6.2086,200598.575,2.76,6.2019,221247.056,54.26,6.2523,303505.945,17.57,6.2512,205213.304,14.37,6.2088,10520.993,10.18,6.2997,1293993.661,63.81,,,,6.3854,13060.921,0.61,2.0097,92266.889,54.4,6.3249,27056.861,9.93,6.4034,1164289.371,50.86,,,,6.6617,10757.343,100,6.3066,41864.181,10.37,,,,,,,6.5616,155647.222,61.29,6.6483,70288.726,7.49,,,,2.1872,289027.041,52.93,6.5562,11984.158,0.71,6.6186,75501.264,0.68,6.6381,290813.788,14.34,6.6356,154444.815,40.55,,,,6.6989,25067.265,11.17,,,,6.7772,698520.391,25.77,,,,6.7615,16128.69,2.34,2.1921,432681.089,77.6,6.7752,1165550.083,20.63,6.8745,15018.977,13.44,6.8265,21536.712,0.19,6.876,230423.589,63.58,6.8926,11916.963,0.21,6.8828,358769.58,41.78,6.9304,417517.999,84.5,,,,6.9344,37533.477,24.69,6.943,16487.26,0.81,,,,6.8904,82865.25,10.22,6.9864,11701.821,33.42,,,,,,,7.0337,12334.964,3.53,,,,7.0954,56899.458,2.1,,,,7.0718,29666.635,70.18,6.9659,15528.586,6.27,2.4321,23243.396,16.4,,,,7.1343,143353.802,9.77,7.1453,21421.408,4.34,7.1735,10340.583,3.8,7.143,156729.295,16.69,,,,7.295,13466.937,0.23,7.0542,12558.328,35.54,7.1498,19924.887,2.9,7.5644,15127.1,1.24,,,,7.3697,77819.573,31.43,7.3635,94668.804,5.58,7.2975,214382.225,11.28,7.4704,40641.296,14.92,7.5281,17992.883,3.06,7.4192,868170.577,45.67,7.4298,4752297.436,80.12,,,,7.4721,96370.934,27.11,7.4689,22309.475,22.44,2.5791,120037.42,100,7.4354,56124.66,100,,,,7.5408,207472.247,24.5,7.5465,25696.816,1.52,,,,7.5651,132737.921,36.92,,,,7.6367,12844468.84,97.77,,,,,,,2.8157,92126.285,44.42,7.7247,119783.975,13.31,7.7513,11491.058,0.19,7.7334,47433.992,3.88,7.7511,44431.891,29.22,7.7995,4607994.805,97.54,,,,7.9384,31647.512,0.44,,,,,,,7.822,10122.262,2.45,,,,7.877,11921.58,1.18,8.0343,13908.396,3.97,,,,8.2555,19943.837,2.12,7.86,194023.554,13.22,8.0435,126831.676,55.87,8.0625,52238.064,52.9,,,,7.909,12865.377,5.67,8.1351,11276.627,0.67,2.8616,79103.7,100,8.3217,28261.338,1.32,8.1407,46210.167,3.15,8.1488,10684.483,1.05,,,,8.4918,26563.919,2.62,8.243,108455.007,40.66,8.2665,38383.688,0.65,,,,,,,8.325,119076.114,48.1,,,,,,,8.3115,12922.063,1.06,,,,8.3807,314224.241,62.2,8.4032,223858.918,3.01,8.5146,600993.884,49.13,8.639,12339.562,11.63,,,,8.5044,3985527.803,54.8,8.5669,361286.538,86.85,2.9843,56484.734,82.1,8.6228,177812.678,18.18,8.6698,24254.052,0.77,8.6959,7193791.832,96.79,,,,8.7484,31553.21,5.67,8.7562,12674.061,1.04,8.8323,11413.679,3.26,8.8112,342575.681,29.69,9.0827,22082.945,5.05,8.3265,80441.525,4.74,8.8791,578292.262,64.25,2.9999,71841.734,8.48,8.8996,37321.898,3.68,8.8969,14241.627,0.2,,,,9.0267,17294.543,6.62,8.9551,212054.333,24.96,8.9663,12165.87,4.57,9.0326,230972.006,27.19,,,,8.9096,12216.459,2.2,,,,3.1453,33117.864,25.36,9.2481,36780.044,3.01,,,,9.1928,1662359.639,77.6,9.1978,1662992.924,96.43,9.2004,1653176.436,100,,,,9.2164,91934.612,42.2,9.2641,1207539.002,99.01,9.2682,514040.474,100,9.2672,75900.249,8.08,3.1614,110022.645,65.2,9.2669,398650.863,39.35,9.0008,16428.931,16.52,9.3602,10759.051,1.19,9.401,22648.48,2.41,9.3918,274845.754,27.13,,,,9.4314,102969.869,20.38,9.6647,64247.856,11.27,9.4705,13882.996,2.5,,,,,,,,,,3.3162,289759.405,58.11,3.3193,777282.276,93.03,3.3926,639144.047,83,,,,3.4731,159110.406,5.87,3.5007,200464.931,12.71,3.5371,112715.387,61.16,,,,3.6555,45522.267,2.57,3.7136,873653.223,88.89,,,,,,,3.897,137551.212,20.27,3.9511,12374.769,24.21,,,,,,,4.0909,44104.045,4.22,,,,4.0653,119919.157,45.9,4.072,137578.404,37.9,4.0959,108371.461,29.21,,,,4.1849,109436.558,9.39,4.2033,316521.602,5.34,4.2027,442869.773,64.36,,,,4.2493,15149.853,4.16,4.2371,602344.878,80.26,4.3469,103332.339,9.88,4.3522,138082.86,7.79,4.3818,109758.532,4.79,,,,,,,,,,,,,4.4393,100735.297,0.77,4.4641,271939.134,43.96,,,,,,,4.601,453809.779,8.03,,,,,,,4.6027,638256.816,23.54,,,,4.6126,77151.29,18.64,0.9263,54435.628,20.95,,,,,,,,,,4.6857,209085.258,4.28,4.7218,71570.172,17.76,4.8557,14700.17,2.5,,,,4.754,279667.193,75.11,4.791,2233443.816,45.74,,,,0.9276,36154.804,13.74,4.9423,18863.452,0.17,4.8939,1905473.471,39.03,4.831,48040.304,2.83,,,,,,,5.0322,130592.222,62.33,5.0288,68106.683,6.51,5.0302,156085.407,19.25,,,,4.9268,15490.362,1.48
387_2021_W_4n,P1-D10,1,1.2735,34499.298,36.57,5.1535,13499.077,19.87,5.0638,60525.345,1.33,,,,5.1569,345701.75,23.38,,,,,,,,,,5.1569,27871.833,1.75,5.1961,14644.89,4.85,1.3108,405228.592,39.5,5.1739,13541.512,1.86,,,,,,,5.1545,140428.093,11.14,5.2859,14189.514,1.63,5.3499,1051418.509,24.14,,,,,,,,,,1.655,164994.896,14.75,5.4175,356870.005,28.92,5.4331,105830.391,3.62,5.5195,289745.184,11.34,5.4636,70522.384,16.55,,,,,,,5.5293,351724.995,17.56,5.5254,314300.793,17.15,,,,,,,1.6614,187216.251,82.81,5.5758,248406.931,100,,,,,,,5.505,60100.699,19.36,,,,5.6682,1045642.545,34.42,5.5952,13844.694,1.59,5.7159,90761.558,14.92,5.7905,32563.749,1.91,,,,,,,5.744,394444.293,27.17,,,,5.774,132026.408,40.53,,,,5.8192,78008.788,1.71,,,,5.8193,13457.846,100,,,,,,,,,,6.0069,126428.906,9.94,6.0284,123948.773,15.23,,,,6.0452,95868.647,11.31,,,,6.0944,240696.828,21.51,6.1282,78354.425,4.75,,,,,,,,,,,,,6.2916,28910.184,1.44,,,,6.2091,217792.409,4.78,6.2053,171428.338,100,6.2682,351233.12,20.61,6.2552,135886.837,10.68,6.199,22713.147,100,6.3094,791248.71,49.72,,,,,,,,,,6.3334,10085.703,3.25,6.4066,757854.566,45.57,,,,,,,,,,,,,,,,,,,6.6367,52575.472,1.73,,,,2.1996,174057.092,56.31,6.7171,17752.788,1.41,,,,6.641,460311.525,28.92,,,,6.6031,28215.289,2.29,6.7077,11776.18,48.49,,,,6.7853,465203.016,22.92,,,,,,,2.1976,300633.731,76.09,6.7798,976107.003,22.41,,,,,,,6.8817,204669.406,56.56,6.9461,15022.767,0.34,6.89,196475.299,27.16,6.9328,552605.933,78.64,,,,,,,6.9969,35102.773,2.21,,,,6.8939,27895.449,6.02,6.9762,75156.225,87.68,,,,,,,,,,,,,7.0895,144787.224,7.13,7.2612,10661.999,25.23,7.0765,82831.07,69.95,,,,2.4214,10955.613,8.68,7.1362,196244.781,13.27,7.1585,86495.743,5.96,7.1538,28373.933,4.04,7.2622,18973.611,6.11,7.1528,97340.114,3.2,,,,7.2219,11727.174,1.35,,,,,,,7.3412,183221.302,4.51,,,,,,,7.2549,12781.104,1.01,7.3064,75585.57,9.29,,,,,,,7.431,359239.485,44.14,7.4429,76863.098,8.82,,,,,,,,,,2.5907,84334.1,60.09,,,,7.539,16726.904,100,7.5535,52993.887,22.84,7.5915,10222.563,0.81,,,,7.5767,30829.266,48.74,,,,7.6471,24094.572,13.83,,,,,,,2.8238,31303.913,24.94,7.7326,38390.452,5.58,,,,7.752,14896.008,0.37,,,,7.809,1959674.681,97.92,,,,7.9417,96533.977,2.12,7.9938,67545.293,83.88,7.8093,30344.195,2.41,,,,2.8737,12849.603,0.42,7.8487,11990.493,0.6,7.9717,22884.435,1.68,,,,,,,7.8676,60081.409,4.14,8.0607,18021.401,2.02,8.074,28318.311,47.8,,,,8.1324,55407.849,6.21,,,,2.8746,15177.487,100,8.3286,10168.971,1.9,8.1506,75685.752,5.21,8.1356,16846.541,0.84,,,,8.2647,38182,1.91,8.2578,46518.28,20.76,,,,,,,,,,8.335,11632.672,51.47,,,,8.4793,12761.943,49.45,8.3856,1161552.088,28.61,,,,8.3824,50641.107,45.18,8.4133,440470.362,5.14,8.4919,1444375.686,35.57,8.4845,207996.73,12.62,,,,8.5195,2037977.67,44.72,8.5893,611574.115,100,2.9971,42586.004,60.19,8.6313,109617.251,20.23,8.5236,1093859.301,93.87,8.7047,8128046.647,94.86,,,,8.7447,11904.813,1.58,8.7236,221873.621,5.46,8.8209,213247.497,15.68,8.8238,198231.088,36.33,8.8775,328324.17,28.92,8.2614,16543.066,1.31,8.8858,541935.45,78.76,,,,8.9179,18382.169,0.92,8.9441,19368.908,0.43,,,,9.1463,10092.319,23.88,8.9647,160309.732,22.06,,,,9.0382,178928.15,24.63,9.0569,59749.85,19.07,,,,9.1302,107671.963,6.53,3.1571,85730.975,50.67,9.1196,48834.311,1.2,,,,9.2008,16051.504,2.99,,,,,,,,,,9.2238,906455.258,85.06,9.2484,10927.909,50.34,,,,9.259,11143.429,0.37,3.1718,85857.644,51.91,9.1706,16228.627,0.81,,,,,,,9.5302,53263.882,1.75,9.3882,12718.003,0.64,,,,9.4355,32283.396,28.8,9.4641,144742.082,41.48,9.4714,36959.273,4.91,,,,,,,,,,3.3332,45141.074,32.64,3.3266,261714.585,65.44,3.4075,427853.949,94.29,3.4015,21571.319,13.77,3.5021,21675.5,1.07,3.5076,91170.467,8.15,,,,,,,3.6656,36494.893,2.4,3.7214,864985.873,88.6,,,,3.871,22410.886,1.47,,,,3.9495,14554.634,30.18,3.9509,68953.326,68.58,,,,4.0905,39367.048,4.64,,,,,,,,,,,,,,,,4.1957,79990.902,13.15,,,,,,,,,,4.1519,56420.207,14.07,4.2405,206339.26,76.7,4.3587,89675.935,10.58,4.3599,118648.159,7.8,,,,,,,,,,,,,,,,4.4486,87227.486,50.05,,,,,,,,,,4.6064,383917.662,8.82,,,,,,,4.601,502733.715,24.77,,,,,,,0.9259,12069.619,7.89,,,,,,,,,,4.6934,142810.902,4.88,4.7359,40935.363,29.37,,,,,,,,,,4.7993,1361382.966,46.56,,,,0.9176,59844.646,63.43,4.8614,22879.439,27.21,4.9053,1137741.447,38.91,,,,,,,,,,5.0384,69402.919,51.34,4.9218,13527.408,1.6,5.047,94245.27,20.34,5.0398,490102.879,16.13,5.0463,17745.946,2.09
388_2021_T_2n,P1-E11,1,1.2728,20491.846,30.76,,,,,,,,,,,,,,,,5.2842,10279.09,8.03,5.1898,46644.512,20.84,5.2135,12840.008,0.89,5.2057,13181.323,4.38,1.306,304514.281,37.75,,,,5.2168,41746.948,77.48,5.1853,14097.45,4.35,,,,,,,5.3504,1065705.197,29.68,5.4778,38851.155,21.18,,,,,,,1.6678,155214.986,15.12,,,,5.4341,125086.748,4.12,5.4675,127782.068,16.08,5.4891,175104.637,25.42,5.4617,5650351.951,91.51,,,,,,,,,,,,,,,,1.6716,158594.59,67.23,5.586,369846.285,82.8,,,,5.6105,61162.4,2.49,,,,,,,,,,5.6808,64883.692,0.79,5.7112,136441.817,13.26,5.7275,25192.1,2.43,,,,,,,5.7477,127740.707,13.02,5.6733,30784.723,0.5,,,,,,,5.825,76959.286,1.93,,,,5.8235,51143.808,100,6.0124,15197.94,7.51,,,,,,,6.0129,118691.488,14.11,6.0302,175586.8,19.75,,,,6.0569,96132.533,17.6,,,,6.0997,297963.285,29.02,,,,,,,6.1335,94624.529,100,6.2351,12562.992,9.37,,,,6.1698,25849.439,2.56,,,,6.207,76193.939,1.91,6.2138,78788.473,50.32,6.2654,261095.325,25.17,6.262,129319.115,15.37,6.2084,15126.165,58.94,6.3084,802713.453,55.82,,,,6.3707,24184.222,1.92,2.0313,56401.021,68.71,6.336,11576.852,8.64,6.4104,949516.394,54.17,,,,,,,,,,,,,,,,6.5753,61440.548,65.09,6.6664,82426.118,10.41,,,,2.2006,279699.608,55.29,6.5276,20613.392,2.15,6.6303,159124.367,2.58,6.6399,282586.777,19.65,6.6517,42555.665,22.73,,,,,,,,,,6.782,293632.256,19.93,,,,6.7524,17556.27,5.42,2.1992,439964.198,86,6.7833,567837.987,15.82,,,,,,,6.8899,196149.077,59.37,,,,6.8791,144747.098,30.62,6.9387,181348.375,86.92,,,,6.948,18098.606,37.18,,,,,,,6.8823,55033.959,16.61,6.9808,14261.045,100,,,,,,,,,,,,,7.0923,74325.53,5.05,,,,7.085,50515.082,100,,,,2.4107,12068.633,21.98,,,,7.1365,136754.536,13.94,,,,,,,7.159,158237.518,19.99,,,,,,,,,,,,,7.2295,14667.383,0.62,,,,7.3723,108081.696,54.03,7.376,140970.683,14.67,7.3724,49832.452,5.61,7.3713,18466.37,13.78,7.532,28909.111,8.49,7.4206,176427.067,19.85,7.4465,7450914.869,90.23,,,,7.4852,62456.875,52.48,7.4861,51902.343,23.4,2.5902,48259.502,100,7.4441,146952.811,93.36,,,,7.5569,59346.993,14.46,7.549,18662.083,1.94,,,,7.5882,18549.44,9.54,,,,7.6515,6746895.859,98.49,,,,,,,2.8374,49706.221,50.16,7.7369,68803.646,33.3,7.7448,13390.586,0.16,7.7475,37940.363,1.61,,,,7.8111,2568683.947,99.15,,,,7.9305,28633.973,0.72,,,,,,,8.1723,38329.879,29.95,,,,7.887,11663.364,1.16,8.0414,23970.984,8.39,8.0424,11084.35,0.13,8.2794,15402.136,1.95,8.0541,12063.86,1.23,8.0613,124255.067,58.89,,,,,,,7.9121,50104.701,23.75,,,,2.8725,54817.437,80.99,8.3319,10323.346,0.82,8.1434,108055.154,11.02,8.155,67166.858,6.65,8.0271,19121.609,3.78,,,,8.2553,65318.587,23.05,8.2707,10306.214,0.12,,,,,,,8.3359,62821.674,31.4,3.0439,16219.225,12.67,,,,8.3434,11522.083,0.49,,,,8.3885,128659.734,46.98,8.4163,309922.183,6.44,8.5148,462596.351,19.59,,,,,,,8.518,2243946.244,56.16,8.5939,193205.938,94.58,3.0009,84734.871,100,8.6402,17516.182,3.27,8.5282,1245702.107,66.94,8.7096,4499513.513,93.56,,,,8.7663,229028.386,10.34,8.7571,101899.75,4.31,8.7475,16810.052,5.88,8.8243,315465.79,43.29,,,,8.3398,31614.969,3.29,8.8853,38905.637,18.83,3.0092,28336.638,6.9,8.9038,19332.221,1.92,,,,,,,,,,8.9681,159880.468,33.57,,,,9.0342,195684.36,41.09,,,,9.1083,13796.449,0.62,,,,,,,9.2622,24882.609,1.05,,,,9.2038,1003117.512,79.81,,,,9.2108,1133325.058,100,9.206,1200815.182,98.28,9.2265,213632.976,66.03,9.272,921790.462,96.72,9.2789,414328.066,100,9.2716,62978.084,7.96,3.1734,79585.518,64.17,9.2757,355144.264,35.19,,,,,,,9.4783,17538.204,2.22,9.4097,104685.462,10.37,9.4234,10658.892,4.81,9.4428,67983.757,24.83,9.6731,133403.672,30.44,9.4873,19717.376,0.89,,,,,,,,,,,,,3.3174,23277.473,32.75,3.405,413343.78,89.01,3.3964,32081.144,12.42,3.5037,15809.288,1.07,3.5109,66627.958,6.49,3.546,42568.512,32.52,3.5705,13314.512,14.52,3.6565,35023.144,2.82,3.7246,442499.328,91.19,,,,,,,3.9113,67017.309,14.56,3.9582,18037.319,42.84,,,,,,,4.0883,22303.25,4.08,4.1487,10783.663,2.12,4.0667,114181.928,56.4,4.084,83786.672,40.48,4.1058,38121.202,19.59,,,,4.1984,103131.589,10.02,4.2123,205465.858,2.49,4.215,239065.496,73.74,,,,4.1537,26991.417,21.81,4.2455,409426.233,84.46,4.3538,40731.488,7.46,4.3551,35525.999,2.86,4.3924,122177.222,6.97,,,,,,,,,,,,,4.4517,57457.333,0.84,4.4769,121961.413,23.95,,,,,,,4.605,295027.513,8.22,,,,,,,4.6123,253050.632,17.18,,,,4.6168,29985.428,23.43,0.9203,14687.3,8.58,,,,4.6154,10845.726,3.19,,,,4.6963,149890.674,4.93,4.7418,49200.572,40.28,4.8688,11207.218,3.29,,,,4.7707,87831.732,50.39,4.8031,1407455.122,46.33,,,,0.9178,46128.953,69.24,4.952,12659.699,0.21,4.91,1156266.985,38.06,4.8423,18182.034,1.89,,,,,,,5.0412,26352.614,49.69,5.1676,29989.283,5.49,5.0356,34629.55,10.45,,,,5.0485,53358.756,9.77
391_2012_T_2n,P2-B9,1,,,,,,,5.066,51825.477,1.83,,,,,,,5.1504,14183.125,14.54,5.2913,24408.53,42.71,5.1958,41506.955,18.71,,,,,,,1.3049,175110.002,48.99,,,,,,,5.1873,12663.188,2.3,,,,5.3399,56325.855,0.3,5.3498,137968.391,6.56,5.4705,14378.982,17.29,,,,,,,1.6478,82765.343,9.4,,,,5.4452,67855.696,3.32,5.4652,199375.867,23.64,5.4588,217093.523,41.72,5.4718,2063285.391,71.98,,,,,,,,,,,,,,,,,,,5.5829,792064.912,96.03,,,,5.617,131907.479,11.78,,,,5.8006,14675.899,2.67,,,,5.6797,144131.445,0.77,5.7138,186380.881,30.02,5.7135,31023.572,6.86,,,,,,,5.7446,63580.176,8.45,5.6814,71333.504,2.49,,,,,,,5.8266,142414.287,5.04,,,,5.8272,61220.083,100,,,,,,,,,,6.0098,109323.964,12.22,6.0383,115790.056,14.97,,,,6.0607,46396.56,10.22,,,,6.0953,58264.524,6.62,6.0711,15546.486,46.29,6.108,128633.835,10.52,6.1432,68863.11,77.32,,,,,,,,,,,,,6.2155,67358.059,2.38,6.206,45442.757,24.58,6.2742,122361.192,27.06,6.2708,150275.031,16.79,,,,6.3183,165636.541,12.91,6.3424,19983.237,10.81,6.3744,46261.363,2.5,,,,,,,6.4174,821418.046,51.63,,,,,,,,,,6.4409,12221.519,2.22,,,,6.5757,16944.491,28.27,,,,,,,2.2014,71885.837,42.12,,,,6.6383,420250.839,14.66,6.6451,774667.175,60.36,6.6524,12288.327,13.97,,,,,,,,,,6.7328,764826.453,38.55,,,,,,,2.1995,101180.03,82.75,6.7787,499838.885,23.75,,,,,,,6.8842,14802.379,17.71,6.8792,349558.573,16.61,6.8866,86180.935,89.47,6.9387,102691.237,53.2,,,,6.9411,14944.97,100,6.9451,16188.826,1.26,,,,,,,,,,,,,,,,,,,,,,7.0253,10134.754,0.51,,,,7.0914,26746.307,100,7.134,18374.667,5.89,,,,,,,7.1559,51559.917,6.85,7.1561,46613.994,24.15,,,,,,,,,,,,,7.1946,25907.434,40.23,,,,7.2858,10356.613,1.55,,,,7.3768,236632.393,75.89,7.3802,383087.525,31.12,7.3959,43600.721,5.64,7.3762,54254.247,45.9,7.5313,10293.226,2.7,7.4806,57233.137,7.4,7.4422,16954053.84,91.12,7.6848,23218.259,33.67,7.4928,36296.371,36.29,7.5041,47961.779,47.27,2.5891,122017.348,100,7.4452,488663.512,100,,,,,,,7.4463,290752.771,23.62,,,,7.5861,85063.71,28.1,,,,7.6554,1839468.034,92.52,,,,,,,2.8299,911980.315,89.79,7.7494,11013.506,5.85,7.7544,22015.928,0.12,7.7439,65550.476,9.79,,,,7.8172,3442879.743,97.98,,,,7.9424,25345.13,0.9,7.9904,16434.238,58.75,,,,,,,2.8778,35648.691,13.03,,,,8.0411,112738.64,15.45,8.058,49052.721,0.26,,,,7.8848,11283.491,1.5,8.0843,44406.665,24.41,8.0711,11122.072,100,,,,7.9468,26906.62,14.79,8.1183,11363.322,0.92,2.8836,53998.392,100,,,,,,,,,,8.2709,17499.508,10.25,8.5026,16887.838,1.64,8.2652,53090.675,34.34,8.3057,83259.781,0.45,,,,,,,,,,3.0537,15440.955,27.02,,,,8.2204,13702.671,2.05,,,,8.3964,77733.851,22.79,8.4243,308134.123,5.98,8.5089,56467.625,8.43,,,,,,,8.5176,111952.062,3.96,8.5921,328573.957,92.15,,,,8.6376,29082.368,2.85,8.5146,56032.445,6.57,8.7198,4810296.225,93.43,,,,8.7717,51428.358,12.04,8.8777,36317.461,5.42,8.7664,38768.405,5.31,8.8287,293798.687,34.87,,,,8.2953,14986.849,1.22,8.8979,122556.97,65.06,2.9956,48692.86,42.72,8.915,18955.195,1.84,8.9158,234349.474,8.29,,,,9.0352,13279.927,5.09,8.9749,255859.278,39.26,,,,9.0519,303088.55,46.5,,,,8.885,66767.776,15.63,,,,3.1541,103391.494,57.94,9.0497,152449.131,22.77,,,,9.2217,1219186.546,65.92,,,,9.2169,1828597.5,99.41,9.2116,1690678.094,98.96,9.2364,218235.517,100,9.2819,1016250.546,98.82,9.2881,506928.902,100,9.2832,73601.529,26.91,3.1813,35607.255,73.55,9.2799,340602.52,33.13,9.0037,19972.989,19.68,9.3702,49698.378,7.2,,,,,,,,,,9.4534,237983.401,69.77,9.5241,11792.931,1.52,,,,,,,,,,,,,3.3336,75515.311,6.17,3.3307,298673.102,84.19,3.4062,490102.365,89.67,3.4033,37315.573,20.02,3.5102,50417.776,2.54,3.5143,363418.503,41.29,3.5492,40804.792,34.47,,,,3.6608,92963.732,10.13,3.7283,229217.284,87.19,,,,,,,3.9135,17344.667,3.78,3.9671,41514.499,58.76,,,,,,,4.0327,51631.747,11.37,,,,4.0729,124446.794,47.72,,,,4.103,552113.119,50.32,,,,4.1929,161132.184,25.96,4.2181,319806.955,1.72,4.2234,397635.56,72.36,,,,4.1462,15750.352,9.02,4.2564,324788.934,83.93,,,,4.366,18796.093,2.05,4.4006,148400.415,9.33,,,,,,,,,,,,,4.4635,94979.056,4.78,4.4873,74011.095,26.5,4.6054,10038.19,0.05,,,,4.6013,325303.88,15.46,,,,,,,4.6045,360845.071,18.19,,,,,,,0.9241,25870.038,17.15,4.6108,13161.361,5.05,,,,,,,4.7096,67283.72,3.29,4.7358,167513.108,78.54,4.7656,12794.13,3.35,,,,4.766,16499.903,20,4.8108,974065.975,47.61,,,,,,,4.777,11236.852,0.39,4.918,815256.495,39.85,4.8456,111742.747,9.08,,,,,,,,,,5.0381,99183.458,21.85,5.0485,10754.697,6.16,,,,,,
392_2021_W_4n,P2-A2,1,1.2767,70787.866,59.28,5.1615,12190.892,25.52,5.0568,79051.534,3.89,,,,5.1622,184863.44,19.14,5.1544,12649.879,3.66,,,,,,,,,,5.2028,14249,4.22,1.304,156154.11,27.85,5.1642,15617.12,1.72,,,,,,,5.1622,69874.278,12.46,,,,5.3444,239322.093,13.08,,,,,,,,,,1.6489,109992.147,12.27,5.4206,201811.499,24.64,5.4395,116376.11,3.86,5.4864,79495.183,4.11,5.4736,97086.5,27.87,,,,5.5272,10466.207,100,5.5297,249221.072,18.2,5.5284,213728.482,14.12,,,,,,,1.6581,127339.693,85.54,5.5822,344394.382,100,,,,,,,5.6843,11210.173,9.71,,,,5.6779,618771.363,31.83,5.5862,10949.531,2.27,5.7181,37367.457,4.67,5.7491,88521.706,8.17,,,,,,,5.7413,677754.712,33.5,,,,5.7893,85304.571,61.93,,,,5.8251,84366.728,4.15,,,,,,,,,,,,,,,,5.9997,60163.594,6.38,6.0376,52058.413,5.14,,,,6.066,36099.299,6.61,,,,6.0956,106587.527,11.89,6.134,180046.547,9.97,,,,,,,,,,,,,6.207,11804.755,0.86,,,,6.2067,166807.463,8.21,6.211,113606.558,100,6.2631,311967.973,28.8,6.272,207371.719,22,6.2165,16700.196,100,6.3121,494347.684,43.87,,,,,,,2.0317,39868.575,100,,,,6.4147,484559.112,39.98,,,,,,,,,,,,,,,,,,,6.6189,24428.201,1.26,,,,2.2016,138889.063,30.96,6.7161,11173.98,1.99,,,,6.6402,332678.981,29.52,,,,6.6266,19534.334,2.38,6.7092,15273.068,35.78,,,,6.7838,114324.769,11.04,,,,,,,2.1987,173010.982,62.93,6.7867,185646.921,10.14,,,,,,,6.8948,169691.517,46.7,6.8309,139673.092,7.63,6.8858,215416.222,44.05,6.9425,301465.246,91.11,,,,,,,7.0039,17094.627,1.52,,,,6.8963,14887.904,4.01,6.9856,79534.391,85.74,,,,,,,,,,,,,,,,,,,,,,,,,2.426,24185.93,19.66,7.1361,204690.384,21.19,7.1533,117374.85,5.8,,,,,,,7.1468,78400.596,4.03,,,,,,,,,,,,,7.357,184069.193,2.84,,,,,,,7.2271,10304.06,1.84,7.3088,96084.563,9.49,,,,,,,7.4326,452518.086,44.67,7.4605,10180.856,2.11,,,,,,,,,,2.5875,227376.73,77.68,,,,,,,7.5515,30104.803,19.42,,,,,,,7.5762,63259.517,36.1,,,,,,,,,,,,,2.8216,35600.224,29.09,7.734,19588.718,5.85,,,,7.7717,17940.178,0.28,7.7883,32535.734,74.18,7.8142,1249415.235,100,,,,7.9446,207010.883,10.19,7.9972,14639.357,100,7.8094,21651.059,3.86,8.1849,15760.805,13.55,2.8624,16238.106,0.84,7.8594,11571.432,0.84,7.9738,12006.319,1.06,,,,8.0371,10718.348,0.55,7.8742,102414.147,5.06,8.0644,40947.124,3.66,8.0726,71214.736,100,,,,8.0347,12757.147,1.14,8.0788,11009.06,1.96,2.8797,25748.93,100,,,,8.1496,249853.497,12.35,8.154,75853.594,5.54,,,,8.2506,18553.964,1.35,8.2558,35865.411,7.88,8.3295,15431.594,3.2,,,,,,,,,,,,,8.4785,15479.022,100,8.3808,2869681.761,44.29,,,,8.3961,121877.092,49.99,8.4199,265407.113,3.21,8.4866,1158320.209,17.88,8.4859,213701.884,11.83,,,,8.5163,653238.436,32.17,8.6076,1051662.826,100,3.0004,116435.142,80.98,8.6343,73984.784,16.06,8.5219,281559.79,93.45,8.7098,7861173.124,95.21,,,,8.777,62777.184,1.7,8.734,205070.651,3.16,8.8223,289562.145,25.45,8.8234,322468.429,22.08,8.8774,1253127.203,59.47,,,,8.8885,287442.173,85.86,3.0006,20570.752,13.27,,,,8.9511,23953.469,1.18,,,,9.1619,20774.659,15.26,8.9668,241152.109,26.55,,,,9.0396,313699.133,34.53,9.0682,87518.212,15.14,8.9169,13251.764,0.36,9.1243,15614.44,0.86,3.1546,19172.07,23.51,9.0995,10477.6,0.16,,,,,,,,,,,,,,,,9.2276,1190518.725,87.74,,,,,,,9.042,17112.026,0.88,3.1712,78293.725,49.32,,,,,,,,,,9.5261,15690.961,0.81,,,,,,,9.4379,69907.041,28.67,9.4636,60004.281,36.16,9.4909,34448.776,0.93,,,,,,,,,,3.326,79222.507,37.84,3.3231,311697.659,62.71,3.4067,458044.452,89.78,,,,3.5023,33533.772,3.24,3.51,125387.499,13.98,3.5582,17666.166,22.02,,,,3.6535,58401.64,4.52,3.7217,473336.158,88.41,,,,3.8657,29507.108,2.29,,,,3.9617,11974.435,47,3.9364,11067.363,15.28,,,,,,,,,,,,,4.0768,31605.443,15.37,4.1069,44347.3,22.91,,,,4.1871,59554.407,7.45,4.1726,11884.274,2.46,,,,4.1054,16884.761,3.01,4.1601,39305.93,19.28,4.2468,253649.985,86.87,4.3601,101973.052,18.67,4.3632,136748.292,10.59,4.3955,109096.892,9,,,,,,,,,,,,,4.4467,10080.584,43.54,,,,,,,,,,4.6025,193307.864,10.56,,,,,,,4.6025,246754.921,23.83,,,,,,,0.9178,21345.245,19.58,,,,,,,,,,4.702,85085.313,2.82,4.7347,46174.109,17.63,,,,,,,,,,4.8032,1359698.501,45.13,,,,0.9169,48628.828,40.72,,,,4.9116,1226432.589,40.7,,,,,,,,,,,,,,,,,,,5.0364,339859.331,17.48,5.0456,28349.931,5.19
394_2012_T_2n,P1-C6,1,,,,,,,5.0472,69124.498,1.68,5.0597,13483.279,2.17,,,,5.1432,18701.498,4.1,5.0678,10532.105,2.93,5.1763,71731.114,10.25,5.2036,16530.843,1.04,5.2204,13072.432,1.12,1.3125,494805.312,34.85,,,,,,,5.1754,28652.589,2.76,5.3641,13111.486,0.72,5.3242,71700.053,0.22,5.3394,1202398.001,19.05,5.4454,13805.997,7.1,,,,5.4203,13520.047,3.51,1.6493,282133.256,13.35,,,,5.4246,209792.994,4.75,5.4731,107724.493,4.79,5.4709,166895.949,21.82,5.4561,5912263.065,71.35,,,,,,,,,,,,,,,,1.6475,257410.068,79.01,5.5678,912646.045,81.59,,,,5.6024,514886.458,17.7,5.4639,10756.381,4.88,5.7826,32887.36,3.17,,,,5.6691,260140.11,0.8,5.7018,433834.381,25.93,5.7322,21390.812,0.88,,,,,,,5.7347,222066.365,14.25,5.8069,18938.316,0.23,5.7424,16292.229,13.36,5.6615,18695.612,3.01,5.8148,363051.353,8.84,,,,5.8066,78298.682,87.02,,,,5.954,12345.286,1.22,,,,6.0251,96108.516,3.73,6.024,313389.359,20.6,6.0512,15652.195,1.51,6.0506,144075.005,8.07,,,,6.0878,261412.497,12.37,6.0557,13852.692,23.63,6.0946,73824.312,5.72,6.1242,54306.235,49.83,,,,,,,6.1629,31681.629,2.63,,,,6.1993,160266.627,3.9,6.1988,247768.046,59.93,6.2511,897688.83,36.81,6.2647,801184.912,31.09,6.1919,12914.503,12.89,6.3023,753955.918,47.21,,,,6.3572,80278.17,3.39,2.0235,141351.481,56.11,,,,6.4039,1615498.395,54.45,6.4514,11264.503,2.92,,,,,,,6.6279,14497.291,1.4,,,,6.5598,62160.238,26.5,,,,,,,2.1865,116047.63,25.4,,,,6.6189,1236859.743,14.93,6.63,353340.52,22.13,6.6469,36222.231,19.3,6.6169,17438.117,3.36,6.7011,12192.146,3.12,,,,6.7741,616932.374,16.22,6.8025,12441.486,8.65,6.7691,21008.687,2.02,2.1883,177222.807,59.25,6.7771,1207758.044,19.13,6.8343,13521.185,8.17,,,,6.8863,382095.879,74.08,6.9485,24579.848,0.39,6.8758,228966.567,21.87,6.9314,352019.717,84.19,,,,6.9342,17204.591,31.77,6.7945,13944.021,0.87,,,,6.8957,28193.476,3.45,6.9729,40084.338,100,6.9792,12511.788,11.42,,,,,,,,,,7.2741,24544.52,0.65,,,,7.0757,90744.001,84.74,7.1141,19747.324,5.22,2.4286,36018.76,17.71,,,,7.1394,259848.376,16.68,7.1553,18650.663,4.46,,,,7.1541,19938.293,4.32,,,,6.9887,11034.425,0.03,7.1816,111468.012,65.47,,,,7.3718,18424.644,1.38,,,,7.3647,210328.14,55.63,7.3688,300544.73,16.45,7.2981,499255.076,32.83,7.3561,53727.198,24.35,7.532,46580.688,4.6,7.594,51222.081,3.37,7.4305,29558969.13,91.46,,,,7.4835,75404.456,33.22,7.4861,43327.477,21.56,2.583,235693.643,100,7.43,950640.08,97.11,,,,7.5372,20544.301,3.36,7.5184,14799.033,0.81,,,,7.5693,91889.099,19.89,,,,7.6441,4514442.017,89.95,7.6788,25381.679,100,,,,2.8196,169044.275,60.16,7.7237,20358.425,3.49,7.7179,56133.853,0.17,7.7327,96675.793,7.26,7.7356,26134.445,48.26,7.8014,3638852.645,95.23,7.9039,34646.721,5.57,7.9315,43890.396,1.07,,,,,,,8.1589,15100.994,4.2,2.8749,55255.394,11.97,7.849,14750.029,1.22,8.0304,156827.361,14.54,8.0471,115992.203,0.36,,,,7.8551,105241.171,6.75,8.0616,134940.124,42.36,8.0628,46012.463,50.5,,,,7.9353,44735.079,14.04,8.1067,23159.147,1.27,2.8769,76142.214,83.81,,,,,,,,,,8.2608,40676.24,8.9,8.4671,12247.574,1.02,8.2448,210813.604,53.04,8.2846,29719.207,0.09,,,,,,,8.3314,22767.014,6.02,3.0404,84268.18,23.46,,,,8.2528,10118.455,0.76,,,,8.3774,187682.814,32.47,8.4048,164525.274,1.37,8.5037,36281.324,2.73,,,,8.2769,24942.985,6.6,8.512,64078.72,1.56,8.5958,670302.896,61,2.9908,25518.486,100,8.6215,129286.184,7.88,8.5144,68326.778,5.17,8.697,11679053.41,97.29,,,,8.7546,44625.15,5.78,8.7752,13947.356,1.05,8.8259,10448.674,0.97,8.8132,370539.776,33.96,,,,8.2766,33311.934,1.82,8.8779,468350.734,80.23,2.9968,215818.294,35.28,8.8256,13849.031,1.15,8.8876,27862.261,0.68,,,,9.0251,20436.485,3.29,8.956,353674.206,31.98,,,,9.0315,481196.446,43.51,9.1444,10371.538,8.27,8.8983,18636.629,2.42,,,,3.1449,154600.692,24.08,9.2411,26493.2,1.99,,,,9.195,1598879.93,67.44,9.1972,2145201.149,98.65,9.2025,2647702.97,100,,,,9.2216,70141.725,16.61,9.2645,1364818.336,99.26,9.2706,742848.528,96.13,9.2634,105213.546,22.8,3.1687,131799.991,48,9.2669,535633.185,44.45,,,,9.3522,270407.22,26.34,,,,9.1596,12525.413,1.04,9.5593,14926.681,7.43,9.4289,232370.09,40.2,9.524,44063.649,4.01,,,,3.1318,12934.719,3.36,,,,,,,3.3157,517622.564,40.09,3.3087,986530.997,89.19,3.3937,961478.32,90.71,3.3964,109932.586,20.49,3.4957,102773.512,2.7,3.5048,589891.841,27.91,3.5424,91666.648,79.93,,,,3.6508,178293.56,6.27,3.7157,1137610.29,83.86,,,,,,,3.8969,66200.561,7.62,3.9472,32066.337,33.92,,,,,,,4.0058,10586.043,0.59,,,,4.061,302910.621,48.72,4.0757,22269.042,7.31,4.0941,486400.571,53.58,,,,4.1893,374991.959,22.41,4.2008,563012.52,1.74,4.1997,666524.789,64.24,,,,4.152,154314.773,32.05,4.2368,340316.844,83.9,4.3413,41542.089,2.33,4.3521,14804.7,0.52,4.3789,79182.225,2.67,,,,,,,,,,,,,4.4412,196023.112,3.91,4.4719,259748.821,35.41,4.6087,11770.628,0.04,,,,4.5975,864255.712,13.69,,,,,,,4.6006,1216483.948,31.99,,,,4.6213,47699.093,13.28,0.9229,80190.402,33.71,,,,,,,,,,4.6875,226274.073,5.12,4.731,263285.282,60.21,4.7402,20347.94,2.01,,,,4.7609,116960.371,30.34,4.7836,1849651.232,41.88,,,,0.9299,24610.966,51.47,4.9426,20728.362,0.25,4.8967,1706531.76,38.64,4.8303,141877.494,7.76,,,,4.9529,10553.93,2.74,,,,5.0336,299788.36,16.79,5.0334,19377.405,2.37,,,,4.9336,32807.164,1.84
394_2021_T_2n,P1-B1,1,1.2866,31169.487,34.64,,,,5.0465,11105.719,0.37,,,,,,,5.1739,12248.337,3.11,5.283,37830.505,12.44,5.1807,42852.689,9.34,,,,5.1828,28981.412,5.55,1.2987,345815.665,27.6,,,,5.2048,49204.055,78.51,5.1596,18228.469,3.72,,,,5.3255,45272.54,0.21,5.3435,1079171.399,34.02,5.4679,11881.004,9.07,,,,,,,1.6558,185275.263,17.19,,,,5.423,180954.464,4.1,5.4702,123350.821,11.72,5.4531,100297.007,14.9,5.4605,3765601.252,73.67,,,,,,,,,,,,,5.5399,23541.128,7.74,1.6577,192968.643,69.63,5.5656,327499.008,79.58,,,,5.6041,270919.748,17.42,,,,5.7886,15307.22,3.13,,,,5.6658,78627.486,0.37,5.7092,184412.035,18.6,5.7977,57599.106,5.21,,,,,,,5.755,12566.869,2,5.6677,154251.988,3.02,,,,,,,5.8207,87341.396,2.9,,,,5.8163,37475.986,100,,,,,,,,,,6.0089,153691.905,16.58,6.026,205395.958,23.01,,,,6.0489,87925.451,12.52,,,,6.0888,144756.442,13.43,,,,6.0889,37552.891,6.33,6.1269,94213.011,85.43,,,,,,,6.1587,23289.39,3.21,,,,6.2051,161787.317,5.37,6.1997,107492.873,49.57,6.2706,60921.509,5.51,6.2646,52085.317,5.62,6.2056,12096.001,53.1,6.3024,865402.807,56.14,6.1667,16128.238,7.44,6.3576,131114.205,11.14,2.0265,76382.338,68.35,,,,6.4045,1474372.629,64.54,,,,,,,,,,,,,6.5531,25204.939,10.94,6.5657,78074.936,64.6,6.6439,15383.097,3.8,,,,2.1923,99860.291,36.62,6.5176,32106.646,3.93,6.6211,592100.478,11.58,6.6341,296068.558,19.21,6.6371,25623.37,25.71,,,,,,,,,,6.7762,333680.834,20.05,6.7915,43063.405,74.53,6.7601,53848.107,11,2.1876,127151.77,55.49,6.7717,540621.877,17.04,,,,6.8241,11868.714,0.23,6.8801,243989.306,73.85,6.9157,12467.144,0.39,6.8808,500276.768,72.93,6.933,179480.876,78.38,,,,6.932,20236.597,38.75,6.9908,10647.169,0.69,,,,6.8735,70912.509,17.02,6.9687,41913.602,73.31,6.9716,10753.318,33.78,,,,,,,,,,7.2787,23825.067,1.43,,,,7.0727,38751.548,100,7.115,28295.575,20.56,2.4245,12442.266,100,,,,7.1304,84873.743,13.49,7.148,10118.054,4.42,,,,7.1579,104420.142,25.76,,,,,,,7.1799,44529.225,33.61,,,,,,,,,,7.3657,24277.145,17.64,7.4314,375164.096,45.97,7.3713,49270.924,5.52,,,,,,,7.4237,79118.738,8.87,7.4328,20125253.42,94.68,7.6467,16675.39,10,7.4805,11484.539,10.98,7.4875,14879.508,16.63,2.5826,105511.755,100,7.4288,476199.536,97.89,,,,7.5474,98004.867,17.99,,,,,,,7.5608,37988.567,16.95,,,,7.6446,2905477.761,94.53,7.6841,13651.146,100,,,,2.8082,17458.496,17.21,7.7277,38773.16,12.71,7.7404,24121.314,0.11,7.7415,16120.072,1.94,7.7449,19506.542,37.35,7.8012,2086535.865,98.34,,,,7.9271,39201.869,1.3,,,,,,,8.1046,10069.413,3.31,,,,7.8773,14473.112,1.99,,,,8.0444,31157.914,0.15,,,,7.8579,70892.604,11.26,8.0504,95792.06,47.61,8.0805,14164.799,45.15,,,,7.9081,25373.087,12.61,,,,2.8643,17502.15,100,,,,8.1417,12356.454,1.96,,,,,,,8.4959,12454.975,1.72,8.2419,76171.533,44.08,8.2784,120834.169,0.57,,,,,,,,,,3.0307,57721.444,18.98,,,,8.326,10987.154,1.32,,,,8.3794,115476.699,44.36,8.3979,67165.726,0.82,8.5169,248003.729,29.77,,,,,,,8.5068,418777.619,13.91,8.5936,631231.97,91.68,2.9833,44807.007,100,8.6196,85510.602,13.01,8.642,16876.196,1.34,8.6945,8031621.267,97.96,,,,8.7495,90906.715,10.63,8.7477,22575.021,2.71,8.8663,10677.008,3.94,8.8118,108259.572,25.13,9.0721,12945.045,7.48,8.2597,19422.465,2.38,8.8747,216890.251,71.12,2.9948,51024.456,9.36,8.9036,34791.716,4.79,8.7191,12966.722,0.43,,,,9.0483,14156.824,6.14,8.9645,248199.388,34.84,,,,9.0295,249806.136,35.07,,,,8.8874,17225.333,2.01,,,,3.1376,69835.003,39.25,9.237,13860.751,1.66,,,,9.2001,795316.888,67.57,9.1987,1245290.407,99,9.2038,925430.789,100,,,,9.2205,45345.958,27.34,9.2674,779267.529,98.14,9.2691,278591.068,100,9.2606,81312.435,20.06,3.161,65989.95,45.47,9.2618,283618.695,39.08,,,,9.3477,29578.939,6.77,,,,,,,,,,9.4324,76837.809,29.52,9.6626,33839.378,7.91,9.596,11876.734,1.39,3.1273,12307.176,11.11,,,,,,,3.3205,263207.241,44.38,3.3096,773346.691,92.26,3.4027,447956.424,91.13,,,,3.4858,80260.73,4.82,3.5096,135038.038,12.53,3.5408,32022.977,37.9,3.5577,19055.763,62.25,3.6649,29961.139,2.22,3.712,628729.524,92.68,,,,,,,3.8995,43663.449,7.41,,,,,,,,,,4.0886,21358.057,3.04,4.1412,14400.952,2.33,4.0582,116091.11,50.37,4.0745,182020.07,67.73,4.0965,121852.257,36.56,,,,4.1924,123195.903,12.43,4.2001,234483.406,1.1,4.1999,326710.976,66.76,,,,4.1575,99630.499,30.93,4.2329,325174.087,86.44,4.35,50031.523,7.12,4.3571,61458.077,4.55,4.3819,263901.821,11.55,,,,,,,,,,,,,4.4465,75804.024,2.47,4.4811,167738.624,27.19,4.609,10644.165,0.05,,,,4.6066,390674.53,12.32,,,,,,,4.5974,547974.364,32.92,,,,4.6101,54490.424,17.92,0.9249,28135.013,14.12,,,,4.6071,10763.698,2.71,,,,4.6827,111034.111,2.51,4.7247,47565.067,31.74,,,,,,,4.7738,50833.525,45.89,4.7935,2013344.74,45.59,,,,0.9157,58806.431,65.36,4.9409,13393.456,0.26,4.8989,1789719.52,40.52,4.833,27516.448,3.37,,,,,,,5.0363,32160.628,46.88,5.0331,148001.942,21.08,5.0329,61148.781,14.68,,,,4.9306,19400.929,2.76
405_2021_W_4n,P2-A11,1,,,,5.0733,230778.482,60.22,5.0566,141839.579,18.86,,,,,,,5.1467,57268.046,25.65,,,,5.186,89400.077,14.25,,,,5.169,11887.418,2.75,1.306,72968.666,60.93,,,,,,,5.3274,94983.661,2.23,5.3184,22483.931,0.81,5.3248,1065989.281,13.55,5.2605,73957.942,16.12,5.3769,43570.52,49.82,,,,5.3767,44031.283,1.31,1.6406,11994.98,2.49,,,,5.4337,48357.955,3.35,5.4513,67950.116,29.08,5.4451,83061.119,15.45,5.4998,102772.752,3.29,,,,,,,,,,,,,,,,,,,5.5781,347427.173,91.58,5.5821,480059.941,14.31,5.58,79123.448,14.42,5.622,46386.4,11.69,5.6651,62758.218,1.47,,,,5.6723,74898.532,0.95,5.7025,51248.464,18.25,5.807,21176.328,10.68,5.7321,140697.207,27.14,,,,5.7388,15820.76,14.6,5.7572,200966.488,6.44,,,,,,,,,,,,,,,,6.03,62842.122,29.3,6.0315,2061695.735,69.99,,,,,,,6.0264,19077.054,6.61,6.0358,2176331.404,51.04,6.0519,40364.872,13.38,6.0288,35517.346,8.95,,,,,,,6.0946,11610.184,5.17,,,,,,,,,,,,,6.1659,253254.338,48.85,6.2146,11683.87,1.55,,,,,,,,,,,,,6.3122,14121.63,2.79,6.3452,53530.779,43.41,6.3662,35052.239,1.18,,,,,,,6.4136,285324.04,57.85,6.45,58267.773,1.74,6.449,42256.281,12.23,,,,6.4375,45210.044,1.06,,,,,,,,,,,,,2.1862,83515.223,37.23,,,,6.59,57860.998,1.85,6.6425,371825.412,73.45,,,,,,,,,,,,,6.7308,26159.592,9.65,6.799,24457.538,54.63,6.7752,11848.985,0.28,2.2011,295625.364,92.03,6.7353,26485.659,5.77,,,,6.8814,170849.51,5.47,,,,6.8814,134688.751,29.35,,,,6.928,82219.719,34.6,,,,6.9485,15865.688,38.79,,,,2.2917,45164.809,10.72,,,,,,,6.988,29421.275,63.01,,,,7.0875,16237.876,6.89,7.2681,13023.655,0.42,6.8804,91845.6,33.88,,,,,,,,,,2.4238,14370.888,100,,,,7.285,10350.015,9.55,7.16,117827.193,49.59,,,,,,,7.1737,194603.41,56.32,7.1877,556956.986,7.08,,,,,,,,,,2.4453,46582.273,18.04,7.3782,205084.816,10.19,7.3762,259914.062,9.4,7.3734,29227.348,10.13,7.3715,33655.514,8.48,,,,7.4313,54065.336,18.74,7.4438,46689.626,0.59,,,,7.4761,140825.342,34.55,7.4832,12101.29,10.65,2.5825,39129.752,78.3,7.5388,406629.816,77.15,7.5364,18366.092,64.37,,,,,,,,,,7.57,13086.002,1.58,,,,7.644,22118.517,33.95,,,,7.7213,69624.476,61.26,2.8252,11429.91,28.48,7.7344,81294.839,6.77,7.8392,10813.344,0.14,7.9412,31068.3,17.24,,,,7.8137,1330014.739,90.6,,,,7.9465,78332.249,10.42,7.9924,32151.296,100,8.0797,26936.169,0.97,,,,,,,,,,8.0443,72424.968,13.35,8.0532,1329246.557,16.9,8.288,14110.986,11.6,8.0584,11711.434,10.81,,,,8.0712,42571.45,79.25,,,,,,,8.1103,37213.006,1.35,2.8682,55253.612,84.42,8.149,10067.879,0.34,,,,8.1434,343262.609,54.39,,,,8.2792,22287.059,3.53,8.2873,323796.605,65.14,8.3462,12240.702,0.16,8.2838,10634.384,9.36,,,,8.297,1220878.748,60.69,3.0035,58344.833,22.59,8.2994,20500.45,3.89,8.3604,13104.705,7.27,,,,8.3864,148125.604,55.56,8.4174,19987.231,0.56,8.5129,67439.256,37.42,,,,8.6786,109545.508,5.45,8.5107,55459.641,7.37,8.5717,294541.274,83.53,2.9973,48985.242,100,8.6323,185903.457,26.54,8.6806,613706.722,34.97,8.7135,3512787.646,98.73,,,,8.7647,30597.468,26.35,8.9048,11190.542,6.21,,,,8.8214,58443.301,47.91,9.0911,10170.876,4.41,8.2924,1953563.297,70.65,8.8881,935892.994,77.89,,,,8.8208,12518.953,1.98,8.9067,42334.277,5.63,,,,,,,8.968,38782.428,32.84,9.0122,68609.778,69.01,9.052,26927.102,22.8,,,,,,,,,,,,,9.2637,16495.167,9.15,,,,9.2064,1142248.744,38.41,9.2931,11148.041,0.64,9.2097,1717285.09,99.31,9.2076,1624685.336,92.68,9.2359,55735.444,53.04,9.276,91938.129,32.19,9.272,13668.414,100,,,,3.181,21535.801,100,9.2738,33641.983,5.33,,,,9.3555,19789.091,7.01,,,,,,,,,,,,,9.3022,14372.392,2.34,9.4805,19149.007,16.49,3.213,122942.367,3.66,,,,,,,3.3278,40591.665,18.09,3.3229,222253.154,100,3.4196,100492.846,16.84,3.389,17309.372,7.7,3.4884,69990.907,25.82,3.5131,317809.358,65.94,3.5464,64413.169,73.55,3.567,31752.521,21.87,,,,3.7227,364791.704,93.29,,,,,,,,,,3.9601,29141.766,52.14,,,,3.8681,27845.401,0.65,4.0128,23931.147,7.93,,,,4.0648,16779.827,7.82,4.0813,15682.258,11.83,4.1051,256487.288,70.34,,,,4.1938,46705.298,16.64,4.2118,489005.976,6.22,4.2135,601537.406,14.11,4.2159,30723.28,1.11,,,,4.2485,657311.688,98.11,4.3464,40250.394,13.34,4.331,10822.82,3.51,4.3963,33454.447,6.78,,,,4.4861,16610.805,7.75,4.467,98762.094,3.35,4.4534,23103.352,8.94,4.4605,13655.939,20.96,,,,4.4917,929311.213,11.81,4.5,740268.357,54.41,4.5996,12314.04,2.68,4.5856,111196.267,3.31,,,,,,,,,,,,,,,,,,,4.5873,14294,0.49,,,,4.6974,67808.195,4.7,4.727,41984.356,71.03,4.7602,10202.396,0.35,4.777,1528708.724,90.37,4.7691,2141407.918,63.83,4.8072,625457.741,43.36,,,,0.9149,13673.204,55.15,4.8796,1753161.689,56.18,4.9063,648798.28,44.98,4.9445,11649.116,0.42,,,,4.9223,182985.188,5.45,,,,5.0395,109614.952,36.32,,,,,,,,,
409(403?)_2021_V(T?)_4n(2n?),P1-B8,1,1.2638,29602.283,24.71,,,,5.0747,14293.65,0.49,,,,,,,5.1569,12230.575,2.95,5.2778,17322.981,5.17,5.1696,133298.574,12.69,,,,5.1791,25398.292,8.82,1.3058,196999.621,21.2,,,,,,,,,,,,,5.3327,96287.316,0.27,5.3425,255959.788,10.17,,,,,,,,,,1.6455,223009.694,22.68,,,,5.4195,45806.133,2.69,5.4393,241931.259,32.55,5.4447,264262.69,40.25,5.4283,28096.116,0.85,,,,,,,,,,,,,,,,1.6564,225782.581,69.8,5.565,84654.278,51.95,5.5667,24628.87,3.46,5.5048,21557.089,1.45,,,,5.7803,20348.619,2.26,,,,5.6778,15169.772,0.04,5.7053,132759.662,16.97,5.6949,11645.332,1.62,,,,,,,5.6908,13403.91,2.33,5.8242,664196.959,20.04,,,,,,,5.8183,98492.561,3.41,,,,5.8158,13297.867,39.62,5.9837,12809.699,4.32,,,,,,,6.0032,36009.16,7.5,6.0236,94732.151,9.05,,,,6.0433,114088.4,12.08,6.0955,18449.335,12.97,6.0973,47941.885,4.88,,,,,,,6.1269,31975.807,20.31,,,,,,,,,,,,,6.2021,160090.341,5.54,6.1986,37581.254,11.38,6.2599,35749.952,4.98,6.2323,42983.183,8.95,,,,6.2993,91770.928,4.64,6.3497,146500.97,44.36,6.3432,31064.221,1.44,2.0179,196106.244,67.6,,,,6.3981,687738.704,25.69,,,,6.4322,26793.015,55.12,,,,6.4251,18025.214,2,,,,6.5668,26272.945,4.83,6.5188,12450.295,5.87,,,,2.1863,263779.774,59.12,6.6818,34089.046,2.26,6.594,17500.549,0.53,6.6315,1323021.133,66.91,,,,,,,,,,,,,6.7339,35246.539,4.33,,,,6.953,47986.454,5.33,2.1849,410484.653,89.98,6.777,198509.022,7.88,6.9815,17284.271,8.65,6.8258,40024.897,1.21,,,,6.8731,459092.973,18.23,6.8842,39662.557,18.03,6.9193,79151.899,30.63,,,,6.9246,88972.541,80.77,6.9358,46498.093,2.35,,,,,,,6.9717,10946.909,43.24,,,,,,,7.0555,31775.561,12.17,,,,6.8725,282665.644,34.77,,,,,,,,,,2.4257,49999.6,63.08,,,,7.2506,49115.537,8.53,7.1419,135763.404,52.54,,,,7.1625,65097.9,30.68,,,,7.0986,33586186.05,92.74,,,,,,,7.3695,17688.492,0.57,,,,7.3619,136733.476,35.01,7.358,187557.525,12.41,7.3602,73228.915,7,7.3565,54974.244,38.65,,,,7.4203,488279.678,46.65,7.4326,385712.313,1.07,7.6795,49078.39,57.94,7.4715,104983.461,28.63,,,,2.5838,181030.939,93.64,,,,,,,7.5453,57985.737,25.24,,,,,,,7.5588,132416.365,47.19,,,,,,,,,,,,,,,,7.7233,71439.145,13.19,7.7156,27620.317,0.08,7.7414,15994.728,0.51,,,,7.7943,2506906.474,98.13,,,,,,,7.982,22154.637,100,,,,8.1611,40231.058,12.02,2.8749,10600.12,5,,,,,,,8.0397,216087.128,0.6,8.2706,13084.809,6.17,7.8602,16508.857,2.87,7.9016,14388.465,10.83,8.0711,15415.355,15.59,,,,,,,,,,,,,8.2736,106909.932,4.96,8.2666,19123.395,3.32,,,,,,,,,,8.2803,20122.855,2.4,8.241,14778.325,0.04,,,,,,,8.2723,136597.111,34.98,,,,,,,8.5046,164214.229,5.28,,,,8.3643,524943.309,80.16,8.4077,24975.51,1.2,8.4807,88593.705,2.85,,,,,,,8.4942,1553029.324,53.75,8.5569,726747.672,96.07,2.9843,76210.111,73.28,8.6177,85052.275,21.9,8.6367,15526.573,0.87,8.6901,1998043.53,96.07,,,,8.745,148433.173,3.16,8.7405,46836.868,1.51,,,,8.8026,114591.482,18.95,8.9242,21487.574,11.09,8.2772,221072.537,14.63,8.8777,165859.216,30.63,,,,8.906,11679.096,3.31,8.8939,45859.73,1.59,,,,,,,8.9552,75734.05,32.7,8.9732,12104.733,20.07,9.0249,68874.686,29.74,,,,9.0872,23261.54,0.5,,,,3.1421,195042.425,92.88,9.2587,12842.18,0.41,,,,9.1963,1741903.567,80.77,9.1973,2430467.787,99.41,9.1984,2991959.33,100,,,,9.2056,15451.494,21.59,9.2636,167923.107,66.89,9.2744,34800.328,66.73,9.2591,13924.67,6.56,3.1636,65870.083,44.21,9.2632,56436.151,15.98,9.0215,15094.827,7.36,9.348,26427.895,4.71,,,,9.1926,11426.655,3.24,,,,,,,9.1986,142723.687,37.26,9.4765,26309.312,0.56,,,,,,,3.225,31079.308,5.54,3.3236,207025.178,34.21,3.3186,552530.368,95.25,3.392,113872.507,58.01,,,,3.4855,27256.516,3.35,3.5058,43382.153,4.41,,,,3.5599,15531.424,15.94,3.6468,48687.577,5.15,3.7131,1167024.055,86.12,,,,,,,,,,3.9453,58814.124,77.24,,,,,,,4.0191,81366.756,8.62,,,,4.0591,17871.673,6.03,4.0686,39078.131,51.38,4.0908,140376.906,44.43,,,,4.1839,122322.217,15.63,4.2045,483803.275,1.34,4.199,686408.569,76.21,,,,4.1561,22797.502,11.28,4.232,111658.682,91.15,4.3473,117587.197,12.45,4.348,95329.975,10.08,4.38,1168004.138,43.63,,,,,,,,,,,,,4.4486,12585.282,8.99,4.5581,163458.477,8.63,4.4964,24075.811,0.07,,,,4.5996,37963.104,1.51,4.5132,17294.887,2.43,,,,4.597,65632.133,8.07,,,,,,,0.9231,29658.892,14,,,,,,,,,,4.6886,10826.266,0.64,4.7215,66260.017,31.69,4.7403,59635.689,14.14,4.7669,43121.816,79.93,4.7594,493645.895,69.4,4.7889,839410.942,49.36,4.7386,10535.945,15.82,0.9167,62861.25,52.46,4.8664,103885.087,3.13,4.8921,710135.803,41.76,4.8343,16034.103,1.06,,,,,,,,,,5.0294,366208.639,38.78,5.0354,14601.906,4.33,,,,,,
409_2012_T_2n,P2-B7,1,,,,,,,5.0674,27448.557,2.15,,,,,,,5.1388,34722.473,46.32,,,,5.2007,28473.272,9.71,5.2228,10705.516,1.71,,,,1.3062,139887.14,47.59,,,,,,,5.1896,11484.017,2.31,,,,5.3318,101872.018,0.68,5.3487,603824.172,30.48,,,,,,,,,,1.6575,62032.552,9.2,,,,5.4439,30588.373,2.2,5.467,113367.562,26.94,5.4747,136371.729,39.39,5.4725,96823.929,7.01,,,,,,,,,,,,,,,,,,,5.5844,733614.585,92.35,5.5965,10210.23,3.88,5.6174,213571.588,37.35,,,,,,,,,,5.6094,23173.808,0.16,5.7165,105445.596,24.4,5.7224,13984.153,3.1,5.6778,11036.697,6.28,,,,5.7485,27451.011,6.22,5.6804,114957.177,8.33,,,,,,,5.826,138784.637,10.88,,,,,,,6.0229,87484.153,16.9,,,,,,,6.0133,71376.426,10.34,6.0383,110587.757,16.26,,,,6.0561,35472.811,9.77,,,,6.0946,89955.684,13.33,,,,6.1093,67748.476,6.24,,,,,,,,,,6.1752,39583.058,5.05,6.1831,21106.529,12.01,6.2183,26975.525,2.11,6.2228,39072.295,59.2,6.2754,183646.248,40.76,6.2691,220919.318,32.01,,,,6.3153,370467.185,59.06,,,,6.373,206292.761,38,,,,6.364,21104.139,18.64,6.4171,437222.247,39.16,,,,6.662,11768.817,100,,,,,,,,,,,,,,,,,,,2.1951,68728.982,49.21,,,,6.6361,867039.772,62.81,6.6427,79347.449,12.65,,,,,,,,,,6.7473,21405.825,4.14,6.7853,168591.893,19.25,,,,6.7711,30154.942,6.08,2.1968,89668.61,76.2,6.7867,258926.227,13.07,,,,,,,6.8888,107647.966,60.8,6.8613,39627.406,2,6.8743,63634.277,31.13,6.9367,73295.501,67.37,,,,,,,,,,,,,6.9003,14702.193,16.81,,,,,,,,,,,,,,,,,,,,,,,,,7.1307,13692.583,3.21,,,,,,,7.1431,88774.09,20.11,,,,,,,7.1523,30908.789,11.74,,,,,,,7.2025,17938.929,59.5,,,,,,,,,,7.3773,178922.965,41.91,7.3747,218830.575,22.41,7.3853,33282.628,4.89,7.3764,40075.702,35.39,,,,7.3146,268946.343,39.53,7.4484,13788271.63,92.55,,,,,,,7.4954,118408.754,29.53,,,,7.4482,417614.612,100,7.5395,15724.553,58.28,,,,7.5937,71847.425,7.36,,,,7.5791,100806.244,47.89,,,,7.6648,27651.982,29.57,,,,7.7328,39669.26,9.89,2.8338,729683.296,92,7.7475,40798.645,25.11,7.724,13742.312,0.09,7.7572,19510.432,4.49,,,,7.8184,2842106.529,99.21,,,,7.7451,74055.54,5.81,,,,,,,,,,2.8811,21949.944,8.34,,,,8.041,23795.243,13.96,8.058,85048.979,0.57,,,,7.8724,27532.887,6.24,8.0688,73869.634,72.39,,,,,,,7.9321,10052.384,9.85,8.1189,15485.539,1.59,2.89,101658.221,90.92,8.3,47038.643,8.66,,,,8.1533,16316.594,2.08,8.2665,17738.391,12.7,,,,8.2689,94977.617,32.22,8.2993,77256.599,0.52,,,,,,,8.302,77520.419,18.16,3.0525,41508.119,35.51,,,,,,,,,,8.3967,100987.866,38.73,8.4266,89398.539,12.59,8.5091,11634.248,2.67,,,,,,,8.5285,52763.348,4.14,8.5861,216054.537,79.49,2.9938,13894.766,100,,,,8.5133,25100.415,15.69,8.7155,607774.153,85.62,,,,8.767,362497.148,40.5,8.763,170116.558,39.11,,,,8.8311,71313.263,50.3,,,,8.2976,92838.959,9.51,,,,3.0024,36563.255,36.8,8.9046,29310.569,3.74,,,,,,,8.946,56714.564,10.96,8.9746,17608.286,24.1,,,,9.0472,20485.309,28.04,,,,8.8899,11954.091,1.34,,,,3.1477,12450.577,8.79,9.2737,17391.169,4,,,,9.2018,13036.975,2.4,,,,,,,,,,,,,,,,,,,9.4373,15323.398,5.82,3.1814,30176.648,38.56,9.2847,24966.734,3.18,9.2842,41631.395,10.38,9.3702,78047.586,12.72,9.4276,11483.057,4.36,9.4316,65047.537,8.3,9.4336,117814.076,29.38,9.4505,110162.651,42.25,9.2988,37814.248,16.71,,,,,,,,,,3.2382,28555.316,4.66,3.3294,92979.112,8.56,3.3216,335094.99,76.66,3.3904,100761.483,46.89,3.4047,14924.523,30.44,,,,3.5157,361338.119,53.56,3.5531,13950.435,50.35,3.5687,101403.853,100,3.6611,69949.826,8.7,3.7323,325618.349,89.17,,,,,,,,,,3.9662,24131.205,100,,,,,,,4.0953,13521.007,3.72,,,,4.0725,168516.296,32.56,,,,4.1096,371114.694,46.65,,,,4.1921,89549.637,20.72,4.2145,252613.952,1.7,4.2188,306729.963,61.8,4.207,44730.058,4.58,4.1658,18967.385,13.67,4.2506,440720.173,85.16,,,,,,,4.3984,154750.034,13.86,,,,,,,4.5209,23017.558,7.68,4.4627,28234.135,24.16,4.4647,35347.629,37.8,4.5155,34507.271,18.8,4.495,84272.901,0.57,4.4995,18879.404,59.94,4.6146,271853.535,13.72,,,,,,,4.6071,363996.329,41.56,,,,4.6233,20758.941,17.76,0.9237,41970.909,42.84,,,,,,,,,,4.7041,56842.395,4.09,4.738,152760.864,83.95,,,,,,,4.7757,118912.071,45.19,4.8135,676954.651,48.73,,,,,,,4.8836,54671.952,3.96,4.9141,579990.29,41.75,4.9503,23346.304,2.39,,,,,,,,,,5.1637,10879.161,3,,,,,,,5.0493,81976.932,22.58
418_2021_W_4n,P1-B10,1,1.2835,34984.699,16.12,,,,5.0484,76171.35,2.54,,,,,,,5.1388,76865.707,19.21,5.2801,34823.863,10.74,5.1779,43221.926,8.75,5.206,19394.527,0.52,5.1999,69961.944,14.35,1.3126,364235.177,27.89,,,,,,,,,,,,,5.3271,161389.473,0.58,5.2558,698119.076,25.93,,,,,,,,,,1.6521,54199.415,3.04,,,,5.4235,134581.567,4.28,5.4477,874821.017,43.82,5.4465,889679.631,47.02,5.4569,144805.148,6.76,,,,,,,,,,,,,5.535,16536.897,5.1,,,,5.5679,440190.663,85.95,,,,5.6045,349360.917,36.75,,,,5.7787,14696.612,3.48,,,,5.6663,79432.745,0.29,5.6996,235695.064,17.1,5.6998,30492.086,2.94,5.6593,13358.97,4.06,,,,5.7426,14545.718,1.19,5.8117,141333.24,6.6,,,,,,,5.8151,131614.551,4.38,,,,5.8147,29096.065,100,6.0099,22554.742,9.68,5.8559,12853.735,3,,,,6.002,35691.033,3.45,6.0276,166086.077,13.05,6.058,14933.953,3.53,6.0554,104688.448,8.78,,,,6.0894,102821.503,5.76,,,,6.0843,22488.086,5.13,6.1226,91161.706,73.76,,,,,,,,,,,,,6.2111,159510.913,5.31,,,,6.2697,75766.852,7.32,6.2679,28798.284,2.78,,,,6.2967,116351.784,3.13,6.3544,114113.949,48.48,6.3494,14023.727,1.07,,,,,,,6.3969,2019943.775,69.36,6.5853,23751.208,7.58,6.6544,13833.246,18.39,6.5138,15256.273,5.29,6.4278,16836.055,3.98,,,,6.569,55126.308,55.6,6.4571,13237.142,2.94,,,,2.1807,135404.958,27.56,6.524,11818.965,1.07,6.6161,698618.803,32.63,6.6294,2236762.9,60.23,,,,6.8608,10045.377,3.61,,,,,,,6.731,205506.778,15.36,6.7894,22917.718,68.42,,,,2.1907,192915.972,86.78,6.7705,66926.899,2.49,6.8265,30041.638,26.3,,,,6.8746,21175.623,14.68,6.8718,405656.574,15.06,6.87,41839.222,11.02,6.9185,68826.268,31.04,,,,6.9259,10467.208,46.13,6.9438,127826.605,3.44,,,,,,,6.9659,104638.327,100,6.9676,14133.859,47.59,,,,7.0758,84717.397,28.63,,,,6.9478,10081.969,0.75,,,,7.0759,20349.939,66.71,,,,2.4201,89497.504,43.93,,,,7.0677,16214.213,1.33,7.1447,138563.788,62.49,,,,7.1707,21672.326,4.81,,,,,,,,,,,,,7.4951,19174.049,1.97,,,,7.3589,63211.123,45.89,7.4283,530644.861,47.9,7.3793,91403.835,7.18,7.3497,20015.964,57.06,,,,7.4092,101943.982,8.01,7.4263,25430059.86,91.6,,,,,,,7.4799,23859.612,21.04,2.5837,315587.436,88.54,7.5957,24605.98,3.48,,,,7.5436,86800.639,21.21,7.5327,12969.481,1.17,7.5943,14339.578,12.65,7.5541,117516.358,37.26,,,,7.6398,37395.096,24.12,,,,,,,2.8085,36505.966,42.53,7.73,48153.371,6.94,7.734,14478.671,0.05,7.5716,10751.022,1.1,,,,7.7939,895523.12,98.89,,,,7.9354,122755.028,4.09,7.9788,236129.915,91.33,8.1033,31706.686,2.86,8.1585,82905.303,25.56,2.8601,13319.51,2.96,,,,,,,8.049,121295.79,0.44,,,,8.0576,29765.208,2.44,8.0398,10208.166,2.09,8.0617,29053.098,47.24,,,,7.9156,109477.823,22.45,8.1372,11037.15,1,2.8883,15882.05,36.78,,,,8.2724,99980.396,8.19,,,,,,,8.2615,22551.255,4.06,8.2384,54174.228,23.06,8.2808,171544.622,0.62,,,,,,,8.1008,25091.473,18.21,3.0263,63942.726,19.71,,,,,,,,,,8.3775,208794.319,54.72,8.4079,30376.057,0.3,8.4929,209701.307,21.52,8.6413,17996.89,19.32,,,,8.4953,1035419.846,34.46,8.5849,861277.42,93.11,2.9875,159707.206,100,8.6236,125516.746,18.83,8.5832,11354.743,1.04,8.6971,9912848.909,98.34,,,,8.7548,173973.609,11.89,8.755,68415.604,7.02,8.873,12870.03,4.95,8.8074,325314.912,21.22,9.0927,10118.814,3.64,8.2731,13816.653,1.25,8.8761,340421.368,49.1,,,,,,,8.8829,101992.34,3.39,,,,8.9136,18177.52,7.8,8.9597,202972.204,33.26,,,,9.0277,226507.042,37.12,,,,9.1365,19393.182,1.33,,,,3.1338,12167.99,11.28,9.2534,33348.849,3.42,,,,9.1971,1089715.083,83.51,9.2,1637297.072,100,9.2005,1484235.746,100,,,,9.2148,98575.48,61.91,9.2634,958687.635,100,9.2696,341296.261,100,9.2678,68843.597,15.29,3.1618,68580.334,69.01,9.263,309280.562,55.65,,,,9.3499,38453.562,14.22,9.419,18886.644,4.19,9.6729,18848.662,3.39,9.4156,19455.846,17.16,9.4259,33920.952,8.89,9.6659,35891.376,10.72,9.485,96842.587,6.62,3.1315,41660.818,13.29,,,,,,,3.3177,78395.066,17.87,3.3115,371528.762,87.83,3.3955,342364.374,100,,,,3.4855,102928.363,7.69,3.4987,150667.241,8.45,3.5385,42134.081,9.74,,,,3.6562,37560.394,2.62,3.7118,594947.196,87.37,,,,,,,3.9962,10917.509,3.13,3.9503,57833.675,59.76,,,,4.0618,10539.045,2.49,4.0146,133440.848,11.19,,,,4.0622,115181.97,49.45,4.0745,33735.571,23.16,4.09,199397.296,47.58,,,,4.1876,233064.783,16.91,4.1966,253012.957,0.91,4.2028,279804.4,66.18,,,,4.1473,33370.635,9.57,4.232,435377.215,77.85,4.3475,109257.038,9.16,4.3531,111208.697,7.75,4.3793,30711.795,1.05,,,,,,,,,,,,,4.4377,55849.349,36.03,4.4969,58295.222,8.82,,,,,,,4.6018,63047.554,2.34,,,,,,,4.6126,30823.772,2.3,,,,4.6041,50090.386,15.44,0.9279,22346.383,5.46,,,,,,,,,,4.6845,87055.66,2.77,4.733,43000.183,10.85,,,,,,,4.7645,159239.225,50.79,4.7836,1388431.661,44.16,,,,0.9093,116455.568,53.66,4.9422,25338.066,1.18,4.895,1322418.167,42.06,4.8423,21562.526,1.95,,,,,,,4.9425,32198.001,71.74,5.0309,223499.08,18.75,5.1259,12653.955,2.49,,,,5.1739,13115.791,1.1
423_2012_T_4n,P2-C5,1,,,,,,,5.0564,39159.723,1.23,5.0869,538810.184,10.64,,,,5.1367,23178.657,16.58,5.2021,11921.287,0.26,,,,,,,,,,1.3086,230323.506,42.66,,,,,,,5.2156,43712.59,7.5,5.283,3183280.148,58.61,5.37,31688.5,2.68,5.3482,355473.256,13.61,,,,5.3977,1567632.009,30.94,,,,1.6651,136747.373,15.28,,,,5.449,88144.528,6.87,5.4601,187750.816,25.95,5.4698,220120.281,38.25,5.4758,13863.356,7.01,5.5226,19588.466,8.23,,,,,,,5.4038,42555.701,20.84,5.564,1080324.086,23.29,1.6591,122818.359,100,5.5838,611461.084,100,5.5265,27216.018,25.88,,,,5.5612,56300.7,3.14,5.7126,11166.031,1.91,5.5693,27533.394,0.45,5.6863,12917.551,1.09,5.7108,205150.597,26.33,5.7106,22168.298,3.39,,,,,,,5.7297,24044.187,2.94,,,,,,,5.8161,95630.082,1.89,5.8284,107425.617,3.37,5.8169,36788.347,2.05,,,,,,,,,,,,,6.0088,207360.384,20.47,6.04,115640.395,11.62,,,,6.0661,62380.648,10,,,,6.098,29076.297,3.25,,,,6.108,153139.081,11.85,6.1478,163942.994,26.24,,,,2.0008,18856.181,0.41,6.1848,38309.443,0.75,,,,6.2229,69611.505,2.18,6.2176,64217.849,69.72,6.275,233646.298,35.74,6.2747,180088.968,17.78,,,,6.3131,411840.175,35.04,6.3616,27889.564,30.28,,,,2.049,157016.689,69.4,,,,6.4122,824256.178,42.12,,,,6.5165,126846.263,53.29,,,,6.6433,149293.498,25.6,6.5633,13396.945,0.26,6.5883,69266.029,17.58,6.6146,677798.558,11.1,6.6123,588454.564,6.41,2.2009,220879.879,45.85,6.4302,49953.417,0.92,,,,6.6442,493831.264,42.02,,,,,,,,,,6.7578,27597.048,0.54,6.7368,243529.087,12.31,6.8454,174557.746,22.47,6.8446,29250.224,5.02,2.2014,349196.376,60.39,6.7841,154359.536,5.91,6.8456,3451586.136,37.57,,,,6.9008,57928.208,44.28,6.8673,18555.016,0.71,6.8988,150732.819,78.07,6.9389,164297.944,69.23,,,,,,,6.9603,30803.624,2.62,,,,6.9052,14773.792,11.38,6.8484,616483.805,26.72,,,,7.024,12175.8,7.21,7.081,10320.523,12.76,,,,7.1025,11112.261,0.56,7.0682,40571.2,0.8,,,,7.1305,116462.453,7.13,2.4317,29765.404,72.89,,,,7.1496,113565.726,13.89,7.157,23848.965,10.05,7.1293,24587.877,1.37,7.1634,28870.282,0.47,,,,,,,,,,,,,,,,,,,7.3781,13623.699,0.83,7.3881,26240.787,0.48,7.314,358468.684,36.03,,,,7.3227,22265.441,0.66,7.4372,252869.4,25.42,7.452,56401.884,4.77,,,,,,,,,,2.5917,249730.515,100,,,,7.5429,13738.923,24.68,,,,,,,7.6132,4624327.222,50.35,7.5832,77801.018,27.29,,,,7.6498,16372.734,2.27,,,,7.7225,64712.954,0.7,2.8333,798469.992,92.61,7.744,51297.195,27.6,7.7567,14672.959,1.24,7.7629,46665.517,8.89,,,,7.8246,2711729.098,98.07,,,,7.9436,63868.284,2,,,,7.8634,42349.506,0.78,8.1784,16418.861,0.35,2.8904,12380.655,0.2,7.8695,11638.163,0.23,8.028,22262.247,11.5,8.0435,13867.997,1.17,,,,7.8693,42162.651,5.16,8.0651,96374.627,50.89,,,,,,,7.9358,29903.404,15.79,,,,2.8849,151882.33,100,8.0502,21527.972,1.48,,,,,,,8.2718,36391.562,7.55,,,,8.2691,84164.253,82.43,8.3277,11651.158,0.98,8.1473,10258.299,0.11,,,,8.3254,10081.824,0.62,,,,,,,8.2536,10311.672,1.96,,,,8.3951,368549.517,33.08,8.4329,50160.454,1.13,8.524,94936.229,18.09,,,,,,,8.5139,190148.603,5.96,8.5887,242515.074,34.08,3.0131,75329.733,100,8.42,13671.164,1.66,8.5225,95860.337,47.38,8.7186,4367088.771,98.21,8.5101,17528.83,35.76,8.7721,12186.258,3.41,8.8898,12739.063,2.43,8.8975,12573.932,6.49,8.8292,134296.898,35.53,,,,,,,,,,,,,8.8205,146513.528,2.85,8.9131,152064.912,4.76,,,,9.1499,17225.087,0.34,8.9688,142618.102,19.63,,,,9.0505,151288.592,20.82,,,,8.8946,11056.95,3.1,,,,3.1537,47696.348,50.1,9.0504,78360.269,14.93,,,,9.2152,93875.19,6.45,,,,9.2192,28330.354,51.71,9.2164,141737.048,100,9.2419,64313.752,70.39,9.2852,749732.98,43.73,9.2866,324930.153,92.35,9.2808,58710.012,0.96,3.1822,64068.507,85.83,9.2809,245563.371,4.78,,,,9.359,25825.664,4.39,9.6048,10443.71,0.17,9.4191,83071.921,1.62,,,,9.4566,27156.875,2.44,9.2992,51511.85,7.79,9.572,12259.593,3.43,,,,3.2192,33517.05,0.66,3.244,21094.81,3.59,3.3311,12642.842,0.98,3.3297,125767.897,84.43,3.3982,81341.51,15.46,3.4019,52696.807,30.13,3.5065,50722.135,2.56,3.5165,250151.625,27.95,3.5555,67397.905,54.84,3.5748,31638.279,20.86,3.6617,54416.944,6.11,3.7287,552991.703,97.49,,,,,,,,,,,,,,,,3.9948,35047.541,6.01,4.0307,39964.246,6.41,,,,4.0734,247987.457,4.89,4.0873,17675.621,4.47,4.1076,227212.887,33.95,,,,4.1946,170075.641,21.83,4.2165,29610.711,2.5,4.2183,25782.804,4.42,4.0791,64475.576,1.19,4.1472,28626.27,18.8,4.256,639255.909,82.28,4.3577,21442.23,3.44,,,,4.3926,109638.463,5.6,4.4275,98082.69,7.26,4.431,396802.906,7.83,4.3444,190795.824,5.69,4.3446,268562.609,5.79,4.474,22195.9,3.08,,,,4.3575,18297.413,1.55,,,,4.6031,600260.36,22.99,4.5015,16256.639,15.46,,,,4.6031,769656.239,38.89,4.6517,406951.321,22.68,4.6331,31519.603,0.68,0.9248,15016.234,12.55,4.65,472840.375,9.33,4.6474,34094.531,1.02,4.6957,306465.614,42.17,4.7061,50866.76,3.96,4.737,121739.475,57.66,4.8615,17342.492,0.52,,,,4.7655,12004.358,11.41,4.8111,541173.52,42.18,,,,0.9261,54682.797,100,,,,4.9208,478756.4,37.31,4.8597,261748.076,4.82,5.0037,133524.945,2.88,5.0984,20840.029,19.82,,,,5.0382,121281.845,19.45,,,,,,,4.9251,35865.529,5.75
429_2012_T_2n,P2-D6,1,,,,,,,,,,,,,,,,,,,5.3086,13429.425,27.08,5.1921,38071.484,33.03,,,,5.2005,15249.974,6.41,1.3059,148832.663,34.98,,,,5.212,15778.132,100,5.1807,19195.054,4.51,,,,5.3119,12401.148,0.17,5.3515,874809.131,24.11,5.4736,30124.412,13.23,,,,,,,1.6384,16636.355,3.12,,,,5.4529,56204.768,3.46,5.4725,10371.595,1.21,5.4743,40104.33,15.8,5.4727,6902938.669,94.86,,,,,,,,,,,,,,,,1.6553,17989.915,38.84,5.584,377960.769,85.46,5.6059,15703.735,21.73,5.6181,30391.98,1.26,,,,5.7908,11580.925,2.72,,,,5.6827,129601.795,1.81,5.7147,182502.618,22.21,5.7144,18397.703,2.13,,,,,,,5.7298,36650.375,5.94,5.8818,10793.578,0.15,,,,,,,5.8286,124574.046,4.03,,,,5.8354,55872.739,100,,,,5.9643,20591.934,5.18,,,,5.9995,144469.559,13.25,6.0336,173341.053,20.45,,,,6.0633,54161.305,9.86,,,,6.102,100160.608,18.78,6.0683,27037.835,55.87,6.1115,15668.811,4.26,6.1452,23206.136,100,,,,,,,,,,,,,6.2211,68868.712,2.23,6.2132,175440.238,64.35,6.2713,257975.515,29.83,6.2788,243957.223,22.37,6.2181,13443.363,47.76,6.3186,361795.342,48.36,,,,6.3844,45935.099,3.86,2.0289,21182.603,65.82,,,,6.4186,555469.788,36.5,,,,,,,,,,,,,,,,,,,6.6436,11211.992,2.83,,,,2.1907,92065.901,37.26,,,,6.6364,80414.939,1.11,6.6457,126172.88,16.86,6.6554,109499.844,42.55,,,,,,,,,,6.7819,471133.877,24.53,,,,,,,2.2024,126447.543,67.36,6.7804,962863.858,26.54,,,,,,,6.8882,138021.111,93.23,,,,6.8934,251408.29,78.4,6.9485,275032.286,79.34,,,,6.9545,10038.22,28.57,,,,,,,6.9239,10010.856,3.54,6.9181,11017.549,47.26,,,,,,,,,,,,,7.0926,221943.921,11.56,,,,,,,,,,,,,,,,7.1425,121616.809,19.7,,,,,,,7.1676,70676.841,17.85,,,,7.2291,11810.026,0.16,7.2014,39733.891,100,,,,,,,,,,7.3841,342925.411,83.45,7.3826,537719.737,58.62,7.3104,281233.554,33.18,7.3723,29691.737,19.73,7.5494,14458.655,3.64,7.4308,102825.113,12.13,7.4507,4008409,55.92,,,,7.4887,67931.089,48.78,7.4987,92170.127,72.84,2.59,36426.728,100,7.4529,55386.985,100,,,,,,,,,,,,,7.584,55742.17,21.67,,,,7.6564,7118991.667,97.85,,,,,,,2.8374,74646.575,43.7,,,,7.734,50292.066,0.7,7.7528,69257.445,10.46,,,,7.8237,3579865.737,98.44,7.9281,12535.657,3.24,7.9474,13886.737,0.45,,,,,,,,,,2.8619,12783.111,3.23,,,,8.0458,89786.454,17.95,7.9593,11028.491,0.15,,,,7.8723,30621.122,4.96,8.0785,48208.704,41.95,,,,,,,,,,,,,2.8627,10218.437,38.77,,,,,,,,,,,,,,,,8.2652,56534.444,30.06,,,,,,,,,,,,,,,,,,,,,,,,,8.4069,116479.465,39.25,8.4234,17510.435,2.44,8.5307,90580.122,13.68,,,,,,,8.5249,296273.942,9.58,8.5909,244368.541,92.05,3.0076,10530.431,100,8.642,65614.788,6.92,8.5242,148205.394,22.33,8.7197,675446.075,94.23,,,,8.7466,17285.121,7.55,8.6787,25054.99,3.78,8.7722,24505.935,4.9,8.8258,364602.327,47.76,,,,8.3004,11936.317,1.3,8.8873,118125.049,61.17,3.0038,25788.678,23.03,8.9112,26240.452,5.35,8.9115,30790.667,1,,,,9.0333,12314.745,3.18,8.9747,173256.57,35.18,,,,9.0448,223083.055,45.3,,,,8.8843,35850.835,15.65,,,,3.1553,44844.621,28.2,9.0542,121213.617,18.3,,,,9.2173,551560.568,46.35,,,,9.2208,630032.423,100,9.2174,834164.121,98.76,,,,9.2845,765165.272,93.64,9.2911,361172.669,100,9.2882,65484.792,16.54,3.1705,11969.353,25.25,9.2838,311954.703,63.59,,,,9.3741,94891.403,11.06,,,,9.5734,11822.723,2.41,,,,9.4549,108973.244,36.72,9.5344,16706.028,2.52,9.6184,21500.912,9.39,,,,,,,,,,3.3312,112687.371,30.62,3.3302,414539.487,88.6,3.4121,213014.947,84.87,3.3951,50055.037,15.59,3.5267,23555.889,1.23,3.5179,90654.416,17,3.5556,26456.071,100,,,,3.6663,87198.399,7.16,3.7281,416674.269,94.27,,,,,,,3.9097,58480.421,10.06,3.9645,20757.048,34.09,,,,,,,4.0762,56043.111,10.21,4.1454,18014.9,5.63,4.0742,171292.198,44.22,4.0846,20512.729,11.27,4.1043,133305.033,39.17,,,,4.1967,158776.363,19.32,4.2171,316897.824,4.42,4.2088,318406.765,74.79,,,,4.2279,13952.737,11.33,4.2529,180197.669,89.57,4.3365,24429.718,4.45,4.3642,21436.836,1.76,4.3992,134894.94,8.86,,,,,,,,,,,,,4.4639,31116.885,0.43,4.4789,179971.025,56.2,4.4718,15733.058,0.22,,,,4.6003,486942.259,13.42,,,,,,,4.6051,635551.154,33.09,,,,,,,0.9274,25383.441,31.12,4.6018,14581.326,3.76,,,,,,,4.7025,48426.007,2.99,4.7304,116648.285,80.66,4.7665,13039.031,3.28,,,,4.7713,34964.605,48.39,4.8129,806123.562,49.69,,,,0.9232,11577.6,100,4.9597,24617.121,0.34,4.9173,651423.651,40.16,4.8463,73949.356,8.06,,,,,,,,,,5.0368,91550.042,16.67,,,,,,,5.1742,23332.437,4.25
42_2012_T_2n,P2-B8,1,,,,,,,,,,5.0673,10016.59,3.42,,,,,,,5.2973,11880.26,11.73,5.1941,27806.675,31.63,,,,5.232,13109.951,10.01,1.2944,35102.961,14.81,,,,,,,,,,5.3808,10368.917,1.53,5.4056,12619.088,0.27,5.35,568674.271,27.73,5.4745,29167.842,15.64,,,,,,,1.6549,65915.083,12.67,,,,5.4432,51256.49,3.54,5.4502,33181.763,8.01,5.4718,97518.673,32.98,5.4743,5457499.832,94.43,,,,,,,,,,,,,5.5461,14609.773,14.43,1.6634,43508.053,63.89,5.5866,444489.68,97.23,5.6004,12128.161,14.27,5.4853,26716.753,1.3,,,,5.8044,32533.799,11.11,,,,5.6843,100396.372,2.18,5.7193,107894.631,29.22,5.716,15614.902,4.07,,,,,,,5.7474,52914.405,11.69,5.7437,15405.863,0.27,,,,,,,5.8242,125925.438,10.02,,,,5.8278,32530.304,70.6,,,,5.9576,15216.454,4.68,,,,6.0097,97521.244,16.41,6.0321,96666.604,15.7,,,,6.0585,42646.511,13.47,,,,6.1016,80833.241,15.54,,,,6.1039,10948.629,7.22,6.1369,33127.186,65.11,,,,,,,,,,,,,6.2151,33500.649,2.67,6.2117,81262.582,44.82,6.2701,187249.485,48.86,6.2676,160699.841,27.04,,,,6.3122,336922.605,59.33,,,,6.4135,10659.441,1.08,,,,,,,6.4145,339530.639,35.55,,,,,,,,,,,,,,,,6.5848,12843.464,18.04,,,,,,,2.2037,48442.165,28.94,6.4276,13519.044,2,6.6356,97009.791,1.68,6.6447,110118.971,19.39,6.6541,94119.969,43.1,,,,,,,,,,6.7877,271105.79,26.61,,,,,,,2.2036,79925.516,69.36,6.7784,430681.192,21,,,,,,,6.8896,86359.102,100,6.8427,116689.309,5.69,6.8734,76660.931,48.18,6.9299,50793.254,34.32,,,,,,,,,,,,,6.8847,18737.89,12.5,6.9902,12124.11,100,,,,,,,,,,,,,6.8838,18800.88,1.85,,,,7.0972,16712.386,100,,,,,,,,,,7.1454,90628.531,20.03,6.9559,76641.659,51.79,,,,7.1619,60940.199,29.17,,,,7.2263,11879.603,0.26,,,,,,,,,,,,,7.3808,141031.032,100,7.3786,186698.682,27.6,7.4378,19690.689,3.2,7.3813,22983.104,29.44,7.548,17803.097,5.48,7.415,48046.687,7.8,7.4507,3745459.437,81.27,,,,7.4867,46686.615,62.17,7.4938,40176.393,73.97,2.5888,45450.535,100,7.4489,64124.343,100,,,,7.5576,10732.277,15.96,7.4499,62524.245,9.24,,,,7.5844,60345.587,37.73,,,,7.6568,6186410.949,98.43,,,,,,,2.8248,22021.089,22.8,7.7489,14200.329,3.11,7.7495,15428.451,0.33,7.7478,24489.639,6.53,7.7602,16954.58,33.73,7.8212,2375189.517,98.32,,,,7.7516,88008.511,7,,,,,,,8.1819,17590.079,17.37,2.8869,14800.738,7.08,,,,8.0352,31752.503,20.27,8.0999,10153.862,0.22,,,,7.8771,36687.365,8.11,8.0629,77743.734,74.71,8.0787,58551.66,100,,,,7.9428,12757.704,12.26,,,,2.8886,32486.828,100,,,,,,,,,,8.2624,13974.011,8.35,,,,8.2658,68825.582,55.18,,,,,,,,,,,,,,,,,,,8.252,11995.268,3.2,,,,8.3972,99776.548,34.53,8.4219,37564.522,0.91,8.5139,24387.456,6.5,,,,,,,8.5213,71116.174,5.66,8.5877,308000.911,91.12,3.0099,10539.88,100,8.6425,97134.069,21.46,8.5288,42825.085,9.53,8.72,4069700.689,98.77,,,,8.7731,34377.107,10.61,8.7796,11132.993,2.97,,,,8.8265,290999.786,50.27,,,,8.2969,12253.518,1.81,8.8954,423566.86,92.75,,,,8.9092,15269.035,3.58,8.8728,11560.629,0.92,,,,9.0285,17138.627,5.85,8.9699,54370.845,35.38,,,,9.0465,56314.757,36.64,,,,8.8742,13636.623,4.21,,,,3.1592,38261.203,19.47,9.1257,10484.27,2.8,,,,9.2123,541818.204,55.14,,,,9.2176,627419.098,100,9.2113,853546.763,96.97,9.2318,16945.713,61.77,9.28,710530.522,98.35,9.2858,288502.544,100,9.273,54974.532,26.31,3.1828,18559.453,50.07,9.2784,264240.394,61.9,,,,9.3654,100066.164,17.55,,,,9.572,10150.149,2.38,,,,9.4535,164493.087,56.93,9.5546,14564.149,5.72,,,,,,,,,,,,,3.3322,48754.969,32.17,3.3279,258737.171,81.47,3.4074,217573.859,93.77,3.4098,16333.811,10.87,,,,3.5196,178358.12,34.29,3.5547,54610.036,77.36,,,,3.6641,38431.817,5.34,3.7292,297917.81,95.87,,,,,,,3.9193,25402.845,8.6,3.9666,23852.919,60.5,,,,,,,4.0872,19827.658,6.26,,,,4.0744,99727.998,34.04,,,,4.1084,183690.094,62.79,,,,4.1947,84903.575,22.99,4.2059,102746.133,2.23,4.2142,208567.396,71.23,,,,4.1528,16972.861,24.8,4.252,183861.435,92.03,,,,4.3687,12009.99,1.67,4.4016,114326.541,11.97,,,,,,,,,,,,,4.4609,38266.408,0.61,4.4793,193343.487,67.8,,,,,,,4.5832,80585.43,3.93,,,,,,,4.6096,377102.757,37.01,,,,4.6321,20546.437,20.29,0.925,49503.945,56.21,,,,,,,,,,4.7067,55656.536,3.84,4.7415,185775.975,88.62,,,,,,,4.7766,38233.769,45,4.8113,705883.574,48.69,,,,,,,,,,4.9161,597718.143,41.23,4.8493,101048.242,14.94,,,,,,,,,,4.9342,13900.406,4.39,5.0403,13760.264,9.18,,,,5.0436,64143.719,20.27
441_2012_T_2n,P2-D11,1,,,,,,,5.06,87405.311,2.65,5.0673,27619.647,4.59,,,,,,,5.2908,42534.11,17.79,5.1922,56382.595,13.13,5.149,11467.327,0.71,5.1941,28759.783,5.4,1.3061,352384.309,43.92,,,,,,,,,,5.3837,17697.812,0.54,5.3424,156101.026,0.6,5.345,232414.917,7.07,5.4768,26197.191,18.61,,,,5.4405,11824.414,3.15,1.6568,84316.159,8.27,,,,5.4484,172290.555,4.48,5.4617,112785.236,8.16,5.4726,124413.082,18.35,5.4742,4162475.1,69.07,,,,5.6002,10730.818,0.45,,,,,,,5.5511,41589.168,17.39,1.6625,70335.533,62.89,5.5879,471608.423,77.79,5.5874,11923.975,3.18,5.6166,321866.972,14.8,,,,5.7987,55216.295,6.7,5.8125,12371.98,2.3,5.6833,371672.702,1.43,5.7068,304715.967,23.12,5.7214,38455.747,2.91,,,,,,,5.7431,244790.195,16.25,5.6787,123275.266,2.05,5.7669,12517.217,9.7,,,,5.8311,255004.269,7.74,,,,5.8368,75093.514,100,,,,5.9647,43935.236,4.98,,,,6.0062,194979.894,11.73,6.0365,178789.412,13.39,6.082,11118.088,1.35,6.0604,117877.749,12.11,,,,6.0991,263803.376,25.89,6.0681,36258.997,15.09,6.116,33065.958,2.99,6.1482,56665.036,48.21,,,,,,,6.181,10838.189,0.46,,,,6.2151,151878.919,4.61,6.2082,160862.154,61.85,6.2737,580817.052,43.93,6.2696,566924.753,34.1,6.215,14677.483,100,6.3147,751168.936,46.67,,,,6.3731,35590.384,1.05,2.0391,100506.079,50.09,,,,6.4172,760379.499,39.61,6.47,12092.695,3.22,6.6655,11040.745,100,,,,6.4422,13412.311,1.63,,,,6.5855,24443.699,23.02,,,,,,,2.1967,338181.325,54.52,6.5114,13095.786,0.4,6.637,945071.445,15.68,6.6432,385454.755,23.95,6.657,30899.738,27.08,,,,6.7033,22104.009,6.2,,,,6.7689,173670.038,7.43,6.8043,12899.937,36.91,,,,2.2021,450147.866,80.84,6.7798,675345.683,20.55,,,,,,,6.8974,323824.603,75.8,,,,6.8964,374772.764,67.51,6.9399,262629.211,77.41,,,,6.954,23462.079,32.18,6.963,14947.401,0.93,,,,6.9025,32573.903,7.95,6.9905,58210.589,47.29,6.9918,16079.45,13.53,,,,,,,,,,7.0886,85020.915,3.64,,,,7.0932,94813.634,100,7.1258,18296.537,2.74,,,,,,,7.1512,261981.718,17.39,7.1547,13208.988,3.89,,,,7.1628,32478.885,6.05,,,,7.0429,16568.234,0.06,7.1964,126221.116,46.82,,,,7.3414,17068.797,0.74,,,,7.3776,223797.074,33.47,7.3783,366246.049,11.28,7.4001,73342.792,5.49,7.3795,56376.684,16.61,7.3161,20098.92,2.28,7.4539,11456.975,0.86,7.4519,22775325.47,87.45,,,,7.4959,27260.566,30.5,7.4994,48456.162,11.01,2.5892,93934.164,54.05,7.5818,16977.786,1.72,,,,7.5487,17719.73,10.75,7.4454,381357.102,11.74,,,,7.575,59006.201,18.29,,,,7.6582,3506630.287,91.52,7.695,21726.619,100,,,,2.8287,102751.384,50.5,7.7471,32854.103,15.03,7.7396,131682.323,0.51,7.7485,49159.048,2.14,7.7542,19760.094,27.11,7.8195,4221399.156,96.49,7.9242,15311.362,2.55,7.9357,51064.42,1.55,,,,,,,,,,2.8722,80445.629,14.98,,,,8.0466,197283.998,22.16,8.0603,54119.828,0.21,7.9285,10056.326,1.87,7.8705,57364.352,3.81,8.0726,107715.322,36.8,,,,,,,7.9417,23877.42,8.16,8.1036,45836.116,1.41,2.893,43560.009,66.07,8.0981,15050.677,0.44,8.1553,35358.216,2.35,8.1624,11065.872,0.47,8.0973,14154.789,2.28,,,,8.2662,96266.47,12.06,8.29,54395.337,0.21,,,,,,,8.3436,278795.688,41.69,3.0364,21621.138,9.04,8.3374,11481.516,1.17,,,,,,,8.4002,168189.192,49.87,8.4247,19371.904,0.23,8.6402,11884.077,0.52,,,,,,,8.523,16122.699,0.49,8.5936,538156.065,97.16,2.9987,48053.307,64.01,8.6471,43314.816,2.69,8.5247,43322.19,3.57,8.7222,8412325.707,98.69,,,,8.7853,123272.658,2.67,8.7791,38790.877,1.69,8.7753,23981.938,2.69,8.8266,783228.718,51.76,,,,8.3391,183401.524,5.65,8.8937,127932.855,58.54,3.0056,25134.087,15.25,8.908,113879.907,4.83,8.8995,21019.055,0.64,,,,9.0398,40708.732,6.77,8.9753,94465.863,32.95,,,,9.0439,103252.727,36.02,9.1922,23447.782,10.36,9.0852,23387.143,0.51,,,,3.1579,96228.679,29.66,9.1454,22947.02,1,,,,9.2134,2093899.587,61.8,,,,9.2205,3014337.34,100,9.2158,1910009.239,99.01,9.2446,25822.763,17.08,9.282,1002459.889,97.48,9.2892,570257.792,94.57,9.2838,82932.506,15.45,3.1826,102780.675,56.36,9.2848,463325.388,19.64,,,,9.3724,82737.03,9.13,9.4279,21391.459,3.98,9.4175,743609.947,31.52,9.5051,18285.785,4.15,9.4544,97900.978,29.03,9.5349,16913.769,1.31,9.3617,23284.804,0.5,3.143,29927.86,7.98,,,,,,,3.3281,449187.238,40.66,3.3223,741257.717,95.58,3.411,460462.163,76.21,3.4107,74719.666,26.47,3.5132,17826.48,0.76,3.5131,94611.162,9.29,3.5536,117769.709,62.45,,,,3.6622,130538.385,6.61,3.7271,1138272.117,90.76,,,,,,,3.918,29259.409,3.92,,,,,,,4.0754,14432.05,1.75,4.0279,12194.239,1.25,4.1555,19105.333,3.1,4.0736,152480.386,25.35,4.0912,22613.042,10.89,4.1074,204946.666,36.26,,,,4.1848,250257.052,18.99,4.2153,463257.679,1.78,4.2181,521950.589,63.38,4.0799,130143.447,4.01,4.2365,23496.873,7.81,4.2561,350432.903,79.24,4.3441,22571.629,2.32,4.3502,67968.397,3.44,4.3986,165282.079,8.61,,,,,,,,,,,,,4.4539,107147.873,2.8,4.4854,148080.641,24.06,,,,,,,4.6023,617615.785,18.8,,,,,,,4.6048,853186.307,36.52,,,,4.6349,18672.833,7.81,0.926,47572.561,25.44,4.5966,19130.636,3.18,,,,,,,4.7033,156844.524,4.08,4.7366,217283.66,70.13,4.7569,20215.731,2.29,,,,4.776,68812.414,18.35,4.8118,1627467.967,42.32,,,,,,,4.7766,17952.792,0.3,4.9185,1563602.781,40.66,4.8483,254425.403,7.83,,,,,,,4.9615,34603.302,49.88,5.0406,172435.319,17.71,,,,,,,,,
441_21_T_2n,P1-D9,1,1.2826,33951.738,58.68,,,,5.0542,45343.785,2.1,,,,,,,5.1293,13502.262,5.26,5.2836,38068.853,17.66,5.188,40816.451,13.16,,,,5.1751,17230.577,6.83,1.312,325108.643,48.02,,,,5.2128,131603.755,90.06,,,,,,,5.3298,46862.888,0.23,5.3548,57744.313,3.23,5.4662,13949.394,21.19,,,,,,,1.6666,51799.772,7.38,,,,5.4335,108674.906,3.29,5.4662,129496.139,16.27,5.4615,75454.328,14.54,5.4659,2421823.021,66.63,,,,,,,,,,,,,5.5369,36318.314,16.85,1.6698,27873.479,41.78,5.5768,230705.666,90.29,,,,5.6072,194502.307,11.9,,,,5.7933,34683.913,7.64,,,,5.6728,136798.628,0.67,5.7047,120166.047,13.67,5.7384,30137.814,3.38,,,,,,,5.7402,275656.033,23.87,5.6685,89142.577,2.45,,,,,,,5.8253,98151.178,4.55,,,,5.8121,33933.439,100,,,,,,,,,,6.016,117458.389,12.46,6.0147,26395.809,4.89,6.0769,21112.893,4.65,6.0447,51986.579,18.02,,,,6.096,168953.214,24.08,,,,,,,6.1354,81437.286,76.65,,,,,,,,,,,,,6.2105,100681.791,4.67,6.205,50644.443,35.18,6.2719,327135.07,36.64,6.255,247364.888,26.25,,,,6.3119,560929.728,47.34,,,,6.3528,23711.041,1.14,2.0435,57090.615,46.77,,,,6.4067,580267.943,46.93,,,,,,,,,,,,,6.5637,15144.285,6.24,6.5723,78396.897,57.01,,,,,,,2.193,212389.261,51.36,6.5209,29801.422,1.83,6.6243,565007.424,15.54,6.6393,304449.593,25.69,6.645,17979.199,13.46,,,,6.7115,14832.854,8.4,,,,6.7731,77214.198,6.1,6.7977,21383.153,52.98,6.7607,20085.554,4.42,2.1914,308392.963,79.39,6.7807,162987.133,9.12,6.8367,18649.586,29.16,6.8287,14262.787,0.39,6.8886,248044.507,64.11,6.8857,14365.004,0.8,6.8858,385711.986,61.28,6.9337,146811.964,89.15,,,,6.9396,41023.641,48.31,6.9528,14111.156,1.19,,,,6.8782,54517.172,12.48,6.9765,22076.417,62.35,,,,,,,6.9824,12422.739,15.59,,,,7.0912,143417.374,11.34,,,,7.0766,37987.587,100,,,,,,,7.2695,15099.134,13.12,7.136,120623.944,10.44,,,,,,,7.1654,27294.475,10.85,,,,,,,7.1859,53262.926,69.15,,,,7.5446,15017.244,3.55,,,,7.3673,44310.988,18.18,7.4366,385185.535,23.72,7.3977,18866.44,3.49,7.3422,18683.596,18.35,7.5266,13462.975,3.53,7.4239,80846.041,14.97,7.4353,18859748.09,92.2,,,,7.4858,33704.423,21.94,7.484,21208.772,28.32,2.5907,43590.44,61.06,7.4394,558412.668,96.12,,,,7.5492,61015.205,19.75,,,,,,,7.5714,39301.417,17.72,,,,7.645,2990720.145,94.67,7.6855,11510.942,100,,,,2.8185,15091.929,39.46,7.7313,84289.895,23.46,7.7458,19415.432,0.09,7.7536,12477.683,2.95,7.7554,12177.66,14.34,7.8101,2688835.283,98.79,,,,7.9415,74151.761,3.44,,,,,,,8.1689,21443.908,9.95,2.8904,12484.87,4.96,,,,8.036,47709.299,15.37,8.0402,99488.205,0.49,,,,7.8573,74347.162,6.44,8.0632,107279.596,53.51,,,,,,,7.9318,35935.636,17.92,8.0986,21424.605,1.32,2.8979,21251.494,61.99,8.0822,14421.666,0.69,8.142,192347.929,16.65,8.1535,27517.978,2.4,8.0865,16372.212,3.96,8.1286,16581.33,1.45,8.2421,43854.951,24.89,8.2818,111971.902,0.55,,,,,,,8.3333,157880.152,64.77,3.0389,27172.108,12.6,,,,8.3303,11555.743,2.73,,,,8.3858,80180.444,37,8.4159,18717.799,0.33,8.5044,70294.168,16.61,,,,,,,8.515,161088.094,7.47,8.5931,361330.148,93.55,2.9856,21265.01,65.99,8.6226,33342.112,3.76,8.5236,57000.912,5.5,8.7069,5578828.222,99.04,,,,8.7619,48403.693,9.38,8.7617,16859.392,3.98,8.9208,23503.771,7.57,8.8186,407599.652,48.4,,,,8.265,14443.988,0.89,8.8842,124430.018,34.64,,,,9.0413,13754.546,1.2,8.9363,19933.988,0.92,,,,9.0319,25896.918,10.68,8.9611,101698.003,33.78,,,,9.0364,97095.661,32.25,9.1857,11964.506,7.96,8.8676,12310.586,2.38,,,,3.1581,45422.403,31.42,9.2645,38987.47,9.21,,,,9.1973,1613822.453,77.49,9.198,1877226.785,100,9.2065,2106370.189,100,,,,9.2257,24809.586,13.62,9.2724,971538.699,100,9.2777,424476.029,100,9.2662,66366.297,26.37,3.1707,115300.474,63.3,9.2699,355488.246,30.98,,,,,,,9.4045,14259.93,5.67,9.402,438939.001,38.26,,,,9.4448,79704.316,36.78,9.6737,287218.847,36.75,9.492,30666.739,5.94,3.1393,11683.124,5.8,,,,3.2299,12078.887,2.29,3.328,146673.767,44.29,3.3251,483049.855,91.07,3.4014,455252.126,93.77,3.3901,27687.262,23.28,3.4846,26187.171,2.07,3.5148,36631.038,5.22,3.5437,58564.587,60.4,3.5694,12232.395,100,3.6582,29622.222,3.09,3.7223,633130.871,88.09,,,,,,,3.906,24882.207,4.33,,,,,,,,,,,,,,,,4.0674,76179.598,31.41,4.0794,156469.793,66.42,4.1017,59598.275,23.63,,,,4.1947,88024.333,10.02,4.2055,227529.607,1.11,4.2107,296542.433,65.28,,,,4.1437,19934.564,14.52,4.2432,199982.66,100,4.356,44925.363,15.57,4.3595,47976.728,5.01,4.3914,61976.283,5.01,,,,,,,,,,,,,4.4505,57176.495,1.81,4.4772,91615.372,21.33,,,,,,,4.6005,369674.577,20.68,,,,,,,4.6057,459222.962,36.3,,,,4.6137,18553.498,8.61,0.9239,22580.527,16.3,,,,,,,,,,4.698,124878.222,3.79,4.7323,43903.912,28.83,,,,,,,4.7674,134582.022,66.79,4.8002,1525015.542,46.23,,,,0.9208,23905.403,41.32,4.951,15765.245,0.43,4.9056,1339425.118,40.6,4.8379,73518.969,4.53,,,,,,,4.9493,16717.581,39.58,,,,,,,5.0074,10734.814,4.27,5.0428,50502.195,17.5
450*_2012_T_2n,P2-D4,1,1.2704,47822.194,53.8,,,,5.0647,48808.405,0.98,5.0743,17496.514,0.87,,,,5.1423,54061.945,12.59,5.2939,40173.51,8.8,5.185,31025.214,10.81,5.1475,14326.068,0.93,5.1671,29332.43,2.86,1.3029,632157.086,42.35,,,,,,,5.1853,145259.958,23.34,5.3698,74577.696,2.54,5.3171,24893.119,0.34,5.3422,446736.886,8.14,5.4596,25634.483,4.76,5.3029,23245.725,1.15,,,,1.6588,183264.888,9.59,,,,5.4499,295408.62,6.87,5.4769,33719.944,1.69,5.4768,34862.127,5.08,5.467,12811092.04,92.93,,,,,,,,,,,,,5.5463,16207.377,3.55,1.6483,114867.277,50.8,5.5864,803192.968,86.49,5.617,20346.285,7.74,5.6213,24333.282,0.32,,,,5.8058,35253.305,5.66,5.5797,10050.911,0.56,5.6835,216939.472,2.92,5.7042,404786.671,21.3,5.7203,109470.437,4.97,,,,,,,5.7423,388817.38,15.67,5.7461,44479.123,0.32,5.7561,11055.916,6.57,,,,5.8252,521679.551,10.48,,,,5.8331,149695.053,70.95,,,,5.966,33038.7,2.99,,,,6.0063,355348.787,12.28,6.0343,193958.867,9.35,,,,6.052,201400.188,14.79,,,,6.1001,355443.698,18.6,6.0666,36958.29,13.52,6.1031,50599.773,2.59,6.1414,664028.46,46.85,6.1547,15890.273,2.01,1.9837,22178.362,4.86,6.1774,95765.76,2.01,,,,6.2129,231391.979,4.65,6.2241,79144.365,25.39,6.2703,786831.33,35.73,6.2628,689658.852,23.84,6.1986,22980.782,7.82,6.3145,773968.481,50.36,6.1969,103434.141,33.18,6.3786,100362.05,3.59,2.0418,46526.396,12.88,6.355,13582.196,1.72,6.4087,934808.45,36.84,,,,,,,,,,,,,6.5619,48638.437,2.41,6.58,378002.262,54.63,6.6644,12959.754,0.73,,,,2.1878,357290.564,40.52,6.6019,36646.687,1.25,6.635,91971.768,0.67,6.6398,293844.609,19.12,6.6547,354831.866,44.47,6.7043,26914.32,6.59,6.6966,14658.364,3.25,,,,6.7728,548355.536,14.26,,,,6.7736,17454.543,2.8,2.1926,527022.573,75.91,6.7809,1169733.126,21.32,6.8422,93054.025,9.04,,,,6.8886,325118.408,78.01,7.082,64725.412,1.18,6.8745,189250.591,22.86,6.9416,331799.43,68.12,,,,6.9447,19201.817,9.94,,,,,,,6.8945,49467.227,9.05,6.9882,22386.682,11.18,,,,6.9562,14669.937,3.39,,,,,,,7.0958,126677.667,3.29,,,,7.0907,115150.202,74.93,7.1214,47053.51,8.08,,,,,,,7.1354,153859.799,6.2,7.1511,14017.8,2.88,7.2673,16024.984,2.03,7.1687,45519.252,2.55,,,,6.9786,14455.213,0.19,7.1983,20446.147,23.27,,,,,,,,,,7.3869,187385.827,32.17,7.3801,235807.196,8.03,7.3146,782216.61,37.69,7.3834,43172.798,5.47,7.5446,184545.998,16.72,7.4269,371508.79,17.9,7.4484,5780332.747,77.8,,,,7.4839,21497.761,6.06,7.4973,514285.087,52.22,2.5899,69384.001,100,7.4497,76642.355,68.04,,,,7.5588,43158.894,7.67,7.4475,79646.726,2.71,,,,7.5828,139043.548,25.22,,,,7.6538,21930025.22,96.38,,,,7.741,10190.29,1.03,2.8272,404109.982,70.91,7.7484,69513.616,4.72,7.7288,12861.592,0.17,7.7464,144579.127,9.55,7.7532,50476.408,26.13,7.8221,6515307.442,97.13,7.9161,28123.72,1.4,7.9414,13821.069,0.28,8.0091,38475.217,100,,,,8.1774,40092.875,8.78,2.8417,148803.421,8.35,7.88,14231.062,0.3,8.0419,288914.774,21.99,7.9659,11821.496,0.16,,,,7.8833,32525.627,1.31,8.0634,182342.263,40.47,8.0812,263665.328,58.47,,,,8.2139,22823.931,5.07,8.1027,14182.642,0.48,2.8727,110111.495,64.27,8.3322,35048.99,1.25,8.1507,49857.166,2.01,8.1637,19708.537,0.41,8.2574,27006.684,3.06,,,,8.2662,163493.857,40.31,8.2919,10116.641,0.14,,,,,,,8.3361,122437.399,21.02,,,,,,,8.2422,11142.558,0.74,,,,8.4023,180279.882,28.79,8.4278,349351.443,3.54,8.5292,28771.497,1.9,,,,,,,8.5142,94987.231,1.91,8.5965,660701.283,77.91,3.0001,36308.662,100,8.6374,350501.36,11.74,8.5182,86341.476,7.53,8.7165,9446357.294,95.65,,,,8.7702,29755.782,5.22,8.7808,10155.905,0.67,8.7692,62708.844,4.77,8.8255,1393631.98,61.03,,,,8.339,98273.934,3.35,8.8958,1209094.925,82.17,2.9998,137478.825,24.44,8.9159,31493.183,0.66,8.915,57208.145,1.15,,,,8.9469,14711.951,0.73,8.9705,538478.454,35.4,,,,9.047,593487.115,39.02,,,,8.9089,26729.88,4.69,,,,3.1485,224937.912,34.6,9.249,26163.511,1.73,,,,9.2113,1426367.029,51.04,,,,9.2161,1895848.054,99.23,9.2146,1446067.788,88.6,9.2382,276804.209,52.85,9.2792,5593469.662,98.03,9.287,11802427.84,99.7,9.2788,623715.272,34.98,3.1775,105291.579,57.25,9.2821,2782885.219,58.52,9.0099,36188.27,3.67,9.3709,222319.692,14.89,9.4924,26673.074,1.5,9.4115,95734.908,2.01,,,,9.4531,291541.877,46.56,9.5493,31120.16,1.91,9.3869,14734.113,2.58,,,,,,,,,,3.3247,1190119.467,60.88,3.3222,1448018.867,93,3.4094,993719.644,82.96,3.3982,114595.328,18.79,3.5096,92627.522,2.41,3.5123,291424.613,15.25,3.5488,121981.578,60.65,3.5686,14743.248,23.01,3.6555,212440.038,7.27,3.726,1969732.763,92.07,3.8266,10056.183,7.33,3.8709,30360.322,1.04,3.9077,138455.924,10.23,4.0291,14085.477,2.83,3.9527,15516.533,36.34,,,,4.0188,20737.386,1.52,4.1492,63109.686,5.96,4.0697,1264398.71,62.77,,,,4.113,411365.467,45.58,,,,4.1888,339102.209,17.84,4.2197,211836.243,2.85,4.2179,245216.728,39.4,4.2071,18520.417,0.63,4.2213,18759.383,4.45,4.2529,537853.621,75.09,4.3505,76112.759,5.59,4.3574,28274.374,0.97,4.3931,271300.939,10.69,,,,4.4137,25419.577,1.26,,,,4.4568,13632.028,2.99,4.4605,153567.837,0.67,4.4769,560354.881,52.91,4.6029,10861.259,0.15,,,,4.5926,1025505.632,18.69,,,,,,,4.5979,1362935.82,35.45,4.6004,34461.73,4.37,4.6252,159378.725,34.92,0.922,122592.566,42.95,4.5999,101877.641,5.06,4.6319,25804.158,2.34,4.6925,34624.382,2.28,4.7041,114075.585,2.65,4.7395,388305.203,64.1,,,,,,,4.7735,31402.367,11.95,4.811,1884842.498,43.83,,,,,,,4.9587,11009.097,0.08,4.9147,1605197.87,37.33,4.8478,164195.559,5.59,,,,,,,,,,5.0352,220961.399,16.23,,,,,,,5.1725,19732.038,1.45
450_2021_T_2n,P2-B3,1,1.269,106970.277,77.81,,,,,,,,,,,,,5.1377,20683.271,8.09,5.2974,19087.465,6.93,5.1772,13754.479,13.58,,,,5.1588,17652.204,6.85,1.3077,250138.195,36.46,,,,,,,5.1804,54190.385,24.86,,,,5.3274,12559.894,0.35,5.3437,140720.834,8.67,5.4736,34172.142,24.66,,,,5.2804,10055.802,16.36,1.6597,123717.297,16.1,,,,5.4404,83617.784,3.66,5.4703,43168.204,7.08,5.4672,37789.404,18.2,5.4703,7101028.261,95.02,,,,,,,,,,,,,,,,1.662,124923.44,91.79,5.5819,199612.542,92.75,,,,5.6123,12561.866,0.36,,,,,,,,,,5.6845,79709.277,2.24,5.71,105736.808,15.54,5.7363,29959.818,3.23,,,,,,,5.7378,267692.824,24.64,5.6971,10018.839,0.13,,,,,,,5.8162,98380.484,5.07,,,,5.8251,20055.46,43.63,,,,,,,,,,6.0004,79297.946,9.76,6.0361,76067.421,9.38,,,,6.0669,55242.026,19.69,,,,6.0955,46047.694,5.99,,,,,,,6.1373,488927.364,78.45,,,,1.9786,11095.936,4.03,6.1757,51427.212,2.09,,,,6.2185,105823.528,5.46,6.2081,43677.165,26.73,6.2719,356059.585,38.36,6.2687,296303.462,36.47,,,,6.3117,480786.247,58.06,,,,6.3714,58094.224,5.24,2.0255,62166.978,55.33,6.3417,10441.678,6.95,6.4107,412161.296,47.03,,,,,,,6.3156,12755.575,9.91,,,,6.5523,20155.517,2.92,6.5682,310580.92,66.47,,,,,,,2.193,124052.736,42.32,6.5784,30083.687,2.75,6.6443,45437.742,0.61,6.6404,146902.034,17.74,6.6452,161912.419,39.91,,,,,,,6.5649,25004.767,3.63,6.7826,101904.747,10.64,,,,6.7765,26271.618,12.05,2.2037,145125.03,69.14,6.7892,143304.524,8.83,6.848,31003.048,13.53,,,,6.8857,291183.086,67.45,6.8359,99859.105,6.15,6.89,375444.889,63.71,6.9402,127640.785,75.83,,,,,,,,,,,,,6.8863,61005.976,22.14,6.9834,19446.538,100,,,,,,,,,,,,,7.0915,20302.347,2.12,,,,7.0864,31926.057,71.13,7.1231,17213.933,10.63,,,,,,,7.1381,104654.443,9.63,,,,,,,7.1597,30133.038,4.8,,,,,,,,,,,,,,,,,,,7.3834,35851.54,22.14,7.3778,37580.346,3.43,7.3156,193630.234,23.87,7.48,15215.781,10.12,7.5128,18555.585,3.49,7.4272,279991.379,34.52,7.4465,2716758.365,76.33,,,,7.4844,22564.858,17.83,7.4882,96635.384,37.69,2.5857,14500.333,100,7.4498,38976.838,100,,,,7.5451,42951.599,9.74,7.5297,14087.44,1.29,7.6087,10724.45,4.18,7.5712,19755.453,19,,,,7.6483,10332995.19,98.82,,,,,,,,,,7.7368,38609.474,6.44,7.6525,38126.522,1.07,7.7516,46822.732,6.67,7.7494,29708.141,37.74,7.813,2295324.791,97.2,,,,7.9399,12696.833,0.65,7.9866,10304.518,100,,,,8.1755,47861.721,17.37,2.8695,15148.759,2.41,7.8399,10553.082,0.43,8.0383,35396.366,10.73,,,,,,,7.8634,61917.927,5.7,8.0619,73764.174,73.82,8.0801,105753.934,79.66,,,,7.9178,26159.746,26.18,,,,2.8827,33460.216,54.62,8.3364,10074.869,0.91,8.1456,144801.774,13.33,8.1452,39796.628,1.62,8.03,10819.359,3.69,,,,8.2586,65053.054,57.53,8.287,10478.673,0.29,,,,,,,8.3375,32022.905,19.78,,,,,,,8.2473,14091.608,2.01,,,,8.3935,110242.655,38.4,8.4196,97387.798,2.32,8.5208,110439.948,15.73,,,,,,,8.5136,259121.755,13.36,8.5918,261493.797,72.89,3.002,14517.711,100,8.6324,114728.532,12.89,8.5278,185698.559,32.2,8.7124,4062075.633,96.76,,,,8.7595,17201.231,7.35,8.8716,32131.565,4.58,8.7648,12590.957,3.82,8.8208,250482.203,47.21,,,,8.3344,15661.746,1.43,8.8878,524879.159,87.52,2.9996,46218.525,10.48,8.9174,26249.146,1.07,8.9435,11220.467,0.58,,,,9.0379,10182.499,1.48,8.9644,148473.474,29.33,,,,9.0348,154680.692,30.56,,,,8.898,32578.134,13.92,,,,3.1505,56378.675,53.11,9.2641,31572.581,4.5,,,,9.2042,650214.078,58.61,,,,9.2097,538292.046,100,9.2069,812155.036,86.33,9.2289,99325.594,45.53,9.276,3428758.849,99,9.2787,3060473.999,100,9.2753,271908.842,43.31,3.1794,58874.072,42.86,9.2717,1307894.03,53.21,9.0015,14463.063,5.64,,,,,,,9.4099,207551.516,8.44,,,,9.4472,95325.776,33.2,9.6736,327759.621,57.57,9.5042,10905.281,4.66,,,,,,,,,,3.3254,172146.701,85.28,3.328,524734.059,100,3.4099,398016.354,86.34,3.4104,24043.993,14.49,3.4919,61182.731,6.39,3.5124,99432.681,12.94,3.5488,34801.466,48.98,,,,3.6625,50310.562,5.75,3.7265,643346.771,93.77,,,,,,,3.9061,89570.245,14.21,,,,3.9588,19340.281,100,,,,,,,4.1425,17524.275,4.58,4.0699,486297.511,70.54,,,,4.1107,92419.505,38.8,,,,4.1998,93259.492,13.71,4.2089,89080.424,2.5,4.209,99099.822,45.47,,,,4.1625,80398.459,39.17,4.2507,189558.418,100,4.3643,37629.948,13.41,4.3541,62123.33,7.11,4.3908,109138.582,12.45,,,,,,,,,,,,,4.4536,37381.724,0.36,4.4744,184893.479,48.36,,,,,,,4.6044,214721.817,13.23,,,,,,,4.6012,280817.264,29.32,,,,4.6165,174972.219,63.49,0.9239,16045.69,18.6,4.592,25924.863,3.76,4.6262,39230.902,7.39,,,,4.6926,81610.405,3.57,4.7369,64925.66,33.37,4.8608,10103.112,1.9,,,,4.7714,38712.923,62.99,4.805,1064109.932,46.56,,,,0.9171,18827.809,13.7,4.9576,14915.897,0.2,4.9109,906651.541,39.67,4.8485,34494.032,3.15,,,,,,,4.9577,12618.589,42.86,5.0383,37814.023,13.48,,,,,,,,,
466_2012_T_2n,P2-C11,1,,,,,,,5.056,70612.981,4.73,5.1494,25524.162,2.24,,,,,,,5.3006,10459.088,3.86,,,,5.2298,11413.122,3.14,,,,1.3041,117861.236,47.6,,,,5.2192,79167.208,100,5.1828,66905.369,18.21,5.2663,13709.016,0.59,5.3347,220258.557,1.29,5.354,257462.975,15.31,,,,5.3059,20673.757,1.81,,,,1.6567,47726.206,6.67,,,,5.4455,71828.446,4.23,5.4703,75388.843,19.95,5.4601,85892.399,45.62,5.4783,113942.726,10.12,,,,,,,,,,,,,,,,,,,5.5913,418830.201,97.09,5.5858,20248.101,15.35,5.619,229416.425,57.97,,,,,,,,,,5.6223,12709.038,0.07,5.7153,90667.741,21.68,,,,,,,,,,5.7405,20186.118,7.3,5.6859,116188.394,10.32,,,,,,,5.8253,132324.147,8.86,,,,5.8411,11600.22,100,5.9505,21068.497,1.85,6.0422,17148.725,6.64,,,,6.013,107771.707,17.85,6.0436,64939.7,13.81,6.0428,16968.946,4.62,6.0687,26293.615,8.1,5.9755,13474.433,4.91,6.1029,54673.208,7.65,,,,,,,6.1588,11356.802,100,,,,1.9754,10638.141,3.93,6.1716,25017.162,2.74,6.1821,10976.229,6.91,6.2186,15614.497,1.05,6.2152,99830.386,76.29,6.2751,155028.583,45.58,6.2685,155885.31,25.82,,,,6.3156,170549.022,46.91,,,,6.3751,14582.533,1.46,,,,,,,6.4169,280177.519,31.62,,,,,,,,,,6.4539,18541.167,5.05,6.5525,20151.794,1.77,,,,,,,,,,2.2009,161361.642,52.49,6.638,10824.127,0.47,6.64,441276.307,39.18,6.6447,89492.424,24.62,,,,,,,,,,,,,6.7802,242819.69,18.64,6.808,35597.806,43.4,,,,2.1999,221412.566,77.35,6.7847,429541.945,25.54,6.8507,14238.624,1.38,,,,6.8881,57394.253,72.23,6.9229,13372.696,0.8,6.8865,113137.062,91.27,6.9459,136496.169,91.65,,,,,,,,,,,,,,,,6.9842,13756.977,3.57,,,,,,,,,,,,,7.1001,42415.635,3.26,,,,7.1011,14064.287,100,,,,,,,,,,7.1456,49576.418,17.94,,,,,,,7.1768,28794.652,3.08,,,,,,,7.2021,41873.28,59.04,,,,,,,,,,7.3785,55937.252,8.02,7.4455,352000.83,15.17,7.3179,232809.712,49.52,7.3776,11144.391,4.06,,,,7.6045,13264.03,2.82,7.4421,15687388.9,91.53,,,,,,,7.4957,639079.813,62,2.5905,12271.954,4.35,7.4501,415666.696,96.29,,,,,,,,,,,,,7.5795,40813.283,14.51,,,,7.6645,52818.469,27.96,7.693,19716.407,53.5,7.7314,281848.797,27.34,2.8312,60368.725,45.33,7.7422,38267.983,11.12,7.7005,13266.464,0.08,7.7619,20556.294,5.48,,,,7.8234,661999.859,77.9,,,,7.9492,20739.599,1.39,8.0031,36145.448,100,,,,8.1831,17837.41,6.59,,,,7.8477,26659.829,2.92,8.0521,13076.033,5.46,8.0521,101038.025,0.59,,,,,,,8.0598,41685.592,43.26,8.0798,22682.8,13.7,,,,7.9451,11533.395,11.97,8.1196,71224.687,3.07,2.8777,19676.497,38.49,8.3002,425077.391,42.59,,,,,,,,,,,,,8.2926,177914.454,64.24,8.3087,12161.907,0.07,,,,,,,8.3035,491178.865,70.43,3.0419,40772.978,15.06,,,,8.5854,10858.875,2.89,,,,8.4067,53667.944,23.79,,,,8.5261,17381.453,4.63,,,,,,,8.5232,38322.852,2.57,8.6102,116278.858,89.92,,,,8.6448,56564.298,11.41,8.5277,23046.437,12.24,8.7185,4507417.249,99.28,,,,8.7666,11775.626,2.88,8.7748,14159.42,3.77,8.7685,13323.442,5.56,8.8262,437698.076,66.98,,,,8.3014,848781.566,36.57,8.8973,175019.035,50.87,,,,,,,8.962,16109.264,1.08,,,,,,,8.9776,46370.32,31.04,,,,9.0508,51714.805,34.62,,,,8.8953,10849.414,2.65,,,,3.1533,396205.351,77.34,9.2814,28525.058,7.6,,,,9.2104,116033.296,11.63,,,,,,,,,,,,,9.2889,74043.496,58.63,,,,,,,3.1784,28731.702,62.53,9.2929,25211.813,2.76,9.0759,10104.765,0.98,9.3767,71416.411,28.69,9.5083,11833.177,1.27,9.4268,49919.342,5.46,,,,9.457,151261.692,67.06,9.3044,16036.884,3.6,,,,,,,,,,,,,,,,3.3261,63696.299,64.28,3.4142,302481.362,95.98,3.3935,13668.415,19.32,3.4914,49233.512,3.78,3.516,256377.613,35.85,3.5521,45211.414,73.75,,,,3.6597,60412.551,10.01,3.7289,428193.205,91.24,,,,,,,,,,3.9625,16797.596,42.2,,,,,,,,,,,,,4.0763,727258.446,63.72,4.087,206422.186,63.92,4.1122,350613.534,78.12,,,,4.1989,77588.058,18.55,,,,4.2186,27599.773,7.51,4.2084,205909.476,8.87,4.2592,10652.843,8.11,4.2544,253131.555,74.97,,,,,,,4.4042,43121.136,4.87,,,,,,,4.52,108381.102,41.99,4.4625,100046.047,36.95,4.4568,28635.226,15.16,4.5179,24688.95,11.61,4.5001,222745.877,1.3,4.5034,94500.981,100,4.6005,342679.473,20.38,,,,,,,4.6095,454347.563,34.89,4.6128,12577.758,4.58,4.6267,45457.073,16.79,0.9277,22153.051,58.31,4.6016,52746.051,4.62,,,,,,,4.7047,40737.382,2.4,4.7383,152806.438,80.5,,,,4.7808,16399.841,100,4.7751,111689.07,84.65,4.8128,787995.569,46.4,,,,0.9162,12290.056,100,4.8882,92950.46,8.25,4.9177,715955.16,42.16,4.9578,101349.023,4.37,,,,,,,,,,5.0353,81662.66,25.17,,,,,,,,,
466_2021_T_2n,P1-F1,1,1.2717,65059.337,32.58,,,,5.0616,40265.782,2.17,5.139,23875.84,2.26,,,,5.13,12421.319,6.98,5.1777,83850.138,8.62,,,,,,,5.1652,13398.808,5.6,1.3062,238478.776,52.13,,,,5.2178,148353.255,85.54,5.1819,90815.644,22.01,5.2801,11136.073,0.51,5.3259,173414.58,0.85,5.35,439783.664,30.13,,,,,,,,,,1.6604,102956.066,10.13,,,,5.4378,108407.3,3.84,5.4659,128729.65,27.59,5.4704,150690.141,44.25,5.452,61862.792,4.61,,,,,,,,,,,,,5.5433,13258.962,1.36,1.664,99063.972,50.06,5.5795,317488.115,100,5.5857,54932.412,14.7,5.6119,312048.799,64.86,5.6126,12761.242,4.02,5.6507,12196.352,2.96,,,,5.6849,19720.714,0.1,5.7167,78150.307,15.24,5.8038,13406.581,2.58,,,,,,,5.7419,113095.15,22.01,5.6768,214632.543,15.98,,,,,,,5.8195,77280.217,4.17,,,,5.8255,10687.463,100,5.9492,15855.787,1.5,,,,,,,6.0096,50198.676,10.78,6.0345,82770.676,19.98,6.0375,19792.045,4.8,6.0587,21670.493,5.66,,,,6.0941,92465.256,9.1,,,,6.1001,35690.315,9.18,6.1419,18774.868,32.8,,,,,,,6.1713,74881.535,8.71,,,,6.2157,61405.032,3.31,6.2163,39260.152,44.16,6.2662,168172.457,32.34,6.2683,140884.393,30.27,,,,6.3072,337215.668,47.91,,,,6.3656,54145.895,6.58,2.0386,47265.895,79.91,6.5519,10171.087,3.2,6.4117,506183.228,50.79,6.6039,20678.093,5.53,,,,,,,6.431,27217.456,6.6,6.5535,30790.204,2.91,,,,6.6554,32788.528,3.74,,,,2.1979,192493.556,46.08,,,,6.6323,359998.177,26.8,6.6395,197147.668,28.01,,,,,,,,,,,,,6.7769,71319.836,8.16,6.798,94918.572,64.96,6.7657,17610.364,4.27,2.1979,272301.295,76.13,6.7754,239344.805,16.4,,,,6.884,14139.646,1.05,6.8849,142801.1,72.32,6.9041,16512.981,1.13,6.8737,215540.73,72.52,6.9425,113734.565,74.33,,,,,,,,,,2.2834,13997.225,2.88,6.8846,11146.202,9.68,6.9889,23056.314,7.88,,,,7.0247,11069.348,46.36,,,,,,,7.096,28908.477,3.31,,,,7.0806,20059.244,100,,,,,,,,,,7.1286,46916.228,9.13,,,,,,,7.1618,101582.805,11.58,,,,,,,7.1864,29233.709,68.72,,,,7.5208,22513.804,3.09,,,,7.3762,15324.714,2.94,7.439,365605.824,16.67,7.3732,67842.482,16.38,7.489,11089.251,3.49,,,,7.4303,12340.183,2.98,7.4413,18762301.46,91.94,,,,,,,7.4903,497740.088,62.98,,,,7.4429,520410.142,94.71,7.5399,23751.241,41.89,7.5555,20996.466,15.77,,,,,,,7.5803,21193.249,6.83,,,,7.6571,27082.992,13.09,7.6909,13104.131,50.94,7.73,166958.611,21.13,2.8343,56486.624,61.36,7.7349,196768.66,22.68,7.5994,64389.683,0.32,7.597,22621.71,3.11,,,,7.8129,844465.338,91.36,,,,7.931,13646.713,0.74,7.9932,59899.975,100,,,,7.84,20291.703,2.09,,,,7.8319,35464.889,4.13,8.0647,25900.278,7.54,8.0549,111377.454,0.55,,,,7.8683,21554.816,4.2,8.0571,48034.944,50.27,8.0734,30828.101,18.74,,,,7.9355,11359.319,11.89,8.1129,118079.985,5.38,2.8672,13654.611,43.17,8.1009,13768.518,1.67,8.1423,33104.743,6.44,8.1289,10034.83,1.17,8.0265,10884.968,2.61,,,,8.2882,88899.388,34.3,8.2889,50707.343,0.25,,,,,,,8.2942,256230.734,49.12,3.0495,68106.612,7.01,,,,,,,,,,8.4,33402.815,11.06,,,,8.5242,181256.595,24.91,,,,,,,8.5155,463136.458,24.99,8.5959,201237.904,100,3.0033,52654.488,100,8.6257,85701.118,9.8,8.5203,208874.081,72.12,8.7082,5080566.292,99.78,,,,8.7605,86868.174,7.82,8.7582,18694.025,2.57,8.8977,24894.22,7.25,8.8264,301128.883,49.22,,,,8.2935,381647.299,17.4,8.89,351581.878,40.52,,,,8.7576,14213.688,1.65,8.882,11227.861,0.61,,,,,,,8.9648,106176.415,31.77,,,,9.0364,115187.821,34.47,9.2098,16986.744,30.23,9.1386,10984.308,0.99,,,,3.1534,380559.262,90.99,9.2627,10061.246,1.38,9.07,18159.7,22.99,9.1969,131944.174,16.02,,,,,,,9.2103,13963.149,46.45,,,,9.2709,24588.675,38.43,,,,,,,3.1771,42339.333,49.16,9.278,18275.529,2.13,,,,9.3662,13708.51,7.42,9.4868,13066.351,1.49,9.4028,35259.677,4.1,,,,9.442,107018.887,35.42,9.6702,40528.088,4.46,,,,,,,,,,,,,,,,3.3229,44954.96,59.42,3.4103,543124.562,84.16,3.4038,22032.697,25.29,3.4851,131443.405,15.04,3.5124,220532.552,21.69,3.5569,31598.429,54.91,,,,3.6594,27482.908,3.6,3.7232,617463.093,88.58,,,,3.8834,10352.321,1.36,,,,3.956,30606.388,57.38,,,,,,,4.0088,10106.01,2.64,,,,4.0673,710990.23,67.25,4.0838,443931.041,81.4,4.1083,228769.086,66.17,,,,4.1972,62107.975,12.11,4.2026,29892.294,0.15,4.2172,21710.323,5.26,4.2038,159544.676,7.27,4.2194,12744.186,8.32,4.2449,277352.475,81.14,4.3631,36730.141,9.59,4.3514,26575.843,3.48,4.391,57383.757,5.76,,,,4.4049,12817.11,1.21,4.515,164503.239,39.97,4.4558,351984.905,36.2,4.454,62666.613,30.29,4.5066,72225.804,14.85,4.4975,144740.005,0.71,4.5004,32591.034,75.61,4.5993,155510.399,10.65,,,,,,,4.6202,80676.981,9.23,4.594,12033.779,3.79,4.6245,321826.737,33.1,0.9295,13542.856,16.8,4.5945,50107.614,4.74,4.6191,65076.263,15.81,,,,4.6985,113787.008,4.03,4.7362,40162.019,31.23,,,,4.7741,71848.16,100,4.7672,269526.585,72.12,4.8056,1251108.31,44.29,,,,0.9173,134648.779,67.42,4.8784,122548.485,9.12,4.9108,1116864.705,39.54,4.9447,129452.968,5.9,,,,,,,4.9701,12157.634,35.18,5.0359,41114.495,10.74,,,,,,,,,
53_2021_T_4n,P1-E5,1,,,,,,,5.0537,47623.266,2.95,,,,,,,5.1213,11371.722,7.83,,,,,,,,,,5.2009,11842.206,10.67,1.3064,165582.681,41.16,5.2129,74789.726,16.96,,,,,,,,,,,,,5.3464,690255.991,30.9,,,,,,,,,,1.6538,45187.197,8.97,,,,5.43,36942.01,3.24,5.4574,321840.634,40.42,5.4667,363754.026,58.23,5.4666,36204.334,54.49,,,,,,,,,,,,,5.5315,22152.139,1.91,,,,5.5743,160792.63,100,,,,,,,5.6519,14515.916,0.5,5.7938,12002.289,20.83,,,,5.6767,19895.774,4.87,5.7123,107604.939,15.98,5.7127,11245.628,1.95,,,,,,,5.7253,12107.451,3.64,,,,,,,5.6793,18704.167,0.22,5.8278,38316.334,2.38,5.6905,27065.807,0.94,,,,6.0181,3249593.243,38.16,5.9533,355381.507,72.31,,,,6.0155,26654.945,6.09,6.0413,114284.4,29.75,,,,6.0633,73480.703,15.58,6.106,11138.966,0.39,6.102,78264.924,15.54,,,,6.0951,144596.716,18.13,6.0274,28242.906,19.11,6.1753,83796.053,2.9,,,,6.1725,443772.976,9.15,6.178,38247.868,10.4,6.2221,20740.362,1.29,6.2156,59120.988,56.3,6.2609,58636.193,10.15,6.2763,43184.32,9.87,,,,6.3063,313383.527,27.92,6.3506,20463.935,19.49,6.3634,17667.83,2.01,2.0358,13888.451,100,6.3358,17739.879,0.61,6.409,418536.791,29.22,,,,6.4294,11444.209,8.19,,,,,,,6.5562,121597.978,1.43,,,,6.531,10958.044,0.6,6.7307,80038.301,1.28,2.1998,81392.898,36.15,6.6055,136192.626,4.54,,,,6.6395,342060.898,30.47,,,,,,,,,,6.7321,1109009.963,13.02,6.7811,232860.727,21.31,,,,,,,2.1993,140345.058,53.02,6.7859,423350.445,18.95,6.843,28142.982,0.45,,,,6.8751,16841.4,13.28,6.8775,91834.564,4.11,6.8823,91931.833,100,6.9323,88501.456,51.87,6.9861,169289.464,1.99,,,,6.9652,34048.048,3.03,,,,6.8883,15901.743,13.18,,,,,,,7.0237,19179.91,11.73,7.0897,36864.388,22.59,,,,7.0982,14028.536,1.28,7.1476,148233.002,1.74,,,,,,,2.4293,11881.712,53.35,,,,7.1365,43120.796,12.96,7.1567,16766.79,9.83,7.1573,10115.067,0.35,7.1589,95115.133,5.19,7.2462,12305.55,8.81,,,,,,,,,,7.4042,11973.691,0.07,,,,7.4279,11872.055,1.06,7.4329,31677.974,1.06,7.3054,49288.845,12.83,7.2965,17208.837,0.6,7.4626,16738.722,3.41,7.4335,58581.669,15.25,7.4488,25361.242,6.21,7.4846,109261.096,54.27,,,,7.4755,36364.182,0.58,2.588,132461.271,33.54,,,,7.5358,30008.923,72.06,,,,7.5894,143448.748,4.79,7.6057,14258.494,0.23,7.5709,67849.274,83.44,7.5951,29014.988,72,7.6533,48123.432,17.05,,,,7.8844,13774.443,0.22,2.8284,263269.633,80.54,7.7336,97665.72,22.04,,,,7.7581,14871.333,0.09,,,,7.8105,2878474.138,100,7.8994,158016.921,1.86,7.9427,52184.839,3.24,,,,7.9769,69674.386,2.32,7.9894,432290.64,37.26,,,,7.9793,198963.236,4.1,,,,,,,7.9795,19558.835,1.07,7.8688,15681.744,4.71,8.0598,76167.78,51.97,7.9011,19115.444,1.06,8.0969,79851.815,0.94,7.918,14372.793,9.81,8.1571,11104.819,0.37,,,,8.0887,15135.845,1.72,,,,8.1572,133374.24,2.75,8.2662,15304.158,6.8,8.3074,23064.128,0.48,8.258,61173.828,2.04,,,,8.3106,169135.572,2.71,,,,8.4066,41587.122,3.7,,,,8.3607,115168.237,45.59,8.3425,14510.711,0.08,8.3878,22562.135,100,8.3789,235226.94,51.93,8.4184,83834.586,7.21,8.5213,102292.706,0.6,,,,8.5149,248773.081,22.14,8.5132,480279.707,29.78,8.5733,324311.718,79.02,2.9969,406917.022,74.55,8.5453,40992.469,7.34,8.6225,13604.376,5.12,8.7028,1079630.192,92.79,8.7536,6468239.702,100,8.7616,8638702.993,44.33,8.7523,15161038.1,88.81,9.0003,11555.804,8.96,8.8209,35362.751,55.08,8.7416,222149.592,49.95,8.2552,25695.195,0.86,8.7693,23519.152,5.31,2.9904,13092.273,17.96,8.887,690610.57,14.24,8.9058,18920.046,1.17,8.9389,971058.452,53.72,8.9294,2539229.147,29.82,8.9367,76402.236,17.33,,,,,,,8.9353,34097.636,7,9.1236,15424.941,0.08,8.8855,16926.102,1.96,,,,9.2026,15638.96,0.09,,,,8.9309,395990.854,45.03,,,,,,,,,,9.2363,16320.871,46.05,9.2559,26877.321,15.78,,,,9.277,204441.029,11.16,3.1756,10872.58,31.97,9.2776,995592.382,20.53,9.282,1579372.406,25.28,9.3598,17135.284,2.94,9.4226,820251.773,44.78,9.4235,1568282.568,32.34,9.424,2816916.499,45.1,,,,,,,9.4922,54366.354,0.28,,,,,,,3.2375,24045.469,4.12,3.3299,42839.642,5.37,3.3279,256249.866,51.26,3.4041,51287.906,63.81,,,,3.4879,59813.981,5.47,3.5191,117360.78,23.3,3.5433,17336.546,24.12,3.5676,26801.168,45.08,,,,3.723,360962.791,81.37,,,,3.8682,10461.443,1.67,,,,3.9558,122325.207,61.99,3.9552,47820.472,100,,,,4.011,17558.955,3.72,,,,4.0619,25222.335,0.3,,,,4.1013,248114.402,47.93,4.1265,632490.201,100,4.194,91538.505,13.6,,,,,,,4.1052,15368.615,0.51,,,,4.2463,84851.646,100,4.3406,15587.586,3.3,4.3559,20180.816,3.22,4.3931,292702.739,20.43,,,,4.4277,10642.632,0.12,,,,,,,4.4533,24918.375,8.83,,,,,,,,,,4.603,122380.356,5.48,,,,,,,4.6061,179447.191,16.42,4.6528,13159.72,0.46,,,,0.9228,22701.939,18.41,,,,,,,4.6943,40226.544,9.12,4.6924,47800.463,4.2,4.7321,32137.939,25.57,,,,,,,,,,4.8012,563170.432,49.47,,,,0.9252,50319.333,49.28,,,,4.9063,433781.046,38.1,,,,4.8895,61403.729,5.29,,,,,,,5.039,175507.807,37.2,,,,,,,4.9262,52112.746,11.05
54_2021_T_4n,P1-C2,1,,,,,,,5.0571,19120.477,0.57,4.9875,89922.631,0.71,,,,5.1532,10603.115,2.35,5.1649,17688.144,0.56,,,,,,,5.1819,35851.384,11.37,1.3067,208785.062,31.21,5.211,547372.88,45.4,,,,5.1629,24053.318,3.22,,,,5.163,10262.144,0.83,5.341,675867.288,20.42,,,,,,,,,,1.6526,76716.742,5.16,,,,5.4197,84135.727,3.51,5.4451,178366.427,17.09,5.4566,213712.051,30.92,5.4665,13065.924,16.19,5.5012,481130.921,72.22,5.5094,57870.093,0.75,,,,,,,5.5196,32076.607,1.02,1.6441,25610.03,12.05,5.5663,294289.3,76.38,,,,,,,5.6292,43974.517,0.82,,,,,,,5.6619,16598.948,1.34,5.7089,234223.672,14.37,5.7226,21015.195,1.35,,,,,,,5.7382,59164.159,10.33,,,,5.8042,10967.169,24.86,5.7946,111419.236,0.89,5.8156,42131.41,1.25,5.7994,29311.602,0.55,5.815,53319.309,100,6.0029,2315557.256,18.4,5.9447,210524.494,16.67,,,,6.0115,64165.422,7.53,6.0255,121778.484,12.01,,,,6.0527,61665.585,7.79,6.0878,16291.732,0.3,6.0862,162115.232,10.91,,,,,,,6.1729,179271.916,17.49,6.0001,471991.87,8.81,1.9781,100922.922,3.21,6.1582,1001261.823,12.91,6.1637,49803.287,13.62,6.2088,105975.56,3.13,6.1983,114601.382,35.13,6.2582,141887.03,9.13,6.25,77784.753,9.13,,,,6.2999,416679.097,21.42,6.344,149264.512,45.76,6.3571,93042.44,3.12,2.0235,10059.651,2.99,6.3512,19662.942,0.37,6.4009,799248.194,46.58,6.5476,10887.002,3.8,6.4447,24457.995,3.67,6.3151,23980.689,16.13,6.5975,11798.646,1.58,6.5512,854185.59,6.79,6.576,471006.805,47.55,6.5985,2854983.493,62.9,6.6034,2490004.764,34.3,2.1818,168535.327,29.97,6.5489,415437.461,8.32,,,,6.6365,1074848.652,55.25,,,,,,,6.5496,21431.408,5.34,6.7238,901489.297,7.16,6.7701,151317.114,12.11,6.7923,36662.937,14.32,6.7608,70708.589,9.48,2.186,343537.589,66.64,6.7742,421694.633,12.74,6.8329,51894.823,0.72,,,,,,,6.8666,524992.351,15.86,6.8852,100732.335,28.67,6.9245,230927.26,46.95,6.9197,180812.586,1.44,,,,6.9513,35422.004,1.82,,,,,,,6.9615,16656.233,0.77,,,,7.0101,164542.263,47.14,7.07,24524.73,3.81,,,,7.0924,15271.571,1.22,7.1314,34332.113,0.27,7.0768,21123.391,13.82,,,,2.4324,40355.87,35.7,,,,7.1433,33706.445,5.88,7.1435,191162.179,38.86,7.2793,13734.093,0.26,7.1622,127777.778,2.82,7.2386,77960.218,11.7,7.0046,12174.414,0.98,7.1837,12009.234,9.82,,,,7.3868,12194.823,0.09,2.3909,42978.669,1.37,,,,7.4577,24746.251,0.5,7.3646,110351.469,10.89,7.4762,107069.022,2,7.4477,17532.697,1.39,7.4245,318693.548,31.44,7.4254,21677.898,1.75,7.4763,383122.602,54.69,,,,7.4755,23544.025,0.32,2.5828,173633.517,49.47,7.5467,20268.461,6.17,7.5279,161181.802,77.33,7.5482,144782.031,33.25,7.5642,34705.399,0.69,7.5958,16541.395,0.23,7.5684,46400.574,17,,,,7.6398,19244.277,4.93,,,,7.712,12197.145,0.17,2.811,31799.297,20.35,7.7215,86831.971,6.32,7.7214,11878.52,0.96,,,,,,,7.7997,3554439.338,96.35,7.8862,107436.35,0.85,7.9426,15419.481,0.46,,,,7.9764,44032.058,0.88,7.9769,147219.113,4.68,,,,7.9615,39412.566,0.51,,,,7.8824,15087.947,1.21,8.2784,11085.689,0.24,7.8555,37014.171,6.46,8.0615,34676.667,14.13,8.0713,57141.953,3.23,8.0896,226773.252,1.8,7.9046,37489.34,15.28,8.0815,57168.376,1.14,2.8652,278103.588,84.37,8.1455,14693.653,0.49,8.1457,13245.964,2.31,8.147,25360.752,0.33,,,,8.3632,29394.098,0.38,8.2498,53882.844,1.97,8.293,14143.684,1.14,8.2896,50889.101,0.7,,,,8.3631,17436.376,2.69,,,,8.3479,75309.577,22.92,,,,8.3793,22488.17,100,8.3798,272263.019,35.92,8.411,24777.896,0.9,8.4988,370249.733,2.73,,,,8.5026,82396.305,12.73,8.49,2058950.254,60.85,8.5639,488653.36,84.97,2.9929,35488.719,39.27,8.6214,526866.008,33.88,8.6538,27502.616,2.76,8.6935,2673825.276,97.54,8.7494,2472638.202,92.85,8.7465,14500955.65,91.22,8.7526,10076534.75,74.23,8.8163,10636.086,3.64,8.8168,157959.609,38.27,8.7422,172389.921,36.13,8.5187,29063.948,0.58,8.8788,1127779.401,82.08,2.9989,26240.381,6.03,8.8834,449431.135,5.79,8.8794,50659.159,1.5,8.9304,1139698.948,64.5,8.9314,3461514.269,27.51,8.9545,182897.883,15.17,,,,9.0326,149843.617,12.43,8.9314,15877.886,3.93,9.0758,40508.333,0.25,9.0326,10015.552,1.06,,,,9.2075,20755.083,0.15,,,,9.2068,30535.592,1.02,9.2003,56680.63,42.88,,,,,,,9.2111,14409.778,100,9.2674,475548.975,27.72,9.2695,98000.396,33.46,9.2756,136212.449,3,3.1635,26335.795,70.79,9.2725,707821.406,9.12,9.2764,933778.827,12.86,9.3587,20042.06,2.33,9.415,500473.06,11.03,9.422,875119.595,11.28,9.4184,1793384.717,24.7,,,,,,,9.4807,26121.835,0.16,,,,,,,3.2255,38466.129,4.47,3.3199,315636.694,55.56,3.322,860061.82,81.25,3.3989,287186.15,84.73,3.3957,16059.16,10.02,3.4743,103259.349,8.27,3.506,547016.291,36.82,3.5391,21419.967,19.02,3.5615,31995.638,26.97,3.6518,23731.892,1.71,3.7141,1290789.506,88.81,,,,,,,,,,,,,,,,3.9776,407907.799,54.69,4.0073,39165.67,4.95,,,,4.0607,98629.47,0.78,,,,4.0949,239895.156,50.99,4.119,181972.226,69.87,4.1895,202964.143,12.46,4.3088,13101.862,1.05,,,,4.1808,44414.479,0.89,4.1495,14544.382,6.74,4.2352,1764158.215,98.76,4.3425,131876.416,16.66,4.3455,108914.776,7.86,4.3776,67965.804,3.96,4.4168,1084987.451,54.84,4.4172,2090833.961,16.61,4.4669,26467.692,2.1,4.4497,92289.198,2.93,4.4218,45274.742,11.6,,,,4.4778,25754.067,2.07,,,,4.5965,109220.12,3.3,,,,,,,4.6025,136948.565,10.96,4.6376,1273907.844,23.79,4.6259,40717.628,1.29,0.9233,35744.763,16.49,4.6407,1374465.128,10.92,4.6053,15565.626,1.23,4.6869,66476.814,5.51,4.6816,44398.043,1.85,4.7266,35332.269,22.06,,,,,,,,,,4.7913,1133481.667,47.23,4.9822,12355.78,4.43,0.9188,135648.73,61.82,,,,4.8958,918988.215,38.29,4.9892,179597.331,3.6,4.9867,1782744.549,56.68,4.9469,13405.538,4.68,5.036,25902.206,25.35,5.0333,323422.22,40.85,5.0473,21290.359,4.17,,,,5.064,75234.778,9.5
56_2021_W_4n,P1-F4,1,,,,,,,5.0513,44245.539,3.02,5.0785,193237.943,5.09,,,,5.1562,73950.416,29.68,5.1702,21575.23,0.56,,,,,,,5.2024,13304.241,8.1,1.3097,421457.75,70.54,,,,,,,5.222,50411.055,7.53,5.2807,3160997.644,56.99,5.3554,30469,3.11,5.3548,16933.507,1.44,,,,5.3918,1614343.041,42.5,,,,1.6492,81114.346,7.99,,,,5.4414,90999.769,3.84,5.4568,184046.919,30.03,5.4566,191870.995,35.6,,,,,,,5.4588,12478.204,0.27,,,,5.3969,30466.329,11.36,5.5589,1066617.723,27.54,1.6646,176868.482,86.78,5.5827,169186.379,100,5.5277,61073.027,29.12,,,,5.5511,59192.942,2.54,5.6501,18110.395,2.7,5.5614,22770.457,0.34,5.6525,82709.543,8.43,5.7124,188103.802,18.46,5.708,34974.013,6.52,,,,1.728,191797.96,71.76,5.6985,10791.289,1.1,5.6785,25173.851,26.58,,,,5.8209,26704.739,0.7,5.8236,65395.128,4.47,5.8332,157712.987,6.76,5.8252,41113.852,100,6.0116,15485.243,0.41,5.9462,11787.365,0.35,,,,6.0106,17092.905,4.71,6.035,90329.708,13.36,,,,6.0526,102798.872,14.41,6.0675,217213.034,9.31,6.0981,65642.421,6.46,6.2231,22033.199,1.24,6.1006,18522.882,5.25,6.1372,55233.033,8.2,6.151,225408.725,9.66,,,,6.1653,47314.617,1.02,,,,6.2208,50658.545,3.46,,,,6.4117,15062.459,2.81,6.2029,10539.832,2.9,6.3086,12805.747,22.59,6.3096,63452.332,4.27,6.3571,62305.242,66.89,,,,2.0351,79887.022,64.17,6.4101,299545.431,12.84,6.4131,930378.484,58.6,,,,6.5167,177627.011,66.89,,,,6.6385,144531.961,21.58,,,,6.574,14028.515,4.14,6.5157,99790.634,1.48,,,,2.1989,290644.782,59.88,6.4207,83433.211,1.5,6.5037,17736.122,18.72,6.6378,1152112.347,77.57,,,,,,,,,,,,,6.7338,21221.539,4.33,6.8429,157706.627,26.07,6.8473,25347.012,3.78,2.2015,402584.425,59.38,6.7798,24843.105,2.11,6.8378,3436894.979,44.84,,,,,,,6.8907,188134.744,16,6.8891,10094.542,27.37,6.9278,85542.108,39.95,,,,,,,6.9356,15407.035,1.04,,,,,,,6.9812,10208.061,0.58,,,,,,,,,,,,,6.8845,132960.759,27.14,7.1009,34205.682,0.9,,,,7.1241,385771.063,19.28,2.4298,46966.382,100,,,,7.0753,13565.097,1.38,7.1608,128566.252,60.05,7.1236,77743.169,3.33,7.1632,25231.37,0.38,7.253,12188.116,4.59,7.3204,18291.299,1.86,,,,,,,7.249,10913.903,0.29,,,,7.3645,18684.728,0.93,7.3682,20435.884,0.37,7.3152,279026.889,41.27,,,,,,,7.4413,188474.717,27.88,7.4437,232678.027,23.72,,,,,,,,,,2.5856,142373.235,91.26,,,,7.5437,33044.047,41.45,,,,,,,7.6072,3652805.689,47.11,,,,,,,,,,,,,7.7161,54012.405,0.7,2.8275,53636.038,62.23,7.7391,72271.275,13.98,7.9049,12286.601,1.25,7.7448,198161.099,5.31,,,,7.8128,2745555.25,96.63,,,,7.9416,22632.8,1.55,,,,7.8603,97349.383,1.76,,,,,,,7.8852,13946.176,0.3,7.9345,14012.972,3.21,8.048,10484.292,1.07,8.0628,70798.8,1.05,8.0644,16717.381,1.7,7.8538,239176.755,46.49,8.073,26718.828,2.36,,,,8.1693,57638.516,11.2,8.1232,33596.265,0.61,2.8713,16957.09,100,8.1031,16547.893,1.06,8.2769,14313.892,1.46,8.126,12735.161,0.27,8.4016,16033.482,3.3,,,,8.4148,10346.094,1.76,8.2744,11236.387,1.15,8.4281,20894.309,0.27,,,,,,,,,,,,,8.3378,10856.011,0.29,,,,8.3912,50223.275,7.37,8.4101,15156.833,0.83,8.49,391908.648,10.51,8.4903,710641.568,40.04,,,,8.5058,543883.056,37.18,8.5834,90942.439,43.47,3,104772.406,53.7,8.6276,89912.612,7.87,8.5061,174461.788,44.43,8.7077,1769289.097,97.19,8.4835,11880.381,14.34,8.7575,205922.305,8.81,8.7614,120072.202,3.22,8.724,10940.376,2.5,8.8226,206443.723,58.72,9.0326,11200.025,2.64,8.2704,13396.217,0.24,8.8907,382807.122,74.06,2.9989,11597.581,23.86,,,,8.8927,48709.102,3.33,,,,,,,8.9657,38162.571,4.7,,,,9.0357,45548.929,5.61,,,,9.1408,14840.064,0.63,9.1076,328172.373,18.49,,,,9.1119,239281.088,6.42,,,,9.2061,153139.948,9.85,9.1146,37558.153,11.44,9.2117,70562.872,100,9.2063,221188.594,67.37,,,,9.2767,512451.802,35.93,9.281,166321.742,83.55,9.3196,500552.066,7.44,3.178,104800.664,100,9.2755,209782.56,4.5,,,,,,,9.4217,363252.5,5.4,9.399,303386.06,6.51,,,,,,,9.2112,14909.369,2.05,9.4842,56912.006,2.43,,,,,,,3.2369,56128.482,9.77,3.3266,112245.794,31.84,3.329,419805.453,90.93,3.398,127928.42,22.8,3.3987,68456.391,49.15,3.484,79996.848,16.33,3.5161,247109.628,24.33,3.5486,41323.661,24.72,3.5705,32196.349,28.35,3.6595,12066.387,1.27,3.7236,719085.278,94.53,,,,,,,,,,,,,,,,,,,4.0206,111866.196,15.68,,,,4.0678,133209.7,3.51,4.0763,36096.685,23.12,4.1061,95021.666,29.79,,,,4.1942,167417.955,16.43,4.2092,43600.127,4.45,4.2184,47433.372,7.08,4.2041,16412.608,0.3,4.2244,112025.996,35.8,4.2479,311202.315,88.85,4.3532,55777.256,7.82,4.3673,17594.034,1.85,4.391,142294.976,8.96,,,,4.3399,56245.059,1.48,4.3393,164130.275,4.91,4.4522,34387.392,0.89,4.4561,90431.341,15.43,,,,,,,,,,4.6145,18865.308,1.6,,,,4.5877,12376.784,9.58,4.597,25631.196,5.23,4.5942,33897.993,1.45,4.6414,10261.94,0.26,0.9229,24034.862,14.02,4.5959,83418.118,2.2,,,,4.6913,627721.507,77.34,4.6912,83519.789,3.52,4.7343,31820.03,36.36,4.7305,17920.601,0.54,,,,4.7752,10199.821,4.86,4.8031,1113956.909,46.96,,,,0.923,77337.317,100,,,,4.91,927222.907,39.09,4.8566,230995.455,4.16,4.8564,1195708.325,30.87,5.1126,15853.887,7.56,,,,4.9208,10301.784,1.44,,,,,,,5.0425,237998.946,33.36
57_2021_W_4n,P1-A2,1,1.2612,10278.098,5.13,5.1432,35766.816,37.17,5.0534,92970.497,1.85,,,,5.1576,419406.981,19.67,5.1324,10590.343,1.33,,,,,,,5.2095,16674.911,0.67,5.1867,47193.582,6.58,1.2996,268911.157,18.06,5.1491,26101.78,2.19,,,,,,,5.1521,163389.776,9.13,,,,5.3417,995733.375,21.59,,,,,,,,,,1.6495,261966.343,16.89,5.4142,415255.914,27.73,5.4289,124262.669,3.17,5.4551,236829.715,6.23,5.4537,306266.903,34.68,5.4607,26835.088,14.82,,,,5.5249,414710.207,16.08,5.5236,394288.5,17.6,,,,,,,1.6558,269762.095,81.99,5.5707,418101.47,86.23,,,,,,,5.6644,30898.473,6.1,,,,5.6692,1286253.585,34.77,,,,5.7166,129360.629,11.88,5.7376,76537.699,3.29,,,,,,,5.7454,147158.053,12.28,,,,5.7831,204643.604,31.09,,,,5.8223,109127.632,2.17,,,,5.8189,26274.558,100,,,,,,,1.7681,41807.067,6.12,6.0017,91050.796,6.41,6.0333,147679.039,12.15,,,,6.0564,69935.503,4.57,6.1036,20523.957,4.05,6.0858,114442.145,7.38,6.0282,10576.547,0.65,,,,,,,,,,,,,6.3253,16719.335,0.65,,,,6.2064,281213.235,5.59,6.2043,259057.942,62.16,6.2581,249645.697,10.73,6.2702,62998.139,4.43,6.3599,15391.115,41.11,6.3062,327334.789,13.21,6.357,145721.636,34.96,,,,2.0345,135864.876,86,6.3319,15292.518,3.02,6.4081,1309255.811,40.97,,,,6.6624,14665.069,100,,,,,,,,,,,,,6.61,37440.963,1.01,,,,2.1923,331428.244,45.75,6.721,30505.687,1.7,,,,6.6359,1548949.054,62.5,,,,6.6086,33889.765,2.26,,,,,,,6.766,340479.386,12.06,6.7912,25326.202,26.51,,,,2.2057,272133.909,45.3,6.7786,755257.757,16.38,,,,,,,6.8821,66522.931,35.39,6.8619,368686.161,8,6.8873,243548.888,35.92,6.9325,577312.267,60.03,,,,,,,6.9415,10958.108,0.44,,,,6.8849,39743.61,5.18,6.9718,98575.778,79.19,,,,7.0124,16037.244,8.95,6.9836,55518.868,11.06,,,,7.0916,100549.125,3.56,,,,7.0769,64160.763,67.92,,,,2.4203,46563.918,29.17,7.1323,285390.796,13.38,7.1467,20008.399,1.67,7.1521,267785.557,27.84,7.2521,21856.02,4.31,7.1475,126160.441,3.41,,,,,,,7.2839,13201.074,13.28,,,,7.3492,734678.134,18.24,,,,,,,7.2417,13969.679,0.78,7.3056,111200.449,9.15,,,,,,,7.4272,553962.124,45.59,,,,,,,,,,,,,2.5848,326197.152,78.38,,,,7.5352,10836.549,21.61,7.5401,98135.102,28.77,7.5881,31528.909,1.76,,,,7.5742,32953.802,12.48,,,,7.6434,44210.412,22.01,,,,,,,2.8182,16590.863,7.15,7.7289,270334.408,21.26,7.7194,33849.094,10.59,7.7496,16911.886,0.42,,,,7.8038,1998386.252,97.26,,,,7.9333,153019.156,3.04,7.9799,137044.931,82.71,7.9956,18511.744,1.03,8.1599,39852.642,27.12,2.8673,12456.531,0.34,7.8454,21135.796,0.82,7.9772,13175.091,0.62,,,,7.9495,11062.359,0.3,7.8563,48436.358,4.04,8.0025,90960.656,16.11,8.0645,28745.184,35.19,,,,8.1269,260523.107,46.14,8.2566,14341.727,0.8,2.8867,14955.445,55.36,,,,8.1567,12248.168,1.02,,,,8.0754,16446.985,2.27,8.2541,83092.563,3.22,8.2483,38994.924,13.91,8.3428,13580.293,4.25,,,,,,,,,,,,,8.4759,29027.75,60.39,8.3791,33397.492,0.83,,,,8.3864,109152.475,71.53,8.4075,199794.132,2.02,8.4746,1515050.15,37.61,8.4743,205703.582,12.67,,,,8.5115,1758244.432,34.97,8.5971,675966.996,90.91,2.9912,103770.551,67.58,8.6207,149291,15.02,8.517,893869.72,84.94,8.696,9616976.813,97.37,,,,8.7566,54634.034,8.8,8.7176,252544.128,6.27,8.8146,220458.277,10.3,8.8112,200549.71,24.99,8.8691,11353.297,1.11,8.2862,16120.039,0.9,8.8808,453609.81,35.67,3.0105,26602.258,7.8,8.8856,28828.746,1.12,8.883,13369.951,0.27,,,,9.1471,13961.996,9.82,8.956,202261.637,16.96,,,,9.0287,192081.531,16.1,8.8276,11462.068,6.11,,,,9.1197,202654.131,12.49,3.1456,118274.41,56.74,9.1211,76727.649,1.9,,,,,,,,,,,,,,,,9.2164,434058.667,80.75,,,,,,,9.0364,18078.206,0.49,3.1697,128770.614,78.06,9.1683,10178.334,0.39,,,,9.3564,15545.545,3.44,9.5328,23416.116,0.63,9.4798,11395.578,0.44,9.6076,10334.663,13.47,,,,9.4621,166531.989,26.69,9.4768,53575.983,8.63,,,,,,,,,,3.3265,125432.589,68.57,3.3269,460830.978,75.27,3.4027,479517.123,92.63,3.3877,11188.116,5.25,3.4842,118374.906,4.19,3.5087,94983.617,6.12,3.5376,68423.929,33.38,,,,3.6594,57060.437,3.25,3.7196,1612959.122,85.47,,,,3.8704,40228.85,2.29,,,,3.9579,37673.802,32.4,3.9528,108308.666,78.75,,,,4.0223,100731.282,6.58,,,,,,,4.0893,19061.026,5.91,4.1017,37166.447,6.22,,,,4.1915,215515.873,19.79,,,,,,,,,,4.2345,10133.969,1.61,4.2403,264762.861,74.72,4.3541,167402.111,10.94,4.36,205768.944,11.73,4.3891,54102.791,1.69,,,,,,,,,,,,,4.4516,64998.671,32.36,,,,,,,,,,4.5996,245562.756,5.33,,,,,,,4.6047,345151.014,12.22,,,,4.7286,19674.957,13.39,0.9256,68357.105,21.47,,,,,,,,,,4.6966,175819.533,4.49,4.7337,43870.211,20.22,,,,,,,,,,4.7944,1807765.044,46.12,,,,0.9185,167742.596,83.77,4.8712,13233.955,7.31,4.9028,1533963.846,39.13,,,,,,,,,,5.0458,48454.865,40.17,4.9208,11288.535,0.74,5.0474,62938.705,8.2,5.0401,686707.766,18.56,5.0418,259090.463,16.94
60_2021_W_4n,P1-B9,1,,,,5.1602,19553.931,26.73,5.0953,27661.906,0.72,,,,5.1565,198721.682,8.99,,,,,,,,,,5.1423,32523.545,2.04,5.2137,13149.706,5.48,1.3033,288399.876,30.23,5.1364,38518.66,6.35,,,,,,,5.2892,11658.68,0.99,5.3007,11817.254,0.72,5.3407,644492.518,20.73,,,,,,,,,,1.6531,93532.502,6.39,5.412,550773.416,34.79,5.4181,143745.796,3.49,5.5192,467721.223,14.54,5.4588,120176.429,24.6,,,,5.5169,15428.761,100,5.5239,516304.098,17.29,5.5221,455806.1,18.53,,,,,,,1.6647,18160.663,100,5.5648,767373.482,98.05,,,,,,,5.6524,27008.787,5.85,,,,5.6662,1450368.733,37.04,5.5979,15247.582,0.93,5.7157,51457.122,6.93,5.7188,11850.804,0.8,,,,,,,5.7392,283237.95,22.31,,,,5.7765,133946.237,39.02,,,,5.8158,132098.895,3.42,,,,5.8159,23919.561,61.81,,,,,,,,,,6.0031,143152.874,12.31,6.0319,53283.849,5.84,,,,6.0436,74607.181,9.94,,,,6.0897,204192.254,13.95,6.1187,99962.391,5.42,6.0837,53670.898,13.25,,,,,,,,,,6.2746,54785.193,1.84,,,,6.2038,254800.866,6.59,6.2042,311055.619,90.45,6.259,361187.388,24.29,6.2632,85118.156,7.32,6.2115,13797.132,26.48,6.2981,615294.33,38.63,6.3469,13802.777,4.01,,,,,,,6.3226,14030.833,3.04,6.3974,399109.463,29.7,,,,,,,,,,,,,,,,,,,6.6177,38216.218,0.98,,,,2.191,206066.161,36.23,6.6986,14252.445,1.21,,,,6.6303,456627.76,28.67,,,,6.6043,19688.194,1.24,6.6907,11598.625,24.15,,,,6.767,314384.946,14.95,,,,,,,2.1901,321184.497,81.38,6.7719,535605.241,17.22,,,,,,,6.8802,124128.045,43.69,7.0769,41456.559,1.33,6.8735,156351.663,27.11,6.929,447970.92,81.64,,,,,,,6.9997,49265.252,3.09,,,,6.8841,54757.237,11.06,6.9673,45111.113,69.85,,,,,,,,,,,,,7.0842,73769.601,3.51,7.2527,10099.446,6.16,7.0653,81885.436,77.95,6.9761,11571.89,48.24,2.4348,26599.435,13.82,7.1276,271105.006,12.27,7.1424,76730.261,6.04,7.1443,16245.112,2.96,7.1472,15170.469,3.29,7.1464,154445.216,3.94,,,,7.1117,18070.155,1.11,7.3447,15096.956,14.74,,,,7.3417,517474.39,9.11,,,,,,,7.5369,10282.31,0.87,7.365,30713.202,3.37,7.2497,30965.788,6.71,,,,7.4217,352759.093,38.67,7.4401,15820.992,0.97,7.5488,12018.341,11.02,,,,,,,2.5829,377660.095,87.83,,,,,,,7.5466,111938.8,43.46,7.5781,16939.251,1.44,7.5786,11265.39,15.67,7.5555,133296.852,57.62,,,,,,,,,,,,,2.8127,91962.594,44.45,7.7247,73457.599,19.73,,,,7.8683,25586.886,0.45,7.7743,29645.15,100,7.8007,2689051.582,96.49,,,,7.9332,23672.219,0.61,7.9773,38993.134,58.22,7.9795,31840.457,2.71,8.1631,57079.818,43.98,2.8661,19663.276,0.5,7.8503,31184.97,1.04,7.9614,21939.888,1.3,,,,8.2667,86832.905,2.22,7.8621,97942.802,7.72,8.0543,59093.294,7.71,8.0602,25471.455,52.27,,,,8.1173,48641.891,6.34,,,,2.8649,43647.891,100,,,,8.1403,52804.547,4.16,8.1732,10737.053,0.36,,,,8.2471,126063.052,4.22,8.2358,72593.678,16.13,8.2519,27175.955,1.67,8.255,13188.248,18.35,,,,,,,,,,8.4757,16084.478,57.15,8.3713,2200594.27,38.76,,,,8.3717,149252.049,58.21,8.4017,686809.278,7.96,8.4745,1210833.745,21.32,8.4723,214096.143,11.61,,,,8.5092,1746910.115,45.21,8.5772,643582.782,98.33,2.9861,84708.269,100,8.622,97341.415,22.81,8.5119,951051.924,88.75,8.693,7922769.479,91.81,,,,8.779,55602.461,1.74,8.7169,202606.966,3.57,8.8088,253413.682,15.04,8.8054,683056.825,40.39,8.8555,62922.382,7.92,8.4236,28376.558,2.41,8.879,200316.79,53.81,2.9937,22260.302,8.64,8.8744,16010.924,0.54,8.9594,10818.289,0.28,,,,9.1403,20258.031,12.35,8.9612,60303.017,9.94,,,,9.0231,69462.712,11.46,9.0548,86744.315,27.39,8.8767,13490.605,0.42,9.1241,42718.564,2.32,3.146,25315.977,14.5,9.1088,24789.497,0.44,,,,,,,,,,,,,,,,9.2116,996946.996,91.44,,,,,,,9.5348,24828.229,0.63,3.1669,158623.39,76.88,9.1619,15458.782,0.52,,,,9.3518,26620.729,3.86,9.5096,14309.568,0.37,,,,,,,9.4266,90821.991,35.42,9.448,83393.766,27.67,9.4788,40838.702,1.28,,,,,,,,,,3.3211,41545.442,10.26,3.3131,252923.263,65.76,3.3843,357279.137,84.2,,,,3.4789,106706.543,5.07,3.512,368202.506,25.16,3.543,119080.206,80.87,,,,3.651,42524.686,3.61,3.7145,665746.558,84.78,,,,3.8428,10266.314,0.87,,,,3.9422,18082.495,23.94,3.9485,47805.299,47,,,,,,,,,,,,,4.0599,14555.603,4.14,4.0903,165968.332,25.15,,,,4.1877,70976.579,9.56,,,,,,,,,,4.1513,45674.047,12.84,4.2295,600991.73,81.48,4.355,107564.483,14.33,4.3517,133572.269,11.33,4.3767,95867.896,7.14,,,,,,,,,,,,,4.452,10181.844,12.8,,,,4.4513,12569.338,0.77,,,,4.6001,397411.554,12.78,,,,,,,4.5968,518686.025,24.66,,,,4.7153,19112.503,14.73,0.9234,23898.21,13.64,,,,,,,,,,4.6817,201185.966,4.89,4.7271,50841.215,26.86,,,,,,,,,,4.786,1909380.083,46.41,,,,0.9171,317801.819,93,,,,4.8932,1597638.555,38.83,,,,,,,,,,5.0211,11366.483,28.27,5.0347,28524.545,3.8,5.0495,16077.133,3.25,5.0302,790813.581,20.2,5.1723,22699.559,3.02
63_2021_W_4n,P2-B2,1,1.2623,30525.073,16.69,5.1509,11679.252,13.01,5.0634,103221.485,2.18,,,,5.1531,390091.352,22.86,5.1473,23341.511,5.89,,,,,,,5.1712,10761.079,0.7,5.2048,42518.527,12.99,1.3023,372765.766,33.12,5.1719,44476.537,9.55,,,,,,,5.1566,132478.306,10.61,,,,5.3445,667259.683,16.65,,,,,,,5.2749,22957.818,24.54,1.6647,62972.905,6.01,5.4216,445635.193,36.13,5.4352,91295.687,3.46,5.4199,16494.856,0.59,5.4752,104799.971,22.39,5.476,11999.311,7.73,,,,5.529,591887.172,22.63,5.5321,564196.086,25.71,,,,,,,1.6632,50576.92,73,5.5805,171040.382,100,,,,,,,5.678,24210.138,6.9,,,,5.6717,1217093.52,32.72,5.5928,15532.139,2.4,5.7211,73041.519,11.74,5.7363,29220.347,1.96,,,,,,,5.7474,200018.981,16.69,,,,5.7856,357680.273,79.2,,,,5.8285,102030.798,2.16,,,,,,,,,,,,,,,,6.0145,100254.119,7.33,6.0345,134677.184,11.2,,,,6.0525,49554.937,7.16,6.0503,11469.963,3.27,6.0908,135896.142,12.97,6.1315,185262.3,9.76,,,,,,,6.1152,12177.406,3.47,,,,6.2063,21041.477,0.8,,,,6.2147,239806.08,5.07,6.2107,99670.012,100,6.2646,325568.595,21.8,6.2562,275812.905,20.15,,,,6.3091,954930.735,61.69,,,,,,,2.0261,30860.754,100,6.3333,17652.88,5.03,6.4123,833930.474,49.74,,,,,,,,,,,,,,,,,,,6.6386,14305.899,0.38,,,,2.1961,150861.244,37.74,6.7196,10480.997,0.84,,,,6.6387,307824.99,19.89,,,,,,,6.8861,12408.709,34.94,,,,6.7771,339505.309,14.86,,,,,,,2.2049,254519.51,79.09,6.7826,954237.302,23.81,,,,,,,6.8905,416592.159,88.35,6.9624,10161.249,0.25,6.891,484500.06,65.81,6.941,452603.12,84.82,,,,,,,7.0068,11228.144,0.73,,,,6.8937,30819.2,7.9,6.9815,18848.573,27.04,,,,,,,,,,,,,7.0872,67750.84,2.96,,,,7.0821,50250.285,56.7,,,,2.4217,13719.062,12.28,7.1358,100719.621,5.9,7.1444,118466.765,9.89,7.1598,11433.401,2.14,,,,7.1446,26930.971,0.72,,,,7.0413,11865.854,1.83,,,,,,,7.3581,145529.057,3.89,,,,,,,,,,7.3132,170022.331,14.14,,,,,,,7.437,539413.849,44.85,7.4483,40556.506,6.27,,,,,,,,,,2.5892,132893.56,92.62,,,,7.5374,19491.152,100,7.5565,59846.216,21.53,7.55,11428.43,0.92,,,,7.5801,53423.424,59.24,,,,7.657,17086.113,11.94,,,,,,,2.8301,19986.903,25.01,7.7381,87430.461,11.92,,,,7.7636,81633.325,2.18,,,,7.8145,2773518.736,100,,,,7.9443,200031.542,4.23,7.9924,67104.1,71.38,,,,8.169,10671.46,13.37,,,,7.8555,13935.542,0.53,7.9667,10566.846,0.74,7.9938,15228.728,2.35,7.9536,18732.894,0.5,7.8671,88027.502,7.35,8.0577,46924.579,13.31,8.0783,54288.166,100,,,,7.9168,13154.691,3.73,,,,,,,,,,8.1487,30494.399,2.54,8.2891,55829.845,2.13,,,,8.2672,29820.472,1.14,8.2535,34000.524,13.48,8.3275,30285.183,4.68,,,,,,,8.3253,19719.389,51.02,,,,8.4924,23192.421,100,8.3843,940491.278,25.16,,,,8.3996,86820.383,54.65,8.4194,207097.823,4.4,8.4833,1220675.859,32.66,8.4892,207945.649,10.95,,,,8.5267,1399980.53,29.58,8.5869,401760.266,94.81,2.9966,66388.708,100,8.6369,90852.093,15.37,8.5259,695579.019,81.68,8.7098,4496759.573,95.6,,,,8.7661,46365.541,6.66,8.7249,239468.69,6.41,8.8246,314746.604,21.97,8.8249,218296.058,37.11,8.8791,572902.53,39.25,8.3651,12239.228,0.98,8.8876,570307.412,77.78,3.0089,11769.229,4.23,8.9064,26314.871,1.01,8.9475,132826.73,2.81,,,,8.951,10268.775,9.33,8.9716,57737.17,12.4,,,,9.0375,45017.7,9.67,9.0674,29274.751,13.15,,,,9.1272,165019.185,8.69,3.149,58449.801,42.29,9.1795,13846.852,0.37,,,,,,,,,,,,,,,,9.2292,264850.991,86.09,,,,,,,,,,3.1797,139210.876,58.33,9.1853,11250.104,0.43,,,,9.3673,14832.018,2.44,9.5284,12780.079,0.34,,,,,,,9.4356,29175.868,18.37,9.4684,192130.777,53.1,9.4883,41865.166,6.01,,,,,,,,,,3.3293,53925.6,52.86,3.3281,288203.041,68.89,3.392,93894.357,41.92,3.3942,40305.533,19.29,3.4968,45832.915,2.01,3.4997,37588.213,3.59,3.5517,27777.599,27.32,,,,3.6587,67626.925,5.17,3.7237,498307.453,94.37,,,,,,,,,,,,,3.9572,66557.697,100,,,,,,,,,,,,,4.0863,12099.096,7.18,4.1164,50692.402,10.77,,,,4.1965,56414.325,9.07,,,,,,,,,,4.1603,102976.744,23.82,4.248,183552.756,76.12,4.3546,97770.111,14.12,4.3573,132920.823,10.16,4.3951,33612.51,2,,,,,,,,,,,,,4.4518,29984.433,20.95,,,,,,,,,,4.605,336480.769,8.4,,,,,,,4.6004,461669.833,20.2,,,,4.7352,19626.168,24.58,0.9281,14707.058,9.24,,,,,,,,,,4.699,69794.903,2.64,4.736,77610.824,34.99,,,,,,,,,,4.8061,1192520.8,45.19,,,,0.9202,96567.23,52.79,,,,4.9089,1119980.522,42.44,,,,,,,,,,5.0396,17466.453,31.89,5.1803,16734.079,2.42,5.0393,38179.441,9.79,5.0356,732387.27,19.69,5.0464,14542.33,2.1
64_2021_T_4n,P1-B6,1,1.2566,101911.644,25.99,,,,5.0518,147163.73,1.06,5.1272,20779.806,0.79,,,,5.1559,65549.107,8.6,5.1697,13211.587,0.86,5.1748,39866.306,10.29,5.2113,12006.727,0.36,5.1593,135615.617,13.81,1.3034,394213.344,21.83,,,,5.2106,21227.484,35.85,5.2695,16894.145,1.31,,,,5.3107,48031.539,0.16,5.3436,1015702.702,12.94,,,,,,,5.364,15411.035,2.35,1.6457,97994.82,4.85,,,,5.424,169627.966,4.3,5.4429,359384.752,16.98,5.4485,367060.17,19.08,5.4454,98784.519,6.77,5.4998,162519.33,94.17,5.4934,35081.611,0.84,,,,,,,5.5335,17875.341,1.16,1.6597,55626.791,26.21,5.5699,270479.089,39.49,5.4634,251213.096,38.36,5.6015,347820.514,37.13,,,,5.6659,10182.011,0.79,5.5006,27374.151,0.73,5.6647,143934.355,0.48,5.709,241412.06,9.58,5.7017,31194.221,1.38,,,,,,,5.7376,117772.355,6.03,5.7268,10857.869,0.74,,,,5.7897,26816.497,1.01,5.8165,76858.609,0.55,5.7991,14485.854,1.01,,,,5.9501,49141.431,1.86,6.0243,10120.48,0.93,,,,6.0188,49441.872,3.13,6.0232,356859.136,27.09,6.0575,23190.611,1.8,6.0443,179790.551,6.84,6.0993,87652.714,6.1,6.083,197705.184,9.78,,,,6.0736,26889.435,2.36,6.1271,119174.985,13.3,,,,1.9745,111257.298,7.23,6.1555,26044.833,0.62,6.1537,157945.896,28.87,6.2085,124074.243,0.89,6.1965,97676.938,25.11,6.262,111189.139,4.92,6.2569,42259.649,2.67,,,,6.2996,326795.619,9.71,6.3445,204788.332,52.64,6.55,15401.119,0.47,2.0286,18309.387,4.02,6.338,28560.145,1.99,6.3975,2197086.635,58.66,6.4477,10562.51,1.61,,,,,,,6.5955,29033.456,2.25,6.5459,33790.867,1.28,6.5721,445606.202,31.22,6.5995,2464641.045,65.52,6.5971,2102830.661,82.7,2.194,265419.959,46.22,6.6978,16292.435,0.52,6.6237,221192.266,15.15,6.6339,2138527.569,63.53,,,,,,,6.8124,26358.06,6.79,6.7455,14506.756,0.55,6.7727,592772.181,18.84,6.7866,209602.706,47.11,,,,2.1886,395461.073,76.55,6.7684,800083.94,10.19,6.833,25383.702,0.99,6.741,19563.793,1.34,6.6929,11068.448,6.04,6.8761,1135861.742,14.47,6.8799,28718.898,5.18,6.9257,274026.614,45.59,,,,,,,6.9437,35116.365,1.04,,,,7.0272,27876.724,2.15,6.9652,139622.455,21.1,6.9666,55106.859,69.94,7.0202,13353.228,6.58,7.2753,21021.056,3.38,,,,7.091,11693.575,0.37,,,,7.0694,38058.503,100,7.2678,36637.643,3.71,2.4186,35253.08,45.17,,,,7.1651,14231.451,0.73,7.1388,303133.542,50.44,,,,7.1527,227006.672,6.04,7.2417,10058.533,5.83,7.1771,495266.842,1.64,7.176,155276.216,79.66,,,,7.5344,26574.218,1.04,2.3885,19484.063,1.27,7.3576,62382.31,6.31,7.4245,527010.068,16.92,7.3638,163103.374,12.38,7.3502,11930.119,0.83,7.5314,68628.268,6.31,7.423,59316.318,4.5,7.4269,27322186.17,90.72,7.6638,10781.358,2.28,7.4744,30923.583,10.93,7.4801,74608.513,2.93,2.5914,98817.957,75.6,7.6068,35929.275,4.19,7.5238,18872.071,33.04,7.5495,180082.72,19.93,7.5552,30907.906,0.99,7.6019,17086.249,0.67,7.5698,21790.239,3.37,,,,7.6491,39171.342,11.82,7.672,19552.491,100,7.7233,12590.727,0.5,2.8148,72345.662,39.89,7.7284,107766.484,4.98,7.7367,19577.355,0.07,7.73,57898.215,2.27,7.775,26226.223,66.49,7.8014,1744644.304,80.54,,,,7.9311,570842.144,4.11,7.9803,265919.738,81.37,7.9948,14319.889,0.46,7.8251,63060.468,4.1,2.8599,25496.182,0.68,8.0515,10875.945,0.26,8.0327,89508.425,8.72,8.0396,84351.573,0.28,7.9492,15820.644,0.42,8.0652,148047.016,7.59,8.0811,70035.357,11.66,8.0634,276456.161,75.83,,,,7.9088,72423.049,12.05,8.1007,413319.575,13.27,2.8612,106224.162,91.05,8.1525,130622.89,3.95,8.1346,75716.6,3.88,8.1292,13158.136,0.32,,,,8.2628,38509.121,0.92,8.235,28594.467,6.59,8.2885,105923.769,0.35,,,,,,,8.3204,35703.157,3.61,3.0144,24979.457,1.62,,,,8.346,12665.766,0.5,,,,8.3773,146924.728,21.5,,,,8.4982,1055571.147,41.42,8.6365,12982.143,4.23,8.3953,18785.638,1.9,8.4931,8701079.816,62.72,8.5629,1167097.359,86.22,2.9852,116646.357,89.68,8.6197,466056.74,14.98,8.6592,390767.686,8.7,8.6951,14918563.81,99.55,8.5043,18279.776,11.43,8.7551,31977.242,3.01,8.7622,19293.151,0.76,8.7736,12321.882,1.2,8.8223,240446.108,20.37,9.1215,11935.705,3.45,8.3178,10075.116,0.32,8.8799,1642623.911,75.91,,,,8.9118,17024.053,0.41,8.8964,125390.846,0.9,9.006,26582.369,7.29,9.0433,59902.572,2.26,8.9635,1403742.921,36.87,,,,9.0315,1328529.646,34.89,,,,8.9015,11817.004,1.11,,,,3.1455,643431.858,77.17,9.1278,10616.591,0.42,,,,9.1965,1151772.927,34.83,9.1963,1556331.173,94.61,9.1997,1301711.957,93.4,,,,9.2193,22715.386,9.2,9.2673,3815284.514,86.72,9.268,3047904.625,97.47,9.2675,301712.798,8.02,3.1656,254860.454,90.51,9.264,1329469.385,31.84,,,,9.3595,17966.095,3.85,9.4179,13238.431,0.35,9.3989,121834.794,2.92,9.4636,16905.372,0.66,9.4288,64355.7,9.42,9.6635,720504.579,39.2,9.4821,324269.744,30.54,,,,3.2078,153978.079,5.82,3.1476,24063.192,5.16,3.3172,555459.439,48.83,3.3094,1155129.454,94.28,3.3912,706355.355,98.22,,,,3.4846,100161.771,3.18,3.5004,229090.367,11.33,3.5409,33545.586,14.28,,,,3.6531,28719.481,1.07,3.7145,2316895.19,91.35,,,,3.8585,29811.01,1.11,,,,3.9475,62311.242,42.34,3.9496,76444.791,64.11,3.9772,166977.124,12.94,4.0121,190029.995,7.23,,,,4.0545,384918.282,14.54,4.0765,55419.515,15.44,4.0876,99009.506,17.84,,,,4.1906,190866.474,7.57,4.1997,165326.301,0.55,4.1949,200780.728,15.56,4.187,22624.34,0.73,4.2248,53216.383,9.39,4.2311,624716.588,79.99,4.3386,234614.664,8.92,4.3501,153268.692,5.69,4.378,91943.975,2.45,4.4138,220587.313,55.06,4.4099,982901.184,37.13,4.4846,96287.186,8.85,4.4491,58974.023,3.83,4.4387,82379.124,24.85,4.4962,95579.428,11.81,4.4642,73363.997,0.24,,,,4.6004,100140.601,1.28,,,,,,,4.6016,109553.632,3.48,4.6391,413594.865,28.79,4.6129,332790.621,21.64,0.9254,44044.09,12.69,4.6365,519690.577,19.63,4.6107,69132.631,6.35,4.6832,29553.649,0.78,4.6852,94886.259,2.41,4.7297,59300.658,16.11,4.8114,15404.262,1.42,,,,4.7596,144888.526,22.12,4.7861,1713026.153,43.42,4.8966,10545.996,2.73,0.9145,190497.525,48.59,4.936,87860.559,6.02,4.8929,1577389.817,39.98,4.9908,41970.094,1.35,4.9867,484774.594,31.52,5.0665,11020.033,1.68,5.0357,34199.336,14.73,5.1819,15053.063,0.57,5.031,83879.436,6.47,5.1118,12857.804,0.34,5.0416,1205057.613,45.82
6_2021_V_4n,P2-A6,1,,,,,,,5.0597,94952.841,15.94,,,,,,,,,,,,,,,,,,,,,,,,,,,,5.2086,12469.207,100,5.2354,143104.255,1.93,5.2811,10956.763,0.15,5.3778,69870.233,1.78,5.3726,46419.469,12.58,,,,5.2718,12806.618,3.52,5.3715,316729.588,12.59,1.6573,37647.949,11.95,,,,5.444,26064.37,2.8,,,,,,,5.3725,102945.875,6.04,,,,,,,,,,,,,,,,1.6639,50511.718,11.48,5.5829,210260.112,100,5.6185,24886.126,0.99,,,,,,,5.6625,356161.562,4.8,,,,5.6614,123133.14,3.13,,,,,,,5.7081,13254.233,47.53,,,,,,,,,,,,,5.6753,13437.33,3.69,5.9631,17236.121,2.89,,,,,,,,,,,,,,,,,,,,,,6.0346,12845.443,0.17,,,,,,,,,,,,,6.1078,10171.618,10.94,,,,,,,,,,6.1727,28327.344,0.29,,,,,,,,,,,,,,,,,,,,,,,,,6.3658,1178286.77,12.97,2.0368,156191.901,29,6.3707,100022.32,10.64,,,,,,,6.6678,13837.169,4.79,,,,6.5286,208762.003,2.81,6.5605,22451.305,6.17,,,,,,,,,,2.2029,240732.545,79.43,6.572,12670.113,0.17,,,,,,,,,,,,,6.7675,36837.121,4.45,6.773,15017.202,4.13,6.8279,15579.106,9.76,,,,6.7778,620719.395,8.37,2.1978,356487.094,85.4,,,,6.8363,31297.59,13.94,6.964,21444.448,1.26,,,,,,,6.7711,14243.726,48.83,7.02,23404.071,40.97,,,,7.106,10162.478,15.37,,,,,,,,,,,,,,,,,,,7.0854,30121.174,59.07,7.0776,772433.397,45.32,6.9454,30372.381,19.03,,,,,,,7.1307,640636.697,10.41,,,,,,,7.0676,10926.97,5.45,,,,7.1273,110255.167,11.73,7.1046,29916.408,5.78,7.2471,30079.618,10.41,7.2526,156305.293,3.98,,,,7.253,225403.011,3.04,,,,,,,7.4007,622588.612,10.12,7.379,441025.625,5.96,7.3121,17265.086,27.57,7.3889,77211.326,8.21,7.4168,1271078.147,23.3,,,,7.4473,120144.201,3.06,,,,7.5016,10802.001,7.32,,,,2.5919,143002.472,39.05,7.5634,12922.81,4,,,,,,,,,,7.6028,18506.733,6.82,7.5767,47600.908,3.06,,,,,,,,,,7.8024,24758.799,9.12,,,,7.739,48972.458,20.48,7.7489,233370.244,5.94,7.9337,20126.942,4.63,,,,7.8127,3241506.704,96.35,,,,7.9439,53264.468,8.94,,,,7.8349,934312.885,12.62,,,,,,,8.0373,60080.296,0.62,,,,8.0548,27778.853,0.71,8.0317,54585.51,10.55,8.1206,27126.753,13.54,,,,,,,,,,,,,8.1268,4847685.255,65.49,2.8855,13088.871,52.7,8.1325,4418251.517,48.64,8.1456,16943.376,8.46,8.1264,54065.336,0.56,,,,,,,8.2592,37872.024,2.59,8.2272,15462.158,0.39,8.128,40859.303,15.06,,,,8.288,32100.85,0.52,3.0109,65597.938,33.41,8.1289,154540.348,47.79,8.4177,13198.049,3.04,,,,8.3809,215539.258,91.33,8.4205,515376.181,31.56,8.2297,12190.418,2.8,,,,8.4479,44571.956,0.72,8.4882,10430.617,1.75,8.5848,101758.143,37.88,2.9991,130052.613,100,8.6352,36597.311,13.76,8.6854,13275.649,1.2,8.7111,1095041.238,67.05,,,,8.7564,53175.046,16.62,8.7604,23170.102,5.33,8.9365,12183.12,3.44,8.8245,28517.434,15.02,,,,8.2878,66206.876,0.89,8.8898,100775.361,42.14,,,,,,,8.9529,37651.329,6.32,,,,,,,,,,,,,,,,,,,,,,,,,,,,,,,,,,9.2115,773220.124,8.51,,,,9.212,1036811.145,100,9.2086,1102678.522,78.12,9.2481,64444.595,100,9.2848,43875.1,10.71,,,,,,,3.1803,74611.508,83.6,9.2893,26855.069,0.28,,,,9.3702,17701.469,2.71,,,,,,,,,,,,,9.2073,71347.628,10.11,9.7183,10851.95,3.39,,,,,,,3.2353,14574.751,2.23,3.3303,24402.77,26.24,3.3312,156503.271,91.12,3.3965,62160.747,6.66,,,,3.4907,33946.171,21.27,3.5197,139975.176,44.44,,,,3.573,16898.306,18.85,,,,3.7244,305732.276,84.14,,,,,,,,,,,,,,,,4.0291,1427678.563,19.25,,,,,,,4.0336,36933.562,10.15,4.0841,40407.174,43.13,4.1049,632929.364,74.54,,,,,,,4.2396,236566.997,6.02,4.2481,926846.56,12.49,,,,,,,4.2487,168726.291,86.5,,,,4.4381,87444.021,16.98,4.3884,104601.102,46.91,,,,,,,4.4389,498494.818,9.14,4.5141,25529.291,13,4.466,68180.931,77.57,4.5201,301028.042,37.18,4.5097,35511.991,0.9,4.4385,32782.452,3.47,4.5205,17551.84,4.76,4.5137,1335865.807,53.1,,,,,,,4.6793,20692.934,2.2,,,,0.9173,31837.376,100,4.6744,12113.358,3.33,4.6675,1093021.252,20.03,4.6751,14129.321,19.99,4.6909,20448.13,2.2,4.7386,42823.026,33.03,4.7542,386792.934,7.09,,,,4.7758,46324.107,1.84,4.8065,423649.289,45.48,4.9796,11938.389,6.34,0.9277,37563.769,51.71,4.7719,48158.848,2.83,4.9136,389888.728,41.85,4.8727,60568.532,0.82,4.9386,15652.455,7.97,4.9961,624672.081,24.83,,,,,,,,,,,,,,,
70_2021_W_4n,P1-D7,1,1.2758,13666.915,10.92,,,,,,,,,,5.157,55994.814,10.68,5.1342,11569.768,5.45,,,,,,,5.1567,11358.422,1.59,5.2031,24179.661,13.13,1.3133,188237.624,46.93,5.1726,26740.761,11.16,,,,,,,5.1593,22806.654,3.68,,,,5.3444,337426.355,23.36,,,,,,,,,,1.661,42500.756,7.48,5.4199,334946.069,45.61,5.431,58996.633,3.46,5.4803,236633.685,20.97,5.4717,426404.216,61.43,,,,,,,5.5252,376783.458,25.43,5.5231,377676.34,48.12,,,,,,,1.6648,33624.068,100,5.5759,173425.034,86.46,,,,,,,5.606,15001.371,8.32,,,,5.6748,248589.983,12.55,,,,5.7066,69247.664,23.62,5.708,10734.718,3.11,,,,,,,,,,,,,,,,,,,5.8102,125369.456,7.19,,,,,,,,,,,,,,,,6.0057,182817.787,34.45,6.0297,86461.458,21.43,,,,6.0569,72396.842,9.5,,,,6.1006,106311.008,18.7,6.126,60043.467,10.01,6.0898,75883.817,15.66,,,,,,,,,,6.2854,18136.262,1.22,,,,6.2105,69729.22,4,6.2047,32018.381,100,6.2712,33497.002,9.71,6.2693,45610.14,8.59,,,,6.302,273940.444,38.25,,,,,,,2.0348,26978.512,100,,,,6.4076,527055.518,41.25,,,,,,,,,,,,,,,,,,,6.7044,16033.625,0.81,,,,2.2003,42445.432,23.13,,,,,,,6.6354,150778.027,21.05,,,,6.6932,21444.214,2.92,,,,,,,6.7858,131157.24,13.41,,,,,,,2.1928,53045.31,45.85,6.7819,268082.1,18.56,6.8424,13880.259,16.69,,,,6.8754,21419.169,18.73,6.8669,31571.298,2.19,6.8888,74236.391,45.87,6.9384,103561.387,89.33,,,,,,,6.9769,16218.5,2.26,,,,,,,6.9731,33194.654,73.37,,,,,,,,,,,,,7.0883,16207.833,1.66,,,,7.0799,20740.791,100,,,,2.4307,22333.054,100,7.1311,18900.675,3.61,7.1432,27761.5,10.57,,,,,,,7.1624,64734.581,3.27,,,,,,,,,,,,,7.3646,146332.579,10.55,,,,,,,,,,7.367,31380.027,7.78,,,,7.5854,15590.013,13.12,7.4236,38174.785,9.46,7.4408,149161.912,13.9,,,,,,,,,,2.5959,97624.664,89.25,,,,,,,,,,7.5937,21992.94,3.55,,,,7.5673,75051.572,100,,,,7.6678,11778.122,14.97,,,,7.857,21514.331,22.39,2.825,194962.485,93.15,7.7403,11202.711,8.15,7.5332,12252.338,1.14,7.7625,10312.336,0.74,,,,7.8081,677297.497,100,,,,7.9387,79551.189,4.56,7.9859,10909.732,100,,,,8.1609,14023.367,15.66,2.8921,12739.576,0.64,7.8652,82484.487,5.57,,,,,,,7.8654,34907.97,1.76,7.8641,15562.143,5.93,8.0586,74596.943,55.11,8.0713,10738.78,100,,,,,,,,,,,,,,,,,,,,,,,,,8.2567,276707.292,18.68,8.2548,88388.8,55.73,8.3388,13007.329,1.21,8.2576,29562.674,30.76,,,,,,,,,,,,,8.3802,691028.039,49.82,,,,8.3877,97623.708,45.06,8.4169,137453.048,1.98,8.492,86606.845,6.24,8.3791,133786.864,22.3,,,,8.5171,166490.576,9.55,8.5779,1214606.114,98.54,2.994,126424.164,100,8.6304,36849.488,31.7,8.5186,110579.362,76.2,8.7068,6760972.121,97.35,,,,8.7572,12534.313,3.12,8.6266,12059.758,0.87,8.8158,22833.935,19.74,8.8245,213328.009,56.11,8.8736,145275.905,68.93,,,,8.8858,126256.412,91.85,2.9975,19752.311,34.91,8.9148,18382.263,1.24,9.0007,28152.533,1.61,,,,8.8704,11435.058,15.1,8.9655,58630.684,24.48,,,,9.032,66047.586,27.57,,,,,,,9.1269,90555.121,15.1,3.137,11195.328,9.28,9.1224,37192.87,2.68,,,,,,,,,,,,,,,,9.219,869918.91,89.1,,,,,,,,,,3.1734,46664.523,77,9.0147,10065.655,0.68,,,,9.3619,27505.194,16.57,9.5271,34123.393,1.72,,,,,,,9.4421,24755.792,11.43,,,,,,,,,,,,,,,,3.329,27090.062,5.59,3.3247,149395.007,62.29,3.4068,37375.829,100,,,,3.5083,15676.388,1.6,3.5132,33491.844,5.89,3.5447,76551.93,68.57,,,,3.6732,12780.163,2.13,3.7217,233361.907,95.15,,,,3.8519,11690.651,1.94,,,,,,,3.9533,136251.928,100,,,,4.0055,16142.601,2.12,,,,,,,,,,4.0969,57581.302,18.58,,,,4.1924,45147.737,15.4,,,,,,,4.102,11031.473,1.78,,,,4.2389,137289.77,92.62,,,,4.359,11632.389,1.93,4.3887,139242.119,10.9,,,,4.404,14249.184,18.82,,,,,,,4.4502,16001.082,20.33,,,,,,,,,,4.6036,262118.174,18.14,,,,,,,4.6059,377004.639,38.54,,,,,,,0.9281,15896.659,20.05,,,,,,,,,,4.693,34102.693,2,4.7406,41542.029,40.68,,,,,,,,,,4.8026,819943.655,48.11,,,,0.9199,111454.981,89.08,,,,4.9048,652878.127,38.31,,,,,,,,,,,,,4.9224,77764.132,10.21,,,,5.038,499806.48,25.23,5.0489,53947.087,7.08
72_2021_V_4n,P1-E9,1,,,,5.0662,83702.085,46.18,5.0605,46794.911,2.42,,,,,,,,,,5.1714,24622.862,4.85,5.1838,176435.483,21.66,,,,5.3212,30691.89,3.75,1.3068,47369.574,38.83,,,,5.2154,28143.516,100,5.328,64769.079,1.44,5.3264,12148.473,0.25,5.3224,1414346.784,15.14,5.3512,36849.397,3.68,5.3814,303503.689,79.78,,,,5.3766,145073.439,2.23,1.665,50493.664,8.23,,,,5.4422,79527.365,3.55,5.4533,42182.502,14.75,5.453,49810.875,9.23,5.38,18207.832,0.32,,,,,,,,,,5.5609,14419.212,2.79,5.5785,37241.097,7.34,1.6544,15600.92,1.49,5.5763,191300.448,93.85,5.5757,1445801.34,22.24,5.5755,269343.529,29.3,5.6147,50298.929,9.16,5.6605,17129.694,0.38,,,,5.6802,39622.629,0.42,5.7088,22492.194,12.71,5.8035,20641.643,7.79,5.7224,171131.166,18.59,,,,,,,5.7431,76668.062,1.34,,,,,,,5.8239,30416.597,1.57,,,,5.8252,31758.233,61.69,6.0283,52973.086,16.6,6.029,1879691.387,63.43,,,,,,,,,,6.0303,2023097.114,44.85,6.0601,85148.92,10.69,6.0351,26177.654,4.77,,,,,,,6.1068,12120.471,4.36,,,,6.1095,19323.458,3.52,,,,,,,6.1692,26095.973,2.84,6.2125,77151.867,3.99,6.3708,12110.789,5.64,6.2086,25148.195,9.49,,,,,,,6.3063,34881.813,7.5,6.3499,14685.361,6.84,6.3694,183069.406,3.95,,,,6.3573,12421.689,2.26,6.4032,64686.38,12.37,6.4456,35825.503,0.55,6.44,46932.603,21.18,6.522,103533.761,54.03,6.6206,32063.564,0.71,6.5581,15250.947,4.78,,,,,,,,,,2.2,306795.678,73.48,,,,6.5843,24748.619,0.43,6.6414,302514.963,65,,,,6.6951,399362.999,87.16,6.7012,437355.755,43.14,,,,6.8786,420315.865,53.53,6.7994,20351.948,39.26,6.7729,125418.188,2.78,2.1902,487571.468,82.63,6.7836,12108.357,1.21,,,,6.8846,337806.54,5.91,6.8741,10459.672,32.29,6.8781,400484.936,39.96,,,,6.9354,27930,18.26,,,,6.9383,28846.609,40.65,6.7309,12600.212,2.71,2.2906,84440.634,12.04,,,,6.908,20232.678,100,6.9931,14617.471,37.47,7.0176,23345.435,17.73,,,,7.289,139805.896,2.45,7.2673,20089.252,2.56,,,,,,,7.1216,26437.16,0.84,,,,,,,,,,7.1556,91390.364,59.74,,,,7.1695,41922.85,11.46,7.1669,77843.229,35.14,7.1897,101524.987,1.09,7.1925,59471.553,12.33,,,,7.4336,12314.527,2.17,2.4399,21206.477,4.18,7.3765,424646.027,13.54,7.3751,603641.228,12.36,7.3741,19737.092,10.75,7.3765,72672.696,13.24,,,,7.4255,23200.267,12.63,7.4437,59792.159,0.64,,,,7.4786,137366.407,35.09,7.4844,20584.703,9.33,2.5865,161672.447,92.9,7.536,249340.655,48.18,7.5353,46105.539,100,,,,7.6582,23071.004,0.47,,,,7.5751,29716.529,3.22,,,,7.6482,10189.863,6.65,,,,7.7296,104830.451,47.51,,,,7.7342,74666.833,5.16,7.7389,19333.89,0.21,7.9414,17989.971,3.18,,,,7.8124,3682272.02,97.89,,,,7.9457,69033.072,3.57,,,,8.0557,18563.126,0.38,,,,,,,,,,8.0475,88444.875,24.41,8.0543,1709293.751,18.3,8.2886,34894.584,9.54,,,,7.8732,30766.425,18.69,8.0712,84673.71,85.04,,,,,,,8.1099,48850.812,1,2.8828,86498.063,80.31,8.056,12809.336,0.28,,,,,,,,,,8.2952,26094.656,3.66,8.283,526099.691,65.58,8.1853,13640.577,0.15,8.2865,20964.725,9.5,,,,8.2984,1998851.876,63.71,3.0043,39541.892,7.79,8.3088,28857.979,5.58,8.3573,17224.36,3.04,,,,8.3819,56262.049,27.77,8.4068,474599.631,30.76,8.5026,336550.762,59.42,,,,8.678,86372.022,2.75,8.5009,901429.818,46.64,8.5794,109665.353,100,2.9995,59049.5,74.63,8.6294,301414.333,27.26,8.6805,493850.829,19.7,8.7085,1046103.636,67.79,,,,8.7655,91842.636,13.98,8.7541,23087.234,4.08,,,,8.8162,78018.771,27.26,,,,8.2973,3495003.603,71.59,8.8875,1214187.627,83.92,,,,,,,8.9008,12629.566,0.65,,,,,,,,,,9.0232,18105.975,20.04,,,,,,,9.1196,11327.389,1.72,,,,3.1499,14943.395,100,9.259,19120.288,3.38,,,,9.2008,1530060.339,33,9.2019,2097402.075,95.25,9.2094,2552001.942,100,,,,9.2305,60595.132,100,9.268,150256.604,49.31,9.2764,25150.788,100,9.2705,10078.185,2.76,3.1754,93312.427,81.16,9.2738,48179.374,6.76,,,,,,,9.4187,12820.637,3.51,9.222,13498.665,1.89,,,,9.4402,12721.101,6.28,9.1983,102663.316,10.27,,,,3.2125,309171.159,4.76,,,,3.2367,22685.08,3.26,3.3264,121111.46,43.56,3.3242,434365.271,96.07,3.4084,296795.099,16.05,,,,3.4877,81345.323,10.36,3.5142,342924.428,55.87,3.5569,19790.022,57.39,3.57,45927.853,100,3.5645,12156.178,3.2,3.7239,685503.804,86.3,3.8416,189704.228,42.09,,,,3.8495,24911.748,8.62,,,,,,,3.8725,31681.048,0.7,4.0136,26844.446,3.37,4.0698,158239.627,22.55,4.0642,22758.878,7.13,4.078,78833.959,58.22,4.105,65327.47,39.13,,,,4.1944,23169.178,13.09,4.2108,563534.777,6.03,4.2141,673397.518,14.93,4.2026,51848.548,1.06,,,,4.2457,707693.596,89.42,4.356,69304.12,8.7,4.352,41624.282,10.96,4.3848,30950.831,5.92,,,,4.4957,18939.122,5.93,4.4789,22473.743,0.76,4.456,89374.33,17.61,4.4513,114950.329,74.96,,,,4.4917,1108745.904,11.87,4.4946,845216.747,54.8,,,,4.5901,248350.997,3.82,,,,,,,,,,4.6258,20050.162,3.95,,,,,,,4.5694,11762.134,0.4,,,,4.6956,72634.409,3.25,4.7179,22792.343,100,4.757,18130.748,0.61,4.7731,3643490.522,83.53,4.7665,3825922.046,58.86,4.7986,944913.681,42.23,,,,0.9203,23192.118,62.59,4.8754,3393655.504,59.41,4.9064,985672.235,44.06,4.9487,34058.037,0.7,,,,4.9206,136416.172,2.1,,,,5.0301,370027.975,46.47,,,,,,,4.9526,12862.3,1.62
80_2021_W_4n,P1-D3,1,,,,5.0851,11435.982,7.5,5.0525,56868.3,2.32,5.0754,487862.992,12.39,,,,5.1486,30496.651,32.38,5.1759,129417.28,2.57,,,,,,,5.1949,24772.935,10.33,1.3107,432095.474,54.27,,,,5.2095,17670.605,29.95,5.2147,67954.432,8.17,5.2772,2482844.985,54.94,5.3583,59288.724,3.73,5.3403,84503.718,4.86,,,,5.3875,1396553.281,35.47,,,,1.6529,117741.08,12.29,,,,5.4329,145540.815,4.84,5.4575,282812.898,30.43,5.4529,309909.614,48.4,5.4722,37049.778,17.63,,,,5.4048,23405.472,0.48,,,,5.3962,28387.441,7.53,5.5477,1331885.591,26.4,1.6583,98372.781,71.5,5.5709,261509.267,83.07,5.5222,219329.286,77.18,,,,5.5437,68295.713,5.16,,,,5.6769,10725.181,0.17,5.6496,13359.846,0.84,5.7001,151510.95,13.84,5.7046,17200.715,3.01,,,,,,,,,,5.8594,14806.677,7.05,5.9367,12642.588,51.31,5.8125,72570.859,1.84,5.8222,40065.474,1.64,5.8114,23153.501,1.75,,,,6.0107,16196.151,0.41,5.9367,18869.702,0.48,,,,6.0007,32929.757,6.35,6.0311,125657.577,17.15,,,,6.0544,69701.239,7.4,,,,6.0899,63869.957,6.67,,,,6.0772,61335.516,17.34,6.1296,83705.792,10.84,,,,,,,6.1628,27985.767,0.57,,,,6.2165,57900.425,2.37,,,,,,,6.2715,18767.658,3.62,,,,6.2949,29687.981,1.79,6.3566,76860.5,100,,,,2.03,94771.594,52.92,,,,6.4061,1164101.635,53.76,,,,6.501,352603.423,66.58,,,,6.5741,11264.282,1.35,,,,6.5721,38826.67,6.49,6.6008,17746.744,0.28,6.582,18052.139,0.21,2.1971,300917.89,51.15,6.4219,19135.674,0.42,,,,6.6357,1162488.359,70.1,,,,,,,,,,,,,6.7382,176342.384,20.38,6.8359,264809.956,42.55,6.823,17339.171,2.08,2.1942,435701.17,67.64,6.7687,78874.428,4.54,6.8362,4427596.767,51.97,,,,,,,6.8756,309515.843,17.81,6.9026,31324.298,18.03,6.9275,126497.258,40.33,,,,,,,6.9549,55200.502,3.33,,,,,,,6.9729,42434.819,2.51,6.9691,41411.613,47.89,,,,,,,,,,6.876,265539.687,30.68,7.1015,121512.012,3.09,7.0775,32884.956,100,7.1139,213251.701,11.96,2.4298,68134.284,75.5,,,,7.2562,22459.023,2.88,7.1507,158738.127,50.61,7.1153,48153.688,3.64,7.1514,42669.182,0.67,,,,7.3073,35932.35,2.26,7.1833,87041.454,43.7,,,,,,,,,,,,,7.3628,13006.106,0.29,7.3722,75564.751,10.32,,,,7.3038,15502.936,0.39,7.4265,222508.448,30.37,7.4375,645879.815,40.67,,,,,,,,,,2.5922,290420.451,83.81,,,,7.5266,15803.235,45.35,7.5482,32660.145,20.13,,,,7.6041,3669580.81,42.53,7.5587,25765.687,5.68,,,,7.6496,36682.843,5.59,7.6865,44693.995,79.45,7.7366,27248.924,0.32,2.8218,75609.604,46.38,7.727,39214.181,7.07,,,,7.7429,10906.108,1.67,,,,7.803,2258127.77,97.29,,,,7.9396,54695.553,2.24,,,,7.8407,63230.249,1.4,8.1687,33750.336,0.67,,,,,,,8.0252,44321.378,15.84,8.0258,28609.316,1.8,,,,,,,7.9205,22980.473,10.62,8.0632,17893.425,2.08,,,,,,,8.1243,27775.401,0.61,,,,8.1557,40262.556,3.02,8.2757,24153.776,3.1,,,,,,,,,,8.2517,15707.318,9.1,8.1733,25316.403,1.59,8.4124,11099.87,0.13,,,,,,,,,,,,,8.3451,14153.991,2.17,,,,8.3823,196572.126,18.84,8.41,38386.662,0.82,8.4996,248439.619,38.01,,,,,,,8.4987,947015.451,38.7,8.5716,240163.357,63.77,2.9944,127835.934,100,8.6227,112559.953,10.06,8.6686,11419.122,3.04,8.7022,4572891.216,98.04,8.4738,13590.664,11.72,8.7572,45949.326,8.66,8.7487,28489.651,4.36,,,,8.8174,404460.697,55.7,8.8511,17852.767,6.95,8.2625,24948.291,0.55,8.8838,469366.961,84.57,3.013,20658.474,12.73,8.9037,21075.552,0.43,8.8924,106938.803,4.37,8.9255,53066.068,6.17,,,,8.9624,32634.326,1.8,,,,9.0322,31638.55,1.74,,,,,,,,,,,,,9.2534,15150.117,2.32,,,,9.1985,66731.357,5.01,9.2003,70198.328,75.49,9.2016,11524.652,46.13,,,,9.224,59779.382,100,9.2692,721213.83,38.01,9.276,267897.475,76.32,9.2765,26984.462,0.43,3.1741,106792.705,100,9.2705,274168.118,5.62,,,,9.3592,11176.541,2.02,9.2551,30783.327,0.49,9.3998,182331.124,3.74,,,,,,,9.6668,77375.599,14.74,9.4839,29947.945,5.64,,,,,,,3.2306,66294.091,11.99,,,,3.3271,23023.827,45.63,3.382,62628.95,11.86,3.398,50644.638,34.01,3.4824,59019.121,6.82,3.5076,232852.891,24.3,3.5479,41425.733,23.97,3.5622,25286.905,19.41,3.6518,22145.708,1.8,3.7161,613966.506,90.81,,,,,,,,,,3.9532,61085.834,16.42,,,,,,,4.0179,155333.955,16.48,,,,4.0531,245981.661,6.25,4.0755,29163.042,6.19,4.0933,267194.397,53.45,,,,4.1905,197235.36,18.01,4.2125,11331.443,0.71,4.2127,34438.54,4.14,4.2017,12489.706,0.28,4.2305,24484.147,10.76,4.2469,164220.501,66.05,4.3519,84188.022,8.93,4.3562,47770.356,3.89,4.3882,299875.498,13.85,,,,4.3337,57893.378,1.47,4.5098,20464.734,0.52,4.4599,26587.244,0.53,4.4492,34209.264,5.21,,,,,,,,,,4.603,36663.084,2.11,4.5013,11054.422,3.89,,,,4.5913,53407.048,6.17,4.5943,98379.404,7.44,4.6164,46522.519,0.92,0.9284,22459.338,12.34,4.5873,225397.122,5.72,4.6229,33054.068,0.84,4.6882,1574294.72,86.65,4.6823,67060.083,2.23,4.7362,40800.193,30.83,4.7344,22220.904,0.56,,,,4.7589,34752.26,12.23,4.7955,1319010.602,43.88,,,,0.9217,91606.066,100,4.8695,10496.147,4.99,4.9041,1103930.579,36.73,4.8513,269339.034,5.96,4.8495,1381560.672,27.38,,,,,,,5.0382,342498.335,36.35,,,,,,,,,
91_2012_T_2n,P1-C3,1,,,,,,,5.0554,10471.896,0.3,,,,,,,5.1426,17062.097,7.1,5.2739,23457.616,33.07,5.173,40402.317,20.76,,,,5.1759,22352.96,5.86,1.3117,209710.851,27.67,,,,,,,5.1708,23217.565,4.84,,,,5.2821,14800.903,0.49,5.3383,1681937.634,30.44,5.4507,27755.28,13.32,,,,,,,1.6621,149016.782,17.31,,,,5.4244,91049.654,4.16,5.4516,34588.178,3.61,5.4773,68755.622,15.79,5.4579,8510042.515,95.75,,,,,,,,,,,,,5.5148,10672.293,15.04,1.6643,139833.905,63.5,5.5677,657282.183,94.18,,,,5.6139,11961.181,0.34,,,,5.776,16281.934,3.4,,,,5.668,121458.544,3.98,5.7022,210363.654,22.5,5.7333,43709.016,3.69,,,,,,,5.7347,267097.622,21.65,,,,,,,,,,5.8205,174976.815,5.07,,,,5.8075,38381.672,60.45,,,,,,,,,,5.9999,162820.272,11.29,6.0239,192238.548,15.99,,,,6.0551,102590.583,12.63,,,,6.0963,168068.936,19.53,,,,6.0842,104889.281,14.25,6.1227,58676.563,65.31,,,,,,,,,,,,,6.1973,132583.641,3.84,6.2077,106412.812,27.18,6.2678,406547.331,34.33,6.2661,339695.28,23.56,6.2054,18543.298,12.51,6.2998,637860.375,52.72,6.3476,13034.722,3.33,6.3883,19559.329,1.38,2.0284,85968.532,88.57,,,,6.4039,1023615.303,46.72,,,,,,,,,,,,,,,,6.5697,38235.896,25.45,6.6048,12548.692,2.93,6.6099,26655.244,12.26,2.1931,244116.124,62.03,,,,6.6236,40815.376,0.46,6.6358,287149.937,23.73,6.6416,153132.746,50.97,,,,,,,,,,6.7745,773285.541,36.92,,,,,,,2.1957,367882.098,86.94,6.7817,1646862.239,29.8,,,,,,,6.8817,142803.035,73.25,6.9379,21811.251,0.39,6.8924,328266.754,77.46,6.9334,299227.363,80.39,,,,,,,6.9629,11510.991,0.95,,,,6.8771,40331.672,11.19,6.9792,10332.085,47.25,,,,,,,,,,,,,6.9152,30937.082,1.48,,,,7.0718,19018.082,62.37,,,,,,,,,,7.1433,120260.465,9.75,,,,,,,7.153,87657.894,20.45,,,,,,,,,,,,,,,,,,,7.3592,267598.473,88.98,7.368,323892.122,39.62,7.3534,45488.984,3.78,7.3596,58105.427,34.87,7.5264,18579.146,4.22,7.4183,278993.314,23.21,7.4346,2144069.189,70.28,,,,7.4721,86576.366,41.93,7.4822,65818.507,30.28,2.5915,101474.471,90.55,7.4393,16969.77,100,,,,7.535,10471.796,4.69,7.4345,27699.113,3.39,,,,7.5594,79460.371,35.32,,,,7.6327,6521466.103,69.12,,,,,,,2.8194,478513.692,78.41,7.6266,11521.026,2.33,7.7314,14387.559,0.47,7.7454,84040.728,5.9,7.7349,31459.271,40.85,7.7988,3315020.183,95.37,7.9067,11849.933,2.85,7.9115,10198.101,0.3,,,,,,,,,,2.8655,40975.148,9.56,,,,8.0313,46218.674,19.29,,,,,,,7.8632,75133.834,6.09,8.0492,85056.035,52.56,8.069,24624.059,70.22,,,,7.9375,32416.164,20.03,,,,2.8851,56022.841,66.99,,,,8.1353,43408.038,3.52,8.1331,10009.556,2.07,8.2609,10182.364,2.59,8.4978,10010.9,2.07,8.2495,87363.412,24.68,8.2488,12195.987,0.4,,,,,,,8.3322,12148.71,4.04,,,,,,,8.5912,10481.381,0.74,,,,8.3759,177983.808,36.55,8.4004,104456.377,1.38,8.5137,135344.053,9.49,,,,,,,8.51,503582.211,14.58,8.577,438008.559,97.14,2.9931,14568.87,37.39,8.6247,179576.64,22.37,8.5946,13368.066,1.36,8.6933,7435032.297,98.24,,,,8.7535,167795.255,9.29,8.7504,57139.524,4.01,8.8644,11570.138,4.83,8.815,222267.876,32.26,,,,8.2929,10151.21,1.24,8.8774,482916.135,97.67,3.0149,17644.959,7.91,8.8186,11098.221,2.3,8.8951,80957.849,2.34,,,,,,,8.9589,229511.695,39,,,,9.0291,239413.794,40.69,,,,9.125,20802.859,1.15,,,,3.1499,203449.509,48.18,9.0312,104476.161,7.33,,,,9.1939,891790.541,62.93,9.195,1328575.167,95.5,9.2016,1039677.369,100,,,,9.2155,94359.077,44.38,9.2672,1046365.487,96.9,9.2664,404495.633,100,9.2673,80598.977,18.81,3.1711,113525.273,80.76,9.2636,341934.477,70.73,,,,9.3505,119989.053,14.15,,,,,,,,,,9.4306,259530.883,53.3,9.2765,12293.738,2.42,9.6873,16037.753,0.89,,,,,,,3.2331,36808.595,4.34,3.3212,20066.164,2.73,3.327,145565.048,78.01,3.4033,541038.359,92.93,3.3911,19773.608,5.87,3.5097,11653.994,0.56,3.5008,112417.658,13.06,3.5377,49153.784,71.86,3.5589,61616.539,84.13,3.6579,121803.879,6.9,3.7151,274803.945,92.59,,,,,,,3.9047,65602.55,13.53,,,,3.9484,31259.699,100,,,,4.0886,96350.282,11.86,4.122,10428.844,1.93,4.0662,162276.328,38.97,4.0752,19480.383,9.11,4.0966,137982.926,27.14,,,,4.1925,176081.474,18.83,4.2,102481.755,3.36,4.2061,359060.261,74.92,,,,4.159,33685.035,20.23,4.2377,254268.562,86.61,4.3534,45836.779,5.64,4.3506,37999.395,2.15,4.3789,45675.962,2.08,,,,,,,,,,,,,4.4579,29529.854,0.31,4.4669,223568.401,41.45,,,,,,,4.5987,589613.026,10.67,,,,,,,4.6034,661584.699,31.59,,,,4.6259,21484.577,30.28,0.9286,49910.152,30.5,4.5826,10848.6,2.6,,,,,,,4.679,55598.306,2.54,4.7268,181412.757,60.3,,,,,,,4.7672,63584.824,54.07,4.7949,1031015.188,47.15,,,,0.928,20579.995,100,4.7621,12225.318,0.14,4.8994,875166.222,40.02,4.8399,77960.196,9.54,,,,,,,5.0324,17251.273,29.58,5.0293,91266.919,11.24,5.0448,27210.693,7.55,,,,5.1607,39817.785,4.9
91_2021_T_2n,P1-A10,1,,,,,,,,,,,,,,,,5.1458,38061.433,5.92,5.2822,40723.781,14.25,5.1806,53396.57,23.92,5.1319,16521.956,0.79,5.1827,64955.383,10.17,1.2953,137014.444,10.68,,,,5.2079,125053.935,59.43,5.1636,20565.278,4.54,,,,,,,5.3437,1669454.874,25.13,5.4497,38421.962,5.64,,,,5.4349,17180.702,8.87,1.6434,121163.144,9.61,,,,5.4288,145390.794,3.98,5.4718,305754.461,18.87,5.4657,375006.603,34.29,5.4507,7702452.116,91.76,,,,,,,,,,,,,5.5307,18710.56,6.55,1.6476,160374.302,55.37,5.5762,354361.793,66.04,,,,5.489,10388.989,0.25,,,,5.7958,23275.742,5.14,5.5875,16096.968,1.75,5.6596,68975.652,2.26,5.7052,145497.576,11.82,5.8079,29173.162,2.01,,,,,,,5.7009,12416.401,0.83,5.7299,64542.299,0.77,,,,,,,5.8237,119869.704,1.33,,,,,,,,,,,,,,,,6.0039,249856.721,17.39,6.0267,213598.031,13.73,6.0482,16388.343,3.62,6.0432,188624.169,15.48,6.2209,41100.198,8.98,6.0863,110450.518,8.76,,,,6.0956,22712.216,6.45,6.1251,241388.696,70.86,6.1196,10969.507,2.4,,,,,,,,,,6.2085,151280.105,1.68,6.2027,232008.494,60.86,6.2442,79620.414,5.5,6.2445,35728.615,2.49,6.1984,20921.271,13.45,6.3005,1139414.418,54.32,,,,6.3916,69538.597,5.34,2.026,195902.088,78.03,6.3214,23252.235,5.08,6.4036,1320855.4,53.03,,,,6.6563,18867.416,45.32,,,,,,,,,,6.5659,127206.868,51.58,6.6471,72129.639,7.85,6.7471,10669.121,8.94,2.1819,321057.598,62.51,6.6902,16357.441,2.12,6.6133,37767.43,0.45,6.6275,424891.248,20.26,6.6386,251192.474,54.19,,,,6.8853,13070.328,5.44,,,,6.7721,874992.317,32.82,,,,6.7201,10892.177,2.41,2.1861,466065.793,81.61,6.7748,1532141.036,23.06,6.8941,16211.489,16.48,6.8233,24747.671,0.29,6.8803,153928.876,62.45,6.9551,12438.248,0.19,6.8916,218670.669,37.96,6.9289,351530.171,79.3,,,,6.937,45250.6,33.46,6.9491,34460.369,1.64,,,,6.8794,74005.258,8.78,6.9624,39617.904,79.12,,,,,,,7.089,16507.895,9,,,,6.983,23621.676,0.89,,,,7.0736,17939.907,45.53,,,,,,,,,,7.1369,129105.404,8.58,7.149,24481.31,5.52,,,,7.1511,315301.618,34.3,,,,,,,7.1715,13028.581,13.71,,,,7.5229,13052.213,0.88,,,,7.3621,59571.069,59.09,7.3647,77542.703,10.07,7.2976,163210.687,10.49,7.3614,19712.076,4.31,,,,7.4238,609142.631,39.16,7.4263,2387200.873,78.15,,,,7.4703,28188.757,14.33,7.4779,28930.749,24.23,2.59,124758.745,100,,,,,,,7.5432,136239.209,19.32,7.5398,21651.845,2.81,,,,7.5639,45315.662,30.56,,,,7.6385,11612276.59,96.75,,,,7.7028,10822.855,9.06,2.8124,100919.499,46.28,7.73,39365.02,7.71,7.7351,11948.315,0.39,7.7382,35948.528,2.42,7.7511,28105.978,20.78,7.7997,3052623.886,95.17,,,,7.9226,46071.987,0.51,,,,7.9849,19061.994,2.47,8.0799,10346.74,3.62,2.8594,36215.107,3.94,,,,,,,7.9283,12635.938,0.41,8.2625,10268.984,1.12,7.8778,39636.864,2.63,8.049,273810.184,58.27,8.0637,22059.518,100,,,,7.9155,95384.299,20.3,,,,2.8694,27349.922,61.16,,,,8.1326,25441.421,1.69,8.1472,14335.666,2.55,,,,,,,8.2486,59534.922,18.87,8.2711,10301.203,0.34,,,,,,,,,,,,,,,,8.3161,17575.598,1.18,,,,8.3815,140267.064,32.91,8.4076,144734.8,1.82,8.5028,340582.535,22.89,,,,,,,8.5111,5384823.27,59.7,8.571,383758.832,93.79,2.983,215878.274,95.1,8.6245,122606.763,16.61,8.7563,10176.783,0.29,8.6997,7814254.652,98.01,,,,8.76,98994.796,5.66,8.7569,24313.041,1.63,,,,8.8095,142901.66,18.88,9.08,13792.244,4.7,8.2707,13708.784,1.78,8.8786,386230.816,75.68,2.9988,69323.455,9.83,8.9072,25931.543,4.61,8.8964,13930.405,0.15,,,,9.0338,18172.092,5.73,8.9586,155829.376,25.94,,,,9.0291,199855.895,33.27,,,,9.1414,18822.62,1.08,,,,3.1442,234765.467,64.83,9.0334,84918.362,5.71,,,,9.1958,931209.377,71.54,9.1949,1337806.716,97.86,9.2006,1069049.854,97.71,,,,9.2145,140825.661,55.69,9.2654,994862.658,95.45,9.268,414240.614,100,9.2662,80278.474,8.73,3.1657,175874.213,75.36,9.2616,375728.405,66.81,,,,9.3518,22168.433,2.74,,,,,,,,,,9.437,166848.977,39.15,9.6674,14723.843,2.96,9.4888,52493.801,3,,,,,,,3.2283,214705.715,26.56,3.3229,34359.364,9.76,3.319,223105.109,64.06,3.3849,374401.703,87.89,3.3564,10082.279,2.2,3.5122,15854.308,0.59,3.5003,61538.788,4.88,3.5391,108348.502,55.54,3.5561,233363.586,67.99,3.6766,13422.279,0.72,3.7156,360532.144,84.33,,,,3.8613,23220.352,1.24,3.8947,98103.159,16.77,,,,3.944,105395.499,75.45,,,,4.0171,14278.65,1.17,4.1428,15360.741,1.97,4.0611,151355.048,47.72,4.0695,342444.88,61.72,4.093,89315.595,27.43,,,,4.1923,88813.07,7.21,4.1999,243627.294,7.98,4.2013,292112.677,64.52,,,,4.1517,99768.856,33.9,4.231,400472.95,78.73,4.352,84891.479,6.97,4.3472,95949.903,5.11,4.3878,119917.913,4.81,,,,,,,,,,,,,4.432,124452.593,1.04,4.466,314994.553,40.45,,,,,,,4.5962,502647.974,7.57,,,,,,,4.6016,626838.851,23.52,,,,4.6097,34643.128,12.12,0.9225,23702.186,10.93,4.586,15167.775,4.78,,,,,,,4.6835,145731.627,3.99,4.729,83981.317,21.89,,,,,,,4.7594,153949.591,79.45,4.794,1747742.207,47.81,,,,0.9097,57122.73,65.23,4.9487,12948.831,0.15,4.8917,1413420.363,38.66,4.8426,23092.67,3,,,,,,,5.0361,131482.506,92.4,5.0341,142660.982,11.71,5.0367,169243.372,20.07,5.0561,11925.333,1.3,5.1683,158791.18,13.03
93_2021_W_4n,P1-F11,1,1.282,36543.968,24.85,,,,,,,,,,5.1658,84793.877,20.58,5.0385,12457.079,4.36,,,,,,,,,,5.1758,23798.605,11.76,1.3122,275834.956,43.39,,,,5.2182,16525.676,12.39,,,,5.1722,16088.463,2.93,,,,5.3503,517310.351,20.37,,,,,,,,,,1.6586,148148.938,19.06,5.4253,340467.777,29.62,5.4354,83260.273,3.58,5.525,470803.858,30.65,5.4628,113628.437,27.79,5.471,35262.439,17.93,5.5257,14876.873,100,5.534,550613.491,34.23,5.529,543575.957,41.49,,,,5.5334,10810.508,15.93,1.6497,77904.433,45.39,5.5837,140579.433,92.99,,,,,,,5.4972,12126.022,1.58,,,,5.6763,331819.508,10.6,,,,5.7131,116311.489,15.33,5.821,17858.901,2.58,,,,1.7343,374939.244,82.7,,,,,,,5.7877,34137.248,100,,,,5.8206,148396.922,7.59,5.8033,17218.758,2.25,,,,,,,,,,,,,6.0129,41545.25,5.21,6.0413,94808.763,12.69,,,,6.0654,17221.58,4.75,6.0672,218708.186,28.53,6.103,59845.57,7.7,6.1309,29915.287,1.85,6.105,27992.795,13.18,,,,6.1495,125061.03,16.32,,,,6.1959,13903.604,0.86,,,,6.2146,54413.379,2.78,6.2112,47662.189,66.66,6.2748,157762.621,22.79,6.2677,229291.791,28.74,,,,6.3099,359307.501,30.43,6.3524,13601.723,19.02,,,,2.0337,84131.114,100,6.4063,257586.069,33.6,6.4111,506069.661,55.07,,,,,,,,,,,,,,,,,,,6.6396,29139.58,0.93,,,,2.2006,180660.449,58.36,6.4236,44329.911,8.07,,,,6.6403,643328.106,54.48,,,,6.6946,14626.855,1.27,6.6942,24154.606,49.98,,,,6.7868,224872.528,23.64,,,,,,,2.2055,258040.692,70.13,6.7926,358380.484,14.11,,,,,,,6.8881,136958.439,72.11,6.8391,119053.333,4.69,6.9029,181760.862,58.48,6.9423,185797.879,76.88,,,,,,,,,,,,,6.8874,31824.618,4.85,6.9868,27646.046,38.97,,,,,,,,,,,,,7.1038,10783.143,1.13,,,,7.1022,15575.137,24.91,,,,2.4225,21278.047,100,7.1342,19639.17,4.77,7.1336,70306.662,10.51,7.145,14366.26,5.94,,,,7.1706,126882.361,4.05,,,,,,,,,,,,,7.357,99644.657,3.15,,,,,,,,,,7.3881,21228.89,2.84,,,,,,,7.4345,102411.635,13.71,7.4483,38559.205,5.66,,,,,,,,,,2.5886,89371.657,66.18,,,,,,,7.5526,23602.303,25.89,,,,,,,,,,,,,7.6543,45266.456,80.18,,,,,,,2.8377,46003.792,47.68,7.7367,41507.689,12.4,,,,7.75,189931.748,6,,,,7.8145,1167708.902,100,,,,7.9427,12716.871,0.65,7.991,40042.935,100,,,,8.1656,21362.241,31.47,2.8866,10683.025,0.34,7.8817,12222.707,0.76,8.1431,10845.957,0.91,,,,8.0567,98001.228,3.13,7.8664,23342.633,3.49,8.0612,27314.929,4.07,8.0703,11199.388,100,,,,8.1642,76159.921,11.35,,,,,,,,,,8.1481,10411.523,1.56,,,,8.3934,52546.006,16.97,8.2612,55965.641,3.48,8.2486,12281.795,2.76,8.3327,21443.113,3.15,8.2605,11242.507,3.9,,,,,,,,,,8.4768,27720.726,100,8.385,356555.223,11.27,,,,8.3894,37093.144,51.33,8.4196,474376.523,8.85,8.486,1457829.009,46.08,8.484,1076467.966,66.62,,,,8.5257,747555.998,38.24,8.6112,461350.548,97.69,3.0035,37099.015,63.26,8.6351,42695.194,6.05,8.6378,20246.449,3.78,8.7055,4866231.896,90.77,,,,8.7645,71774.294,13.41,8.7578,21585.694,0.68,8.824,217789.682,18.18,8.822,244999.705,49.57,8.8726,66778.598,9.1,8.4454,15615.116,2.84,8.8886,236047.413,70.49,2.9902,10838.861,11.89,,,,8.9945,21410.966,1.1,,,,,,,8.9721,20805.087,20.39,,,,9.0369,21462.965,21.03,8.9614,31498.178,14.15,,,,9.1317,61520.969,3.81,3.1539,47098.852,56.24,9.1416,43950.762,1.39,,,,,,,9.0657,12347.962,6.91,,,,,,,9.2235,909707.853,95.83,,,,,,,9.2924,156376.15,4.99,3.1771,108678.796,75.63,,,,,,,,,,9.4087,221014.852,7.06,9.4004,35801.667,2.23,,,,9.4487,21871.497,30.27,9.4691,39837.348,17.9,9.7484,21592.484,4.03,,,,,,,,,,3.336,54383.024,25.6,3.322,232241.027,61.59,3.4107,281194.154,100,,,,3.4895,48558.128,5.1,3.5133,76641.44,9.86,3.5413,42578.971,41.79,,,,3.6628,63210.248,7.14,3.725,354886.491,100,,,,,,,,,,,,,,,,,,,4.0928,13012.855,3.59,,,,,,,4.0786,51196.402,54.27,4.1008,49675.607,20.9,,,,4.1951,122827.312,16.19,,,,,,,,,,4.2324,217517.324,57.34,4.2449,125682.376,90.22,4.3694,36095.267,9.96,4.3543,41851.091,4.73,4.3914,24510.467,2.67,,,,,,,,,,,,,,,,,,,4.4187,13187.115,1.93,,,,4.6012,144739.571,5.7,,,,4.6164,83081.023,64.76,4.606,171841.001,18.06,,,,,,,0.9327,12376.402,10.31,,,,,,,,,,4.7002,56458.28,2.43,4.7366,58864.838,59.66,,,,,,,,,,4.81,1100630.231,47.34,,,,0.918,35486.81,24.13,,,,4.9137,940138.596,40.43,,,,,,,,,,,,,5.1767,15685.956,4.33,,,,5.0391,517141.562,16.52,5.0436,82992.705,22.9
99_2021_T_4n,P1-E3,1,,,,,,,,,,,,,,,,,,,5.1679,137428.103,5.94,,,,,,,5.1421,15565.804,5.73,1.3167,328954.17,42.6,5.2167,19668.218,2.84,5.2105,14494.584,35.25,,,,5.2801,38376.989,0.64,5.1647,45089.94,6.19,5.3487,433758.164,18.01,,,,5.2142,16827.674,0.13,,,,1.6676,16110.69,1.91,,,,5.4354,59706.185,2.96,5.455,304366.189,30.8,5.4663,374586.846,47.83,,,,,,,,,,,,,,,,5.5208,94485.715,4.08,1.6606,16366.76,14.33,5.5779,119446.729,84.27,,,,,,,5.6445,228741.152,4.89,,,,,,,5.5333,13333.82,1.83,5.708,145657.652,12.22,5.7312,25911.731,3.02,,,,,,,5.7413,174368.851,16.23,,,,,,,5.6987,57214.42,0.44,5.8221,55119.139,1.48,5.6896,244289.843,5.22,5.8183,27401.698,67.35,6.0146,3914889.202,29.89,5.9555,389392.715,40.89,,,,6.015,68182.196,8.8,6.0433,81203.183,9.29,6.1184,13355.43,5.71,6.066,110765.649,15.89,6.0158,1076163.64,23,6.0948,102620.917,12.17,6.176,12702.15,1.46,6.0918,46431.939,11.75,6.1343,89508.009,15.43,6.1687,64448.793,1.38,,,,6.1693,2095459.443,28.46,6.16,89701.02,24.34,6.2169,52740.511,1.41,6.2034,48271.355,67.26,6.2742,105510.645,12.29,6.2497,38574.937,4.98,,,,6.3064,366976.408,22.16,6.3429,23499.764,32.74,6.3693,48707.819,2.86,2.0443,16431.962,40.13,6.3792,12349.031,0.26,6.4095,625474.551,42.3,6.5585,17862.165,3.72,6.6612,72640.684,45.29,,,,,,,6.5526,633641.193,4.84,6.5834,93173.07,64.35,6.6245,10585.403,0.38,6.5633,90628.4,1.14,2.1987,207060.139,49.41,6.6,1020247.434,16.93,,,,6.6389,803004.447,48.5,,,,,,,6.5886,72522.622,47.95,6.7332,1383834.806,10.56,6.7837,131638.438,11.4,,,,6.7702,24756.435,10.58,2.2,290415.952,58.86,6.7813,332918.93,13.82,6.8424,328949.706,4.14,,,,6.8935,51263.949,21.82,6.8713,190125.764,7.89,6.8846,90602.667,34.04,6.9386,163442.679,65.09,6.9313,42716.998,0.33,,,,6.9594,36676.212,2.22,2.2288,27849.974,10.41,6.8888,26825.132,8.22,6.9801,30369.156,1.07,,,,,,,7.0853,95969.208,34.27,,,,7.0915,25887.274,2.24,7.1468,132681.984,1.01,7.0789,10179.629,3.33,7.1714,10079.722,0.74,2.4343,54741.422,80.29,,,,7.16,59125.539,5.5,7.1494,57224.331,22.79,7.2834,37669.869,0.81,7.1633,106940.934,3.83,7.2324,23812.618,14.85,7.1029,11750.056,1.61,,,,,,,,,,,,,7.2832,28813.619,2.11,7.4347,16388.658,0.27,7.3072,86792.955,9.93,7.4688,28508.339,0.61,7.456,39952.263,4.2,7.4321,406071.173,46.47,7.4432,47135.358,6.47,7.4822,188435.49,37.96,7.5846,159376.64,68.61,7.4937,10442.361,0.13,2.5892,278656.869,44.08,7.5383,26336.083,7.45,7.5343,47024.148,65.17,7.5597,80825.204,26.91,7.594,167152.714,2.77,7.6121,120844.368,1.52,7.576,72456.118,56.19,7.5974,41400.08,100,,,,,,,7.7257,222659.331,2.8,2.8239,80978.918,67.13,7.7323,75299.378,6.48,,,,7.7561,29090.17,0.16,,,,7.8102,3070543.403,98.85,7.8944,219136.505,1.67,7.9316,44767.532,1.2,7.9891,56868.181,100,7.9691,38166.52,0.63,7.9896,415078.016,17.93,,,,7.9735,182427.994,2.48,,,,,,,7.983,20236.479,0.72,8.0683,15682.027,1.46,8.0594,59260.969,21.69,8.0661,19664.699,0.61,8.1014,297327.931,2.27,7.915,57837.14,21.17,8.1393,21157.316,0.35,,,,8.1547,42134.757,2.47,8.1494,89709.991,8.35,8.1442,78061.887,1.06,8.1178,10989.964,2.62,8.2891,17366.164,0.24,8.2487,74775.558,2.47,8.4277,10042.75,1.38,8.2974,41949.517,0.53,,,,8.3663,10004.019,0.73,2.9791,15127.232,0.65,8.3565,131157.542,37.12,,,,8.3828,16081.497,100,8.3968,379431.773,49.83,,,,8.5108,356140.497,1.97,,,,8.5101,169030.96,12.39,8.5091,2280162.1,61.14,8.5735,705959.556,92.49,2.9979,464794.57,78.71,8.6297,168161.594,14.73,8.6634,26862.122,2.27,8.7034,3750429.512,98.97,8.7505,6677228.363,98.39,8.7413,8746498.448,50.23,8.7536,14788381.33,81.76,9.0069,11208.474,7.6,8.8205,100511.505,52.36,8.7597,107661.118,20.08,8.3979,25837.718,0.43,8.8825,656689.927,56.48,,,,8.8844,750560.274,10.19,8.8947,51542.193,1.38,8.9387,2046790.465,63.45,8.9323,4219546.414,32.21,8.9395,130169.997,18.79,,,,9.0392,54845.744,7.92,8.9407,23263.712,2.58,9.1156,22130.019,0.13,8.8538,15521.556,1.78,3.1469,113148.361,67.93,9.1938,63888.431,0.35,,,,9.2017,13876.105,0.81,9.199,28742.207,29.33,,,,,,,,,,9.2702,599691.478,79.74,9.2752,155646.359,100,9.2812,216148.567,7.74,3.1722,98571.538,83.63,9.2784,1090840.453,14.81,9.2802,1329902.907,16.71,,,,9.4349,871909.578,31.22,9.4163,1409620.36,19.14,9.4226,2756905.085,34.64,9.4396,17734.445,2.33,9.7075,46388.104,3.78,9.4818,21370.03,0.12,,,,,,,3.2342,43008.396,6.93,3.3276,47708.778,12.07,3.3232,227003.766,48.28,3.3999,79836.786,37.64,3.395,24607.772,15.03,3.4935,40146.465,3.48,3.5125,144506.596,17.14,3.5483,43278.164,29.26,3.57,85470.407,70.33,3.647,11743.753,1.54,3.7266,397552.68,91.51,,,,3.8812,22582.129,2.96,,,,,,,3.9521,66276.104,58.09,,,,4.0239,44657.363,6.41,,,,4.0642,114086.636,0.87,4.0759,27926.118,29.69,4.0973,217796.732,53.44,4.1224,490677.572,80.57,4.1924,96277.729,8.08,,,,,,,4.2034,154777.239,2.57,4.1667,12989.929,7.49,4.2446,195030.609,78.56,4.3707,43361.057,6.22,4.3544,37383.589,4.89,4.3928,44731.963,3.03,,,,4.426,29476.094,0.23,4.5147,232999.654,24.47,4.4585,545532.575,23.57,4.4556,68060.535,21.46,,,,4.5051,16003.239,2.2,,,,4.609,195948.766,8.13,,,,,,,4.603,318579.952,27.59,4.5771,14207.383,0.3,4.6198,47724.809,2.06,0.9224,11118.8,6.7,4.6637,68812.465,0.53,4.6061,10839.283,1.14,4.6919,175830.577,25.38,4.7055,32051.753,1.59,4.7318,40142.733,18.98,,,,,,,4.7704,10310.558,2.15,4.8045,948651.261,46.99,,,,0.9257,37525.733,50.08,,,,4.9102,788085.589,39.04,4.9481,190025.242,3.15,4.9935,25639.411,1.11,4.9944,10980.761,2.29,,,,5.0338,180563.177,25.9,5.0381,28700.868,8.79,,,,4.926,25520.589,3.66