,,,,,,,,,,OCG#10 EIC(334.2)B,,,,,OCG#100 EIC(446.4),,,OCG#101 EIC(135.1)A,,,OCG#102 EIC(284.2)J,,,OCG#103 EIC(302.2)A,,,OCG#105 EIC(149.1),,,OCG#106 EIC(300.2)E,,,OCG#107 EIC(280.2),,,OCG#108 EIC(165.1)C,,,OCG#109 EIC(167.2),,,OCG#11 EIC(97.2),,,OCG#110 EIC(286.3)C,,,OCG#111 EIC(388.2),,,OCG#112 EIC(282.2)C,,,OCG#113 EIC(249.2)F,,,OCG#114 EIC(247.2)B,,,OCG#116 EIC(95.2)A,,,OCG#117 EIC(295.2),,,OCG#118 EIC(284.3)B,,,OCG#119 EIC(298.2)E,,,OCG#12 EIC(137.1)A,,,OCG#120 EIC(125.2),,,OCG#121 EIC(565.2)B,,,OCG#122 EIC(109.2),,,OCG#123 EIC(183.1),,,OCG#124 EIC(263.1),,,OCG#125 EIC(430.3)A,,,OCG#126 EIC(233.2)A,,,OCG#127 EIC(127.2),,,OCG#128 EIC(517.2)A,,,OCG#129 EIC(300.2)H,,,OCG#13 EIC(299.2),,,OCG#130 EIC(433.2),,,OCG#131 EIC(298.2)F,,,OCG#132 EIC(245.2),,,OCG#133 EIC(267.2)A,,,OCG#134 EIC(282.2)D,,,OCG#135 EIC(251.2)B,,,OCG#136 EIC(247.2)C,,,OCG#137 EIC(133.2),,,OCG#138 EIC(81.1),,,OCG#139 EIC(296.2),,,OCG#14 EIC(113.1),,,OCG#140 EIC(121.2)A,,,OCG#141 EIC(263.2)B,,,OCG#142 EIC(304.3),,,OCG#143 EIC(284.2)K,,,OCG#144 EIC(135.2)A,,,OCG#145 EIC(267.2)B,,,OCG#146 EIC(641.3),,,OCG#148 EIC(284.2)E,,,OCG#149 EIC(265.0),,,OCG#15 EIC(239.2),,,OCG#150 EIC(123.2)A,,,OCG#151 EIC(181.1),,,OCG#152 EIC(282.2)E,,,OCG#153 EIC(169.2)C,,,OCG#154 EIC(267.2)C,,,OCG#155 EIC(137.1)C,,,OCG#156 EIC(253.2)A,,,OCG#157 EIC(517.2)B,,,OCG#158 EIC(326.2),,,OCG#159 EIC(267.2)D,,,OCG#16 EIC(300.3),,,OCG#160 EIC(233.2)B,,,OCG#161 EIC(296.1),,,OCG#162 EIC(135.2)B,,,OCG#163 EIC(350.2),,,OCG#164 EIC(81.2),,,OCG#165 EIC(123.2)B,,,OCG#166 EIC(356.4),,,OCG#167 EIC(165.2),,,OCG#168 EIC(350.3),,,OCG#169 EIC(231.2)C,,,OCG#17 EIC(325.2),,,OCG#170 EIC(267.2)E,,,OCG#171 EIC(193.2),,,OCG#172 EIC(298.2)G,,,OCG#173 EIC(430.4),,,OCG#174 EIC(83.1),,,OCG#175 EIC(282.2)F,,,OCG#176 EIC(284.2)F,,,OCG#177 EIC(342.3)A,,,OCG#178 EIC(251.2)E,,,OCG#179 EIC(268.2)A,,,OCG#18 EIC(239.1),,,OCG#180 EIC(249.1),,,OCG#181 EIC(263.2)C,,,OCG#182 EIC(165.1)A,,,OCG#183 EIC(338.2),,,OCG#184 EIC(125.1),,,OCG#185 EIC(185.2),,,OCG#186 EIC(284.2)G,,,OCG#187 EIC(153.2)B,,,OCG#188 EIC(502.3),,,OCG#189 EIC(282.2)G,,,OCG#19 EIC(274.1),,,OCG#190 EIC(95.1),,,OCG#191 EIC(268.3),,,OCG#192 EIC(263.2)D,,,OCG#193 EIC(391.3),,,OCG#194 EIC(95.2)B,,,OCG#195 EIC(202.2),,,OCG#196 EIC(436.2),,,OCG#197 EIC(284.2)L,,,OCG#198 EIC(322.2)A,,,OCG#199 EIC(165.1)B,,,OCG#20 EIC(279.2)A,,,OCG#200 EIC(111.2)B,,,OCG#201 EIC(523.3),,,OCG#202 EIC(558.4),,,OCG#203 EIC(328.2),,,OCG#204 EIC(418.4),,,OCG#205 EIC(263.2)E,,,OCG#206 EIC(153.2)C,,,OCG#207 EIC(284.3)C,,,OCG#208 EIC(488.2),,,OCG#209 EIC(266.2)A,,,OCG#21 EIC(386.2),,,OCG#210 EIC(302.2)B,,,OCG#211 EIC(121.2)B,,,OCG#212 EIC(436.3),,,OCG#213 EIC(267.2)F,,,OCG#214 EIC(251.1)B,,,OCG#215 EIC(430.3)B,,,OCG#216 EIC(247.2)D,,,OCG#217 EIC(560.5),,,OCG#218 EIC(282.2)H,,,OCG#219 EIC(235.2)A,,,OCG#22 EIC(300.2)A,,,OCG#220 EIC(266.2)B,,,OCG#221 EIC(249.2)C,,,OCG#222 EIC(181.2)A,,,OCG#223 EIC(267.2)G,,,OCG#224 EIC(265.2)B,,,OCG#225 EIC(181.2)B,,,OCG#226 EIC(247.2)E,,,OCG#227 EIC(316.3),,,OCG#228 EIC(340.3),,,OCG#229 EIC(268.2)B,,,OCG#23 EIC(398.3),,,OCG#230 EIC(516.4)A,,,OCG#231 EIC(414.3),,,OCG#232 EIC(244.1),,,OCG#233 EIC(249.2)H,,,OCG#234 EIC(268.2)F,,,OCG#235 EIC(287.1),,,OCG#236 EIC(432.4),,,OCG#237 EIC(305.2),,,OCG#238 EIC(530.4),,,OCG#239 EIC(268.2)C,,,OCG#24 EIC(355.2),,,OCG#240 EIC(504.3),,,OCG#241 EIC(247.2)F,,,OCG#242 EIC(235.2)B,,,OCG#243 EIC(322.2)B,,,OCG#244 EIC(347.1),,,OCG#245 EIC(284.2)M,,,OCG#246 EIC(135.2)C,,,OCG#247 EIC(594.4),,,OCG#248 EIC(249.2)G,,,OCG#249 EIC(300.2)F,,,OCG#25 EIC(251.1)A,,,OCG#250 EIC(233.2)C,,,OCG#251 EIC(219.2)A,,,OCG#252 EIC(247.2)G,,,OCG#253 EIC(251.2)C,,,OCG#254 EIC(121.2)C,,,OCG#255 EIC(288.2),,,OCG#256 EIC(550.5)A,,,OCG#257 EIC(284.2)H,,,OCG#258 EIC(288.3),,,OCG#259 EIC(249.2)D,,,OCG#26 EIC(613.3),,,OCG#260 EIC(231.2)A,,,OCG#261 EIC(121.2)D,,,OCG#262 EIC(233.2)D,,,OCG#263 EIC(239.3),,,OCG#264 EIC(233.2)E,,,OCG#265 EIC(271.1),,,OCG#266 EIC(247.2)H,,,OCG#267 EIC(268.2)G,,,OCG#269 EIC(266.2)D,,,OCG#27 EIC(300.2)B,,,OCG#270 EIC(516.4)B,,,OCG#271 EIC(235.2)C,,,OCG#272 EIC(638.5),,,OCG#273 EIC(301.1)A,,,OCG#274 EIC(361.2)A,,,OCG#275 EIC(235.2)D,,,OCG#276 EIC(253.2)B,,,OCG#277 EIC(266.2)C,,,OCG#278 EIC(135.2)D,,,OCG#279 EIC(331.1),,,OCG#28 EIC(390.3),,,OCG#280 EIC(221.3),,,OCG#281 EIC(213.2),,,OCG#282 EIC(361.2)B,,,OCG#283 EIC(469.4),,,OCG#284 EIC(270.3),,,OCG#285 EIC(235.2)E,,,OCG#286 EIC(219.2)B,,,OCG#287 EIC(225.2),,,OCG#288 EIC(237.2),,,OCG#289 EIC(249.2)E,,,OCG#289 EIC(504.4),,,OCG#29 EIC(244.2),,,OCG#290 EIC(233.2)F,,,OCG#291 EIC(135.1)B,,,OCG#292 EIC(550.5)B,,,OCG#293 EIC(284.2)I,,,OCG#294 EIC(286.2),,,OCG#295 EIC(482.3),,,OCG#296 EIC(286.3)B,,,OCG#297 EIC(272.3),,,OCG#298 EIC(270.2)B,,,OCG#299 EIC(253.2)C,,,OCG#30 EIC(346.2),,,OCG#300 EIC(235.2)H,,,OCG#301 EIC(303.2),,,OCG#302 EIC(231.2)B,,,OCG#303 EIC(308.2),,,OCG#304 EIC(598.5),,,OCG#305 EIC(308.3),,,OCG#306 EIC(375.2),,,OCG#307 EIC(310.3),,,OCG#308 EIC(602.5),,,OCG#309 EIC(251.3),,,OCG#31 EIC(392.3),,,OCG#310 EIC(233.2)J,,,OCG#311 EIC(268.2)D,,,OCG#312 EIC(348.3),,,OCG#313 EIC(251.2)D,,,OCG#314 EIC(233.2)I,,,OCG#315 EIC(268.2)E,,,OCG#316 EIC(301.1)B,,,OCG#317 EIC(203.2),,,OCG#318 EIC(270.2)C,,,OCG#32 EIC(298.2)A,,,OCG#33 EIC(284.2)B,,,OCG#34 EIC(348.2),,,OCG#35 EIC(517.3),,,OCG#36 EIC(276.1),,,OCG#37 EIC(583.3),,,OCG#38 EIC(171.2),,,OCG#39 EIC(153.1),,,OCG#40 EIC(137.1)B,,,OCG#41 EIC(387.2),,,OCG#42 EIC(480.3),,,OCG#43 EIC(151.2)A,,,OCG#44 EIC(406.3),,,OCG#45 EIC(314.3),,,OCG#46 EIC(151.2)C,,,OCG#47 EIC(261.1),,,OCG#48 EIC(344.2),,,OCG#49 EIC(462.3),,,OCG#50 EIC(282.2)A,,,OCG#51 EIC(169.2)D,,,OCG#52 EIC(279.2)B,,,OCG#53 EIC(284.2)C,,,OCG#54 EIC(434.3),,,OCG#55 EIC(163.1),,,OCG#56 EIC(448.4),,,OCG#57 EIC(133.1),,,OCG#58 EIC(247.2)I,,,OCG#59 EIC(282.2)B,,,OCG#60 EIC(249.2)A,,,OCG#61 EIC(85.2),,,OCG#62 EIC(595.3),,,OCG#63 EIC(169.2)A,,,OCG#64 EIC(151.2)B,,,OCG#65 EIC(193.1),,,OCG#66 EIC(555.4),,,OCG#67 EIC(284.3)A,,,OCG#68 EIC(265.2)A,,,OCG#69 EIC(300.2)C,,,OCG#70 EIC(305.1),,,OCG#71 EIC(279.1),,,OCG#72 EIC(247.2)A,,,OCG#73 EIC(546.4),,,OCG#74 EIC(95.2)C,,,OCG#75 EIC(298.2)B,,,OCG#76 EIC(139.1),,,OCG#77 EIC(153.2)A,,,OCG#78 EIC(267.2)H,,,OCG#79 EIC(300.2)D,,,OCG#8 EIC(166.1),,,OCG#80 EIC(284.2)D,,,OCG#81 EIC(265.1)A,,,OCG#82 EIC(286.3)A,,,OCG#83 EIC(565.4),,,OCG#84 EIC(197.1),,,OCG#85 EIC(265.1)B,,,OCG#86 EIC(578.4),,,OCG#87 EIC(298.2)C,,,OCG#88 EIC(565.2)A,,,OCG#89 EIC(147.1),,,OCG#9 EIC(334.2)A,,,OCG#90 EIC(263.2)A,,,OCG#91 EIC(565.3),,,OCG#92 EIC(249.2)B,,,OCG#93 EIC(300.2)G,,,OCG#94 EIC(298.2)D,,,OCG#95 EIC(427.3),,,OCG#96 EIC(169.2)B,,,OCG#97 EIC(111.2)A,,,OCG#98 EIC(251.2)A,,,OCG#99 EIC(169.1),,
,,,,,,,,,,RT,Peak Area,,"Peak Area
Percent",,RT,Peak Area,"Peak Area
Percent",RT,Peak Area,"Peak Area
Percent",RT,Peak Area,"Peak Area
Percent",RT,Peak Area,"Peak Area
Percent",RT,Peak Area,"Peak Area
Percent",RT,Peak Area,"Peak Area
Percent",RT,Peak Area,"Peak Area
Percent",RT,Peak Area,"Peak Area
Percent",RT,Peak Area,"Peak Area
Percent",RT,Peak Area,"Peak Area
Percent",RT,Peak Area,"Peak Area
Percent",RT,Peak Area,"Peak Area
Percent",RT,Peak Area,"Peak Area
Percent",RT,Peak Area,"Peak Area
Percent",RT,Peak Area,"Peak Area
Percent",RT,Peak Area,"Peak Area
Percent",RT,Peak Area,"Peak Area
Percent",RT,Peak Area,"Peak Area
Percent",RT,Peak Area,"Peak Area
Percent",RT,Peak Area,"Peak Area
Percent",RT,Peak Area,"Peak Area
Percent",RT,Peak Area,"Peak Area
Percent",RT,Peak Area,"Peak Area
Percent",RT,Peak Area,"Peak Area
Percent",RT,Peak Area,"Peak Area
Percent",RT,Peak Area,"Peak Area
Percent",RT,Peak Area,"Peak Area
Percent",RT,Peak Area,"Peak Area
Percent",RT,Peak Area,"Peak Area
Percent",RT,Peak Area,"Peak Area
Percent",RT,Peak Area,"Peak Area
Percent",RT,Peak Area,"Peak Area
Percent",RT,Peak Area,"Peak Area
Percent",RT,Peak Area,"Peak Area
Percent",RT,Peak Area,"Peak Area
Percent",RT,Peak Area,"Peak Area
Percent",RT,Peak Area,"Peak Area
Percent",RT,Peak Area,"Peak Area
Percent",RT,Peak Area,"Peak Area
Percent",RT,Peak Area,"Peak Area
Percent",RT,Peak Area,"Peak Area
Percent",RT,Peak Area,"Peak Area
Percent",RT,Peak Area,"Peak Area
Percent",RT,Peak Area,"Peak Area
Percent",RT,Peak Area,"Peak Area
Percent",RT,Peak Area,"Peak Area
Percent",RT,Peak Area,"Peak Area
Percent",RT,Peak Area,"Peak Area
Percent",RT,Peak Area,"Peak Area
Percent",RT,Peak Area,"Peak Area
Percent",RT,Peak Area,"Peak Area
Percent",RT,Peak Area,"Peak Area
Percent",RT,Peak Area,"Peak Area
Percent",RT,Peak Area,"Peak Area
Percent",RT,Peak Area,"Peak Area
Percent",RT,Peak Area,"Peak Area
Percent",RT,Peak Area,"Peak Area
Percent",RT,Peak Area,"Peak Area
Percent",RT,Peak Area,"Peak Area
Percent",RT,Peak Area,"Peak Area
Percent",RT,Peak Area,"Peak Area
Percent",RT,Peak Area,"Peak Area
Percent",RT,Peak Area,"Peak Area
Percent",RT,Peak Area,"Peak Area
Percent",RT,Peak Area,"Peak Area
Percent",RT,Peak Area,"Peak Area
Percent",RT,Peak Area,"Peak Area
Percent",RT,Peak Area,"Peak Area
Percent",RT,Peak Area,"Peak Area
Percent",RT,Peak Area,"Peak Area
Percent",RT,Peak Area,"Peak Area
Percent",RT,Peak Area,"Peak Area
Percent",RT,Peak Area,"Peak Area
Percent",RT,Peak Area,"Peak Area
Percent",RT,Peak Area,"Peak Area
Percent",RT,Peak Area,"Peak Area
Percent",RT,Peak Area,"Peak Area
Percent",RT,Peak Area,"Peak Area
Percent",RT,Peak Area,"Peak Area
Percent",RT,Peak Area,"Peak Area
Percent",RT,Peak Area,"Peak Area
Percent",RT,Peak Area,"Peak Area
Percent",RT,Peak Area,"Peak Area
Percent",RT,Peak Area,"Peak Area
Percent",RT,Peak Area,"Peak Area
Percent",RT,Peak Area,"Peak Area
Percent",RT,Peak Area,"Peak Area
Percent",RT,Peak Area,"Peak Area
Percent",RT,Peak Area,"Peak Area
Percent",RT,Peak Area,"Peak Area
Percent",RT,Peak Area,"Peak Area
Percent",RT,Peak Area,"Peak Area
Percent",RT,Peak Area,"Peak Area
Percent",RT,Peak Area,"Peak Area
Percent",RT,Peak Area,"Peak Area
Percent",RT,Peak Area,"Peak Area
Percent",RT,Peak Area,"Peak Area
Percent",RT,Peak Area,"Peak Area
Percent",RT,Peak Area,"Peak Area
Percent",RT,Peak Area,"Peak Area
Percent",RT,Peak Area,"Peak Area
Percent",RT,Peak Area,"Peak Area
Percent",RT,Peak Area,"Peak Area
Percent",RT,Peak Area,"Peak Area
Percent",RT,Peak Area,"Peak Area
Percent",RT,Peak Area,"Peak Area
Percent",RT,Peak Area,"Peak Area
Percent",RT,Peak Area,"Peak Area
Percent",RT,Peak Area,"Peak Area
Percent",RT,Peak Area,"Peak Area
Percent",RT,Peak Area,"Peak Area
Percent",RT,Peak Area,"Peak Area
Percent",RT,Peak Area,"Peak Area
Percent",RT,Peak Area,"Peak Area
Percent",RT,Peak Area,"Peak Area
Percent",RT,Peak Area,"Peak Area
Percent",RT,Peak Area,"Peak Area
Percent",RT,Peak Area,"Peak Area
Percent",RT,Peak Area,"Peak Area
Percent",RT,Peak Area,"Peak Area
Percent",RT,Peak Area,"Peak Area
Percent",RT,Peak Area,"Peak Area
Percent",RT,Peak Area,"Peak Area
Percent",RT,Peak Area,"Peak Area
Percent",RT,Peak Area,"Peak Area
Percent",RT,Peak Area,"Peak Area
Percent",RT,Peak Area,"Peak Area
Percent",RT,Peak Area,"Peak Area
Percent",RT,Peak Area,"Peak Area
Percent",RT,Peak Area,"Peak Area
Percent",RT,Peak Area,"Peak Area
Percent",RT,Peak Area,"Peak Area
Percent",RT,Peak Area,"Peak Area
Percent",RT,Peak Area,"Peak Area
Percent",RT,Peak Area,"Peak Area
Percent",RT,Peak Area,"Peak Area
Percent",RT,Peak Area,"Peak Area
Percent",RT,Peak Area,"Peak Area
Percent",RT,Peak Area,"Peak Area
Percent",RT,Peak Area,"Peak Area
Percent",RT,Peak Area,"Peak Area
Percent",RT,Peak Area,"Peak Area
Percent",RT,Peak Area,"Peak Area
Percent",RT,Peak Area,"Peak Area
Percent",RT,Peak Area,"Peak Area
Percent",RT,Peak Area,"Peak Area
Percent",RT,Peak Area,"Peak Area
Percent",RT,Peak Area,"Peak Area
Percent",RT,Peak Area,"Peak Area
Percent",RT,Peak Area,"Peak Area
Percent",RT,Peak Area,"Peak Area
Percent",RT,Peak Area,"Peak Area
Percent",RT,Peak Area,"Peak Area
Percent",RT,Peak Area,"Peak Area
Percent",RT,Peak Area,"Peak Area
Percent",RT,Peak Area,"Peak Area
Percent",RT,Peak Area,"Peak Area
Percent",RT,Peak Area,"Peak Area
Percent",RT,Peak Area,"Peak Area
Percent",RT,Peak Area,"Peak Area
Percent",RT,Peak Area,"Peak Area
Percent",RT,Peak Area,"Peak Area
Percent",RT,Peak Area,"Peak Area
Percent",RT,Peak Area,"Peak Area
Percent",RT,Peak Area,"Peak Area
Percent",RT,Peak Area,"Peak Area
Percent",RT,Peak Area,"Peak Area
Percent",RT,Peak Area,"Peak Area
Percent",RT,Peak Area,"Peak Area
Percent",RT,Peak Area,"Peak Area
Percent",RT,Peak Area,"Peak Area
Percent",RT,Peak Area,"Peak Area
Percent",RT,Peak Area,"Peak Area
Percent",RT,Peak Area,"Peak Area
Percent",RT,Peak Area,"Peak Area
Percent",RT,Peak Area,"Peak Area
Percent",RT,Peak Area,"Peak Area
Percent",RT,Peak Area,"Peak Area
Percent",RT,Peak Area,"Peak Area
Percent",RT,Peak Area,"Peak Area
Percent",RT,Peak Area,"Peak Area
Percent",RT,Peak Area,"Peak Area
Percent",RT,Peak Area,"Peak Area
Percent",RT,Peak Area,"Peak Area
Percent",RT,Peak Area,"Peak Area
Percent",RT,Peak Area,"Peak Area
Percent",RT,Peak Area,"Peak Area
Percent",RT,Peak Area,"Peak Area
Percent",RT,Peak Area,"Peak Area
Percent",RT,Peak Area,"Peak Area
Percent",RT,Peak Area,"Peak Area
Percent",RT,Peak Area,"Peak Area
Percent",RT,Peak Area,"Peak Area
Percent",RT,Peak Area,"Peak Area
Percent",RT,Peak Area,"Peak Area
Percent",RT,Peak Area,"Peak Area
Percent",RT,Peak Area,"Peak Area
Percent",RT,Peak Area,"Peak Area
Percent",RT,Peak Area,"Peak Area
Percent",RT,Peak Area,"Peak Area
Percent",RT,Peak Area,"Peak Area
Percent",RT,Peak Area,"Peak Area
Percent",RT,Peak Area,"Peak Area
Percent",RT,Peak Area,"Peak Area
Percent",RT,Peak Area,"Peak Area
Percent",RT,Peak Area,"Peak Area
Percent",RT,Peak Area,"Peak Area
Percent",RT,Peak Area,"Peak Area
Percent",RT,Peak Area,"Peak Area
Percent",RT,Peak Area,"Peak Area
Percent",RT,Peak Area,"Peak Area
Percent",RT,Peak Area,"Peak Area
Percent",RT,Peak Area,"Peak Area
Percent",RT,Peak Area,"Peak Area
Percent",RT,Peak Area,"Peak Area
Percent",RT,Peak Area,"Peak Area
Percent",RT,Peak Area,"Peak Area
Percent",RT,Peak Area,"Peak Area
Percent",RT,Peak Area,"Peak Area
Percent",RT,Peak Area,"Peak Area
Percent",RT,Peak Area,"Peak Area
Percent",RT,Peak Area,"Peak Area
Percent",RT,Peak Area,"Peak Area
Percent",RT,Peak Area,"Peak Area
Percent",RT,Peak Area,"Peak Area
Percent",RT,Peak Area,"Peak Area
Percent",RT,Peak Area,"Peak Area
Percent",RT,Peak Area,"Peak Area
Percent",RT,Peak Area,"Peak Area
Percent",RT,Peak Area,"Peak Area
Percent",RT,Peak Area,"Peak Area
Percent",RT,Peak Area,"Peak Area
Percent",RT,Peak Area,"Peak Area
Percent",RT,Peak Area,"Peak Area
Percent",RT,Peak Area,"Peak Area
Percent",RT,Peak Area,"Peak Area
Percent",RT,Peak Area,"Peak Area
Percent",RT,Peak Area,"Peak Area
Percent",RT,Peak Area,"Peak Area
Percent",RT,Peak Area,"Peak Area
Percent",RT,Peak Area,"Peak Area
Percent",RT,Peak Area,"Peak Area
Percent",RT,Peak Area,"Peak Area
Percent",RT,Peak Area,"Peak Area
Percent",RT,Peak Area,"Peak Area
Percent",RT,Peak Area,"Peak Area
Percent",RT,Peak Area,"Peak Area
Percent",RT,Peak Area,"Peak Area
Percent",RT,Peak Area,"Peak Area
Percent",RT,Peak Area,"Peak Area
Percent",RT,Peak Area,"Peak Area
Percent",RT,Peak Area,"Peak Area
Percent",RT,Peak Area,"Peak Area
Percent",RT,Peak Area,"Peak Area
Percent",RT,Peak Area,"Peak Area
Percent",RT,Peak Area,"Peak Area
Percent",RT,Peak Area,"Peak Area
Percent",RT,Peak Area,"Peak Area
Percent",RT,Peak Area,"Peak Area
Percent",RT,Peak Area,"Peak Area
Percent",RT,Peak Area,"Peak Area
Percent",RT,Peak Area,"Peak Area
Percent",RT,Peak Area,"Peak Area
Percent",RT,Peak Area,"Peak Area
Percent",RT,Peak Area,"Peak Area
Percent",RT,Peak Area,"Peak Area
Percent",RT,Peak Area,"Peak Area
Percent",RT,Peak Area,"Peak Area
Percent",RT,Peak Area,"Peak Area
Percent",RT,Peak Area,"Peak Area
Percent",RT,Peak Area,"Peak Area
Percent",RT,Peak Area,"Peak Area
Percent",RT,Peak Area,"Peak Area
Percent",RT,Peak Area,"Peak Area
Percent",RT,Peak Area,"Peak Area
Percent",RT,Peak Area,"Peak Area
Percent",RT,Peak Area,"Peak Area
Percent",RT,Peak Area,"Peak Area
Percent",RT,Peak Area,"Peak Area
Percent",RT,Peak Area,"Peak Area
Percent",RT,Peak Area,"Peak Area
Percent",RT,Peak Area,"Peak Area
Percent",RT,Peak Area,"Peak Area
Percent",RT,Peak Area,"Peak Area
Percent",RT,Peak Area,"Peak Area
Percent",RT,Peak Area,"Peak Area
Percent",RT,Peak Area,"Peak Area
Percent",RT,Peak Area,"Peak Area
Percent",RT,Peak Area,"Peak Area
Percent",RT,Peak Area,"Peak Area
Percent",RT,Peak Area,"Peak Area
Percent",RT,Peak Area,"Peak Area
Percent",RT,Peak Area,"Peak Area
Percent",RT,Peak Area,"Peak Area
Percent",RT,Peak Area,"Peak Area
Percent",RT,Peak Area,"Peak Area
Percent",RT,Peak Area,"Peak Area
Percent",RT,Peak Area,"Peak Area
Percent",RT,Peak Area,"Peak Area
Percent",RT,Peak Area,"Peak Area
Percent",RT,Peak Area,"Peak Area
Percent",RT,Peak Area,"Peak Area
Percent",RT,Peak Area,"Peak Area
Percent",RT,Peak Area,"Peak Area
Percent",RT,Peak Area,"Peak Area
Percent",RT,Peak Area,"Peak Area
Percent",RT,Peak Area,"Peak Area
Percent"
201_2021_T_4n,,,,,,P1-D5,,1,,,,,,,,,,5.0331,83209.817,1.65,5.0636,575436.874,6.45,,,,5.1318,59669.737,14.8,5.1433,86034.697,1.01,5.3346,14183.183,11.29,5.1161,15450.213,0.69,5.1857,35751.502,15.91,1.2913,627646.265,54.28,5.1938,552124.863,49.38,5.1877,11370.074,19.26,5.1973,84867.451,12.64,5.2586,3162580.939,39.9,5.3402,15986.223,1.31,5.3169,347040.891,8.84,,,,5.3693,1638131.915,18.35,,,,1.654,18756.215,1.49,,,,5.4255,298448.044,8.29,5.432,296278.868,21.23,5.4356,360107.761,36.48,5.4583,113675.772,58.03,,,,,,,,,,5.3733,55801.045,8.72,5.5342,2084565.471,24.42,,,,5.5704,345402.307,100,5.5132,42020.387,19.27,,,,5.5333,98320.148,3.21,5.5339,10501.165,1.56,5.523,51181.473,0.66,5.8143,15730.222,1.29,5.6793,323940.077,19.04,5.7205,10475.851,0.91,,,,,,,5.6968,18556.304,1.82,5.8749,10803.608,5.52,,,,5.8058,47313.155,0.53,5.7903,69057.846,1.37,,,,5.8251,43657.86,77.64,6.0004,1483365.377,16.62,5.9392,104457.337,2.31,1.7986,10813.567,1.05,5.9785,101826.236,10.09,6.0119,150384.448,10.67,,,,6.0468,99760.713,8.21,6.0076,362808.792,11.83,6.0805,217336.751,17.31,,,,6.0898,28638.654,6.19,6.1246,130227.962,16.55,6.1605,42781.255,1.4,,,,6.1525,332387.943,3.17,,,,6.1967,116779.12,2.31,6.1931,147138.452,32.33,6.245,42495.915,3.7,6.2494,22395.854,2.22,6.2791,10418.566,11.71,6.2902,337966.862,15.07,6.3249,284294.368,62.47,6.5587,14798.358,0.73,,,,6.3378,15599.725,0.51,6.4031,926909.511,38.76,,,,6.4974,587680.47,69.58,,,,6.6163,200898.435,29.93,6.5445,145635.53,1.63,6.5601,89684.269,14.65,6.5942,53595.509,0.69,6.5897,41242.176,0.32,2.1654,401882.073,39.2,6.5918,49911.309,0.63,,,,6.6237,1261851.524,56.28,,,,,,,,,,6.7146,562864.983,6.31,6.7362,416977.042,20.72,6.8213,425586.165,26.34,,,,2.1639,475571.678,40.95,6.7568,588335.819,14.99,6.8251,4076450.4,32.18,,,,6.8887,10773.065,4.95,6.8663,679668.96,17.31,6.8898,27151.346,15.24,6.9211,149040.956,33.94,6.9249,40353.739,0.45,,,,6.9479,81756.812,3.65,,,,6.8637,19272.424,5.66,6.8261,694213.736,17.79,6.975,98143.241,46.81,7.0049,94315.185,3.5,7.072,65857.38,6.25,,,,7.073,28670.892,1.43,7.0878,144747.196,1.62,,,,6.9992,46717.063,2.12,2.3895,102978.89,53.41,,,,7.1434,33015.229,3.23,7.141,192960.619,43.94,7.2646,12271.425,0.4,7.1417,21468.647,0.28,7.2307,37576.096,4.45,7.2823,15340.463,1.26,7.1837,42904.383,29.1,7.4663,10925.374,1.63,7.5636,21730.651,0.21,,,,,,,7.4599,11692.822,0.15,7.3017,265183.35,18.81,7.4763,47851.211,1.56,7.5016,52758.593,1.16,7.4159,660900.367,46.88,7.4334,107776.872,8.86,7.4756,124711.767,39.12,,,,,,,2.5501,321008.997,69.66,7.5826,18743.502,2.93,7.527,37808.214,44.9,7.5257,55345.03,20.98,7.5389,12547.604,0.16,7.591,5096199.337,40.1,7.5663,67643.799,21.25,,,,7.6413,89070.186,10.84,,,,7.7878,343331.547,2.7,2.8278,19442.887,7.99,7.7221,123934.579,9.62,7.7395,12765.492,1.05,7.7385,20578.07,0.19,,,,7.7961,5059859.171,98.2,7.8802,61645.785,0.69,7.9235,91074.578,1.8,7.9822,59361.571,76.25,7.9689,89676.663,1.13,7.9736,77340.861,0.91,,,,7.9365,664795.596,6.33,8.0124,72335.635,8.75,8.0391,56734.993,4.66,7.937,18299.75,0.23,7.9826,11309.257,1.11,8.0573,41304.128,15.47,8.0638,171525.8,10.06,8.096,97757.398,1.1,7.9037,28005.541,10.49,8.1396,12612.589,0.16,2.8719,26082.158,29.04,8.1607,21130.753,1.04,8.1436,15273.552,1.49,8.1209,57330.838,0.55,8.0706,15590.306,1.52,8.2852,11740.203,0.11,8.2362,29187.187,1.43,8.3071,13489.232,1.11,8.2842,42478.566,0.33,8.255,11216.782,0.51,,,,8.3422,56159.783,8.78,,,,8.3785,67866.253,37.68,8.3802,190131.616,11.65,8.4094,698571.743,33.48,8.4939,331510.325,3.13,8.7336,492909.125,57.27,8.5039,46564.923,2.11,8.4951,2785270.809,55.2,8.5724,204905.259,59.36,2.9803,176854.106,80.22,8.6197,661755.066,25.44,8.8554,17928.038,1.96,8.695,1365115.14,65.42,8.7465,2724117.671,92.05,8.7523,11016994.27,88.65,8.7406,8238481.627,77.85,8.8285,37943.722,4.59,8.8177,469598.16,60.31,8.7545,52243.595,7.91,8.2493,19338.09,0.24,8.8761,826158.202,64.11,2.9649,14063.47,5.33,8.8835,314088.569,2.99,8.8871,76624.727,1.52,8.9301,421868.493,24.74,8.9235,1396194.489,15.64,8.9467,74395.496,6.65,,,,9.0353,47790.441,4.27,,,,9.0937,11684.768,0.09,,,,3.1234,177126.455,66.7,9.1699,10132.107,0.1,,,,9.1949,10952.501,0.54,9.2005,35293.689,37.1,9.2657,16290.036,22.53,,,,9.2213,54955.589,76.17,9.2682,1037683.96,40.65,9.2707,518297.06,84.96,9.2744,139496.825,1.79,3.1555,18807.448,100,9.2675,649063.196,6.18,9.2736,403689.097,3.18,9.3526,41298.478,3.33,9.4153,296547.169,3.8,9.4157,629385.306,6,9.4165,1098774.589,8.65,,,,9.3566,11340.173,0.77,9.4837,47172.023,0.38,,,,,,,3.2042,171469.83,13.84,3.2967,185139.599,40.02,3.2916,523630.164,73.03,3.3759,235321.671,23.34,3.359,17476.093,9.58,3.4663,93987.162,4.67,3.4967,93464.182,7.44,3.5217,172952.072,51.51,3.549,295366.219,56.59,3.6287,27730.269,1.63,3.6928,1181042.381,93.62,,,,3.8371,24076.713,1.42,,,,3.9366,48781.135,18.32,3.9251,202176.688,73.91,,,,3.9812,198444.578,16.33,,,,4.0495,115101.458,1.29,4.0496,81896.668,15.54,4.0839,224353.263,51.2,4.105,146973.223,56.38,4.1531,310863.852,18.27,,,,,,,,,,4.1952,13913.764,8.15,4.2344,1921708.386,91.96,4.3311,110429.33,9.08,4.3264,125237.899,7.37,4.3808,422592.527,17.67,4.5033,103724.46,6.3,4.4916,471861.248,5.29,4.3229,266687.683,5.89,,,,4.4358,29459.005,3.59,,,,4.4317,19383.454,1.59,,,,4.5736,256043.142,6.52,4.4794,10174.769,4.67,,,,4.565,362867.153,18.04,4.7109,23740.836,0.77,4.5894,91373.487,1.07,0.921,16742.229,7.12,4.7079,767279.616,8.6,4.6558,165593.522,3.66,4.6644,244320.294,21.85,4.6869,164388.716,4.57,4.722,72696.234,34.5,4.6952,40695.031,0.9,,,,,,,4.7934,1491276.261,41.42,4.8536,11938.341,3.77,0.9209,16177.539,20.73,,,,4.9023,1280738.175,35.57,4.8292,510850.265,6.45,4.8334,2376875.336,27.84,5.0839,10195.82,4.68,,,,5.0065,490770.179,40.37,4.9962,25408.615,7.47,,,,5.1575,42651.104,3.51
205_2021_V_2n,,,,,,P1-D6,,1,,,,,,,,,,5.0364,368613.608,6.21,5.0675,18942.57,0.7,5.1484,16176.289,4.46,5.1381,31837.907,7.33,5.1523,765730.216,17.83,5.1779,57183.86,12.74,,,,5.1731,15215.367,3.12,1.2955,147994.678,22.4,,,,5.1779,10951.356,19.92,5.2973,47615.155,2.42,5.2437,46456.047,0.64,5.3039,905841.419,3.29,5.321,50687.474,1.96,5.3612,89628.917,46.37,5.3828,10206.93,0.38,5.3669,32615.556,1.1,1.6425,88796.5,5.69,,,,5.422,174128.385,3.84,5.4285,329390.192,29.08,5.4432,185166.122,24.38,5.4415,42363.464,1.04,,,,,,,,,,,,,5.5324,104930.435,2.44,1.6477,112115.378,17.64,5.5733,727375.127,71.87,5.5654,388660.103,13.14,5.5912,340518.576,26.54,5.6001,44504.233,3.49,5.7796,121452.952,6.18,,,,5.665,319900.601,1.16,5.6815,70592.363,8.98,5.7876,42932.534,6.45,,,,,,,,,,5.846,92882.004,2.28,,,,,,,5.7987,25859.425,0.44,5.9385,41275.928,3.23,5.8213,41998.132,100,5.9406,91274.076,3.36,6.0191,93905.281,3.4,,,,5.9787,15411.988,3.22,6.014,160131.752,20.33,6.0222,154229.798,7.85,6.0435,135233.732,8.05,6.0991,25177.588,1.97,6.0838,138038.447,8.85,,,,6.0935,113624.37,11.67,6.1242,453514.54,45.2,,,,,,,6.1615,23802.468,0.92,6.1597,18025.187,7.48,6.1865,67909.939,1.14,,,,6.1888,17159.077,2.58,,,,6.3384,19926.197,34.62,6.2868,98437.135,5.48,6.3351,181450.939,60.73,6.3493,27360.635,0.74,2.0218,21751.335,9.04,6.3311,10090.626,0.79,6.4013,790796.834,50.53,6.4472,37993.998,1.28,6.6492,16013.781,12.5,,,,6.6306,16648.78,0.85,6.5465,42443.981,1.56,6.5667,336051.127,57.48,,,,,,,2.1651,674808.414,60.1,6.5674,26288.25,0.36,6.6133,1146096.217,28.09,6.6211,1166353.762,64.94,,,,6.8775,10072.49,4.87,,,,,,,6.7413,42955.707,2.53,6.7938,320769.569,80.16,6.756,24247.41,1.23,2.1679,535541.172,46.89,6.7659,89811.984,3.48,6.8267,23578.9,1.35,6.8539,150879.191,3.7,6.7717,35924.036,25.4,6.8607,794264.425,30.77,,,,6.9151,80448.432,20.61,,,,6.9397,18496.933,44.49,6.9343,34487.58,1.92,,,,6.8636,12316.059,5.75,6.9799,22371.785,9.59,6.9782,119663.505,67.89,7.0041,108541.413,40.56,7.0493,35417.755,4.57,7.2633,51172.098,1.25,6.9788,12844.874,0.76,,,,,,,7.1038,13789.461,0.76,2.3985,37146.847,14.13,,,,7.3004,15015.74,6.04,7.1363,162929.425,41.75,7.2559,10682.906,0.84,7.1368,91432.744,5.19,7.1625,32790.814,25.59,,,,7.1824,250465.692,72.27,,,,7.3382,11852.65,0.79,,,,7.3481,66880.334,3.67,7.4287,574284.747,7.91,7.3626,215517.432,27.37,7.3482,16378.032,1.28,7.525,92490.288,3.35,7.4884,37567.74,4.77,7.4252,21826740.87,79.23,7.5821,11493.774,1.6,7.4775,23989.77,15.39,7.4759,127113.435,7.17,2.5537,529353.106,93.77,7.5197,120921.931,11.83,7.5248,83744.435,73.14,7.5392,38619.047,23.13,7.6456,76842.207,1.06,7.5939,97185.556,5.48,7.5611,168196.487,28.3,,,,7.633,10018.014,2.8,7.6804,43934.222,37.62,7.7062,713037.843,40.22,2.8269,142537.116,34.86,7.7254,95495.307,5.89,7.7389,23191.312,0.08,7.9173,79199.468,5.29,,,,7.7953,5564780.032,97.68,,,,7.9213,717081.112,12.08,7.9836,294929.813,100,8.1876,14510.689,0.2,,,,2.8317,23974.039,1.36,7.8539,10852.316,0.42,8.0479,28385.902,4.71,8.0397,678982.016,2.46,8.2657,15803.752,0.9,,,,,,,8.0637,222203.814,20.42,,,,,,,8.0902,416710.957,5.74,,,,8.159,28827.923,0.78,,,,,,,,,,,,,8.2711,231435.557,45.67,8.2917,168738.819,0.61,8.2763,12415.602,0.7,8.2717,809739.688,44.41,2.9656,48223.664,1.12,,,,8.3861,18903.684,1.26,,,,8.3779,297097.325,25.84,8.4098,264388.86,5.19,8.4879,404307.524,27.03,,,,,,,8.485,2214850.323,37.3,8.5645,962265.989,86.76,2.9779,73038.331,32.11,8.6237,665954.759,31.7,8.6605,38638.088,2.75,8.7017,4798896.291,94.12,8.4922,13364.208,12.78,8.7543,64306.613,3.26,8.7557,37024.497,2.48,8.8669,13085.941,2.17,8.8144,1182986.957,62.22,,,,8.2805,1357736.628,18.7,8.8809,1192200.769,73.56,,,,8.8376,11621.852,0.45,8.8862,85548.685,1.44,8.791,10462.25,0.96,9.0188,23834.546,0.88,8.9551,108065.055,30.73,9.0165,79240.353,21.42,9.0316,123918.313,35.24,,,,9.1304,15487.857,0.78,,,,3.1092,82227.094,48.61,9.2503,18415.143,1.23,,,,9.2003,688010.699,18.58,9.2,880836.225,93.03,9.2031,819825.379,96.72,,,,9.2139,66424.442,81.58,9.264,3144177.531,94.59,9.2705,3901481.014,99.55,9.2622,283862.845,16.13,3.1577,243571.159,90.16,9.265,1412535.209,54.39,,,,9.3531,22828.793,1.63,9.4145,14619.77,0.83,9.5399,36143.858,1.39,9.5328,10535.625,0.59,9.4269,23981.905,2.09,9.1933,63964.424,5.2,9.4757,12406.831,0.63,3.1859,105844.979,3.58,,,,3.2147,133265.345,9.54,,,,,,,3.3921,242478.684,17.33,,,,3.4714,200940.119,11.83,3.4897,546663.435,35.04,3.5336,51954.649,16.92,3.5504,197103.107,55.75,3.6212,10117.663,0.68,3.7013,1801196.724,94.33,,,,3.9358,12203.672,0.82,,,,,,,3.9586,10786.186,100,,,,3.9758,119659.315,7.13,,,,4.0394,1114654.072,40.98,4.0595,49807.369,13.83,4.0899,384963.002,52.06,4.0998,10238.785,3.01,4.1563,87039.988,11.08,4.1854,201558.5,0.73,4.1892,255019.353,12.98,4.1811,760884.631,10.48,4.1282,13005.079,5.76,4.2421,289145.69,53.26,4.317,123691.615,7.37,4.3176,83094.038,5.6,4.3697,51108.78,3.27,4.5157,15603.315,2.28,4.3819,14211.259,0.52,4.4994,1061467.274,38.48,4.4349,2186524.747,50.9,4.4229,136102.215,38.09,4.4879,51342.683,8.03,4.4834,565848.499,2.05,4.4843,281020.878,51.14,4.5793,33182.924,1.29,4.5603,100083.574,3.38,,,,4.5713,40227.26,2.37,4.5741,47563.872,3.73,4.6042,730636.534,17.01,0.9182,18840.785,8.89,4.6554,15567.955,0.57,4.5944,156320.456,5.67,,,,4.6872,150141.111,3.31,4.7071,89974.09,43.15,4.7217,11545.214,0.42,4.7537,1418970.746,92.34,4.7452,1902241.693,64.33,4.8012,1808411.325,39.89,,,,0.9248,99511.969,46.67,4.8585,1230831.024,30.17,4.9027,1730129.024,38.17,4.9232,754131.643,10.39,4.9662,80371.799,1.87,5.065,38186.865,1.29,4.9434,21918.545,24.84,5.0097,646645.586,38.51,,,,4.9192,11679.442,0.66,,,
343_2021_W_4n,,,,,,P1-D4,,1,,1.265,25264.504,,6.37,,5.1333,35508.12,32.84,5.0561,29857.912,0.86,,,,5.1471,205899.611,10.49,5.1687,15937.23,0.73,,,,,,,5.1225,57094.334,2.1,5.1886,49434.924,7.59,1.2937,496639.175,55.06,5.1434,45260.589,6.18,5.1934,41194.539,36.99,,,,5.1382,185653.76,9.61,5.341,14081.348,1.76,5.3238,97939.628,3.3,,,,,,,,,,1.6492,56350.182,3.07,5.3964,662597.769,27.69,5.4272,253282.533,4.03,5.4353,209318.104,4.77,5.4348,204067.629,24.17,,,,,,,5.5069,608099.202,15.22,5.5078,601996.757,19.48,,,,,,,1.6532,43013.332,46.36,5.5744,905958.872,88.87,5.7016,19547.324,20.71,,,,5.668,31860.79,4.56,,,,5.6553,1449443.007,18.53,5.7286,13241.255,1.65,5.6904,142853.601,8.63,5.6759,58674.124,3.24,,,,,,,5.7875,23120.643,1.16,,,,5.7637,282391.832,61.82,,,,5.8046,118640.212,3.42,,,,5.8241,118152.442,85.07,,,,,,,,,,6.018,10341.436,0.72,6.0167,130948.199,8.25,,,,6.0359,79993.301,8.38,6.0645,76221.961,10.9,6.0838,322969.958,17.61,6.1136,140268.979,6.28,6.0912,64626.863,7.63,,,,6.0003,47306.018,6.76,,,,6.1879,46908.327,1.17,,,,6.1941,241046.787,6.96,6.1812,54851.796,23.71,6.2389,139976.173,7.73,6.2469,48286.159,3.35,,,,6.2924,325318.628,11.98,6.3331,151519.849,65.51,6.2678,10931.6,1.4,1.9923,108942.735,88.85,6.3208,35393.811,5.06,6.4023,1417192.086,57.18,,,,,,,,,,,,,,,,,,,6.5189,10350.972,0.13,6.7441,10340.358,2.99,2.1519,140049.749,22.2,6.725,10877.157,0.56,,,,6.627,1649039.042,60.72,,,,6.6755,12047.588,0.5,,,,,,,6.7007,427606.929,18.52,,,,,,,2.1888,115008.702,29.33,6.7545,266971.761,9.01,6.8318,14071.432,4.28,,,,6.8712,37449.168,16.08,6.8562,352214.729,11.89,6.877,99591.734,22.32,6.9148,84187.526,30.15,,,,,,,6.9649,12293.912,0.45,,,,6.8585,14694.645,0.88,6.9758,183721.328,61.8,,,,,,,7.0226,10876.804,2.3,,,,7.0666,85520.989,3.7,,,,7.0734,194966.402,66.04,,,,2.3972,37750.199,21.12,7.1176,68718.04,3.5,7.1331,11828.966,0.59,7.1372,122419.599,43.84,7.1334,15056.448,2.15,7.1587,23399.862,0.3,,,,7.2354,19402.727,2.42,7.3387,21481.649,7.71,,,,7.3432,437928.74,5.66,,,,,,,7.5745,40832.284,2.11,7.2902,177381.973,11.17,7.2426,10647.174,1.52,,,,7.4205,792215.979,49.9,7.4373,44652.881,5.57,7.5371,41632.667,40.35,,,,,,,2.5539,225360.659,35.88,,,,,,,7.5345,161152.008,39.77,7.5862,27856.138,1.44,,,,7.5588,53822.901,33.07,,,,,,,,,,,,,2.8267,235464.78,65.64,7.72,93021.769,14.61,7.6596,11710.12,1.46,7.7402,510150.556,6.6,,,,7.7981,3717433.116,98.58,,,,7.9253,52574.55,1.52,7.9749,62945.008,68.64,7.9769,22660.442,1.17,8.1653,45849.146,26.02,,,,8.033,69723.792,1.75,8.0446,17632.909,0.27,8.1028,10980.615,1.37,8.0338,1756028.425,22.45,8.0474,29863.997,1.49,7.8964,26115.557,5.65,8.062,86591.035,46.73,,,,8.1102,13458.094,2.91,8.1434,25615.122,1.33,2.8729,17559.338,44.61,8.3316,11668.97,1.49,8.2561,28045.041,1.4,8.1421,11496.709,0.29,,,,8.245,200688.363,5.02,8.2457,19608.258,5.73,8.3179,12464.203,1.55,8.2462,10948.792,3.17,8.3031,10396.172,50,,,,8.4718,34306.378,29.8,8.369,2073030.05,26.8,,,,8.3893,79696.354,31.56,8.4099,140318.784,1.58,8.4642,2417849.269,31.26,8.4653,447985.77,20.06,,,,8.5066,425678.196,12.28,8.5727,868874.69,95.42,2.9769,175751.795,83.85,8.6162,238525.384,12.78,8.5043,242516.291,65.12,8.7003,8692656.592,97.88,,,,8.7969,157447.079,10.16,8.8052,65799.168,0.85,8.7983,32981.677,0.5,8.8121,1389325.215,56.6,8.8643,399342.016,19.38,8.3131,13013.902,0.67,8.8774,292827.542,45.99,2.9659,11726.653,2.89,8.9087,101323.022,2.54,8.8825,138907.647,4.01,,,,,,,8.952,47446.604,6.47,,,,9.025,67515.396,9.21,9.0467,32219.032,10.67,9.1416,13453.401,0.87,9.1154,156589.861,7.01,3.1187,105101.51,41.21,9.1244,128735.335,1.66,,,,9.1938,27985.366,3.58,9.2044,47971.947,15.21,,,,,,,9.2199,170917.202,68.88,9.2675,13422.549,24.37,,,,,,,3.1599,165769.935,74.52,9.1702,14565.892,0.36,,,,9.3481,33362.399,4.36,9.363,24988.934,0.32,9.5169,16163.224,0.4,,,,9.4345,43018.195,17.04,9.4484,279726.521,15.61,9.4798,60732.951,3.92,,,,,,,,,,3.2994,328210.062,38.76,3.2844,800963.506,77.55,3.3706,728718.697,77.63,3.3836,39479.923,24.17,3.4697,68692.963,2.98,3.4912,67573.564,3.69,3.5243,99850.039,32.84,,,,3.6235,74350.771,3.76,3.7124,412413.707,32.88,,,,,,,,,,,,,3.9376,26764.965,66.48,,,,3.9969,112875.016,11.82,,,,,,,4.0513,446863.616,51.49,4.0944,65773.683,6.5,,,,4.1632,282706.558,17.07,,,,,,,,,,4.1955,126968.095,23.52,4.2357,993247.628,80.01,4.3241,129386.569,13.55,4.3258,194421.913,9.84,4.3759,24966.796,1.01,,,,,,,,,,,,,4.4297,65244.556,29.06,,,,,,,,,,4.5696,361326.998,12.19,,,,4.5799,18670.958,5.96,4.5804,451256.148,19.54,,,,4.7011,22717.634,12.89,0.9055,35931.337,12.96,,,,,,,,,,4.6923,316491.44,5.03,4.7129,115361.444,50.47,,,,,,,,,,4.7913,2829668.818,44.98,,,,0.9235,171357.548,43.23,4.85,33810.99,30.55,4.899,2368465.445,37.65,,,,,,,,,,,,,4.9976,71822.225,7.52,,,,5.0139,1054666.102,13.48,,,
169_2021_T_4n,,,,,,P1-A5,,1,,1.2472,136456.506,,24.82,,,,,5.0617,37221.332,0.32,4.9844,31127.526,0.89,,,,5.1279,166901.796,14.98,5.1733,11611.989,0.64,5.1803,74374.29,14.34,5.0695,12448.567,0.22,5.1747,66453.325,5.26,1.2787,724171,28.35,,,,,,,5.1748,134724.446,10.71,5.3632,28352.966,0.61,5.3281,153579.969,0.46,5.3315,173121.325,2.41,,,,5.3072,11696.481,0.34,5.3674,31660.104,6.64,1.6624,106008.327,3.56,,,,5.4425,399029.849,5.51,5.4421,966342.556,28.42,5.4438,914142.055,31.42,5.4551,51154.034,2.4,5.5046,161903.389,36.17,5.5015,46913.547,0.79,,,,,,,,,,1.6527,78679.854,25.38,5.5854,968021.728,70.85,5.4675,14553.067,3.05,5.6075,796871.968,34.08,,,,,,,5.5061,64856.243,1.41,5.6556,10644.352,0.03,5.6926,384439.974,12.42,5.6947,54574.293,2.05,,,,,,,5.7161,149793.83,5.74,5.6504,821753.761,38.58,,,,5.8,43418.38,1.25,5.8126,98144.89,0.83,5.8031,32116.002,1.64,5.8294,192278.922,70.32,6.0179,158036.907,4.54,5.9468,13495.567,0.82,,,,6.0081,30826.736,1.4,6.0231,325656.1,19.13,,,,6.0454,250074.558,6.99,6.0947,126649.821,6.46,6.0893,609086.333,20.46,5.9259,14735.652,2.91,6.1102,64341.814,4.21,6.1327,340142.821,18.51,6.0358,12478.46,0.64,1.9945,61430.691,3.37,6.1647,46582.017,0.78,,,,6.1959,216306.044,1.84,,,,6.2632,44431.566,1.67,6.2315,81994.323,3.73,6.3576,37422.568,63.49,6.2985,456759.37,7.89,6.3475,414650.652,81.1,6.3512,45070.445,1.07,2.0068,172433.978,12.8,6.3332,42437.136,2.16,6.4028,3358538.57,63.57,6.5812,57516.192,12.06,,,,6.5167,10057.181,1.61,6.597,13413.066,1.07,6.5506,35204.744,1.01,6.5798,698773.965,27.33,6.6072,2839007.809,61.63,6.6036,1796763.012,73.86,2.1761,679497.132,70.14,6.5579,33682.103,0.72,6.6341,314075.973,14.75,6.6362,2919164.47,50.45,,,,6.8504,10631.782,2,6.8145,23862.25,4.17,6.7357,55926.92,1.61,6.7137,469897.688,12.23,6.8058,146079.804,21.4,6.7669,30436.651,2.42,2.1609,646336.526,60.21,6.7397,213479.518,2.97,6.8484,11223.606,0.48,6.8227,15629.605,0.73,,,,6.8708,1489018.267,20.73,6.8943,10607.929,2.78,6.9099,136384.598,23.41,,,,6.9412,27617.553,39.27,6.9464,136173.744,2.35,,,,7.0203,12392.841,0.99,6.9893,299069.19,17.6,6.9908,75695.738,55.44,7.0106,15693.097,8.36,7.0836,24947.95,2.93,,,,7.0722,103297.98,2.69,,,,7.0921,373061.462,78.74,,,,2.4037,225197.974,42.52,,,,7.1587,13578.421,0.52,7.1461,404534.057,69.44,,,,7.1576,257435.87,5.59,7.2386,27991.762,6.25,,,,7.1986,161599.534,58.91,,,,7.5159,14973.474,0.56,,,,7.368,34852.816,5.17,7.4304,586110.444,12.57,7.3836,99243.292,5.83,7.3336,29917.894,1.53,7.5367,56069.063,3.39,7.4859,126464.58,7.43,7.4301,29838032.88,88.97,7.5421,11281.388,4.11,7.4919,49991.288,11.83,7.4894,40686.883,1.67,2.5656,571235.78,76.39,7.4408,1437417.51,90.15,7.5367,28398.534,48.93,7.5457,246683.714,18.05,7.5807,20367.494,0.44,,,,7.5836,108402.84,21.57,,,,7.649,13353.879,2.39,7.6985,30246.069,52.83,7.7239,17338.203,0.71,2.8095,22144.833,8.09,7.7374,149227.852,8.88,7.6664,73453.881,0.22,7.7351,73763.695,2.76,7.7665,13382.248,19.03,7.8174,4466650.504,84.55,,,,7.9323,157677.646,1.34,7.9945,261060.125,80.41,8.007,72447.946,1.55,8.0989,10131.527,0.56,2.8357,89269.078,1.94,8.0631,91281.299,1.53,8.0327,113666.99,12.31,8.0511,155480.75,0.46,7.9972,15293.216,0.33,8.0689,475700.282,18.24,8.0626,10939.413,1.51,8.078,175334.024,40.04,8.1033,18659.303,0.54,8.0832,15700.847,2.17,8.1115,221923.432,4.76,2.8815,97254.353,46.96,8.114,30196.284,0.72,8.2778,251100.036,9.63,8.1559,25698.996,0.43,,,,8.2728,71789.232,1.21,8.258,11482.438,1.64,8.2935,288449.007,0.86,,,,8.3348,18498.464,2.74,3.0256,132833.103,7.28,8.1504,12262.542,0.77,8.3308,14615.983,0.55,,,,8.3931,111333.643,19.19,8.4251,168657.104,1.33,8.4861,371983.209,13.9,,,,8.3851,11504.162,1.71,8.4909,7396275.1,62.82,8.5943,908045.494,71.82,2.9965,273882.029,64.95,8.6334,628986.057,23.78,8.4969,2154544.086,56.89,8.7225,12308506.85,97.03,8.7686,31937.202,7.52,8.7694,1032049.99,55.68,8.7649,646567.836,24.17,8.8754,45628.831,4.94,8.825,273085.514,31.2,9.0966,34429.469,6.78,8.2776,14796.604,0.32,8.8936,1024808.062,60.99,2.9871,83728.568,6.13,8.921,71010.244,1.19,8.8939,132663.582,1.13,9.0192,69474.493,15.87,8.9322,195155.477,5.61,8.9693,641555.51,33.81,,,,9.0412,646969.204,34.1,,,,9.1105,32282.711,1.74,,,,3.1307,492815.321,63.37,9.2539,30194.834,1.13,,,,9.2102,1767753.737,41.88,,,,9.2159,3484575.874,93.98,9.2094,1901449.567,98.06,9.2356,255519.255,53.35,9.2754,4157333.695,91.83,9.2829,7863386.205,98.37,9.274,449122.338,9.75,3.1713,360033.096,85.62,9.2765,2317467.603,38.97,9.0014,33669.929,1.38,9.3644,26450.903,2.16,9.4266,40993.195,0.89,9.4169,86670.922,1.46,9.4266,69474.408,2.86,,,,9.679,518480.165,29.29,9.4952,231745.346,12.5,,,,3.1988,220878.201,6.35,,,,3.3097,639177.775,41.79,3.3022,983872.984,85.73,3.3967,1170464.474,71.76,3.3804,107923.835,10.79,3.48,203853.148,5.31,3.4997,67311.845,2.26,3.5297,186068.291,19.79,,,,3.6297,81159.229,2.25,3.7152,3135443.656,93.13,,,,,,,3.9402,126140.203,37.8,3.9473,62489.249,39.77,3.9746,206606.309,16.43,3.9987,304579.033,8.51,,,,4.0534,599169.699,17.22,4.0611,49668.676,9.8,4.1025,15267.381,2.78,4.1186,25533.134,4.2,4.1962,84140.22,2.72,4.2005,353561.688,1.05,4.2009,359071.78,28.55,,,,4.2065,20239.175,3.53,4.2393,1062684.847,72.79,4.3327,402806.247,11.26,4.3328,252358.789,7.01,4.3668,14045.575,0.27,4.4124,684830.576,67.48,4.4056,1338644.342,38.48,4.499,11898.848,0.72,4.4486,45203.001,2.48,4.4583,113685.599,20.39,4.4987,213014.073,13.91,4.6069,45064.953,0.13,,,,4.5843,70397.843,0.98,,,,,,,4.5871,66251.577,1.72,4.64,649038.353,33.11,4.6079,473098.351,25.94,0.9075,112607.692,16.06,4.6374,517184.333,14.87,4.6134,95664.169,5.78,4.6587,20986.961,1.11,4.698,390906.5,5.39,4.7181,68565.741,12.69,4.7431,22936.114,1.39,,,,4.7667,197244.442,41.35,4.8054,3006433.386,41.48,,,,0.9256,45065.973,8.2,4.952,41203.726,1.93,4.9096,2592715.752,35.77,4.9852,40411.107,0.87,4.9856,439582.358,24.1,,,,5.0221,16029.515,4.96,5.0167,1578251.744,44.1,5.0265,32771.152,2.61,5.1254,34257.001,0.74,,,,,,
181_2021_T_2n,,,,,,P1-A1,,1,,1.2539,123289.806,,23.33,,,,,5.0597,17476.28,0.24,,,,,,,5.1357,73720.87,10.6,5.1959,14110.844,3.13,5.1779,17512.17,8.8,5.2189,30355.685,2.26,5.1947,54500.414,6.18,1.2961,455929.776,27.77,,,,5.2079,172791.914,75.51,5.1733,99456.159,25.41,5.3681,13901.122,1.05,5.2945,15935.771,0.25,5.3328,1949492.55,32.62,5.4519,11363.291,2.15,,,,,,,1.6562,69289.449,5.3,,,,5.4447,247363.197,4.59,5.4535,198888.72,13.13,5.4542,136699.982,18.54,5.4706,7452421.836,89.59,,,,,,,,,,,,,5.5439,34713.734,7.7,1.6671,70503.851,13.72,5.5905,765906.718,90.68,5.609,12222.462,11.37,5.6129,46604.352,1.01,,,,5.7902,53339.258,13.63,5.5811,18653.92,1.63,5.678,141244.225,2.18,5.6974,223221.756,14.88,5.7291,51144.137,2.55,,,,,,,5.7409,285409.107,18.76,5.7407,29547.806,0.36,5.7475,10240.665,25.5,,,,5.8143,137875.086,1.86,,,,5.8308,34672.888,33.28,,,,,,,,,,6.0022,144478.812,8.24,6.026,247911.433,32.18,6.0801,12013.158,3.07,6.0552,143038.69,13.63,,,,6.0911,167691.673,12.84,6.065,12956.649,9.81,6.0981,11294.894,2.91,6.1368,718431.191,87.31,6.2143,20999.383,5.35,,,,,,,,,,6.1998,151588.069,2.05,6.1984,419015.731,72.66,6.2578,394598.571,19.67,6.2675,265135.89,15.12,6.1959,11280.592,11.54,6.3025,475327.043,35.33,6.3539,21401.895,3.71,6.3938,40522.713,4.31,2.024,187164.441,43.27,6.3267,17195.665,4.38,6.4084,1416203.368,57.87,6.4644,11334.588,10.54,,,,,,,,,,,,,6.5774,333427.186,58.32,6.653,107966.752,9.45,,,,2.1772,639265.677,65.37,6.6976,21829.497,1.64,6.6324,130719.569,1.57,6.6324,402860.616,29.95,6.6509,349026.469,50.16,,,,6.8887,11152.382,5.07,6.7624,12920.989,1.88,6.7703,764084.455,31.12,,,,6.9713,54785.488,14,2.184,903466.109,91.75,6.7672,1423311.036,23.82,,,,,,,6.8895,254900.787,47.35,,,,6.8769,209306.418,35.67,6.9376,464528.178,66.59,,,,6.9483,12654.984,10.03,6.9467,23685.657,1.76,,,,6.8804,68313.444,13.04,6.9942,121720.334,89.02,,,,7.023,26971.702,7.28,7.0454,18085.91,3.68,,,,7.0855,170985.161,6.96,,,,7.0988,151080.618,75.55,,,,2.4136,39432.455,36.67,,,,7.1387,94199.627,6.19,7.1489,33427.16,4.79,,,,7.1524,353323.627,30.94,7.2397,13679.985,24.18,,,,,,,,,,7.2828,14944.411,1.05,,,,7.5418,13738.566,29.28,7.4466,106643.63,8.03,7.3747,11253.443,1.46,,,,7.5035,10165.018,1.19,7.4137,109449.419,14.21,7.4446,5415659.296,83.56,,,,7.4942,17168.255,10,7.4888,35816.039,18.73,2.569,352778.064,92.27,7.5649,12121.989,10.38,,,,7.5567,102267.356,9.05,7.5473,12444.422,0.94,,,,7.5871,123053.739,34.13,7.618,14081.68,37.98,7.6489,11659981.19,96.24,,,,,,,2.8338,110469.743,30.43,7.7423,129150.149,20.42,7.7719,14199.392,0.22,7.7409,50621.568,3.57,7.7516,10103.853,8,7.818,2604238.704,94.92,,,,7.933,46483.105,0.63,7.9987,102732.235,100,,,,8.1789,98583.473,21.86,2.8508,26437.212,2.31,7.8364,12590.81,0.73,8.0337,19385.347,4.85,,,,8.2769,19655.217,1.72,7.8694,64922.551,4.27,8.0564,193786.918,44.08,8.0731,70799.186,24.1,,,,7.9217,84580.986,19.24,8.1484,21751.461,1.64,2.861,16921.485,25.93,,,,8.1515,178768.688,11.75,8.1483,55090.402,3.18,,,,,,,8.2666,34061.768,20.49,8.293,40299.202,0.62,,,,,,,,,,,,,8.3318,13641.06,0.96,,,,8.4004,139686.582,25.54,8.4262,390020.505,4.71,8.5094,781102.338,55.04,8.6682,12941.77,9.8,,,,8.5237,3690699.671,49.8,8.6099,811401.965,80.94,3.003,85435.29,47.24,8.6374,176085.571,13.43,8.7969,17052.497,0.6,8.721,7866555.492,94.98,,,,8.7726,47990.006,9.51,8.7787,21095.205,1.49,8.8289,61599.504,15.41,8.828,262047.646,30.72,9.0943,15822.03,7.54,8.2686,18247.441,1.37,8.8981,276691.769,43.75,2.9762,419776.73,37.13,8.921,77833.043,4.49,8.8458,20844.36,0.28,,,,9.0378,21972.438,3.19,8.9705,227943.93,32.65,,,,9.045,195216.558,27.97,,,,,,,,,,3.133,281388.161,61.49,9.051,82230.388,5.79,,,,9.2139,445010.044,47.35,,,,9.2188,421027.831,96.62,9.2181,521054.476,89.79,9.2346,552872.609,64.58,9.2857,2822651.135,100,9.2868,3398623.909,99.3,9.2811,245699.785,21.51,3.1652,473740.861,82.32,9.2818,1377909.716,79.53,9.0093,17743.748,9.28,9.3675,28711.391,4.96,,,,9.5669,11856.806,0.68,,,,9.4509,217622.197,39.79,9.6824,165820.648,21.51,9.5067,31026.528,6.15,,,,,,,,,,3.3069,184251.786,47.42,3.3118,504612.698,71.44,3.3947,506386.159,92.71,,,,3.4874,59221.812,2.41,3.502,95260.561,7.29,3.5383,232283.256,68.58,,,,3.6263,78916.563,3.48,3.7119,2021473.423,91.44,3.8503,39718.998,1.75,3.8988,136024.774,15.89,,,,3.9449,126062.53,70.46,,,,4.0731,92567.1,8.82,4.1284,30654.098,2.66,4.0567,504354.37,73.33,4.0723,448807.582,59.09,4.1023,90543.782,20.44,,,,4.1792,145427.945,9.69,4.2054,80949.419,1.25,4.2048,85376.533,21.81,4.1864,12186.231,0.92,4.1488,33569.372,14.08,4.2509,599783.136,75.05,4.3375,95465.629,9.1,4.3384,104529.003,4.61,4.3881,87209.214,3.56,,,,,,,,,,,,,4.447,88632.425,0.73,4.4656,448759.357,38.92,4.6198,23411.304,0.36,,,,4.5834,370072.803,6.19,4.4858,11035.233,10.26,,,,4.603,273727.087,11.15,,,,4.6172,180712.443,40.07,0.8996,187452.438,56.29,4.5957,33176.846,4.82,4.621,41255.113,4.82,,,,4.7025,261700.096,4.85,4.7224,96679.979,30.12,4.86,17229.172,2.01,,,,4.7652,28980.854,26.95,4.8062,2417113.803,44.8,,,,0.9253,64416.47,12.19,4.9549,34078.597,0.41,4.9191,1985583.268,36.8,4.8304,63173.228,4.76,5.0741,13972.235,3.1,,,,5.0349,86622.811,43.23,5.0209,143248.191,13.65,5.0204,104497.826,19.94,,,,5.1587,26388.969,2.51,,,
190_2021_T_4n,,,,,,P1-A8,,1,,,,,,,,,,5.0567,21098.089,0.44,,,,,,,5.1719,30258.747,4.5,5.3166,14694.17,0.56,,,,5.2186,19758.425,0.47,5.1757,21392.124,3.54,1.3001,370153.669,20.89,5.2068,137538.767,10.73,,,,,,,,,,,,,5.3321,998435.476,21.22,,,,,,,,,,1.6494,38353.304,1.49,,,,5.4426,294838.67,4.78,5.4474,425934.965,20.32,5.4488,452659.464,30.74,,,,,,,5.5512,19071.25,0.23,,,,,,,5.5273,21053.563,0.8,1.6456,16394.883,3.04,5.5887,1278441.832,86.61,,,,,,,5.5803,10863.136,0.11,5.7433,11587.889,4.56,5.8287,10727.317,0.36,5.5594,22202.35,2.51,5.6925,378058.378,17.16,5.6877,13324.425,0.65,,,,,,,5.7334,183063.756,10.49,,,,,,,5.6739,44653.905,0.24,5.8191,111737.03,2.33,5.7098,51095.18,0.52,5.84,89456.54,67.27,6.0199,6525125.271,35.05,5.9532,892197.726,67.47,,,,5.9893,19007.417,1.43,6.0403,113635.247,6.48,6.1321,40492.653,15.93,6.0625,83398.647,5.46,6.0215,2500348.016,25.21,6.093,404359.569,15.74,,,,6.107,89777.086,7.99,6.0212,33618.356,8.08,6.172,203600.108,2.05,,,,6.1725,697533.871,8.57,6.1622,13992.441,4.09,6.2012,160137.939,3.34,6.2039,506275.309,46.74,6.2618,366443.097,17.99,6.2565,245513.005,18.5,6.3504,45627.058,30.73,6.3051,641304.949,15.2,6.3495,468171.847,43.22,,,,,,,6.3356,48088.595,0.48,6.4091,1639559.466,56.95,6.5856,21153.833,5.03,6.6693,22608.406,7.69,6.3308,19321.69,4.26,,,,6.5565,446058.187,2.4,6.5887,16971.048,35.76,6.6182,19837.7,0.67,6.5731,43464.068,0.55,2.1773,392952.898,35.88,6.5908,125433.488,1.24,,,,6.6355,2161497.516,51.24,,,,,,,6.5718,12370.183,8.07,6.7313,2391175.234,12.84,6.7701,307482.455,13.63,6.7396,16035.758,2.33,,,,2.1976,419785.53,38.76,6.7777,452282.379,9.61,6.8486,40107.974,0.52,,,,6.8777,115035.941,27.82,6.8646,328028.562,6.97,6.8746,180215.98,37.24,6.9369,733272.875,51.19,6.9292,269055.394,1.45,,,,6.9432,24557.592,0.58,,,,6.8749,46780.818,8.84,6.9929,30968.947,0.76,6.9875,64277.178,31.76,7.0204,224650.718,43.35,7.0857,251869.17,22.03,,,,7.0745,67935.546,3.01,7.1269,58734.864,0.32,7.0929,87015.528,9.03,,,,2.4198,36788.557,10.84,7.0208,11725.904,3.41,7.1419,64501.132,3.7,7.1549,416364.088,29.07,7.145,14946.337,0.15,7.1567,173080.261,5.82,7.2463,111390.658,37.91,7.2041,11396.154,1.29,7.1938,136330.374,49.99,,,,7.4111,24021.747,0.09,,,,7.4345,18005.744,1.3,7.3977,18338.268,0.18,7.3678,67578.599,3.85,7.2863,30890.895,0.31,7.442,31551.429,2.39,7.4314,714202.744,40.71,7.4511,57853.241,6.54,7.4889,950001.09,78.34,,,,7.482,55054.061,0.69,2.5741,102579.629,23.94,7.6275,38238.559,4.26,7.542,153897.548,65.95,7.554,107566.201,16.1,7.593,286243.464,2.83,7.5974,13283.76,0.17,7.5781,43582.532,29.3,7.5968,569007.921,91.97,7.6537,10402.068,1.84,7.6944,78964.276,47.38,7.7227,12066.162,0.15,2.8399,22000.84,4.08,7.7378,175775.521,12.65,7.7462,27828.584,3.15,7.885,21186.782,0.08,,,,7.8196,4918702.248,96.56,7.9016,423730.851,2.28,7.9404,130137.7,2.72,7.9976,12189.136,13.39,7.9776,353092.448,3.49,7.988,705677.16,26.73,2.8662,21426.514,0.72,7.9795,423341.69,5.2,7.9832,23314.284,6.82,7.9797,10532.653,1.19,8.0655,12817.851,0.43,8.0813,28613.831,1.64,8.0573,52538.81,18.5,8.1127,268286.354,3.4,8.1071,1021358.782,5.49,7.9118,62507.862,22.01,8.0844,224380.081,2.22,2.8807,96331.208,36.37,8.0642,13703.28,0.67,8.146,37191.053,2.13,8.1434,229202.095,2.82,8.2548,13860.804,1.27,8.3026,66233,0.81,8.2636,107881.125,3.33,8.2564,10914.68,1.23,8.2957,233020.229,2.94,8.3684,71646.721,5.18,,,,8.3633,251867.19,28.09,8.3302,14631.486,0.05,8.3852,32768.268,100,8.3996,240988.718,29.4,8.4273,969990.321,20.27,8.5055,326523.211,1.16,8.7017,248644.667,21.69,8.5114,446591.619,32.32,8.5035,2772338.858,57.86,8.5929,569529.106,76.71,2.9961,48494.793,22.23,8.6341,355815.641,17.19,8.509,1148092.972,87.69,8.7162,3787939.047,79.17,8.7258,9705974.369,41.97,8.7758,4649065.818,26.53,8.7593,7834019.964,27.89,8.833,90071.04,26.35,8.8268,93376.182,25.4,8.7664,73078.069,10.65,8.2567,16322.682,0.16,8.8936,412444.606,29.68,2.9848,90084.041,13.49,8.8858,967405.815,11.88,8.8769,39819.056,0.83,8.9345,4713070.639,59.75,8.9316,5336121.008,28.66,8.9682,253127.712,19.75,,,,9.0549,175691.273,13.71,9.0115,13173.146,2.12,9.096,64376.492,0.37,9.1619,12817.321,1.12,3.1319,169479.245,50.2,9.1867,105841.395,0.38,9.1255,10237.497,18.41,9.1989,26906.535,1.31,,,,,,,,,,9.2405,210410.386,56.72,9.2582,66820.367,29.37,,,,9.2835,293149.414,9.85,3.1739,164798.878,77.7,9.29,1468081.393,18.04,9.2853,1888382.789,23.79,9.3645,32225.963,2.19,9.426,1023188.559,34.38,9.4287,1806391.776,22.19,9.4262,2713744.325,34.18,9.4518,107727.321,13.14,9.3846,11094.973,0.58,9.4471,47358.432,0.27,,,,,,,3.2179,118701.161,8.06,3.3105,495247.727,44.06,3.3024,807060.689,74.93,3.3918,353389.876,53.66,3.3802,43071.4,13.05,3.4713,177140.261,7.85,3.4954,603166.925,23.48,3.5433,51613.507,10.27,3.5637,195403.524,65.21,3.6571,21281.601,0.9,3.7136,1966734.204,94.51,3.8514,32837.757,1.39,,,,3.9597,36387.554,24.69,3.9378,60226.084,37.06,,,,4.0034,90377.517,5.92,,,,4.0468,14803.598,0.08,4.0695,16705.534,2.39,4.0895,215181.74,46.52,4.1192,1937573.343,86.95,4.167,320775.266,14.56,,,,,,,,,,4.1431,64281.664,20.78,4.2496,1612888.291,83.33,4.3312,218390.735,14.31,4.3391,182932.985,7.77,4.3969,26291.984,0.91,,,,4.4102,15146.152,0.08,,,,,,,4.4393,61114.645,10.78,,,,4.5111,10114.364,1.14,,,,4.5891,77681.814,1.65,,,,,,,4.5904,212254.202,9.41,,,,4.6586,10734.008,0.41,0.923,33560.938,7.49,4.6906,13141.566,0.07,,,,4.6908,52222.327,4.07,4.7011,331981.315,5.38,4.728,80134.829,23.96,,,,,,,,,,4.8052,2762301.105,44.78,,,,0.9154,41677.62,14.95,,,,4.9116,2273461.57,36.86,,,,4.8937,80063.906,3.03,,,,5.039,40108.048,31.11,5.0207,622385.854,40.78,5.0213,48972.999,9.26,5.1229,13999.917,0.47,,,,,,
192_2021_T_2n,,,,,,P1-A9,,1,,1.266,39930.99,,13.99,,,,,5.0837,36717.293,0.3,,,,,,,5.1441,71030.368,5.51,5.2854,22549.978,5.38,5.1835,71479.696,26.77,5.2084,48377.902,1.15,5.1826,166241.05,12.49,1.2843,209240.986,8.64,,,,5.1995,124301.332,33.38,5.1768,17031.029,2.38,,,,5.2673,13272.446,0.24,5.3251,2989166.905,27.2,5.4367,16393.354,3.14,,,,5.4283,19660.099,4.49,1.6566,51411.44,2.19,,,,5.4472,523987.662,7.47,5.4415,101190.676,3.61,5.444,85200.166,6.23,5.4601,10286643.04,90.58,,,,,,,,,,5.5038,19162.001,14.69,5.546,13539.186,3.23,1.6549,56406.347,10.92,5.5888,1021867.965,84.09,,,,5.6138,12639.293,0.21,,,,5.7896,11930.973,1.67,5.5927,11848.295,0.55,5.6748,93292.075,1.71,5.6909,193651.788,9.55,5.7909,123818.928,4.03,,,,,,,5.7971,175365.967,7.32,5.7349,68285.5,0.6,,,,,,,5.8099,151862.898,1.23,,,,5.8371,112056.12,56.05,6.0232,10851.347,2.39,5.9519,13784.502,1.48,,,,5.9898,329112.983,12.03,6.0254,313710.385,9.62,6.0505,12109.796,1.69,6.0449,221204.331,9.83,,,,6.0832,460193.449,19.58,6.0654,14684.83,3.63,6.1173,64798.467,9.5,6.1349,164409.835,42.32,6.2202,131372.914,12.42,,,,6.1718,26707.485,1.87,,,,6.2,321669.749,2.61,6.2009,371564.016,69.51,6.249,56874.176,1.85,6.2554,24899.044,0.91,6.1896,29650.367,13.2,6.2986,2271854.16,53.86,6.3444,20569.276,3.85,6.379,64713.803,2.5,2.0147,112623.734,36.35,6.3189,61778.213,5.84,6.4044,1966240.285,45.03,6.473,13219.028,3.02,,,,6.5317,16844.218,2.41,,,,6.5647,19436.836,4.28,6.576,216642.706,71.91,6.6393,215616.251,10.02,,,,2.1787,498657.358,38.02,6.7018,119899.323,5.62,6.6272,56263.852,0.5,6.6294,721128.034,17.1,6.654,314056.514,51.38,6.6887,13011.792,2.46,6.6928,12284.264,2.89,,,,6.7615,1010523.8,25.28,,,,6.764,22762.291,3.18,2.1965,262967.193,22.29,6.7601,2256424.373,20.54,6.878,45542.833,10.19,6.8463,44810.779,0.39,6.8706,277746.895,54.06,6.9336,90766.733,0.83,6.8654,95234.4,17.02,6.9339,383570.404,72.51,,,,6.954,39193.687,20.7,6.9358,15393.781,0.36,,,,6.8801,157453.76,9.43,6.9948,135847.9,63.99,,,,,,,7.0465,15851.161,3.52,,,,7.101,15049.786,0.38,,,,7.0936,72945.439,69.19,6.9768,12842.922,3.95,2.4079,22809.677,10.94,,,,7.1389,191384.728,7.98,7.1353,12229.728,2.31,,,,7.154,717563.383,33.36,,,,,,,,,,7.1752,12665.388,1.77,7.3466,14822.339,0.24,,,,7.3761,100939.999,31.02,7.377,145462.576,6.82,7.3114,294897.408,9.05,7.4904,48363.577,4.57,7.2957,25336.602,2.72,7.4245,1564949.669,48,7.4508,3815849.56,69.98,7.5791,11559.988,3.95,7.4884,56508.911,16.24,7.4934,42116.326,9.12,2.5673,367140.892,58.91,7.4503,30651.608,23.5,,,,7.5532,244269.586,18.23,7.7258,13018.945,0.61,7.5621,10071.669,2.18,7.5888,113876.002,28.48,7.6093,11428.024,10.3,7.6579,14788511.95,95.09,,,,7.7502,13912.994,3.01,2.8294,113416.601,30.57,7.7439,118179.952,13.46,7.7547,33160.965,0.61,7.7524,41894.611,0.69,7.7561,41888.553,22.12,7.8203,4539874.976,97.65,,,,7.936,55713.221,0.45,8.0015,16915.916,40.23,7.9962,43218.726,2.03,8.0929,14175.558,3.38,2.8493,42040.789,1.95,7.8833,17204.661,1.21,,,,,,,7.9394,30785.079,1.43,7.974,15491.186,0.65,8.0599,376350.548,50.36,8.0789,139715.589,55.23,,,,7.9191,102490.479,13.71,8.1258,12277.371,0.58,2.8797,22865.746,27.86,8.3323,22427.35,0.87,8.1586,30073.887,1.25,8.1639,17171.803,1.2,,,,8.2023,16877.118,1.18,8.2665,95571.207,6.33,8.2787,13080.843,0.24,,,,8.3359,41949.4,12.89,,,,,,,8.348,18271.523,0.3,,,,8.3989,151452.65,28.23,8.4325,445121.29,3.91,8.5255,984723.08,16.27,8.659,35294.732,8.72,8.3446,46973.4,14.43,8.5045,7355838.428,59.58,8.6019,1000025.929,91.03,2.9886,202184.667,85.1,8.6393,321797.023,14.02,8.7526,17717.231,0.31,8.7183,10927301.67,95.89,8.5163,10509.457,8.85,8.7716,187692.749,1.76,8.7819,102992.445,1.7,8.8322,16610.203,3.15,8.8264,498230.448,21.86,9.097,15934.439,1.77,8.2697,22297.644,1.05,8.8965,557623.987,63.53,2.9737,197949.32,14.77,8.9249,27340.363,1.92,8.8983,33276.12,0.27,8.7989,13589.04,5.37,9.064,48361.717,10.65,8.9762,290367.427,26.41,8.9798,17358.692,6.4,9.0449,285851.081,26,,,,9.1086,67001.705,0.63,9.1574,10053.151,2.48,3.1378,128785.038,38.99,9.1597,26413.169,0.44,,,,9.2107,1944363.754,75.22,9.1175,12442.465,0.78,9.221,2730990.06,98.66,9.2114,1519203.451,95.26,9.2419,415530.268,61.35,9.2841,1331668.763,96.09,9.285,1024943.767,97.63,9.2859,97938.92,4.55,3.1648,503722.959,81.1,9.2833,607833.609,42.65,9.0073,18122.544,3.93,9.3689,24169.397,2.36,9.3368,18731.627,0.87,9.407,95335.101,6.69,,,,9.4504,151230.311,28.19,9.6765,74242.305,5.2,9.4527,43362.871,0.41,3.2419,14461.188,3.31,,,,,,,3.3074,293268.759,43.01,3.2941,659871.725,82.83,3.3882,1076430.76,75.68,3.4953,67800.09,7.48,3.486,95472.844,2.39,3.4927,63922.938,2.72,3.533,223074.505,39.47,3.5663,12769.68,3.49,3.6273,76840.382,2.54,3.7108,1380017.106,80,3.8552,20524.721,0.68,3.9057,158304.084,12.54,3.9507,78499.007,50.66,3.9367,19025.388,10.23,,,,4.0137,35517.475,1.58,4.1473,33420.976,2.85,4.0656,61125.041,13.45,4.0697,716621.568,61.06,4.1042,83897.882,18.21,,,,4.1697,191323.45,9.44,4.1998,393528.157,7.22,4.1926,424901.5,59.4,,,,4.2185,28204.485,4.61,4.243,934946.101,72.25,4.3453,207736.017,9.24,4.3416,222184.195,7.34,4.3904,114538.593,2.62,,,,,,,,,,,,,4.4518,104893.736,0.67,4.4684,469312.189,40.08,4.5962,17697.715,0.32,,,,4.5919,699664.231,6.37,,,,,,,4.5852,974230.068,24.37,,,,4.6151,122388.03,29.19,0.8989,50250.528,11.23,4.57,17262.281,3.8,4.6222,31186.273,3.34,,,,4.7042,159633.476,2.28,4.7244,149589.939,16.83,4.7523,11759.692,1.26,,,,4.7633,269202.593,61.55,4.813,2672471.095,38.09,4.8721,10771.116,3.61,0.9181,31182.846,10.92,4.9505,11302.358,0.1,4.9138,2629367.723,37.48,4.8456,18445.361,0.87,,,,,,,5.022,725347.446,83.14,5.0255,180777.968,8.04,5.0252,364792.186,21.86,,,,5.1641,226927.833,10.09,,,
208_2021_T_2n,,,,,,P1-A7,,1,,1.2743,37100.305,,8.03,,,,,,,,,,,,,,5.1359,12876.091,1.07,5.2818,47616.514,10.39,5.1825,134385.043,29.32,5.2065,32380.953,0.89,5.1981,122862.751,7.5,1.2894,641634.092,27.52,,,,5.2032,131930.032,39.69,5.1688,48422.71,4.98,5.1941,11546.468,0.56,5.405,11219.219,0.12,5.3221,1691637.759,21.79,5.4595,14102.234,2.3,,,,5.4311,26935.757,5.01,1.6447,341210.227,12.42,,,,5.4423,513227.539,6.75,5.4523,32514.42,1.31,5.4365,73719.951,5.34,5.4597,11790094.29,87.94,,,,,,,,,,,,,5.5391,36244.2,7.91,1.6675,209656.123,24.93,5.5853,1230025.939,79.71,,,,5.61,41957.32,0.66,,,,5.7845,29226.005,3.01,5.7815,15884.846,0.71,5.6732,142090.072,1.5,5.6937,266915.141,9.63,5.7359,68882.927,2.38,,,,,,,5.7367,730103.559,21.8,5.7363,77529.771,0.58,5.7418,16582.41,8.92,,,,5.8069,152278.111,1.53,,,,5.8381,127808.546,70.26,,,,,,,,,,5.9844,330397.543,11.58,6.0238,294701.486,9.92,,,,6.0488,218031.421,11.73,6.2258,44519.999,6.09,6.0913,565558.467,20.58,6.0516,17729.317,3.48,6.0917,13268.882,1.03,6.137,336186.54,68.81,6.1233,14379.727,1.97,,,,6.1676,17853.003,0.81,,,,6.1912,162844.352,1.63,6.1985,517191.397,69.06,6.244,375353.059,12.97,6.2491,367680.6,12.88,6.2004,35298.336,11.97,6.2981,1441451.944,39.6,6.3479,18551.87,2.48,6.3672,22169.455,0.66,2.0199,187039.745,40.44,6.323,37175.461,5.08,6.4049,2050536.98,53.72,,,,,,,,,,,,,,,,6.5809,310147.093,56.32,6.6457,141853.694,6.35,,,,2.1732,111877.343,15.14,6.5778,10514.506,0.51,6.6272,93447.609,0.7,6.629,826206.739,22.7,6.6539,175067.222,33.03,,,,6.6987,20868.244,3.43,,,,6.7581,566431.197,13.81,,,,6.7546,25984.057,2.67,2.1814,390303.449,59.02,6.7658,1118992.782,14.41,6.8689,13524.18,2.36,6.8397,73411.838,0.55,6.8761,486379.344,47.27,7.0694,139355.458,1.79,6.8705,193570.168,26.11,6.9364,567503.49,73.32,,,,6.9463,101968.393,42.64,6.9497,44357.933,1.22,,,,6.9803,17110.747,1.41,6.9889,47501.87,36.94,,,,,,,7.0838,18045.059,4.37,,,,7.0831,387411.319,9.44,,,,7.0911,33605.82,44.04,,,,2.4036,19495.104,5.68,,,,7.1408,119513.062,3.57,7.1542,32048.207,4.14,,,,7.1575,492907.958,22.06,,,,7.0123,12628.377,0.13,,,,,,,7.3929,20522.412,0.27,,,,7.3773,215048.282,61.91,7.3787,360228.723,17.49,7.3035,429845.382,14.46,7.3673,40780.332,5.58,7.5351,74819.962,6.66,7.4226,1089223.68,36.65,7.4469,7063291.84,74.47,7.5505,35750.555,8.85,7.4872,289342.023,37.31,7.4915,86213.676,15,,,,7.4472,97860.253,75,,,,7.544,273684.073,18.49,7.5355,23754.808,1.15,7.7495,13204.257,2.3,7.5844,140514.247,24.87,,,,7.6528,14758666.45,94.99,,,,7.7148,14209.296,2.47,2.8214,66902.921,12.6,7.738,97866.816,22.28,7.7186,19924.715,0.21,7.7404,168832.917,2.22,7.7538,58911.052,24.64,7.8172,7243756.673,98.65,,,,7.9277,33451.66,0.34,7.9972,11940.63,52.02,8.0035,45246.771,2.2,8.1751,92708.797,20.24,2.8549,25724.974,1.15,8.0706,12575.054,0.57,8.0319,103193.882,12.46,,,,7.9201,11531.473,0.52,7.87,163545.972,4.88,8.0609,296681.832,45.36,8.0844,15406.995,22.97,,,,8.2027,21748.437,3.33,8.1501,34397.385,1.67,2.8723,54051.269,37.87,8.0845,19305.961,0.57,8.1506,619176.688,18.49,8.1531,224702.906,10.16,,,,8.2866,45144.032,2.04,8.2646,100109.101,14.89,8.2899,43897.211,0.46,,,,8.3333,10028.923,2.89,,,,,,,8.3809,10110.961,0.13,,,,8.3974,188245.315,37.13,8.4255,241936.433,4.29,8.5164,665862.584,8.75,8.6492,45264.917,8.89,,,,8.5148,5107234.174,51.26,8.591,469611.276,74.87,2.9926,378449.701,92.53,8.6389,158658.849,9.5,8.6637,91590.81,1.99,8.7179,5390353.332,95.5,,,,8.7611,92420.208,2.36,8.7684,45904.108,0.6,8.8338,64846.085,7.83,8.8206,383659.206,25.33,9.0933,63518.865,7.01,8.2797,56667.269,2.75,8.8918,193021.221,43.94,2.9784,274524.422,18.55,8.9193,62761.604,2.84,8.8982,21487.298,0.22,,,,8.9373,13503.018,2.1,8.9709,296443.416,26.03,8.9796,19968.666,7.25,9.0379,351644.76,30.88,,,,9.1146,37898.024,0.97,,,,3.1359,52716.463,16.34,9.2931,32580.1,0.43,,,,9.2133,2401367.379,71.36,,,,9.2177,5376492.577,99.57,9.2096,2357394.009,95.42,9.2452,31580.576,6.67,9.2824,1925097.622,96.13,9.2851,1910071.488,97.82,9.2832,196476.672,8.79,3.1589,400880.827,68.83,9.2798,866478.659,39.16,,,,9.3651,38397.814,2.5,9.6252,11171.972,0.5,9.3953,10949.277,0.49,,,,9.4489,115537.345,22.79,9.5029,11760.84,0.98,9.489,117319.817,2.99,,,,,,,,,,3.3053,993947.697,77.52,3.3054,613816.133,44.04,3.3911,1078526.503,70.54,3.3949,17854.491,2.31,3.4862,225900.212,5.51,3.4896,122798.238,4.47,3.542,198488.496,40.66,,,,3.6413,105013.957,3.11,3.7176,1294500.262,90.78,3.8567,10530.304,0.31,3.899,211993.448,15.68,3.9465,281700.058,74.79,,,,,,,4.074,83302.766,4.48,4.1298,37608.207,4.15,4.05,227237.822,35.28,4.0718,226761.565,26.45,4.0988,114459.649,23.41,,,,4.1791,203058.012,7.33,4.2032,688042.76,7.25,4.196,624197.918,64.21,,,,4.1465,193761.468,45.84,4.2416,1123891.883,79.16,4.3378,149239.374,8.03,4.3436,218667.324,6.47,4.3891,351622.542,9.21,,,,,,,,,,,,,4.447,205589.453,1.32,4.4688,360722.015,39.83,4.6184,13575.865,0.14,,,,4.581,927198.538,11.94,,,,,,,4.5779,1215694.076,29.63,,,,4.6167,126477.543,27.61,0.9221,33465.813,8.7,4.6047,12197.266,1.89,4.6165,27440.493,2.44,,,,4.705,164909.713,2.17,4.7267,88866.205,16.32,4.7525,19594.58,1.74,4.768,13872.459,35.02,4.758,328929.4,61.15,4.7966,3035452.916,39.91,,,,0.9163,68490.388,14.83,4.9618,35548.374,0.27,4.9167,2786931.81,36.64,4.839,40083.88,1.95,,,,,,,5.0249,198922.39,67,5.026,75937.377,4.09,5.0216,160876.111,13.22,,,,5.014,78468.858,4.22,,,
271_2021_W_4n,,,,,,P1-A6,,1,,,,,,,5.1173,26415.086,8.55,5.0638,41404.334,0.84,4.9777,53556.665,0.31,,,,5.1258,17770.018,1.79,5.1573,13652.236,0.6,,,,5.1984,26717.573,1.17,5.1668,32466.064,3.42,1.2783,308798.671,31.61,5.2093,127153.544,7.41,,,,5.1676,10990.004,1.92,5.2661,56426.943,0.55,5.187,10726.997,0.41,5.3318,62797.192,1.67,,,,5.377,20646.136,0.12,,,,1.6505,44396.303,1.69,,,,5.4392,222301.549,4.46,5.4401,283947.213,18.03,5.4457,297300.121,30.98,5.4643,27004.482,16.48,5.509,12086.294,1.68,5.6164,50634.957,0.33,,,,,,,5.5208,120802.904,5.3,1.6533,32524.585,8.33,5.5805,377722.967,80.4,,,,,,,5.6677,328675.112,2.8,5.7579,12592.454,2.21,5.6797,49454.496,0.7,5.6751,13225.934,0.51,5.6904,291903.949,14.61,5.6907,20738.72,1.1,,,,1.6944,510957.052,58.68,5.741,14067.858,1,,,,5.9016,12252.095,1.87,5.6682,218079.323,1.27,5.8065,213140.703,4.31,5.8159,594158.415,5.07,5.8326,45668.316,43.23,6.0139,5137589.271,29.95,5.9475,767333.262,50.04,1.8206,53741.093,3.75,5.9941,16199.391,1.41,6.0365,10095.804,0.85,5.9484,15788.983,2.77,6.0733,22238.36,0.95,6.022,2541977.053,21.69,6.0871,120023.108,4.58,6.0581,15938.431,0.29,6.1074,107519.389,13.19,6.1359,143707.125,16.1,6.1375,713194.36,6.09,,,,6.1667,4689741.483,30.54,6.1796,48530.334,22.26,6.2044,110384.283,2.23,6.2307,17823.808,6.2,6.262,40850.838,2.17,6.2479,64903.599,5.66,6.2959,17068.381,21.89,6.299,137938.965,6.02,6.3479,231160.441,80.45,6.3655,292519.022,9.67,2.028,26642.346,12.33,6.3972,1052380.792,8.98,6.4111,538459.627,26.63,6.574,14307.35,5.01,6.4409,27412.016,3.82,6.5049,215411.892,29.97,6.5462,10552.898,1.85,6.5626,1774343.11,10.34,6.578,95060.857,46.92,6.5182,24977.67,0.35,6.5576,166556.349,1.58,2.1838,564243.819,39.25,6.5923,934174.063,9.19,,,,6.6309,1085757.673,47.39,,,,6.6926,292664.656,22.51,6.6846,327252.271,52.3,6.7214,2321054.705,13.53,6.7101,57184.883,2.57,6.7483,18046.014,3.22,6.773,92023.222,16.12,2.1804,245252.088,30.46,6.7674,68219.078,1.82,6.8369,416659.058,3.97,,,,6.7839,22948.549,25.88,6.8701,740257.967,19.74,,,,6.9217,178491.241,31.87,6.9525,92859.527,0.54,,,,6.9098,39065.359,1.71,,,,6.9655,94682.654,2.81,6.9921,70035.738,1.6,6.9866,20654.683,9.15,7.022,118201.228,45.33,7.0768,14052.336,1.9,,,,7.0872,16956.413,0.76,7.1406,130659.036,0.76,7.0977,18585.243,2.66,7.0025,37731.745,2.25,2.4068,55597,26.28,7.2443,13350.265,0.78,7.1431,11179.919,0.79,7.1519,201583.278,35.99,7.2793,36092.388,0.31,7.1604,146746.893,2.08,7.2416,254680.349,35.46,7.1212,45320.254,1.75,,,,,,,,,,,,,7.4408,25677.311,1.53,7.2851,43129.16,0.42,7.3551,59252.03,5,7.3842,22416.047,0.19,7.4509,78536.678,5.12,7.4316,418286.963,35.32,7.4468,195825.865,7.55,7.4859,577303.416,60.4,,,,7.4876,34262.913,0.33,2.5668,268694.498,36.34,7.5698,28443.625,2.49,7.5391,75765.657,27.8,7.5449,43116.935,14.34,7.5954,179157.545,1.76,7.6132,120084.893,1.14,7.5774,409141.608,55.19,7.5913,69204.067,59,7.6511,53815.231,7.64,,,,7.8994,24084.494,0.23,2.8346,96617.443,30.55,7.7443,58973.58,4.37,7.6551,15517.593,0.6,7.7535,1661008.596,6.49,,,,7.8213,4110921.447,98.98,7.894,255071.619,1.49,7.9487,24985.315,0.51,7.9946,139656.622,85.18,7.9733,230328.746,2.27,7.9852,358951.147,15.74,,,,7.9773,260183.48,1.69,8.0318,47560.372,2.47,7.9174,12084.441,0.47,8.0429,554278.364,7.84,8.0584,12232.161,0.87,8.0641,43217.269,3.09,8.0851,337515.214,5.79,8.1106,521082.405,3.04,8.1635,116785.997,8.34,8.0921,117640.998,1.16,2.8629,22123.961,32.28,8.1605,52567.026,1.74,8.2864,28843.279,2.04,8.1462,81947.616,0.53,8.3839,50987.697,3.55,8.311,30036.105,0.2,8.2648,169439.782,5.03,8.4159,17082.517,0.66,8.2977,135234.338,1.29,8.3649,18413.586,1.1,,,,8.3637,424825.544,37.13,8.3255,17659.528,0.07,8.3793,12622.845,40.64,8.3954,801737.899,63.49,8.4284,39333.32,1.15,8.4861,712972.367,2.79,8.4748,1535159.092,28.02,8.516,205544.27,12.27,8.5057,2030989.606,41.09,8.5779,833617.134,61.24,2.9992,149536.824,52.28,8.6323,781154.095,18.39,8.6597,14744.288,1.58,8.7123,3360977.347,98.52,8.7484,14097124.59,96.6,8.7647,16618684.79,83.11,8.7603,5669068.419,22.16,8.829,39932.331,2.08,8.8263,144823.171,29.6,8.7599,105229.325,6.02,8.2437,17279.439,0.17,8.8921,1010666.188,74.91,2.987,35929.87,11.95,8.8857,1271676.26,8.28,8.8887,28791.182,0.58,8.9332,3258606.567,55.92,8.9369,4519098.684,26.34,8.9646,202349.291,11.8,,,,9.0385,213135.14,12.43,8.9489,30606.36,4.27,9.044,260947.051,1.31,9.1011,1045660.982,19.09,3.1283,92558.877,61.49,9.1883,107135.822,0.42,9.1607,20553.753,6.12,9.3019,19743.794,0.65,9.1002,64387.507,24.02,8.9886,26200.953,38.59,9.2166,10200.392,3.8,,,,9.2698,448271.733,48.47,9.2809,70392.777,87.03,9.2959,916563.063,12.97,3.1625,269066.88,100,9.2831,1601665.728,10.43,9.2777,1716516.953,16.32,9.3682,39735.62,3.15,9.4265,1212159.439,17.15,9.4107,3221537.146,20.98,9.4264,2784284.138,26.47,9.4495,22211.362,1.76,9.6743,153221.471,4.78,9.4749,10552.81,0.05,,,,,,,3.2266,308039.366,24.41,3.2951,62276.489,7.64,3.3049,280276.811,42.98,3.4028,328281.543,42.39,3.3739,12928.059,4.4,3.4733,149824.126,6.73,3.5006,1406364.921,53.68,3.5355,171909.475,51.7,3.5562,297718.316,63.45,3.6443,89343.52,3.75,3.7136,1119647.202,82.41,,,,,,,3.9428,71581.168,26.54,,,,,,,3.9929,124137.639,5.31,,,,4.0571,106259.394,0.62,4.0696,64943.304,15.25,4.0861,1267754.334,69.9,4.1086,2180099.992,86.52,4.168,281103.474,14.07,4.1797,18276.267,0.7,,,,,,,4.2173,553825.112,61.3,4.2471,421393.495,52.64,4.3282,316763.133,13.54,4.3447,108131.892,4.54,4.3815,295678.963,14.62,4.4076,15502.693,0.49,4.3875,121236.757,0.71,,,,,,,4.4434,130600.891,18.55,,,,,,,,,,4.5583,10975.596,0.29,,,,4.5894,299761.533,46.74,4.5942,20283.022,0.91,4.6539,185634.304,1.58,4.6705,140829.648,6.17,0.9111,72985.55,28.96,4.638,20595.562,0.12,4.6734,12807.645,0.84,4.6796,343475.768,20.02,4.6966,84604.874,1.7,4.7322,98171.199,33.15,,,,,,,,,,4.8047,2163222.12,43.4,,,,0.9209,72026.938,31.03,,,,4.9132,1870802.899,37.53,4.9738,20297.07,0.2,4.8629,152520.651,6.69,5.0949,13081.528,4.58,,,,5.0211,1280292.046,54.73,5.0318,19998.934,0.59,5.1662,19385,0.27,,,,,,
272_2021_W_4n,,,,,,P1-A4,,1,,1.2733,108367.357,,23.94,,5.0649,633091.593,55.21,5.0421,216151.022,4.54,5.0021,10060.969,2.05,5.0294,12462.645,8.45,5.1669,32069.232,6.9,5.1675,36840.121,3,5.1825,225845.971,27.52,,,,5.1577,40381.248,3.38,1.2964,351223.059,40.02,,,,,,,5.3178,175901.236,2.17,5.3191,34108.862,0.44,5.318,2214256.431,13.96,5.3371,47539.355,2.12,5.3735,292516.373,65.98,,,,5.3739,230163.906,2.89,1.6499,57660.065,2.9,,,,5.4375,239366.258,3.54,5.4281,164639.766,12.66,5.4445,143032.111,11.48,5.5062,131554.3,2.03,,,,,,,,,,,,,5.5822,49514.663,4.04,1.6544,14511.498,1.06,5.5849,1124829.684,86.3,5.5785,1918441.304,24.06,5.5761,311799.054,18.95,5.6154,145174.283,16.46,5.5811,22844.107,0.28,,,,5.7617,94553.94,0.6,5.6964,158534.488,13.52,5.7048,16688.833,1.29,5.7293,344297.408,44.08,,,,5.7233,14676.529,2.33,5.7245,19600.325,0.3,,,,,,,5.8059,11622.66,0.24,5.7804,10274.183,1.16,5.8294,64381.33,53.13,6.0089,118639.604,24.12,6.0242,5470977.409,77.24,1.8119,29549.716,2.28,5.9774,14993.176,2.25,5.9817,15536.092,1.63,6.0265,2886487.278,35.57,6.0606,93999.533,6.95,6.0989,22174.106,2.51,6.0918,127319.808,6.4,,,,6.1037,248122.397,23.68,6.1397,23777.934,20.84,6.0348,21599.992,2.45,,,,,,,6.1733,20386.741,2.61,6.2018,68769.606,1.44,,,,6.2659,32303.72,2.5,6.1988,12859.683,1.93,6.3377,39205.247,31.75,6.2996,107518.911,4.99,6.3421,291452.551,61.61,6.3611,111967.573,1.58,1.9844,10159.193,3.04,6.3519,13021.537,1.48,6.4042,1010342.082,49.05,,,,6.4406,91245.758,10.32,6.3248,11872.365,8.46,6.4287,104594.008,1.29,,,,6.575,21217.676,4.22,6.5221,44993.672,5.47,,,,2.1622,551679.324,42.23,6.5352,10973.803,0.14,6.5199,29162.565,0.45,6.6315,1277670.005,59.35,,,,,,,,,,,,,6.7183,138824.245,13.12,6.8079,254241.322,60.22,6.7647,82074.398,1.01,2.1816,793543.13,52.63,6.8047,15318.729,0.68,,,,6.8823,460893.517,7.1,6.872,13597.527,6.76,6.8681,353356.094,15.77,6.8789,11656.113,2.94,6.9233,151752.591,28.7,,,,6.9427,198241.414,88.42,6.9506,25468.496,1.18,2.2654,108766.825,10.03,,,,6.9921,35633.526,23.23,6.987,233741.167,64.19,7.0224,70793.668,43.01,7.0894,274011.041,21.69,7.105,10218.856,0.16,6.8938,119409.575,11.28,,,,,,,7.1165,11811.784,0.28,2.412,60916.773,24.13,,,,7.2497,28787.439,4.57,7.1553,277952.606,52.57,,,,7.1585,67405.139,8.19,7.1685,721495.541,81.62,7.1885,15268.041,0.1,7.1962,370198.828,43.34,,,,7.4551,10513.556,0.63,2.4503,135807.087,11.07,7.373,342692.893,8.22,7.3767,508885.489,6.61,7.3471,46036.281,4.83,7.371,72584.943,8.23,,,,7.4249,383742.315,40.23,7.4537,33299.274,0.21,,,,7.4792,388647.325,34.83,7.48,19731.548,4.86,2.5688,321348.509,83.63,7.5406,882489.073,68.47,7.5419,41746.845,61.81,7.5524,107666.159,21.64,7.5481,11826.321,0.15,7.3779,15270.373,3.76,7.5788,119780.931,6.86,,,,7.6571,52723.165,13.71,7.7023,17108.274,3.25,7.7247,145428.219,35.85,2.8218,274038.824,63.16,7.739,142495.075,7.31,7.7365,19082.661,0.12,7.7381,11015.017,0.66,,,,7.8138,6629857.384,97.02,,,,7.9385,250925.158,5.27,8.0011,31014.881,70.58,8.0241,17500.624,0.23,8.1738,16214.681,1.32,,,,7.8754,17360.996,1.23,8.0511,144445.011,13.6,8.0558,2644982.416,16.67,7.8701,10635.022,1.29,8.0648,56814.048,9.02,,,,8.0745,66444.779,21.38,,,,,,,8.1138,19045.496,0.25,2.8757,90348.915,37.05,8.0544,10450.306,0.15,8.2691,15160.663,2.41,,,,8.1945,14748.954,1.13,8.4768,11331.275,0.8,8.2746,802635.278,73.57,8.1928,63566.715,0.4,8.2908,59658.544,14.71,8.299,2547002.613,61.08,2.9889,296161.352,24.15,8.3173,38581.524,2.99,8.382,18637.361,1.12,,,,8.391,326121.865,47.56,8.4267,1220208.071,25.58,8.4941,436846.934,26.25,,,,8.4341,12474.593,0.3,8.496,1318988.19,27.71,8.5851,380676.557,62.05,2.985,222449.95,78.57,8.6368,786919.059,34.99,8.5041,321328.509,9.04,8.7148,3523215.327,73.85,8.5088,30695.546,19.39,8.7615,79180.924,12.64,8.7484,12354.892,0.74,8.8367,10331.604,0.97,8.8224,139833.74,22.64,8.7089,14669.079,2.37,8.2893,5519273.24,71.73,8.893,1127056.661,57.84,2.9734,51607.149,10.37,8.9285,18682.193,1.32,8.9039,119913.91,2.52,,,,,,,8.969,302767.281,31.59,9.018,640745.01,52.6,9.0404,286391.093,29.88,,,,9.3023,11136.66,1.78,,,,3.1295,212265.1,58.51,9.2734,39924.413,2.4,,,,9.2129,3098781.537,43.62,9.3612,11929.281,0.38,9.2168,8093289.241,99.24,9.2102,3012191.793,95.29,9.2424,118623.713,70.06,9.2806,261047.579,54.72,9.2852,75617.547,54.44,9.2823,32019.835,3.89,3.1681,272867.359,87.12,9.2805,110533.486,7.81,9.0092,36901.343,9.1,9.3656,45781.541,3.18,9.6255,10118.762,1.23,9.2094,18891.938,1.33,,,,9.4471,78055.515,11.38,9.214,227936.32,10.38,9.4932,46222.376,7.38,3.1958,360855.071,4.53,,,,3.2159,15352.108,1.07,3.3048,65320.502,6.23,3.3069,291700.658,86.69,3.3811,364877.946,9.84,3.3758,21962.447,3.47,3.4759,126844.295,11.98,3.4959,636689.781,32.02,3.5377,133321.969,30.35,3.5658,22659.863,7.81,,,,3.7107,1511899.223,95.7,3.8636,29192.384,2.44,,,,3.9523,17426.091,26.95,3.9441,82678.148,17.29,,,,4.0009,98345,7.27,,,,4.0454,24350.284,4.95,4.0671,21747.21,4.74,4.0947,275282.943,42.75,,,,4.1689,133331.268,11.37,4.2001,867803.777,5.47,4.2099,1010063.337,12.45,4.195,27468.401,0.36,,,,4.2383,2120329.198,84.8,4.3371,157411.949,11.64,4.3341,147397.126,12.33,4.387,198639.828,9.64,,,,,,,4.5205,48548.749,0.69,4.4411,131903.239,10.75,4.4371,85665.977,22.27,,,,4.486,1481075.252,9.34,4.4879,1376217.465,39.99,4.6011,54788.872,2.44,4.5789,391126.413,4.91,,,,4.5982,56957.045,5.38,4.5497,11706.224,1.33,4.6273,30199.46,2.46,0.9153,100536.493,38.51,,,,4.5658,10825.014,0.15,4.7653,15546.651,1.62,4.6993,291200.198,4.31,4.7059,42884.949,15.82,4.7412,13284.444,0.19,4.7657,5569208.639,80.61,4.7597,4658491.178,58.43,4.8001,2747910.45,40.65,,,,0.9244,50601.533,11.18,4.8727,3041794.607,46.84,4.9077,2708744.971,40.07,4.9455,55346.355,0.72,4.9878,11078.222,0.9,5.0813,83026.633,1.04,,,,5.0208,459327.147,33.97,4.9946,10400.528,3.29,5.1254,12916.219,1.57,4.9059,63336.331,4.68,,,
347_2021_W_4n,,,,,,P1-A3,,1,,1.2732,195927.05,,26.46,,5.0143,17908.639,13.95,5.0449,243780.874,2.78,,,,5.1565,518705.372,19.42,5.1435,18904.442,1.79,,,,,,,5.2048,40233.544,1.6,5.2116,135300.851,12.24,1.2739,555496.047,25.69,5.1869,12971.706,0.98,5.2032,11701.986,6.99,,,,5.148,227899.997,13.4,5.3789,11474.985,1.42,5.334,1173802.354,18.94,,,,,,,,,,1.6405,450986.397,15.6,5.4119,565228.462,25.11,5.4396,384783.978,5.74,5.5146,440207.82,9.44,5.4574,156881.304,17.28,5.4639,12625.079,5.95,,,,5.5244,489871.086,12.78,5.5215,368137.982,10.51,,,,,,,1.6462,214491.593,22.22,5.5857,1420768.949,79.09,,,,,,,5.6716,36764.3,4.93,,,,5.6631,1330788.343,25.97,5.6154,10255.628,1.27,5.7152,137465.59,7.38,5.7451,82371.444,2.77,,,,,,,5.7353,868441.102,23.79,,,,5.7728,246770.572,35.58,,,,5.8098,146426.206,1.67,,,,5.8363,56723.664,29.15,,,,,,,,,,5.9924,202042.906,7.55,6.0236,120220.454,5.65,,,,6.0573,111214.784,6.77,,,,6.0882,397284.75,13.74,6.1269,400982.486,9.6,6.1056,221368.895,14.98,,,,6.2215,12873.063,1.73,,,,6.1906,11223.698,0.29,,,,6.1934,260276.646,2.96,6.2077,536229.852,81.87,6.2561,602869.7,20.3,6.2501,315136.798,11.78,6.1954,26433.7,12.54,6.3085,823265.336,32.75,6.3556,29875.144,4.56,,,,2.0277,95119.627,29.17,6.3404,19813.49,2.66,6.4072,1826210.54,53.22,,,,,,,,,,,,,,,,,,,6.6196,134835.642,2.63,,,,2.1709,373800.802,28.08,6.5135,25887.918,1.52,,,,6.631,793539.842,31.56,,,,6.7413,11542.962,0.51,6.6881,16056.014,9.92,,,,6.767,421302.875,11.04,6.7961,12660.155,5.4,6.9685,15315.165,13.2,2.168,573485.343,58.77,6.7655,836744.716,13.5,,,,,,,6.8826,282723.659,28.32,6.8931,25087.375,0.4,6.8847,383908.296,37.3,6.9358,574186.619,73.62,,,,,,,7.0088,108276.272,4.31,,,,6.8841,116186.032,11.62,6.9889,290730.957,73.03,,,,7.0192,23077.013,8.88,6.9974,14397.902,2.19,,,,7.0819,372583.277,9.76,,,,7.0951,287484.249,75.05,,,,2.408,52224.656,11.38,7.1313,602756.404,22.57,7.1364,154462.407,4.23,7.1571,45784.587,5.87,7.1358,21147.188,2.83,7.1563,273671.154,5.34,,,,7.2586,18618.041,2.31,7.1992,20954.582,12.06,,,,7.3454,566493.96,5.07,,,,,,,7.2483,11024.617,0.65,7.3052,163593.873,7.69,7.2557,22078.724,2.96,,,,7.4297,1010496.922,47.52,7.4497,31647.428,3.93,7.5629,20743.875,11.79,,,,,,,2.575,629051.983,80.06,7.6203,16515.487,10.63,7.5375,19953.595,48.23,7.5506,168337.372,20.72,7.5924,57919.681,3.41,,,,7.6001,32866.676,8.97,7.6276,10247.231,5.83,7.6643,32281.73,8.08,,,,7.7554,14688.172,16.12,2.8091,240813.443,19.04,7.7407,100062.008,7.55,7.723,36217.065,4.5,7.7465,29580.902,0.26,7.784,26302.821,100,7.8218,3082263.416,97.01,,,,7.942,842274.38,9.59,8.0009,35631.236,64.12,7.9922,37989.166,2.23,8.1755,69623.14,33.97,2.8663,22080.167,0.43,7.8686,37466.675,0.98,8.0787,17538.74,0.57,8.257,10326.428,1.28,8.0229,80399.802,1.57,8.0586,12324.823,0.34,8.0613,166539.474,5.42,8.0794,150925.706,77.68,,,,8.1288,168264.023,5.48,8.1657,17388.376,1.02,2.8826,38920.498,45.93,7.939,20479.399,3.04,8.1496,387877.849,10.62,8.1549,86814.844,2.26,8.0177,12220.216,0.92,8.2542,134637.722,3.51,8.2568,59298.603,8.98,8.2728,25209.806,3.13,,,,8.3323,11486.415,100,,,,8.4808,45434.444,29.23,8.3828,6069407.808,54.31,,,,8.3989,163376.11,44.37,8.4308,711926.048,5,8.4824,2058672.731,18.42,8.4866,380069.717,9.09,,,,8.5132,3127693.138,35.61,8.6054,1457566.863,95.1,2.9963,152550.277,72.15,8.6361,556695.786,31.86,8.6596,35922.215,1.81,8.7196,13404905.94,94.17,8.4835,18291.922,12.71,8.786,32222.56,1.24,8.7283,78898.837,0.71,8.8254,371434.571,12.13,8.8259,718564.138,35.75,8.877,1296384.371,40.64,8.2859,11952.332,0.7,8.8956,1007741.897,76,2.9889,163533.505,20.13,8.8618,11243.948,0.29,8.9514,158494.165,1.8,8.7982,21712.893,11.18,9.159,43660.786,24.4,8.9641,185136.799,13.98,,,,9.0401,203449.188,15.36,9.0694,418898.702,26.34,,,,9.1327,78253.014,1.87,3.1347,225710.993,53.39,9.1265,20139.01,0.18,,,,,,,,,,,,,,,,9.2378,1838330.814,82.67,,,,9.0334,15064.435,30.17,9.5423,134904.255,2.63,3.158,291115.693,49.12,9.2603,17248.056,0.45,,,,9.3557,14729.536,1.7,9.3898,11743.674,0.23,9.54,28258.444,0.74,,,,9.4498,76728.814,20.84,9.466,267273.719,28.2,9.4872,62949.816,2.43,,,,,,,3.2109,16480.362,1.9,3.2992,478397.69,32.37,3.3018,875514.785,68.7,3.3965,983375.864,93.08,3.3736,36348.056,11.71,3.4792,79023.102,2.07,3.4909,203629.614,7.04,3.5317,168313.099,53.65,,,,3.6365,102365.06,3.18,3.711,1743521.804,91.63,3.8612,87750.285,2.73,,,,3.9545,47070.453,52.53,3.956,125339.089,77.29,,,,4.0156,31528.92,1.92,,,,,,,4.0662,82308.92,10.37,4.0883,14366.574,1.29,,,,4.1783,147159.316,7.9,4.1012,12183.406,1.51,,,,,,,4.1371,146016.29,19.88,4.2454,1834873.9,80.63,4.3428,261973.767,15.96,4.3416,329288.702,10.23,4.3907,94064.986,2.74,,,,,,,,,,,,,4.4479,57191.216,14.32,,,,,,,,,,4.5843,674342.677,10.88,,,,,,,4.5894,925992.281,24.26,,,,4.7216,27051.887,13.2,0.9115,66492.365,22.43,,,,,,,,,,4.703,148665.584,2.22,4.7318,75328.696,18.19,,,,,,,,,,4.8082,2628239.449,39.21,,,,0.9299,93991.631,12.69,4.8568,18478.098,8.7,4.9105,2481547.524,37.03,,,,,,,,,,5.0293,80472.804,32.48,5.0205,44471.053,2.71,5.0151,83152.411,8.32,5.0283,947447.686,18.49,5.0026,34490.664,2.1,,,
380_2021_T_2n,,,,,,P1-A11,,1,,1.2687,116014.062,,24.45,,,,,5.0971,27232.432,0.32,,,,,,,5.1643,11165.688,1.53,5.3019,40630.263,9.83,5.1941,57219.168,33.76,5.2113,50383.568,1.42,5.1815,97787.891,8.83,1.3038,86153.823,4.77,,,,5.2101,41271.136,29.23,5.1894,44396.321,7.21,,,,,,,5.333,2644112.561,33.74,5.4747,19472.63,7.31,,,,,,,1.6389,179918.501,8.96,,,,5.4537,430231.549,5.8,5.4494,209233.255,9.38,5.4628,205697.846,15.4,5.4664,6719895.713,89.86,,,,,,,,,,,,,5.5448,26814.254,6.49,1.6689,123655.049,16.64,5.5903,944246.606,85.35,,,,5.4635,31383.332,0.52,,,,5.8044,30574.985,4.96,5.556,12006.071,0.72,5.6807,148011.738,2.87,5.6991,221736.176,12.81,5.692,15909.242,0.7,,,,,,,5.7286,26919.84,1.49,5.7314,30206.659,0.4,,,,,,,5.8184,127686.006,1.5,,,,5.8395,66043.523,33.25,,,,5.964,12736.348,1.77,,,,5.9972,188886.479,10.88,6.031,292873.02,15.17,6.0835,15097.969,2.45,6.0487,166796.9,9.63,,,,6.0938,403821.918,20.1,,,,6.1064,21034.454,3.2,6.136,241567.473,82.44,6.2222,78474.619,14.46,,,,,,,,,,6.2003,160316.942,1.88,6.2057,394257.359,67.09,6.2498,220345.502,9.66,6.2599,76973.527,4.43,6.1907,35945.23,39.85,6.303,1743937.6,48.98,6.3471,22501.317,3.83,6.4045,49247.748,2.51,2.035,77976.739,27.72,6.3272,39111.078,7.21,6.4115,1557938.411,51.71,6.4654,10469.713,3.46,6.6772,18838.419,33.74,6.562,11279.224,2.87,,,,6.5706,13886.635,4.85,6.5809,190710.515,67.78,6.6428,173421.361,10.35,,,,2.1727,365352.231,40.56,6.7019,91881.556,7.89,6.6279,73450.311,0.98,6.6301,631802.915,17.75,6.6543,589473.971,63.22,,,,6.8788,26205.927,6.49,,,,6.7676,315812.798,11.78,,,,6.7538,14465.332,2.35,2.1802,184748.42,47.12,6.7649,1304512.243,16.65,6.8781,19275.059,8.24,6.8415,27837.853,0.37,6.881,285964.514,49.47,6.9252,18227.603,0.23,6.872,102751.554,23.16,6.9389,328917.784,63.91,,,,6.9535,28427.61,12.25,6.971,41857.5,1.18,,,,6.8909,138259.286,14.52,6.9926,110612.795,90.46,,,,7.0196,16078.296,4.46,,,,,,,7.0724,10995.918,0.41,,,,7.0996,147719.91,100,6.9794,11515.678,7.16,2.4063,22301.713,13.38,,,,7.1286,166058.447,9.17,7.1446,20628.497,4.01,,,,7.157,654022.44,39.03,,,,7.0732,11520.061,0.22,7.071,10849.128,6.88,,,,7.2818,11359.592,0.38,,,,7.38,55206.663,34.31,7.3779,81903.507,7.04,7.3088,292490.492,15.15,7.5002,16175.809,2.98,7.542,29526.104,4.11,7.4281,852894.566,44.17,7.4495,3740293.903,72.63,,,,7.4722,15579.881,5.19,7.4993,30772.329,14.15,2.5643,249038.782,91.12,7.4555,42697.415,100,,,,7.5573,200915.476,21.99,7.555,24717.846,2.12,,,,7.5861,90580.722,23.83,,,,7.6608,15332649.69,94.84,,,,,,,2.7975,35019.645,12.19,7.7443,49130.423,12.3,7.7696,13029.276,0.25,7.7512,92320.043,3.06,7.7668,47599.049,20.52,7.824,3055348.889,98.65,,,,7.9298,25868.034,0.3,8.0022,56763.022,72.35,8.0025,40600.282,3.49,8.1034,14516.497,3.51,2.8724,13443.189,0.8,7.8755,23240.673,2.09,,,,8.2188,13364.779,0.26,8.2703,19685.912,1.17,8.0101,12425.093,0.69,8.0603,409302.651,59.51,8.0866,48090.714,47.76,,,,8.1566,17969.724,2.61,8.1441,29486.894,2.53,2.8712,25353.621,21.38,,,,8.1504,81274.685,4.49,8.1476,45175.55,4.05,,,,8.2473,11908.034,1.07,8.2632,49168.7,9.06,8.3057,35986.151,0.7,,,,,,,,,,,,,8.3503,11546.926,0.38,,,,8.4077,105510.65,22.43,8.4344,13293.832,0.16,8.5144,920028.691,30.49,8.6586,14263.443,9.47,,,,8.5226,5169735.961,60.71,8.6132,697549.921,89.42,2.9986,205475.523,94.59,8.6457,217149.485,21.1,8.7691,16689.535,0.4,8.7239,8282999.408,99.36,,,,8.7803,104004.196,2.68,8.7902,64854.621,2.15,8.7739,17943.724,7.56,8.8287,201866.895,22.42,8.8626,17561.944,2.97,8.2792,33832.531,2.91,8.8997,320280.956,80.19,2.9702,201486.505,22.05,8.9232,66184.083,5.94,8.8113,42373.702,0.5,,,,9.0323,14465.498,5.05,8.9694,420556.567,31.17,,,,9.0474,482839.613,35.79,,,,9.0788,11599.535,0.3,,,,3.1246,83015.272,33.33,9.1533,25511.266,0.85,,,,9.217,1495975.878,76.33,,,,9.2215,2686004.757,99.09,9.2134,1722950.451,97.5,,,,9.2843,1453389.314,97.97,9.2872,1007727.805,98.82,9.285,120805.459,7.21,3.1646,292005.809,74.48,9.2848,639167.19,57.36,9.0035,23240.802,10.69,9.3702,22982.788,2.86,,,,9.5451,26270.696,2.36,,,,9.4527,202022.21,42.94,9.2123,100035.236,21.34,9.497,28743.866,0.74,,,,,,,,,,3.3075,335716.429,51.11,3.2901,658971.273,73.6,3.3938,866197.965,77.17,,,,3.4836,36560.905,1.36,3.4915,153655.322,7.65,3.5416,113941.846,32.99,,,,3.6359,60041.543,2.5,3.7183,1464519.477,90.02,3.8539,15711.399,0.65,3.9028,96648.415,11.82,3.9565,67822.071,30.89,3.9378,48596.152,63.88,,,,4.0683,122850.444,7.09,4.0094,12027.752,1.52,4.0608,126166.771,44.08,4.0749,194196.201,37.35,4.1012,90042.392,31.71,,,,4.1704,175301.613,10.13,4.2064,299300.289,5.81,4.1958,380292.869,61.72,,,,4.1432,119964.59,34.97,4.2576,983533.279,80.74,4.3434,113443.556,6.55,4.3525,77492.179,3.23,4.3943,342946.477,11.38,,,,,,,,,,,,,4.4508,68702.65,0.42,4.466,271037.449,34.23,,,,,,,4.5902,422560.877,5.39,,,,,,,4.5799,639952.588,23.87,,,,4.6201,84103.88,20.35,0.9068,102834.89,24.42,,,,4.6118,21483.711,2.99,,,,4.7073,420075.316,5.67,4.7297,85696.113,19.4,,,,,,,4.7622,150937.266,49.94,4.806,3201860.726,43.2,,,,0.9305,44923.529,9.47,4.9623,30375.147,0.41,4.9154,2593420.578,34.99,4.8465,30857.519,2.65,,,,,,,5.0276,344208.396,68.49,5.0217,192136.374,11.09,5.0234,244414.576,25.67,,,,5.1596,139145.779,8.03,,,
57_2021_W_4n,,,,,,P1-A2,,1,,,,,,,5.1482,60287.292,41.5,5.0573,110583.596,1.54,,,,5.1529,485945.898,18.36,5.1483,10217.211,0.89,,,,,,,5.2015,21156.831,0.59,5.1919,20665.034,2.69,1.2988,502523.869,22.43,5.1466,55143.59,3.01,,,,,,,5.2785,12643.965,0.61,5.254,12851.947,1.16,5.3323,1392514.409,22.32,,,,,,,,,,1.645,261131.42,9.88,5.4098,657358.032,29.35,5.4428,272493.833,5,5.4409,362549.417,7.03,5.4448,436782.082,33.69,5.46,23116.817,7.8,5.5262,13616.817,29.5,5.5233,586738.591,15.49,5.5233,457495.922,16.58,,,,,,,1.6378,319588.203,56.63,5.5892,710845.668,80.02,,,,,,,5.6646,31874.736,3.86,,,,5.6729,1448946.174,27.67,5.8399,13251.462,1.2,5.7098,181297.601,9.4,5.7338,47773.528,1.67,,,,,,,5.73,98729.442,5.37,,,,5.7794,265082.289,30.49,,,,5.8167,134882.141,1.88,,,,5.83,53219.171,55.51,,,,,,,,,,6.0021,168609.26,8.25,6.0292,215425.908,11.68,,,,6.0534,128048.156,5.55,6.1064,25086.129,3.03,6.0868,342654.218,12.96,6.1268,23565.91,0.94,6.1062,10310.082,2.21,,,,,,,,,,6.2774,11507.762,0.3,,,,6.1963,347671.607,4.84,6.1937,508848.869,57.48,6.2582,378281.664,13.2,6.2654,73062.588,3.58,6.3497,29028.71,31.6,6.3051,484167.316,13.41,6.35,299536.086,33.83,,,,2.0424,54175.083,26.85,6.3238,13309.244,1.61,6.4074,2139308.525,44.46,,,,6.6691,22487.007,48.72,,,,,,,,,,,,,6.6102,85853.008,1.64,,,,2.1734,591704.712,55.45,6.7139,56701.436,2.73,,,,6.633,2085324.545,57.75,,,,6.7391,15250.832,0.68,,,,,,,6.7701,637833.455,15.91,6.8066,37222.915,20.41,,,,2.1772,808268.823,80.89,6.7617,970780.452,15.56,,,,6.7569,14362.698,4.85,6.8875,100256.088,20.32,6.8613,448195.258,7.18,6.8794,186544.07,29.57,6.9392,701430.27,57.41,,,,,,,6.9676,29571.234,0.82,,,,7.0109,13684.762,1.39,6.9894,164112.091,54.92,6.9847,15700.341,15.46,7.0197,17702.771,9.65,7.0676,20268.258,2.51,,,,7.0809,141272.335,3.52,7.2618,18582.894,7.76,7.0909,152745.132,57.16,,,,2.4059,36805.868,10.78,7.1345,497412.863,18.79,7.1433,19930.802,1.08,7.153,301187.342,24.65,7.1254,24461.764,2.96,7.1471,206402.283,3.94,,,,7.2072,53683.322,4.86,7.199,27378.283,13.38,,,,7.3528,1043494.844,18.45,,,,,,,7.2581,17883.482,0.86,7.3022,151841.524,8.23,7.2606,35586.457,4.3,7.5988,11420.389,5.21,7.4327,875963.227,47.49,7.4547,42519.069,3.85,7.5541,48245.131,13.62,,,,,,,2.5668,582475.997,74.31,,,,7.5454,24276.085,50.28,7.5542,110596.611,22.95,7.5947,47743.924,2.3,,,,7.5916,26678.307,10.43,7.6331,10936.976,24.36,7.6574,72010.35,16.96,,,,,,,2.8284,33546.457,7.85,7.7422,294871.78,20.13,7.726,44591.052,4.03,7.7441,49643.916,0.88,,,,7.8214,2611112.46,97.07,,,,7.9463,228493.289,3.18,7.9979,242562.273,86.48,7.994,15491.961,0.75,8.1712,56290.405,17.94,2.869,20776.177,0.4,8.0361,11956.734,0.32,8.0429,51547.937,1.56,,,,7.9465,43752.113,0.84,7.9813,10242.249,0.56,8.0744,33593.144,3.81,8.0814,58530.044,25.6,,,,8.1264,382861.456,43.41,8.1579,16857.676,0.81,,,,,,,8.1547,25225.622,1.37,,,,8.0919,15759.644,1.48,8.2677,101283.105,2.67,8.2597,56403.681,10.7,8.2551,12538.883,1.13,,,,8.3304,21696.494,67.28,,,,8.4859,23432.949,28.48,8.3901,67813.22,1.2,,,,8.3987,140138.062,65.57,8.4261,378211.362,3.48,8.4854,975245.905,17.24,8.4834,298075.702,11.94,,,,8.5177,2302027.689,32.04,8.6172,922397.197,87.9,2.9879,189512.657,71.04,8.6367,315738.023,18,8.5229,1135438.747,80.21,8.724,10403447.35,95.77,8.4931,13067.595,16.76,8.7732,70784.249,5.77,8.7231,325464.376,5.75,8.8176,379193.559,11.51,8.8264,290346.309,25.11,8.9013,20001.699,1.24,8.2551,12191.685,0.59,8.8936,504975.271,34.47,2.9688,74929.751,15.55,8.866,85715.015,2.26,8.8929,50877.882,0.71,8.7897,15267.572,6.68,9.0219,12987.606,5.42,8.97,281828.959,15.39,,,,9.0417,316011.995,17.26,8.92,13398.385,4.31,8.9019,13783.019,1.12,9.1305,297578.903,11.92,3.1257,190092.708,58.43,9.1309,101456.711,1.79,,,,8.9614,10292.828,1.17,,,,,,,,,,9.2405,741074.572,74.79,,,,,,,9.0516,21451.18,0.41,3.1686,227835.586,65.65,9.2896,17140.588,0.45,9.2232,19836.164,10.95,9.3596,19644.388,3.1,9.5445,153911.359,2.94,9.5198,25134.599,0.66,,,,,,,9.4692,275997.189,24.3,9.4872,70116.068,5.72,,,,,,,,,,3.3085,335587.092,71.78,3.3106,727472.822,75.64,3.3906,995300.518,85.35,3.3771,55242.88,11.27,3.4856,173125.422,4.32,3.4918,143397.817,5.42,3.5378,125824.811,26.52,,,,3.6427,97841.997,3.49,3.7094,2408058.573,90.1,3.8593,70908.803,2.53,,,,3.9537,35293.265,51.89,3.9446,196622.906,79.7,,,,4.0028,204947.24,8.89,,,,,,,4.07,44558.94,9.12,4.0923,67815.7,7.23,,,,4.1765,337018.497,17.47,,,,,,,,,,4.2136,23730.029,2.59,4.2401,519723.992,64.01,4.3304,289555.452,12.56,4.3426,320454.69,11.44,4.3889,98087.896,2.04,,,,,,,,,,,,,4.4488,96417.721,22.71,,,,,,,,,,4.5875,363693.64,5.83,,,,,,,4.5882,499055.169,12.45,,,,,,,0.9109,126173.484,27.78,,,,,,,,,,4.7,130927.96,2.4,4.7232,94719.077,31.32,,,,,,,,,,4.8087,2299539.457,42.22,,,,0.9248,123871.917,30,4.8578,66087.906,22.31,4.9119,2116138.842,38.86,,,,,,,,,,5.024,96990.015,36.85,5.0197,399157.046,17.31,5.0233,108057.438,11.01,5.0306,934923.748,17.85,4.9135,19290.502,0.84,,,
91_2021_T_2n,,,,,,P1-A10,,1,,,,,,,,,,,,,,,,,,,5.164,12085.69,1.4,5.2889,25809.539,6.5,5.1787,73625.946,22.09,5.207,52730.772,1.62,5.1697,78627.981,6.74,1.2819,168209.689,11.02,,,,5.2068,146685.912,54.81,5.1841,40669.005,7.18,,,,5.3977,12986.904,0.28,5.332,2240601.031,26.59,5.4511,10617.704,1.25,,,,5.4297,22265.065,7.4,1.6461,128821.916,7.13,,,,5.4445,320019.812,6.12,5.4411,319758.919,14.2,5.4593,420232.731,30.35,5.4642,9435186.605,89.34,,,,5.5318,10184.352,1.04,,,,,,,5.5423,30360.988,7.64,1.6473,148806.225,24.59,5.5883,954514.64,84.26,,,,5.4905,23801.391,0.46,,,,5.7766,15601.864,2.76,5.5786,36689.895,2,5.6825,84184.929,1.8,5.7003,212581.602,9.68,5.7039,27763.234,1.17,,,,,,,5.7985,108985.753,4.9,5.7414,112136.177,1.06,,,,,,,5.8098,148679.393,1.38,,,,5.8346,48173.283,34.83,,,,5.9574,10388.097,1.21,1.8199,12554.455,1.53,5.9945,346819.895,16.47,6.0239,307528.315,13.15,6.0571,17837.647,3.15,6.0496,281464.883,14.92,,,,6.0898,298105.196,16.51,,,,6.1126,82073.404,12.76,6.1373,306571.955,59.7,6.2319,75788.776,11.28,,,,,,,,,,6.2017,186968.531,1.73,6.2031,407280.755,71.16,6.2447,134943.525,5.67,6.2692,16461.275,0.78,6.2075,35129.816,20.17,6.3014,1390725.484,42.67,6.3786,10601.19,1.85,6.3999,95407.946,5.27,2.0256,218318.219,46.95,6.3235,44307.338,6.6,6.4083,1814683.925,50.59,,,,6.6652,22410.898,34.94,,,,,,,,,,6.5799,188184.245,47.23,6.6565,154606.731,8.44,,,,2.1698,187079.313,21.12,6.7049,90070.394,7.02,6.6261,48844.555,0.46,6.6299,667261.746,20.47,6.6499,232240.512,44.62,6.716,10310.569,2.89,6.8784,18565.173,3.98,,,,6.7697,833363.484,24.75,6.8045,10108.774,10.9,,,,2.1896,338871.851,37.17,6.7604,1754459.033,20.82,6.8903,23620.307,11.11,6.8422,42245.613,0.4,6.8721,259058.832,55.29,6.9528,15285.644,0.18,6.886,215955.921,49.45,6.9379,502054.886,76.24,,,,6.9543,55034.044,26.67,6.9508,57971.395,1.78,,,,7.0153,19920.831,2.05,6.9965,101269.473,78.19,,,,,,,7.0749,10419.085,4.35,,,,7.056,19910.202,0.59,,,,7.0971,50488.424,55.87,,,,2.4039,15523.018,23.32,,,,7.1451,156808.742,7.05,7.1448,20309.287,3.08,,,,7.1505,281197.622,15.35,,,,6.9873,14755.692,0.31,7.193,17694.758,9.18,,,,7.3559,25824.021,0.71,,,,7.375,28472.948,21.18,7.3793,100643.384,7.84,7.3222,115244.689,4.93,,,,7.5369,12695.604,1.47,7.4237,879051.797,37.59,7.4483,3382710.544,72.14,,,,7.4865,42404.869,13.04,7.4885,41326.155,17.1,2.565,156771.99,59.16,7.4509,34066.835,66,,,,7.5515,195120.061,20.02,7.5549,25061.032,1.95,,,,7.5895,94118.013,25.97,,,,7.6518,12828624.27,93.95,,,,7.7273,12450.57,5.15,2.7922,56316.921,13.47,7.7426,51943.315,8.34,7.7734,10963.47,0.23,7.7423,164199.852,4.54,7.7745,56727.238,27.49,7.8291,3850923.19,94.75,,,,7.9231,42110.178,0.39,8.0033,19568.205,48.84,7.9978,34653.525,2.7,8.0884,12359.812,3.11,2.854,40046.852,2.19,7.8994,17481.909,1.79,,,,8.0744,17702.936,0.38,8.2854,18531.263,1.01,7.9935,13690.999,0.62,8.0607,331742.438,54.02,8.0863,33483.392,44.95,,,,7.9214,137492.746,22.39,8.1538,29276.068,2.28,2.8677,19595.273,18.39,,,,8.1507,50346.077,2.26,8.1633,13545.215,1.38,,,,8.2373,11134.282,1.14,8.2653,65450.851,8.8,8.2891,35555.527,0.76,,,,8.339,17293.428,12.86,,,,,,,8.2464,54058.529,1.5,,,,8.4019,184365.547,29.57,8.4273,220286.548,2.37,8.4917,224829.488,6.22,8.6522,34292.117,11.38,,,,8.5207,6259021.04,57.99,8.6018,534802.165,85.38,2.9856,411320.107,97.2,8.6383,245149.053,19.47,8.7929,61044.17,1.31,8.7251,9046068.918,97.14,8.5132,13101.393,14.23,8.7789,51700.307,0.92,8.7668,39030.505,1.08,8.8941,25891.8,9.43,8.8275,225145.436,20.84,9.1056,31634.079,5.67,8.2648,24772.372,1.93,8.8924,461165.473,74.04,2.9817,157246.717,16.14,8.927,47502.468,4.85,8.8696,19472.472,0.18,,,,9.0397,35436.48,8.44,8.9688,330584.765,31.63,,,,9.0378,315088.61,30.15,,,,9.1158,42030.194,0.75,,,,3.1263,439378.681,60.02,9.1513,20318.114,0.56,,,,9.2114,1243887.473,68.65,,,,9.2194,2136658.767,98.01,9.2189,1377631.359,96.08,9.2388,195902.522,47.67,9.2817,1197161.425,93.65,9.2865,815287.978,96.35,9.2795,110429.986,6.03,3.1639,325150.165,77.32,9.2834,515201.449,52.61,9.0064,22441.015,9.29,9.3726,32426.487,2.77,9.153,11930.428,0.65,,,,,,,9.4532,234466.983,37.6,9.5162,13712.103,2,9.5044,49947.445,0.89,,,,3.3077,25253.094,6.01,3.2277,347661.153,29.74,3.3043,142049.456,22.09,3.3214,143711.748,27.44,3.3958,611158.373,75.08,,,,3.4947,29655.829,0.88,3.493,106868.768,5.92,3.5314,224459.641,47.78,3.5662,396913.152,59.87,3.6359,29990.913,1.05,3.7091,758947.371,93.1,3.8529,31029.172,1.09,3.9016,150965.909,17.5,,,,3.9496,214603.65,73.1,,,,4.0065,12607.051,0.67,4.1514,10693.753,1.01,4.0551,180031.126,42.87,4.0671,653080.991,61.2,4.0986,112079.929,25.2,,,,4.1675,154005.747,7.01,4.1996,376021.024,8.02,4.2041,372131.499,65.74,,,,4.1362,172226.511,39.01,4.2456,819498.222,76.07,4.3425,128847.909,6.83,4.3369,140399.71,4.92,4.3941,150808.22,4.2,,,,,,,,,,,,,4.4572,157256.334,1.15,4.4672,435285.652,41.01,4.5936,11565.854,0.25,,,,4.5888,674604.233,8.01,,,,,,,4.5846,896485.566,26.62,,,,4.6085,82398.798,20.74,0.9235,31639.91,9.08,4.6024,12774.304,3.04,4.618,24716.211,2.87,,,,4.7109,70282.425,1.35,4.7218,119215.166,19.01,4.8611,12269.286,1.42,,,,4.7628,144605.764,48.03,4.8149,2135575.196,40.87,,,,0.9276,69608.89,30.04,4.9495,15391.997,0.15,4.9122,2053576.428,39.3,4.8442,33898.78,2.64,,,,,,,5.0278,271873.939,80.64,5.0263,187996,9.96,5.0287,191403.449,19.68,,,,5.1605,216220.096,11.46,,,
158_2021_T_4n,,,,,,P1-B11,,1,,1.2884,21214.898,,8.98,,,,,5.0362,110528.38,1.1,,,,,,,5.1202,191592.717,18.26,5.2668,69003.448,12.06,5.1661,99042.955,19.18,,,,5.1731,93475.221,11.02,1.2848,608861.989,34.47,,,,5.183,27199.564,13.76,5.1625,36527.279,4.17,,,,5.3087,66553.41,0.19,5.3126,676767.747,11.46,,,,,,,,,,1.6492,150105.829,4.43,,,,5.4198,232263.109,3.85,5.4237,713524.984,22.59,5.4312,356496.495,15.35,5.4387,101970.72,2.83,,,,,,,,,,,,,5.5151,45990.478,8.04,1.6563,87787.213,30.44,5.5778,1470101.008,88.46,5.5902,13823.8,3.43,5.5916,440796.264,16.59,,,,5.7723,50535.844,5.77,,,,5.662,268318.572,0.77,5.6803,362724.767,10.52,5.6917,55840.042,2.33,5.8515,10206.763,2.03,,,,5.7237,146863.824,6.85,5.7979,14984.471,0.42,,,,,,,5.7998,126935.275,1.26,,,,5.8064,52631.629,64.71,,,,,,,,,,5.9786,71437.555,4.02,6.0056,306297.44,22.95,6.0374,37983.364,4.34,6.0341,167838.778,6.8,6.0805,50894.745,7.39,6.0728,778413.486,22.97,,,,6.0929,37725.037,2.19,6.1192,91609.431,70.01,6.3167,22866.274,3.32,,,,6.1447,18413.013,0.36,,,,6.1847,224710.787,2.23,6.188,128229.212,19.1,6.2487,59018.827,2.46,6.2517,40417.182,2.28,6.3404,32630.007,45.32,6.2923,733491.57,13.95,6.3274,458194.912,68.24,6.3537,37444.245,0.71,,,,6.3387,10659.316,1.55,6.3905,2084284.545,55.98,6.445,17370.767,4.31,6.6447,11656.989,6.69,,,,6.4206,16093.678,1.84,6.5464,18138.27,2.99,6.5589,118806.996,60.05,6.6495,12394.636,0.78,,,,2.1755,301866.112,33.8,6.5612,10028.416,0.19,6.6065,423336.726,11.76,6.6166,2800772.953,53.27,,,,,,,,,,,,,6.7049,440909.506,16.35,6.7869,31114.667,21.3,6.7518,22611.848,2.58,2.1651,149282.824,36.68,6.7503,533364.574,9.03,,,,6.8183,46056.387,1.28,,,,6.849,946673.963,16.03,6.8647,57910.889,13.83,6.9094,121257.992,25.06,,,,6.9303,48570.906,47.07,6.9398,90943.639,1.73,,,,6.8461,21831.616,3.03,6.9763,241825.689,67.72,6.9746,63029.801,21.39,7.0034,47243.564,38.94,7.0374,25304.334,1.96,,,,7.0646,13625.939,0.51,7.2742,14376.961,2.37,7.0741,385450.919,91.13,7.0962,10820.946,1.08,2.4134,22683.701,5.88,,,,7.1415,15320.956,0.71,7.1303,270857.116,55.99,7.3263,10064.485,1.46,7.1518,212377.888,13.41,7.2139,52840.55,30.33,7.1039,16240.405,0.05,7.1822,69456.108,24.06,,,,7.3327,35311.38,0.85,,,,7.3507,122440.811,12.24,7.3592,170342.809,3.21,7.3461,96656.513,7.24,7.3558,18604.264,2.7,7.315,11013.034,1.55,7.4761,88462.651,6.63,7.4122,29043260.66,82.88,7.5388,58027.666,11.76,7.4727,54773.72,18.32,7.4664,51764.192,15.52,2.5606,192779.184,46.6,7.5874,65957.838,4.88,7.5255,19977.762,30.85,7.5343,244908.662,24.41,7.5679,12106.505,0.23,,,,7.5522,139958.339,16.2,,,,7.6423,28792.409,3.49,,,,,,,2.8209,43290.649,13.22,7.7204,182881.974,10.73,7.7269,39137.955,0.11,7.726,115801.273,2.77,7.7614,19075.761,18.49,7.7923,3452313.228,93.97,,,,7.9163,345670.772,3.43,7.9732,1021908.747,96.89,7.9817,29920.041,0.56,8.0846,15204.896,2.66,2.851,40793.938,2.58,8.0625,36743.473,0.71,8.0175,101708.569,10.22,8.0344,284901.871,0.81,8.2557,16699.977,1.05,8.0609,204136.205,9.52,8.0639,39700.846,6.98,8.0614,156668.774,44.4,,,,8.1906,13932.105,2.45,8.0803,227695.071,4.3,2.8684,78488.5,37.09,8.0702,31586.261,0.6,8.1366,33779.54,1.58,8.1687,10174.869,0.2,,,,8.2644,78309.406,1.51,8.2356,63057.907,7.7,8.2767,233273.328,0.67,8.3554,19994.181,5.99,8.3207,763274.99,76.3,3.0023,49766.229,8.7,8.3189,12869.736,0.95,8.3046,25946.985,0.62,,,,8.375,253587.476,30.49,8.1993,28310.525,0.26,8.4804,788439.573,18.88,8.6451,28484.072,6.36,,,,8.4796,5393114.849,53.54,8.5568,1174331.255,87.92,2.9915,223188.201,42.77,8.6153,763312.764,25.61,8.7344,12784.947,0.36,8.6944,10941526.33,99.46,,,,8.7511,51525.283,1.59,8.7634,23572.308,0.56,8.8176,10759.907,1.08,8.8031,676763.972,44.25,9.0825,60642.045,12.32,8.3173,610135.135,11.51,8.8703,760854.053,44.62,2.9747,57334.022,5.71,8.904,104547.121,2.02,8.8879,95030.129,0.94,9.0066,24015.654,6.81,9.0068,20217.204,3.33,8.9527,982695.11,30.05,,,,9.0223,1246060.43,38.1,9.1661,19778.427,5.88,9.1173,61257.897,1.89,,,,3.1263,184229.689,25.7,9.2493,129620.549,3.1,,,,9.1909,3892237.208,74.2,9.1997,2299315.61,98.88,9.1984,6221514.655,99.64,9.2903,11159.259,0.48,9.4585,27187.029,15.41,9.2586,1821111.691,96.9,9.2648,1731036.086,95.65,9.2585,140174.219,8.85,3.1583,340006.116,76.79,9.2619,818687.848,15.81,9.5466,13242.652,3.97,9.3469,19044.806,2.07,9.4021,19286.327,1.22,9.3792,2371342.885,45.78,9.4627,14843.592,4.45,9.4246,88681.179,10.66,9.4959,25514.063,1.61,9.4793,395324.664,12.2,,,,,,,,,,3.2916,919021.524,53.28,3.286,1297852.817,95.87,3.3942,112534.13,18.87,3.373,101966.326,14.51,3.4739,158401.434,5.88,3.4813,641280.946,18.92,3.5342,41838.2,6.14,,,,3.6217,49557.866,1.48,3.6978,1965797.964,83.71,,,,3.8535,37714.126,1.12,3.98,13792.779,1.36,3.938,152028.692,88.91,3.9347,108026.773,42.76,,,,3.9823,196650,7.97,,,,4.0385,140918.103,23.21,4.0528,159989.517,20.86,4.0804,192643.311,27.42,,,,4.1606,305771.241,8.87,4.1818,438977.757,1.25,4.1869,469267.1,53.57,,,,4.2084,11413.944,3.81,4.2341,1577028.476,70.62,4.3179,294367.037,11.93,4.3269,228669.205,6.82,4.3767,135114.707,3.63,,,,,,,,,,,,,4.4268,60387.701,7.32,4.4847,193859.888,16.76,4.4706,24173.039,0.07,,,,4.5787,87453.991,1.48,4.4842,12056.449,2.99,,,,4.5681,129794.81,4.81,,,,4.5952,77201.876,13.49,0.9144,22384.057,3.87,4.5867,13400.802,2.21,4.6057,14908.98,2.09,,,,4.7,109666.104,1.82,4.7127,88804.275,18.36,,,,,,,4.7475,233015.365,57.87,4.7881,2680331.728,44.47,,,,0.9283,22081.969,9.35,4.9349,55191.419,1.53,4.8941,2251604.191,37.35,5.0517,37054.945,0.7,,,,,,,4.9343,49774.79,21.74,5.0087,1048517.425,42.49,5.0237,10896.265,1.51,5.12,12369.105,0.78,,,
172*_2012_T_2n,,,,,,P1-C10,,1,,,,,,,,,,,,,,,,,,,5.1833,46608.463,5.54,5.2697,29354.501,8.92,5.1707,94925.708,26.23,5.1929,18423.274,0.4,5.1842,39266.44,1.98,1.2881,573817.37,28.76,,,,5.1893,11188.933,5.34,5.1555,46794.267,4.26,,,,5.3871,12741.116,0.07,5.3088,3742749.421,27.99,5.4442,11566.023,1.57,,,,,,,1.6404,260972.651,7.63,,,,5.4178,400967.613,7.39,5.4164,534516.285,14.91,5.4247,496640.767,31.57,5.4374,11988844.12,91.5,,,,5.5815,10882.237,0.38,5.566,10358.261,3.1,,,,5.5326,21794.381,6.62,1.6501,185253.896,15.95,5.5673,1127648.305,73.12,,,,5.5862,231317.464,4.48,,,,5.6362,41216.036,3.75,5.5926,15730.097,0.37,5.652,188244.375,1.01,5.6764,682929.991,21.88,5.7137,35170.191,0.97,,,,1.6917,671512.58,49.24,5.7114,505054.183,10.82,5.7087,27102.648,0.21,5.7295,17795.139,3.03,,,,5.7836,415712.51,5.58,5.8001,378042.024,4.87,5.8174,313276.701,82.82,,,,5.9412,12544.935,1.04,,,,5.98,201868.149,5.02,6.0015,298127.877,9.11,,,,6.0314,134130.771,2.49,6.0309,635358.762,8.19,6.0725,436169.02,12.75,6.031,11261.16,0.08,,,,6.1147,77008.771,35.17,6.1194,753776.985,9.71,,,,6.123,19729.746,0.68,,,,6.1797,186835.152,2.51,6.1781,683499.95,48.82,6.2388,463435.923,12.73,6.2296,457273.987,11.37,6.3433,38714.159,17.61,6.2845,541250.911,11.78,6.328,621533.606,44.39,6.3733,43265.674,1.63,2.027,29180.214,7.92,6.3795,920430.771,11.86,6.395,2156138.499,51.33,,,,6.6541,26338.204,29.81,6.4939,58818.867,4.35,,,,6.5398,10225.577,1.15,6.5588,119396.48,38.21,6.5793,46926.627,1.1,,,,2.1653,124454.638,16.77,6.4841,12451.55,0.34,6.6009,196411.977,1.5,6.6099,2386524.458,51.95,6.638,123794.384,33.17,6.6744,95094.997,2.79,6.6799,87949.884,14.66,,,,6.6954,1900540.407,29.98,,,,,,,2.167,293029.875,48.01,6.7493,2224450.975,16.64,6.8182,16136.141,1.3,6.8272,26492.286,0.2,6.8896,17809.291,6.47,6.85,1194352.536,8.93,6.8917,47192.89,15.36,6.9189,639429.676,49.47,,,,7.0543,45612.146,45.82,6.9308,126485.675,2.75,,,,6.968,155731.121,1.63,6.9738,48179.759,37.77,,,,7.006,13594.817,7.41,6.9873,16742.707,3.5,,,,7.0699,64232.865,1.01,,,,7.08,133657.146,63.31,7.2339,40798.404,5.81,2.3974,164031.579,55.39,7.2342,17158.356,2.88,7.1181,294308.627,6.31,7.1299,484132.099,37.45,7.1972,17598.849,0.23,7.1498,349999.331,8.19,7.2012,13619.409,15.41,7.0385,10349.497,0.06,,,,,,,7.3369,22536.737,0.2,,,,7.3673,387361.672,55.2,7.3549,636023.038,17.55,7.3905,242274.425,7.4,7.3477,105996.112,1.37,7.4582,13254.845,1.09,7.4422,196895.833,6.01,7.4218,16364761.57,88.14,,,,7.4662,148656.111,30.69,7.4675,95581.714,7.64,2.5529,281184.307,60.99,7.4222,366913.597,84.23,,,,7.5391,49484.214,6.18,7.5855,14505.295,0.4,7.5525,13999.245,1.12,7.5589,93690.099,18.08,,,,7.6297,11591984.68,92.81,,,,,,,2.8244,23462.706,4.45,7.7186,50125.512,9.45,7.8942,11816.052,0.06,7.7338,2750252.506,24.6,,,,7.7879,6134651.236,96.13,,,,7.9247,15114.49,0.2,7.9875,38038.255,47.13,8.033,23557.717,0.65,8.1614,17855.937,5.42,2.8488,55881.823,1.31,7.8657,18245.518,0.63,8.0118,155502.394,6.03,8.0991,24416.302,0.13,8.0305,324522.974,7.59,8.0606,31634.7,0.68,8.0474,109688.157,8.66,8.0576,75982.756,41.64,8.0044,41612.65,4.68,8.1343,49240.149,3.89,8.118,10939.954,0.3,2.8685,26239.611,13.13,8.0363,37651.978,1.42,8.1364,56684.563,1.21,8.1466,12115.076,0.42,8.2541,14421.088,1.94,8.1208,16354.165,0.56,8.2351,44078.741,4.23,8.2779,132241.869,0.71,8.2996,16380.672,1.31,8.3109,86417.271,12.32,3.0061,27198.806,8.26,,,,8.3913,233661.079,2.09,,,,8.3723,73097.485,13.8,8.4057,280559.228,3.43,8.4626,1729115.989,15.46,8.4569,6181736.169,46.4,,,,8.4991,636001.082,8.54,8.571,397669.932,68.84,2.9967,36986.269,17.32,8.6134,215832.452,10.55,8.6309,14754.273,0.8,8.6981,7850113.594,95.87,,,,8.7417,64727.254,2.55,8.7803,60397.041,0.54,8.8655,145418.494,5.64,8.8001,657847.186,34.27,9.0109,17011.465,1.23,8.3035,129052.976,3.56,8.8745,365943.893,68.97,2.9888,95368.777,11.91,8.8871,33987.555,1.17,8.8758,846053.656,11.37,,,,9.0076,28459.117,3.2,8.944,642362.742,33.46,,,,9.0194,717417.196,37.37,9.1599,15679.209,3.79,9.0519,74181.55,2.92,9.0838,634080.312,4.76,3.1128,315517.823,55.57,9.1508,722263.367,6.46,9.0987,11823.419,4.02,9.1916,1510997.092,56.89,9.1948,1061043.555,74.46,9.1988,3154051.494,98.95,9.3644,10281.569,0.72,9.2168,146776.796,25.8,9.2557,825463.374,100,9.2638,1077346.525,91.61,9.282,653700.686,15.3,3.1538,786970.061,91.48,9.2538,610984.088,21.07,9.3276,195600.153,15.63,9.3451,62350.735,3.68,9.3794,178849.017,4.19,9.3796,565733.343,19.51,9.3822,39802.858,3.18,9.4257,232550.282,43.91,9.6553,146501.704,9.58,9.5934,19501.59,0.77,,,,,,,3.2056,206351.681,12.19,3.2825,1967465.363,82,3.287,1836498.529,88.23,3.3942,540330.414,41.69,3.3649,157275.102,12.25,3.4749,137860.57,2.17,3.4768,740328.049,21.64,3.5288,138158.321,29.95,3.5477,354339.559,70.13,3.6226,288299.566,5.11,3.7011,2496741.691,88.29,,,,,,,3.8815,178415.411,16.38,3.9354,46949.897,16.63,3.9337,11775.595,7.07,,,,3.9948,368251.713,6.84,4.1214,65524.264,5.8,4.0407,358957.404,40.34,4.0531,22865.85,3.73,4.0817,279871.33,30.24,4.1752,17682.817,12.4,4.1558,668297.309,21.41,4.183,737379.065,3.97,4.191,732991.699,66.7,4.169,13031.654,0.36,4.2055,436261.713,36.55,4.2329,628222.594,58.77,4.313,627381.065,11.66,4.3072,320558.508,5.68,4.3772,115101.465,2.74,,,,,,,,,,,,,4.4308,146390.173,1.17,4.4454,407603.72,36.07,,,,,,,4.5654,581728.072,4.35,,,,4.5851,317848.575,26.92,4.5686,809642.002,12.77,4.592,13036.448,0.17,4.6032,48557.637,14.75,0.9208,77379.327,12.87,4.5708,25134.654,2.82,4.7221,14557.397,1.2,,,,4.6827,194795.044,3.59,4.7066,485028.098,47.53,4.7393,14354.602,1.19,,,,4.7416,133394.678,30.18,4.7889,1977543.614,36.42,,,,0.9291,80775.099,25.4,4.9322,36866.295,0.28,4.892,1809132.603,33.32,5.0504,55622.321,1.53,,,,,,,5.016,13113.133,13.66,5.0047,2246731.572,41.75,4.9904,20125.29,0.21,5.0691,13501.632,0.32,5.0957,14886.826,0.28
172_2021_T_2n,,,,,,P1-B2,,1,,,,,,,,,,,,,,,,,,,5.1758,27541.049,5.86,5.3164,16672.539,9.7,5.1852,46842.956,17.53,5.2119,17860.296,0.56,5.1903,153928.593,19.04,1.2893,227552.726,21.08,,,,,,,5.1869,25661.563,5.05,,,,5.3231,11284.096,0.11,5.3257,2112892.545,32,5.2525,10954.834,1.2,,,,,,,1.6328,251087.996,14.25,,,,5.4504,201205.753,5.53,5.4419,953114.712,42.88,5.4493,947252.133,56.09,5.4704,5484332.228,88.36,,,,5.6094,11338.246,0.68,,,,,,,,,,1.636,225875.53,38.1,5.5977,514499.547,71.07,,,,5.6077,154008.905,7.85,,,,5.7926,30454.037,6,5.6867,46935.569,1.4,5.6818,53337.117,0.52,5.6892,405890.448,20.8,5.7019,28221.443,1.53,,,,1.7052,528911.465,68.55,5.7196,15186.935,1.03,5.7447,59776.344,0.96,,,,,,,5.8064,133722.597,2.61,5.8206,399849.412,14.77,5.8409,88950.913,88.11,,,,,,,,,,5.9913,93232.539,6.18,6.0289,279589.04,19.31,,,,6.0495,63966.058,2.52,6.0565,601655.817,22.23,6.0819,110577.399,6.28,6.0515,10665.294,0.36,6.1241,62175.276,6.45,6.1411,85874.115,87.88,6.1438,455293.01,16.82,,,,6.1698,13356.824,0.8,,,,6.1965,42666.028,0.83,6.1959,180232.871,52.09,6.264,73153.337,3.98,6.2598,101060.881,6.7,6.2239,17724.863,12.99,6.3028,391951.94,12.31,6.3445,154204.35,44.56,6.3964,87586.264,8.82,2.0342,53406.238,28.61,6.3946,580030.708,21.43,6.4205,2056210.047,56.42,,,,,,,6.5103,21418.356,5.06,,,,,,,,,,6.6481,112200.902,3.36,,,,2.1545,57651.259,20.98,6.6945,11465.479,0.73,6.6323,124675.536,2.01,6.6356,1186942.399,37.28,6.6548,77482.17,36.35,,,,,,,,,,6.7574,503312.211,23.24,,,,,,,2.178,67718.93,44.22,6.7715,845909.054,12.81,6.8537,12090.781,2.31,,,,,,,6.8633,723250.902,10.95,6.8786,35026.956,50.96,6.9375,128714.914,55.89,,,,,,,6.9589,334100.017,10.49,,,,6.983,67015.9,4.24,7.0027,23212.68,65.5,,,,,,,7.061,15714.212,5.19,,,,7.0697,12130.497,0.56,,,,7.1091,31384.251,27.15,,,,2.4079,22111.232,42.65,,,,7.1385,74787.995,5.09,7.1555,87548.275,38.01,7.1004,13290.805,0.49,7.1523,410227.513,12.27,,,,,,,,,,,,,7.2442,15225.74,0.53,,,,7.3802,90987.893,67.02,7.3842,144854.978,9.25,7.3077,548597.637,37.89,7.3566,15712.889,0.58,7.5456,18295.819,3.47,7.4213,180229.875,12.45,7.4534,9449312.255,91.86,7.4188,10285.204,5.67,7.5022,34894.052,27.92,7.4955,31257.242,5.78,2.5559,70608.229,59.05,7.4527,188127.451,88.21,,,,7.559,31120.788,10.54,7.4492,154537.396,9.87,,,,7.6021,52246.905,22.28,,,,7.6592,4623855.418,95.17,,,,,,,2.808,10703.197,3.42,7.7442,74389.033,30.35,7.6624,12369.336,0.12,7.7626,234777.759,8.11,,,,7.8291,2821269.115,99.15,,,,7.9345,27998.887,0.55,,,,8.1625,10808.559,0.69,8.1717,11428.975,6.65,,,,7.9924,11131.75,0.67,8.0251,11147.819,1.07,,,,8.0542,57141.471,1.71,,,,8.074,47216.297,6.15,8.0883,29634.867,20.47,8.0396,51648.239,13.05,8.1666,60270.286,7.85,8.1256,22647.625,1.45,,,,8.3328,13804.566,1.39,,,,,,,,,,8.5028,11662.27,0.7,,,,8.3094,82362.459,0.8,,,,8.3472,44773.746,32.98,3.0376,10876.361,6.33,,,,8.4114,30978.043,1.07,,,,8.4064,53240.754,18.67,8.4395,102528.298,2.07,8.4957,964010.597,33.3,8.489,1527469.341,51.53,,,,8.5213,2485401.672,48.48,8.6028,214285.846,64.16,2.9852,195388.859,47.56,8.6356,61201.479,10.51,8.6754,14724.892,0.94,8.7298,4829651.952,97.62,,,,8.7711,84124.938,10.03,8.7792,40690.815,1.41,8.7606,63458.574,6.07,8.8342,137624.678,33.31,9.0094,13805.135,2.9,8.2724,15884.501,1.01,8.8967,49562.244,20.22,2.9638,33753.219,11.43,8.9198,37289.996,2.24,8.9018,134149.895,2.62,,,,8.6739,10744.846,2.71,8.9701,49323.189,21.02,,,,9.0513,63544.821,27.08,9.2645,52432.32,11.41,9.1553,52544.961,6.26,9.1042,232262.415,7.84,3.1351,43277.343,20.85,9.1155,346356.108,11.96,9.1132,27249.409,29.82,9.2136,493971.126,49.72,9.1216,29528.388,6.04,9.224,300499.54,92.47,9.2186,437737.022,89.54,9.249,92167.827,44.27,9.289,306329.226,96.73,9.292,83437.691,88.3,9.3294,1077569.481,32.23,3.1652,237239.597,88.35,9.2882,182661.317,10.96,9.3436,32788.029,6.06,9.3637,20581.561,2.19,9.3998,226071.619,6.76,9.4002,886687.333,53.2,,,,9.4534,90849.521,31.86,9.5351,10121.66,2.51,9.5087,17189.218,2.05,,,,,,,3.2198,329626.084,35.03,3.3059,469079.332,48.64,3.305,906082.752,90.29,3.3836,122091.985,42.75,3.4814,10041.987,2.02,3.4777,156381.982,7.22,3.4935,281845.789,15.99,3.5359,132827.005,31.73,3.5554,512060.547,77.02,3.6328,80393.908,2.44,3.7145,676524.339,92.71,,,,,,,3.8981,130748.422,19.59,3.9422,28778.861,13.25,3.951,12656.328,47.65,,,,3.9867,63776.571,2.52,4.1333,10034.346,1.39,4.059,231051.71,58.37,4.0722,45348.649,16.48,4.0963,147539.841,35.23,,,,4.1643,309462.49,15.86,4.2066,322386.225,3.13,4.2086,365797.495,72.04,,,,4.2116,343449.885,52.9,4.2539,543715.98,83.43,4.3206,301633.053,11.91,4.3229,133251.015,4.05,4.3914,259777.351,7.13,,,,,,,,,,,,,4.4554,27836.574,0.57,4.4699,185470.733,25.61,,,,,,,4.5842,209644.42,3.18,,,,4.5896,99092.529,15.96,4.5808,238715.649,11.02,,,,,,,0.9138,58637.216,16.82,4.5832,11990.161,3.03,,,,,,,4.7095,83123.42,2.29,4.7231,63948.955,12.83,4.7458,12098.851,2.29,,,,4.7601,19062.012,27.07,4.8167,1617622.361,44.47,,,,0.9164,72959.592,43.23,4.9582,19271.758,0.31,4.9208,1391003.62,38.24,4.8564,33928.072,2.17,,,,,,,,,,5.0166,1250823.792,49.37,,,,5.1244,17019.514,0.51,5.1554,108822.756,4.3
192_2012_T_2n,,,,,,P1-C4,,1,,,,,,,,,,5.0706,97928.385,1.4,,,,,,,5.1269,90024.969,14.99,5.2703,17310.72,7.62,5.167,78411.73,25.19,5.1894,11302.119,0.42,5.1707,41121.763,3.05,1.2961,42252.267,3.27,,,,,,,5.1567,41560.911,3.71,,,,5.3759,13818.349,0.21,5.3112,2799561.445,26.65,5.4286,19577.753,4.88,,,,,,,1.6578,36125.719,1.71,,,,5.4205,434906.364,7.23,5.438,71298.162,2.93,5.4593,148947.268,13.05,5.4381,11475632.31,92.18,,,,,,,,,,,,,,,,1.6445,41269.883,11.08,5.5689,757605.446,76.57,,,,5.6666,14425.463,0.24,,,,5.6119,25601.685,2.29,,,,5.6593,185692.479,2.82,5.6787,423151.31,19.57,5.6948,87739.671,3.51,,,,,,,5.7232,278699.344,9.52,5.7129,43136.585,0.35,,,,,,,5.7872,402421.15,5.75,,,,5.8159,68508.348,46.39,,,,5.9481,16152.108,1.62,,,,5.9787,377040.622,11.64,6.0094,353753.629,12.27,,,,6.0325,191644.538,9.47,,,,6.0731,581771.996,27.6,6.0444,50397.476,16.47,6.0946,13594.308,2.75,6.1193,75885.939,61.79,,,,,,,6.1395,22027.727,1.26,,,,6.177,215115.484,3.07,6.182,722450.744,75.4,6.2357,582393.32,23.27,6.2401,543135.803,16.77,6.1689,40563.543,18.4,6.2857,1246618.554,45.85,6.3258,30313.094,3.16,6.3666,42815.349,1.5,2.0136,47117.12,28.14,,,,6.3909,1206580.02,37.67,,,,,,,,,,,,,6.5474,27605.222,3.71,6.5593,56432.523,21.23,6.6278,19383.734,1.99,6.7514,19632.746,5.49,2.1713,155924.452,13.62,6.4968,14726.174,0.7,6.6111,66392.178,0.53,6.6165,530283.626,19.5,6.6324,396880.848,65.09,6.6819,15272.933,3.16,6.6757,22003.977,5.87,,,,6.7472,1032908.16,22.17,,,,6.9549,83775.22,7.48,2.174,304713.786,33.53,6.7562,2450649.629,23.33,,,,6.8162,11112.922,0.09,6.8661,225882.148,63.75,6.9165,25773.364,0.25,6.884,268833.919,63.89,6.9182,408898.424,60.43,,,,6.9253,17698.638,10.11,6.9264,26896.74,0.99,,,,6.8576,71049.938,9.87,6.9708,78102.004,56.78,,,,,,,7.2797,20000.023,2.3,,,,7.0647,22659.028,0.49,,,,7.0728,206293.871,81.18,7.2455,13749.48,1.78,2.3967,37822.575,15.19,,,,7.1147,560947.58,19.16,7.131,21046.026,3.11,,,,7.143,207495.628,21.31,,,,7.1468,12935.275,0.2,,,,7.148,14207.23,1.27,7.2844,25640.049,1.16,,,,7.3585,492106.569,63.71,7.356,890147.041,42.06,7.2973,964595.262,33.45,7.3566,82007.936,24.3,7.5294,67640.768,6.76,7.4106,652921.764,22.64,7.4275,3823221.37,58.16,,,,7.4663,171849.68,33.14,7.4681,162735.464,45.48,2.5562,533682.475,97.25,7.4348,36088.143,68.96,,,,7.5272,35554.95,3.46,,,,,,,7.5633,105173.191,23.59,7.5967,23001.492,15.2,7.628,14996565.4,93.18,,,,,,,2.8095,33436.315,6.98,7.7245,32943.417,3.49,7.6454,14733.307,0.22,7.7176,206111.453,9.31,7.7318,45096.28,25.75,7.7945,4174248.273,94.6,7.9053,29421.399,3.95,7.9432,10746.269,0.15,7.9849,69073.515,100,,,,8.1559,31367.634,13.8,2.8667,13668.5,1.4,7.8605,22735.99,1.3,8.014,326232.559,21.3,7.935,11657.478,0.18,,,,7.9568,15902.288,0.54,8.0452,264917.149,40.47,8.0611,168029.505,66.64,,,,7.9044,48854.028,7.46,8.124,23269.917,1.1,2.8642,15158.453,37.27,8.303,14649.974,0.51,8.1327,36040.322,1.23,,,,8.2421,64467.147,5.63,8.5011,88140.836,5.04,8.2353,102166.436,20.41,8.2725,11277.598,0.17,,,,8.3176,102652.152,13.29,,,,,,,8.4156,24679.722,1.11,,,,8.3741,160674.164,32.66,8.4007,369181.667,2.99,8.4948,212206.294,9.59,8.6342,16775.53,5.48,8.2587,15697.676,2.03,8.4927,716327.981,10.24,8.5691,1008024.106,88.94,2.9797,35368.736,43.08,8.618,693914.869,22.77,8.4967,473499.526,26.7,8.7,11924410.22,96.73,,,,8.7518,44236.97,2.48,8.7844,18832.342,0.85,8.8127,156161.283,10.2,8.8029,1073777.505,36.43,9.0836,19675.191,4.57,8.2719,30170.897,1.43,8.8707,801358.486,84.97,2.9623,369006.322,35.93,8.901,32615.97,1.87,8.8829,149057.036,2.13,8.7768,18097.557,7.18,8.9326,11089.228,1.49,8.9519,326027.595,33.89,,,,9.026,352053.828,36.59,8.8649,13285.16,6.35,9.1101,12857.781,0.72,,,,3.1246,143609.541,17.56,9.2311,28593.078,1.29,,,,9.1929,1677788.12,58.68,9.1971,1662468.515,93.75,9.2,2761440.878,100,9.4851,26166.306,1.48,9.2231,426818.759,51.2,9.2621,1664590.385,96.5,9.2667,1345551.148,100,9.2665,140463.062,14.43,3.1528,192964.876,70.97,9.265,724627.268,41.45,,,,9.3458,255761.931,18.27,9.475,12527.073,1.29,9.3926,267723.294,15.32,9.5378,10088.525,2.82,9.4256,148975.771,30.28,9.522,15698.822,0.86,9.3691,23104.028,1.29,,,,,,,,,,3.2934,309128.725,62.6,3.2924,681571.132,83.73,3.4005,274131.744,35.46,3.3589,58461.61,7.77,3.4829,53557.17,1.15,3.4882,241393.538,11.45,3.5226,260453.706,60.74,,,,3.6212,168081.954,5.28,3.6924,1530742.491,84.02,3.8016,10717.082,7.53,,,,3.8977,58312.609,4.47,3.9337,38272.303,15.34,,,,,,,4.0468,201015.444,9.93,4.1251,32199.111,2.7,4.037,283868.482,38.14,4.0378,12188.108,2.07,4.0857,282821.667,40.1,,,,4.1604,355955.995,16.46,4.1847,613144.658,9.33,4.1825,720940.353,64.38,4.1808,16090.867,0.76,4.2034,30044.76,6.34,4.228,685956.163,75.37,4.311,76243.557,3.77,4.3205,47063.674,1.48,4.3743,281768.202,8.8,,,,,,,,,,,,,4.4324,81158.906,0.5,4.4487,537027.345,44.97,4.4589,13395.068,0.2,,,,4.5774,1211850.895,11.54,4.4664,10097.949,1.48,,,,4.5763,1723922.73,37,,,,4.5975,42104.156,18.52,0.9016,163323.253,40.02,4.5592,30864.223,4.15,,,,,,,4.6823,366442.51,6.09,4.7062,331422.163,49.01,4.7299,23124.648,2.31,,,,4.7488,98523.171,14.45,4.7929,2540873.104,42.22,4.8637,10943.775,2.78,,,,4.7429,26191.294,0.21,4.8925,2233678.212,37.11,5.0424,30144.989,1.42,,,,,,,5.0034,26861.428,19.98,5.0022,254235.834,12.56,4.9976,38341.931,5.32,,,,5.1416,124611.328,6.16
211_2012_T_4n,,,,,,P1-C8,,1,,,,,,,,,,5.0627,15215.988,0.31,5.0612,782992.267,8.3,,,,5.1202,85222.925,14.6,5.1464,153473.908,2.21,,,,5.1816,867963.619,21.7,5.184,24343.829,3.55,1.2846,218718.379,25.51,5.1998,13461.326,0.72,5.1865,35889.88,48.82,5.195,39002.602,4.89,5.2523,4431655.66,47.3,5.3434,34088.106,1.37,5.3202,409617.734,8.57,,,,5.3658,2109033.236,22.36,,,,1.6279,111928.785,4.85,5.4626,17819.338,7.61,5.4191,403527.691,8.39,5.4385,234456.296,13.29,5.4394,236502.576,26.99,5.453,47890.085,19.27,,,,,,,,,,5.372,89927.253,24.75,5.5327,1997990.75,28.73,,,,5.5635,1102934.441,97.05,5.4968,55471.63,15.86,,,,5.5277,91211.657,2.93,5.6107,13605.993,1.7,5.5329,53629.255,0.56,5.6551,142778.706,5.73,5.6808,414892.464,20.01,5.7146,37851.573,1.87,,,,,,,5.7198,414524.312,18.49,,,,,,,5.8023,333786.33,3.54,5.8001,89739.856,1.8,5.7965,115691.564,3.72,5.8149,126370.478,77.21,6.0025,1242254.6,13.17,5.938,77756.19,1.61,,,,5.9737,371363.904,13.48,6.0107,113183.522,7.89,6.0455,12685.623,1.59,6.0336,91269.315,7.53,5.9978,295992.843,9.52,6.0761,225544.643,9.76,,,,6.0921,34528.419,7.97,6.1172,163195.376,23.77,6.1436,12312.683,0.4,,,,6.1535,772619.703,7.16,6.1475,29263.499,9.15,6.1831,120225.487,2.41,6.1888,359486.726,59.89,6.2421,484938.15,23.96,6.2376,432110.189,15.69,,,,6.285,466964.852,11.67,6.332,127195.069,21.19,6.3495,148965.538,6.02,,,,6.3491,20822.201,0.67,6.4002,733878.687,27.7,6.4504,11629.134,3.33,6.4899,233844.572,48.93,,,,6.61,164138.3,20.57,6.5408,346074.648,3.67,6.5611,83752.526,19.27,6.4905,14407.067,0.15,6.5459,19425.258,0.14,2.1763,659598.575,51.81,6.5832,78272.484,0.84,,,,6.622,879747.587,21.99,,,,,,,,,,6.7083,336887.663,3.57,6.6994,931754.156,22.79,6.8221,475828.739,20.65,6.7773,10263.051,1.29,2.2034,89375.812,7.41,6.7482,691908.114,14.48,6.8179,4696269.973,34.67,,,,6.8798,62714.742,33.36,6.8689,61276.419,1.28,6.8743,149475.755,56.06,6.9194,342910.59,57.03,6.9284,12602.977,0.13,,,,6.9397,43236.633,1.08,,,,6.8683,35355.052,14.11,6.8219,1184835.937,19.91,,,,7.0056,87450.636,26.06,7.0603,51261.442,8.74,,,,7.054,19971.371,0.49,7.081,613981.166,6.51,,,,7.158,13238.999,0.51,2.4006,15381.675,9.33,,,,7.1266,165305.106,7.37,7.1343,54065.531,8.99,7.0867,43984.499,1.41,7.1479,25180.554,0.26,7.2247,41437.32,8.67,7.2071,11383.969,0.46,7.1743,13270.085,5.52,,,,7.3845,18938.66,0.15,,,,,,,7.438,18703.574,0.2,7.405,53465.792,3.73,7.4681,211298.729,6.79,7.5181,13206.195,0.27,7.4157,103985.506,7.25,7.4499,39088.538,1.57,7.4654,42054.421,10.46,,,,7.5726,3307891.286,24.31,2.5456,410589.674,74.73,7.4996,18634.334,5.13,7.5214,32751.563,49.38,7.5195,24769.878,5.76,7.4708,46165.936,0.49,7.6001,2312291.064,16.99,7.5587,491310.276,48.71,,,,7.635,43958.695,3.8,,,,7.7329,10507.195,0.08,2.8196,36963.738,9.04,7.7261,31022.759,3.94,7.7367,20139.057,0.81,7.7231,53051.885,0.42,,,,7.7941,6060254.592,96.43,7.8856,60332.268,0.64,7.9108,98024.795,1.97,,,,7.96,65324.808,0.7,7.9716,48363.439,0.7,2.8651,15247.356,0.16,7.9553,52750.769,0.49,7.9965,29802.054,3.15,8.0305,50592.427,2.03,7.9758,16455.822,0.17,7.9224,12368.611,0.55,8.0398,72111.129,15.53,8.0587,154282.417,8.36,8.0921,105291.563,1.12,7.9308,81118.278,17.48,8.071,122130.373,1.3,2.8562,90479.997,53.29,8.1429,54328.286,2.19,8.1352,37323.421,1.66,8.1353,44546.839,0.41,8.2426,161159.257,12.66,8.3662,37719.206,0.35,8.2383,116791.668,5.92,8.3159,37617.367,1.51,8.2766,39023.225,0.29,8.3274,23872.108,0.91,,,,8.1206,17642.209,4.85,8.3252,27629.338,0.22,8.3734,21371.094,33.96,8.3638,238069.508,17.07,8.4021,4108156.968,83.94,8.4791,34989.412,0.27,8.738,326447.01,29.82,8.4932,25758.214,0.99,8.4933,286701.761,5.75,8.561,420040.646,44.71,3.0014,12353.898,6.75,8.6164,557270.032,17.95,8.497,125022.257,42.83,8.6891,699346.914,14.29,8.7422,2706954.154,88.13,8.7351,10251991.56,83.79,8.7469,8662724.535,67.84,8.8478,28754.421,3.04,8.8084,543030.549,53.58,8.7431,131323.692,20.04,8.2337,13924.907,0.15,8.8765,681405.271,86.53,2.9652,174319.58,40.56,8.876,436391.075,4.05,8.8837,151343.173,3.04,8.9242,67465.081,3.66,8.9175,484246.505,5.13,8.9517,310857.4,16.62,9.1051,12575.039,12.3,9.0189,392046.017,20.96,,,,9.0984,35547.936,0.29,,,,3.1177,114218.484,15.12,9.1721,18532.308,0.15,,,,9.1911,27764.686,1.12,9.197,29532.713,53.25,,,,,,,9.2165,140501.862,49.73,9.2605,904689.567,49.78,9.2655,464592.399,84.17,9.2639,120613.423,1.26,3.1597,28722.261,44.71,9.2619,740478.162,6.86,9.2687,506296.598,3.72,9.3487,210079.615,10.55,9.4107,422368.585,4.42,9.4087,868160.705,8.05,9.4051,1343193.778,9.87,9.4403,21767.954,1.56,9.5394,97366.649,5.15,9.5078,16153.882,0.13,,,,,,,3.2064,338049.219,16.98,3.2906,30087.511,6.94,3.2867,200178.942,47.33,3.3865,461671.369,37.09,3.3745,20772.96,10.22,3.4853,34417.759,0.84,3.4871,932075.498,40.35,3.5219,73608.878,36.26,3.5447,382563.41,58.5,3.6324,135703.147,5.3,3.6931,1322668.388,87.69,,,,,,,,,,3.9323,2237338.387,92.89,,,,,,,3.9925,55330.674,4.56,,,,4.0401,240880.96,2.55,4.0589,90433.356,14.38,4.0834,289483.64,45.21,4.1052,101509.599,79.62,4.157,509458.193,24.56,4.1698,24701.705,0.99,4.1809,18928.398,2.37,,,,4.1257,78538.805,36.62,4.2361,1103047.084,74.83,4.3325,20275.217,1.67,4.3339,35364.34,1.38,4.3744,580164.196,21.9,,,,4.3246,27264.225,0.29,4.308,307732.549,6.36,4.3204,411573.501,5.92,4.4397,47045.323,4.06,,,,4.4734,10283.104,0.41,,,,4.5676,1166882.934,24.42,4.4742,23417.978,6.7,,,,4.5858,1378123.333,33.7,4.5649,14523.805,0.47,4.5908,38690.619,0.56,0.9153,41566.347,10.55,4.5692,80182.416,0.85,4.7055,12821.317,0.27,4.66,718905.041,38.44,4.6882,99963.557,2.08,4.717,260179.247,63.29,4.8339,18382.311,0.38,,,,,,,4.7883,1732563.753,36.01,4.8537,9402528.013,76.96,,,,,,,4.9004,1731543.095,35.99,5.0542,208443.008,2.22,4.8275,1812106.954,26.06,5.088,14650.201,4.19,,,,5.0132,147428.882,12.16,5.0034,21028.627,8.39,,,,5.1301,10444.824,0.86
211_2021_T_4n,,,,,,P1-B4,,1,,,,,,,,,,5.049,68211.662,1.05,5.0809,547700.581,7.01,,,,5.1367,69453.113,13.32,5.1656,381444.501,4.44,,,,5.2077,283733.356,7.35,5.1811,106558.577,21.65,1.2826,389873.432,27.45,5.2218,10107.022,0.48,5.2083,43312.478,40.7,5.2235,83030.91,8.64,5.2715,3552140.948,44.26,5.3528,27371.468,1.91,5.3267,763191.977,15.81,,,,5.387,1667512.171,21.35,,,,1.6306,70233.202,2.91,5.4757,18494.056,6.38,5.4441,609589.919,10.8,5.4489,308832.818,18.05,5.4442,176958.815,16.87,5.4793,24507.32,6.23,,,,,,,,,,5.3919,67042.865,11.72,5.5475,2546901.542,29.65,1.667,18208.928,7.93,5.592,735834.977,93.5,5.5244,49575.647,17.71,,,,5.5515,119424.856,4.37,5.535,12075.421,1.26,5.722,10325.008,0.12,5.6839,146599.159,10.24,5.6891,246814.941,11.74,5.7004,26950.617,1.49,,,,,,,5.7299,154788.829,7.43,,,,,,,5.8232,230605.613,2.95,5.8147,77536.166,1.2,5.8205,80310.06,2.94,5.8436,76504.279,100,6.0247,802312.642,10.27,6.0356,14142.348,0.29,1.821,29078.7,1.98,5.989,212246.428,11.66,6.028,170110.098,10.15,6.0843,11383.737,1.18,6.0574,104754.487,10,6.0253,181996.169,6.67,6.0901,296107.133,12.28,,,,6.1302,11421.45,4.8,6.1446,135804.768,21.82,,,,,,,6.1712,430741.612,4.78,,,,6.2006,164412.068,2.54,6.2031,645853.215,62.86,6.2511,257020.166,14.22,6.245,177421.762,9.75,6.3402,13477.644,15.96,6.3032,570102.34,14.76,6.3416,209893.166,20.43,6.3677,119436.945,4.87,,,,6.5665,147733.059,5.41,6.4144,1531575.66,45.83,6.4771,20156.347,7.2,6.5125,747565.521,62.02,,,,6.6374,240242.06,25,6.5633,373930.132,4.79,6.583,99065.186,13.46,6.637,24700.149,0.28,6.5681,30876.701,0.27,2.1684,351974.879,23.36,6.5962,58023.818,0.72,6.4667,10848.623,2.76,6.6347,1013774.568,26.25,,,,,,,6.5599,12208.966,3.81,6.7282,258061.537,3.3,6.7631,546383.661,19.38,6.8461,455331.986,27.07,6.7771,37182.389,3.87,2.1814,685584.248,45.15,6.7691,884331.431,18.32,6.8462,4466478.985,39.23,,,,6.8907,54827.327,19.61,6.8708,202066.95,4.19,6.8814,83172.2,19.8,6.9394,538091.203,59.16,6.9756,11948.437,0.15,,,,6.952,28405.79,0.74,,,,6.8835,40201.862,10.99,6.9293,12099.293,0.29,7.0089,12874.359,7.5,7.0275,234143.877,50.34,7.0882,60275.728,6.13,,,,7.0869,136680.645,4.85,7.1046,509120.091,6.52,,,,7.1231,68513.535,2.71,2.3806,16402.541,12.67,,,,7.1586,69434.17,3.33,7.1524,131448.233,14.45,7.1162,23623.857,0.87,7.1651,137362.674,1.54,7.2447,97154.852,8.06,7.0523,37271.868,2.6,7.2031,24623.373,16.4,,,,7.3909,17628.996,0.22,,,,,,,7.3645,21462.32,0.27,7.313,190085.397,11.34,7.4905,239766.613,8.78,,,,7.4282,657776.932,39.24,7.4581,54320.141,3.79,7.4972,79404.84,19.03,,,,,,,2.568,110135.011,39.31,7.7264,10415.133,1.82,7.5467,112011.99,63.19,7.5468,113881.606,19.14,7.5398,20908.467,0.26,7.6145,5276920.064,45.95,7.5905,246860.322,37.49,,,,7.671,30596.072,2.67,,,,7.7555,39761.948,0.35,,,,7.7484,105898.55,7.66,7.6784,14098.88,0.98,7.7443,46842.739,0.57,,,,7.8319,4388673.494,96.39,7.9097,23031.872,0.29,7.9467,95331.428,1.47,8.0039,53436.192,84.11,7.9882,65761.461,0.82,7.9973,27905.748,0.32,2.8292,14339.795,0.16,7.9789,11524.079,0.13,8.0021,68252.942,9.82,8.0575,47705.517,3.33,8.2834,27521.708,0.31,8.0782,17864.028,0.86,8.0694,95245.32,22.08,8.0868,120243.424,8.37,8.1176,58328.818,0.75,7.931,78683.007,18.24,8.098,84656.306,1.05,2.882,45751.569,38.02,8.0987,96998.915,3.95,8.1611,196856.763,9.44,8.1618,58242.583,0.65,,,,8.2851,28574.798,0.32,8.2747,58033.102,3.78,8.2813,11589.182,0.81,,,,8.3568,22390.035,0.89,,,,8.3697,27804.741,4.86,,,,8.4047,11832.734,24.57,8.3947,197076.514,13.56,8.4337,3669665.578,87.8,8.5194,464051.822,5.68,,,,8.5246,24028.025,0.95,8.5222,3055187.745,47.24,8.5921,270235.456,40.39,3.0062,144880.345,54.14,8.642,876872.204,31.5,8.6715,58133.766,3.43,8.7223,421981.408,10.1,8.7679,1058070.712,82.1,8.7677,7554013.569,82.75,8.7683,5500518.713,67.38,8.8695,12458.268,1.79,8.8339,429283.343,46.12,8.7686,79796.294,10.76,,,,8.8969,1005198.838,72.68,2.975,15009.885,2.52,8.8972,180205.355,2,8.8905,61876.792,0.96,8.9472,249743.96,17.38,8.9439,889570.576,11.39,8.9774,386652.92,18.3,,,,9.0452,411011.953,19.45,9.1233,10195.015,2.23,9.1201,25064.9,0.27,,,,3.1266,219921.268,36.99,9.2582,15033.305,0.18,,,,9.2229,47791.348,1.95,,,,,,,9.2237,55019.494,41.18,9.2491,167033.283,53.85,9.2896,876945.331,40.44,9.2934,447542.027,78.16,9.2903,93975.854,1.06,3.1715,147731.518,79.74,9.2916,467609.122,5.19,9.2971,198029.018,1.72,9.3713,38704.509,2.64,9.4262,133710.731,1.5,9.4279,396456.877,4.4,9.436,471532.214,4.11,,,,9.304,26190.311,1.95,9.504,243142.065,2.66,,,,,,,3.2276,221302.151,15.11,3.3053,18267.564,7.68,3.2991,183998.419,48.71,3.3849,264153.6,19.37,,,,3.4788,184419.514,6.54,3.4933,888590.006,36.84,3.5514,26836.046,15.5,3.564,246441.163,48.41,3.6415,28316.405,1.31,3.7106,1806285.682,88.43,,,,,,,,,,3.947,2323772.028,92.2,,,,,,,4.012,49196.642,4.7,,,,4.058,216057.297,2.77,4.0619,122848.014,18.67,4.0959,218140.052,42.8,4.1161,139323.477,36.57,4.1722,262505.621,12.49,4.1967,18020.992,1.26,4.2034,15703.909,1.63,,,,4.1338,61164.868,23.88,4.2593,1147719.511,76.44,4.3284,98418.053,9.39,4.3359,116882.156,5.42,4.3899,396572.469,11.87,,,,4.333,87575.9,1.12,4.327,309224.838,6.38,4.3382,446863.245,5.2,4.4595,35919.814,3.14,,,,,,,,,,4.5765,637182.96,13.2,4.4852,16552.444,5.91,,,,4.5764,778150.738,27.61,4.7328,30325.853,1.11,4.6187,30673.951,0.36,0.9179,19057.07,4.24,4.5865,70475.148,0.9,4.6419,12275.883,0.25,4.681,854182.54,40.42,4.7064,130848.111,2.32,4.7303,76844.764,25.95,4.7314,19683.137,0.41,,,,4.7573,16235.094,5.8,4.81,1985384.363,35.16,4.8717,8865556.067,82.95,0.9288,44064.819,18.62,,,,4.9232,2115527.355,37.47,4.8475,460301.319,5.74,5.07,13784.166,0.16,5.0947,19062.918,6.81,5.0227,50780.979,34.73,5.014,138753.303,13.24,5.0116,82567.858,22.56,,,,5.1506,13752.157,1.31
218_2021_T_2n,,,,,,P1-D1,,1,,,,,,,4.9004,11235.965,44.79,,,,,,,,,,5.1321,21886.516,4.05,5.2614,21891.635,7.84,5.164,59910.707,23.46,5.1875,11680.821,0.39,5.1737,96495.254,8.35,1.2994,719202.708,40.74,,,,5.1921,91701.045,45.06,5.1544,32754.82,5.98,,,,5.3664,12915.094,0.3,5.314,1867666.312,25.64,5.4248,23322.572,5.96,,,,5.4095,10817.45,6.87,1.6508,328037.341,15.17,,,,5.426,428458.267,6.43,5.437,114604.904,6.7,5.4565,150945.134,14.16,5.443,8731040.203,91.48,,,,5.3746,10521.098,0.47,,,,,,,5.52,27385.444,9.81,1.6436,190404.794,33.35,5.5727,926594.013,84.05,,,,5.4569,26490.979,0.58,,,,5.7815,45759.82,8.36,5.8034,44989.353,2.52,5.6621,149974.239,3.46,5.6791,227922.062,10.68,5.7052,52744.142,2.69,,,,,,,5.7235,274056.197,11.69,5.7181,38288.767,0.4,,,,,,,5.7913,141880.273,1.64,,,,5.8154,53125.98,54.23,6.0031,16773.898,3.65,5.9328,13624.099,2,,,,5.9781,224473.176,10.92,6.0088,294662.639,12.63,6.0606,13137.534,2.4,6.0313,159360.186,13.34,,,,6.0719,561553.626,25.97,6.1026,10613.991,3.35,6.0895,36785.601,3.87,6.1241,129736.869,50.65,6.2079,15954.212,3.38,,,,6.1561,38019.054,1.69,,,,6.1816,112352.945,1.3,6.1855,254153.931,67.58,6.239,306007.098,15.62,6.2374,332209.298,16.15,,,,6.286,1308418.172,43.57,6.3295,15918.989,4.23,6.3626,35151.87,1.17,2.0096,210090.969,65.97,6.3117,19534.046,4.14,6.39,1775440.464,59.69,,,,,,,,,,,,,,,,6.5598,48328.137,25.16,6.6376,106665.95,5.96,,,,2.1685,202108.989,41.68,6.6871,49605.782,2.1,6.618,18771.841,0.2,6.6168,737637.409,24.57,6.6341,82440.36,23.17,,,,6.8624,21188.137,6.24,,,,6.7464,676806.206,20.09,6.7893,10964.322,41.48,,,,2.1811,158755.121,34.59,6.7544,1273478.614,17.48,6.8186,13000.405,1.78,6.8345,11352.29,0.12,6.8695,316773.776,64.9,6.8784,10511.61,0.14,6.8625,428166.501,69.36,6.9191,264078.923,76.38,,,,6.9311,26317.726,25.2,6.9454,33256.026,1.11,,,,6.8674,83322.325,11.07,6.9709,66555.085,56.99,,,,,,,,,,,,,7.0754,275795.98,8.19,,,,7.0783,172740.093,87.18,,,,2.4015,29423.036,22.42,,,,7.1254,93446.175,3.98,7.1295,15137.938,4.38,,,,7.1434,380773.564,21.29,7.2177,11813.901,15.95,7.2226,26149.361,0.6,7.1747,18845.233,12.13,,,,,,,,,,7.3627,87831.569,18.35,7.3579,124834.257,5.29,7.2925,464325.69,19.9,7.3531,19247.851,4.08,7.4737,11246.344,1.65,7.4093,639368.873,27.4,7.4286,2496417.687,57.65,7.6311,10390.028,4.54,7.4678,128530.328,53.69,7.47,41476.307,5.6,2.5433,92990.756,62.65,7.4327,26092.083,46.45,,,,7.5302,114704.416,14.2,7.5332,11519.693,0.49,,,,7.5617,44390.696,18.58,,,,7.6342,11497385.3,96.23,,,,7.6978,11302.928,1.53,2.8231,72390.125,31.76,7.7198,66478.227,12.33,7.7459,10018.526,0.23,7.7439,34726.684,1.07,7.7404,32490.872,31.11,7.7956,2667108.452,97.14,,,,7.9291,24973.305,0.29,,,,7.9771,13315.627,0.56,8.0777,10226.158,3.66,2.8362,59017.851,3.3,7.841,11202.759,0.5,,,,,,,8.1981,22319.259,1.25,8.2541,24767.781,1.06,8.0383,268067.277,54.36,8.0598,111433.072,58.05,,,,7.8999,152997.691,31.03,8.075,24163.379,1.02,2.854,52925.934,60.4,8.0614,14812.565,0.49,8.1326,391674.298,16.7,8.1313,113675.414,5.04,,,,8.2507,14437.898,0.64,8.2354,57951.98,9.95,8.2513,21852.893,0.5,8.3786,11944.093,1.61,8.3234,254732.795,53.22,,,,,,,8.3165,17526.088,0.54,,,,8.3722,108360.132,21.51,8.4059,216280.861,2.47,8.494,711371.721,21.96,8.6274,10230.979,3.23,,,,8.4986,4673692.972,53.97,8.571,798535.456,92.91,2.9933,77627.182,48.42,8.6177,226225.965,32.82,8.7597,28551.2,0.73,8.698,8484643.184,96.97,,,,8.7507,306663.179,12.59,8.7525,174854.843,5.4,8.876,46415.182,19.44,8.8095,649993.218,60.54,,,,8.2581,15637.403,0.66,8.8775,338810.252,62.85,2.9761,55352.976,6.85,8.8942,21608.637,0.96,8.8613,47508.962,0.55,,,,8.9238,26110.856,5.68,8.9493,242290.407,40.43,,,,9.0236,188400.957,31.44,9.1738,17369.84,10.37,9.106,34870.106,1.43,,,,3.124,48484.366,16.78,9.1224,13984.448,0.43,,,,9.1883,2350890.122,77.94,9.1918,1761130.731,94.71,9.1992,3460927.309,99.67,,,,9.2173,324196.066,54.29,9.2654,1897615.111,95.35,9.2717,2126035.32,99.46,9.2652,164895.8,9.22,3.15,325621.658,77.01,9.2658,894344.977,39.65,,,,9.3543,21288.96,3.29,9.47,24239.621,1.36,9.3917,308140.147,13.66,,,,9.4294,138521.717,27.5,9.1893,185896.6,45.25,9.4779,145423.5,5.97,,,,,,,3.2031,31064.568,4.81,3.2922,769068.642,80.92,3.2955,1186036.15,96.6,3.3823,813414.482,81.1,3.3744,21549.089,4.16,3.4642,110331.676,3.27,3.4858,127668.425,5.9,3.5243,203067.821,46.36,3.5454,30328.041,18.62,3.6262,53265.631,1.95,3.7005,1160769.712,91.32,,,,3.8405,13461.359,0.49,3.8833,158462.671,30.12,3.9413,51294.539,54.55,3.9296,52714.816,33.46,,,,3.9849,15779.41,1.32,4.1259,24406.053,3.43,4.0389,154518.635,33.6,4.0568,651724.136,66.88,4.081,92980.858,26.7,,,,4.1676,181244.552,8.49,4.185,317671.384,7.34,4.1863,339505.1,62.01,,,,4.1156,94556.653,31.11,4.231,975387.762,77.04,4.3187,48401.85,4.05,4.3273,57159.301,2.1,4.3769,85236.532,2.87,,,,,,,,,,,,,4.4397,86390.53,0.72,4.4426,314262.198,44.15,,,,,,,4.5698,713140.247,9.79,,,,,,,4.5723,863867.246,25.64,,,,4.5932,44993.855,16.11,0.9046,32480.73,10.69,,,,,,,,,,4.6885,133396.35,2,4.7136,118308.345,30.62,4.848,16954.529,2.49,,,,4.7489,67339.921,42.77,4.7871,2713925.604,40.75,,,,0.9215,31906.258,63.76,4.9392,20964.052,0.22,4.9008,2492108.991,37.42,5.0292,16249.52,0.69,,,,,,,5.0136,34994.574,33.45,5.0156,145274.664,12.17,5.0034,72533.638,9.64,,,,5.1475,79014.122,6.62
229_2021_T_4n,,,,,,P1-B7,,1,,,,,,,5.1187,37738.415,8.07,5.0547,36217.785,0.93,,,,,,,5.1619,20886.906,1.86,5.161,12047.649,0.29,,,,5.1947,30256.136,0.72,5.1866,110691.015,12.34,1.2822,387166.633,27.43,5.2039,176664.353,6.94,5.1956,11273.986,10.48,5.1692,70324.098,6.61,5.2638,115005.009,0.7,5.1556,25931.223,1.06,5.32,441423.006,11.56,,,,5.3764,49786.178,0.18,,,,1.644,59458.621,2.01,,,,5.4345,266013.463,5.04,5.4445,462490.293,16.69,5.4456,442941.011,32.34,,,,5.4976,12151.001,1.76,5.5658,43385.227,0.32,,,,,,,5.5215,12423.54,0.29,1.6617,29504.265,2.46,5.5824,897346.571,89,,,,,,,5.6762,195174.103,1.23,5.7834,93246.913,8.76,5.5549,32484.495,0.7,5.6708,36679.554,1.51,5.6832,380969.741,11.66,5.7745,279744.394,10.42,,,,,,,5.73,637553.879,17.79,5.8523,13013.305,2.45,5.7463,21499.112,7.25,5.6985,21098.774,0.08,5.81,75377.222,1.94,5.882,11715.99,0.07,5.8343,50344.394,47.72,6.0031,9069825.539,32.46,5.9425,1150409.392,42.11,,,,5.9895,52569.786,2.38,6.0283,60330.619,2.59,6.1142,57834.64,5.43,6.0546,80613.529,7.1,6.0064,3308979.94,20.88,6.0791,605746.33,20.47,,,,6.112,89571.341,13.94,6.1322,354939.895,31.46,6.1663,260862.313,1.65,,,,6.161,1134470.205,8.46,6.1601,17296.108,4.9,6.1912,152945.938,3.94,6.1953,467456.108,66.04,6.2456,452570.051,16.86,6.2582,364994.311,16.53,6.194,21215.146,20.55,6.296,929790.785,22.07,6.3391,136025.404,19.22,6.3652,165135.477,4.12,2.0368,26128.854,10.19,6.3374,96720.298,0.61,6.406,1445024.289,46.35,6.5537,11314.388,1.89,6.4418,21182.182,3.07,6.3137,19364.816,4.32,6.5228,50701.247,4.76,6.5502,781794.043,2.8,6.571,298069.081,78.53,6.6484,32415.563,0.7,6.5649,26554.777,0.25,2.1757,409951.141,28.33,6.5939,195983.849,1.19,,,,6.627,1681622.293,39.92,,,,6.6738,11438.614,2.73,6.5777,15569.407,3.58,6.7229,4050968.306,14.5,6.7011,28940.713,1.09,6.7998,57049.497,10.58,6.7626,71887.601,6.75,2.1758,1273544.198,85.65,6.7651,273541.576,7.16,6.8298,117540.637,1.1,6.8156,14194.775,2.68,6.8739,288378.894,31.73,6.8553,47255.428,1.24,6.8601,338874.06,39.75,6.9294,305630.059,57.15,6.9264,835966.252,2.99,,,,7.0028,24318.661,0.58,,,,6.9951,10973.965,1.52,6.988,51113.928,1.09,6.9785,28481.268,9.88,7.0098,72472.059,5.96,7.0592,21287.222,1.64,,,,7.0805,103770.472,3.9,7.135,387392.713,1.39,7.0867,50437.251,5.27,7.2765,17949.362,0.65,2.399,11687.287,3.35,7.2125,13329.12,2.43,7.1367,185203.197,5.17,7.1466,58774.301,10.99,7.0147,12069.296,0.08,7.1537,47102.957,1.01,7.2352,233574.357,33.89,,,,7.1846,60546.288,8.81,7.2247,13001.569,1.22,7.3817,13830.105,0.05,,,,7.4281,34486.517,1.25,7.2848,26736.301,0.16,7.3044,255168.029,10.96,7.2813,83004.712,0.52,7.4292,49972.502,1.83,7.4162,987242.52,42.39,7.4383,415923.365,17.08,7.4786,2668105.904,88.81,,,,7.4805,161449.995,1.5,2.5698,62774.078,13.15,7.5586,12607.492,1.14,7.5311,24129.177,26.44,7.541,188105.153,19.06,7.5905,364607.628,2.22,7.5935,85778.498,0.8,7.5712,132793.736,23.08,7.5896,172927.235,62.53,7.4476,18875.688,3.29,,,,7.8852,25622.128,0.24,2.8367,62405.746,16.94,7.7299,120704.276,9.3,7.8853,14671.101,0.6,7.7423,43283.073,0.15,,,,7.8061,5772121.138,98.15,7.8914,651467.488,2.33,7.9241,45164.027,1.16,7.9826,644022.145,94.29,7.9708,510462.304,3.11,7.9778,849043.971,20.15,,,,7.964,444870.458,3.32,7.9762,42175.986,9.5,8.0507,15686.939,0.64,8.0708,41432.977,0.89,8.0455,24476.655,0.68,8.0432,174938.474,30.15,8.104,423306.683,3.35,8.0973,1246498.337,4.46,8.1472,10262.318,1.77,8.0763,271761.206,1.66,2.859,163058.819,59.15,8.1546,81775.724,2.04,8.1438,390194.564,10.89,8.0943,747238.33,5.58,8.2412,14504.274,1,8.3006,101589.632,0.76,8.2681,39264.198,1.08,8.2551,15339.135,0.63,8.296,227133.172,2.11,8.3641,203960.021,7.37,,,,8.3548,319814.028,29,,,,8.3754,627447.1,96.47,8.388,344718.292,31.68,8.4183,946701.823,28.72,8.4485,277691.02,0.94,8.4716,23811.992,1.81,8.4992,768073.209,27.74,8.4975,802195.624,20.66,8.5752,694221.451,63.23,2.9876,448190.912,72.11,8.6242,1069156.256,25.29,8.503,300992.535,43.69,8.7086,2317965.639,70.31,8.7123,22744300.97,97.86,8.7566,12011449.81,47.42,8.7592,6244863.557,21.15,8.8221,41187.327,9.28,8.8168,328472.638,51.09,8.7325,203323.287,16.39,8.2449,22189.211,0.14,8.8852,852869.15,65.73,2.9849,55483.676,5.62,8.8752,1379901.312,10.3,8.9225,14829.593,0.38,8.9237,7385929.689,58.52,8.9282,7127069.335,25.51,8.9612,422211.523,16.6,,,,9.0345,656689.881,25.81,9.1267,15346.965,1.53,9.1085,121871.169,0.48,9.1106,10024.705,0.76,3.129,110554.527,30.03,9.1775,11088.557,0.04,9.2207,13487.303,18.96,9.207,128291.381,3.2,,,,9.2129,30092.475,26.23,9.21,147206.601,39.47,9.2341,78134.596,22.52,9.2753,964862.608,81.08,9.278,403546.4,94.9,9.271,474450.359,10.22,3.1634,307145.272,62.04,9.2757,2264793.12,16.9,9.2773,2295815.833,21.34,9.3619,45142.529,2.12,9.413,1280106.998,27.57,9.4193,2727034.513,20.35,9.421,3676672.766,34.18,9.4435,55886.214,5.14,9.5052,26632.079,0.88,9.4719,76773.768,0.3,,,,,,,3.2126,238747.102,11.2,3.3032,33892.203,5.27,3.2873,224750.157,28.59,3.3879,608214.895,51.37,3.3654,69457.844,24.26,3.4663,180546.377,6.79,3.4917,730548.609,24.69,3.5304,153613.929,34.26,3.5546,469441.549,67.07,3.6265,69624.69,2.31,3.6995,2346395.411,94.42,,,,,,,,,,,,,,,,,,,3.9912,65654.883,5.79,,,,4.0362,311723.044,1.12,4.0676,64733.19,10.59,4.084,458657.65,65.09,4.1082,2763006.528,95.07,4.16,348313.868,10.66,4.1846,18183.989,0.75,4.1941,30212.123,2.84,,,,4.149,11883.996,2.72,4.2454,1479703.283,66.33,4.3282,191658.331,16.89,4.338,256180.256,8.49,4.3819,403099.476,12.93,,,,4.3892,44018.756,0.16,,,,4.452,12303.138,0.29,4.449,23017.156,4.01,,,,4.4962,16809.948,0.69,,,,4.5744,421691.017,11.04,,,,,,,4.5788,517207.596,19.45,4.6552,56791.275,0.36,4.6167,100206.953,2.38,0.9015,57675.535,12.81,4.6474,50192.575,0.18,4.6099,60297.663,2.21,4.6803,95882.819,3.77,4.6957,114964.317,2.18,4.7247,95873.096,19.44,,,,,,,4.7506,24450.716,4.08,4.8011,2231195.203,42.23,,,,0.9114,65325.742,15.8,,,,4.9085,1972365.692,37.33,4.8401,13182.47,0.08,4.986,10437.699,0.25,,,,,,,5.0159,125172.266,11.03,4.9987,30958.333,4.3,4.9999,15129.283,0.33,,,
248_2021_T_2n,,,,,,P1-C1,,1,,1.2735,55124.123,,10.22,,,,,5.0603,14730.388,0.24,,,,,,,5.1266,28815.93,5.6,5.2591,64755.457,17.26,5.1712,86675.899,30.95,5.1968,16185.519,0.65,5.1873,54592.219,7.89,1.2894,114969.33,10.43,,,,5.1848,48722.327,73.34,5.1652,31577.369,4.33,,,,5.2728,24643.106,0.21,5.324,1415163.47,25.18,5.4405,30624.312,5.11,,,,5.4154,12372.488,4.26,1.6418,175731.439,8.98,,,,5.4242,352234.96,6.1,5.4343,186608.56,12.4,5.4647,164084.224,18.41,5.4498,9058714.399,90.75,,,,,,,,,,,,,5.5185,33232.967,8.86,1.6457,145667.23,29.25,5.5702,1048954.588,92.56,,,,5.6008,13591.064,0.3,,,,5.7783,46201.214,6.34,5.5723,10702.294,0.96,5.6511,187312.772,1.61,5.6759,151751.64,13.07,5.6792,18080.14,1.22,,,,,,,5.7338,71137.488,3.61,5.7151,61962.117,0.62,,,,,,,5.8017,133305.125,2.19,,,,5.8172,16530.171,20.94,,,,,,,,,,5.9827,226340.547,14.47,6.0157,186449.771,12.81,6.0564,14520.854,1.99,6.0289,265830.717,21.12,,,,6.0735,255433.615,13.05,,,,6.0931,13828.733,3.68,6.1168,202969.911,60.98,,,,,,,6.1451,20926.352,0.97,,,,6.1923,155201.306,2.55,6.1786,322776.95,64.86,6.2438,232014.302,15.66,6.2342,123081.514,7.87,6.1813,37897.749,26.39,6.2879,1006829.075,40.21,6.3287,22779.122,4.58,6.3526,133482.145,4.9,2.0117,94930.987,34.06,6.3132,12916.27,5.35,6.3913,1499558.412,53.28,,,,,,,,,,,,,6.536,20760.553,4.68,6.5596,145881.926,60.23,6.6191,27388.66,2.46,,,,2.1658,333211.342,36.11,6.695,25963.724,1.87,6.6109,116048.037,1.16,6.6184,589158.085,23.53,6.6346,194392.904,47.83,,,,,,,,,,6.7627,592404.205,24.69,,,,6.7425,41336.708,5.67,2.1756,271336.026,35.15,6.7589,1316166.638,23.42,6.8225,12474.785,3.9,6.8183,11645.194,0.12,6.8618,189318.358,41.71,6.8936,16532.538,0.29,6.8533,283734.001,65.25,6.9241,222047.161,78.71,,,,6.9342,40689.392,28.79,6.9349,13574.323,0.54,,,,6.9955,10231.243,1.98,6.9779,47837.194,44.03,,,,7.0042,27559.714,8.98,6.9823,10885.934,2.46,,,,7.0756,24294.397,1.01,,,,7.069,24462.801,38.99,,,,2.3934,48343.515,32.23,,,,7.1334,148765.142,7.55,7.1359,14334.739,5.08,,,,7.1407,227070.796,20.38,7.2272,12503.573,14.96,7.2485,11939.653,0.1,,,,7.1486,11727.501,1.61,7.5085,24243.896,1.31,,,,7.3561,202902.389,59.7,7.3589,307428.019,22.09,7.357,74312.691,5.1,7.3615,38154.194,15.79,7.5188,20346.591,2.81,7.4043,416606.606,28.62,7.4285,7646828.999,65.53,,,,7.4704,65916.631,24.47,7.476,60964.782,19.05,2.5477,138752.151,61.73,7.4313,124898.078,100,,,,7.5338,132628.859,16.6,7.5116,13186.119,0.95,,,,7.5554,164186.171,38.63,,,,7.6391,11599197.63,96.78,,,,7.7104,16534.793,5.17,2.8275,40667.492,16.17,7.7235,48579.666,8.4,7.7159,34136.857,0.29,7.7363,76575.52,4.15,7.7415,47713.151,33.76,7.7936,3905785.513,96.13,,,,7.9309,22015.19,0.36,7.9694,15379.345,100,,,,8.1596,57785.554,15.41,2.8701,13366.712,1.2,7.8568,14897.364,0.69,8.1522,10280.123,2.22,8.0501,14046.059,0.12,,,,8.1775,12320.996,0.63,8.0467,198888.183,46.21,8.057,68864.857,54.32,,,,7.8997,53293.842,12.38,8.1252,39967.196,2.87,2.86,59054.516,57.81,,,,8.1343,113692.394,5.77,8.1426,53732.577,2.5,,,,8.4719,37664.993,1.75,8.2388,151082.018,43.64,8.2866,32275.123,0.28,,,,8.2414,11102.411,3.27,,,,,,,8.4048,10469.208,0.57,,,,8.3773,262035.374,42.61,,,,8.5092,484030.443,26.23,8.6227,10353.094,4.64,,,,8.506,2914600.576,47.88,8.5619,383098.271,74.86,2.9757,232382.98,91.18,8.6156,340104.928,28.15,8.5053,1453382.788,49.54,8.693,6862965.396,99.35,,,,8.7545,36880.905,1.65,8.7574,11539.596,0.63,8.8116,19764.103,4.26,8.8017,272696.094,25.27,9.0841,50289.034,10.14,8.2521,44397.896,3.19,8.8756,428600.694,74.11,2.9542,222414.419,27.84,8.9068,107756.999,5.01,8.8751,10717.94,0.18,,,,9.0178,25250.214,5.69,8.949,232765.259,21.81,,,,9.0233,268254.467,25.14,9.1005,10546.045,6.23,9.1075,13129.901,0.59,,,,3.1207,737590.641,77.51,9.2532,18365.878,1,,,,9.196,1818933.65,66.79,9.1986,2070525.483,94.73,9.2015,3916607.334,100,9.4814,51040.888,2.34,,,,9.2581,1764216.864,96.98,9.2666,1517565.109,100,9.2579,144683.258,12.99,3.1609,349026.065,77.21,9.2607,739154.93,34.37,,,,9.3525,39453.223,4.23,9.4036,10542.436,0.95,9.5225,13965.51,0.65,,,,9.4244,202502.022,32.93,9.4861,12765.159,2.12,9.3696,26293.465,1.18,,,,3.3085,10870.936,2.45,3.1347,12539.219,1.35,3.2956,156102.802,41.59,3.2935,501364.317,81.04,3.3796,453881.022,46.31,,,,3.4837,52458.841,2.19,3.4811,284577.57,14.53,3.5246,79691.11,41.26,,,,3.6265,41687.195,2.05,3.6913,791792.892,90.71,,,,3.845,31831.167,1.57,3.8766,178076.017,23.76,3.9424,30567.082,24.6,3.9296,184144.21,69.74,,,,3.9919,21957.728,1.74,4.1248,34458.227,3.4,4.0382,175496.984,39.58,4.0518,293601.361,46.3,4.0812,289563.072,57.92,,,,4.1555,109895.218,9.47,4.1773,399191.448,3.42,4.1864,422098.642,57.93,,,,4.1267,114543.348,36.46,4.2296,1014877.673,82.18,4.3302,85377.218,6.78,4.3254,120723.585,5.95,4.372,200612.582,7.13,,,,,,,,,,,,,4.4418,19669.446,0.16,4.4449,361300.909,35.63,4.4804,14407.204,0.12,,,,4.5617,291774.448,5.19,,,,,,,4.5729,705785.546,29.41,,,,4.5931,80501.114,21.46,0.9138,47249.898,17.06,4.5654,17585.21,3.97,,,,4.6803,10156.246,0.95,4.6871,68817.12,1.19,4.7095,109055.014,29.29,4.8425,10202.592,1.41,,,,4.7479,184075.145,63.41,4.7878,2426060.073,42.03,,,,0.9346,61428.153,11.39,4.9363,27364.992,0.27,4.8903,2217218.099,38.41,5.043,27433.192,1.97,,,,,,,5.0058,108456.944,49.21,5.0113,143763.207,11.42,5.0004,117777.134,22.74,,,,5.146,77726.418,6.18
300_2021_T_4n,,,,,,P1-C11,,1,,,,,,,,,,5.0436,18920.789,0.32,5.0623,588704.222,5.06,5.1402,11621.288,1.46,,,,5.148,450996.457,7.02,,,,,,,5.1844,36664.822,5.5,1.2993,381795.273,31.7,,,,,,,5.1992,65266.451,11.02,5.2483,5725154.015,45.56,5.3317,25607.924,1.49,5.3137,700884.559,15.01,,,,5.3708,2416375.706,20.79,,,,1.6386,19363.184,1.49,,,,5.4253,285745.812,6.56,5.4265,144021.348,10.16,5.4413,136603.403,26.47,,,,,,,5.3981,10383.469,0.1,,,,5.3714,138755.092,18.02,5.5348,1601807.277,24.94,,,,5.5644,901584.105,89.25,5.5034,48659.234,29.75,,,,5.5284,65555.626,1.15,,,,5.6752,20904.599,0.15,5.6962,23579.576,1.37,5.6746,362246.989,15.81,5.6783,45232.164,2.93,,,,1.7007,733679.739,76.5,5.7123,58084.893,4.72,5.8995,15554.511,12.4,,,,5.7963,666631.752,5.74,5.7858,168026.336,2.81,5.8034,493333.386,8.64,5.8138,38689.275,100,6.0016,1807414.532,15.55,5.9346,115361.264,2.55,,,,6.0399,10553.299,0.81,6.0118,47079.828,4.2,6.1857,12770.169,2.16,6.0413,39590.097,3.42,6.0171,725597.501,12.71,6.0776,114030.557,8.8,6.1966,30108.042,0.47,6.0931,108626.357,13.64,6.1188,136188.584,13.03,6.1253,361884.053,6.34,,,,6.1528,207361.381,1.94,5.9924,14438.009,8.08,6.1851,76867.434,1.28,6.1853,303374.769,52.14,6.2536,99733.467,6.45,6.2517,202599.681,15.56,6.2864,62266.942,12.39,6.2863,108840.118,8.16,6.3253,213777.878,36.74,6.3497,32596.547,1.25,2.0182,17988.305,15.42,6.3772,432630.617,7.58,6.3965,1146890.234,43.34,,,,6.4888,478669.816,67.78,6.4959,16478.557,3.65,6.6052,127265.951,21.48,6.5362,37902.31,0.33,6.5584,29453.628,6.07,6.6106,13278.501,0.09,,,,2.1648,242499.728,26.25,6.5593,20170.423,0.16,,,,6.618,827678.217,62.08,,,,6.675,11668.124,0.81,6.6862,10138.586,2.24,6.7087,508012.889,4.37,6.747,489761.92,19.9,6.8208,472570.849,26.6,6.814,30378.387,5.13,2.1825,187101.866,17.57,6.7491,796457.85,17.06,6.8123,4409561.272,37.32,,,,6.8794,18782.611,10.58,6.8681,370905.734,7.94,6.8988,36167.792,25,6.9153,415774.414,54.96,6.9191,41502.484,0.36,,,,6.9345,44736.296,3.36,,,,6.9522,65947.906,1.39,6.9747,55221.178,1.28,,,,7.0049,134640.062,27.37,7.0782,11784.692,1.41,,,,7.0563,24554.91,1,7.0856,1071877.583,9.22,7.0744,31508.389,12.2,7.0878,57098.952,2.39,2.3889,88058.169,64.06,,,,7.1144,11379.583,0.92,7.1372,170753.404,22.57,7.0857,79741.33,1.4,7.1419,162954.252,1.16,7.2272,70785.885,10.02,7.1987,14346.532,0.84,7.1799,21883.599,11.65,,,,7.3493,10945.703,0.07,,,,7.3639,12424.096,0.52,7.3446,42255.347,0.34,7.3479,84212.206,7.52,7.4645,87243.092,1.53,,,,7.4171,191737.057,17.12,7.437,27162.454,1.58,7.4706,102048.671,30.18,,,,,,,2.5583,135556.593,47.53,7.5764,12887.92,1.67,7.5237,92717.914,62.68,7.5219,34651.741,22.54,7.5237,12673.626,0.1,7.5851,4571629.868,38.9,7.5618,141727.452,26.19,,,,7.626,26683.234,2.7,7.6165,13098.353,16.48,7.7459,12987.878,0.11,2.8154,78652.224,18.17,7.7225,178864.063,11.25,7.7259,11529.654,0.67,7.7356,1240214.789,7.4,,,,7.7954,4842463.875,97.91,7.8739,36712.205,0.32,7.9232,47530.859,0.79,,,,7.9693,30673.858,0.24,7.9627,54693.388,0.85,2.8815,13304.67,0.1,7.959,74492.961,0.7,8.0232,53970.714,3.78,8.0304,15435.349,0.9,8.0327,292241.388,2.09,,,,7.8368,355681.042,29.1,8.0621,77667.766,1.92,8.0913,74219.04,0.64,8.1455,147632.555,12.08,8.073,54522.253,0.43,2.8906,15299.978,20.36,8.0846,53467.043,2.05,8.2678,29543.09,2.4,8.1392,26333.759,0.25,8.2528,11027.284,1.19,8.2788,14904.046,0.14,8.2382,41946.483,1.98,8.4083,14219.394,0.83,8.2706,18409.048,0.16,8.2431,35177.414,1.47,,,,8.3445,51632.438,6.71,8.2996,10551.223,0.06,8.375,98578.972,100,8.3778,309276.458,22.88,8.4081,52112.973,1.39,8.4642,976451.425,5.83,8.4686,2164521.027,33.67,8.5023,23030.791,0.97,8.4993,3009059.168,50.27,8.5569,648108.63,77.97,2.9878,221845.003,69.52,8.6169,584406.022,22.55,8.6292,25253.608,1.9,8.6951,3633677.397,97.12,8.7417,3266593.761,95.26,8.7464,9731473.466,86.02,8.7439,8276006.833,49.41,8.8441,110092.11,7.71,8.8106,423674.916,75.54,8.7357,129696.801,10.92,8.3043,36012.149,0.29,8.8773,941856.912,59.22,,,,8.8736,473290.337,4.44,8.873,169119.357,2.83,8.925,334139.4,8.27,8.9225,1099019.972,9.46,8.9481,147383.794,8.52,,,,9.0237,157217.875,9.09,,,,9.1482,68305.513,0.6,9.0873,1505078.883,23.41,,,,9.2186,11838.974,0.07,9.083,76694.125,58.13,9.2059,10815.816,0.41,9.1872,16970.656,8.97,,,,9.2076,17111.744,9.05,9.2205,18696.211,17.31,9.2639,405268.118,30.29,9.2655,123096.457,55.57,9.2945,980079.102,7,3.1605,229590.865,100,9.2659,593977.882,5.57,9.2638,496228.13,4.22,9.3545,35872.655,3.29,9.3916,1109025.431,7.92,9.3852,1734293.89,16.26,9.4092,803920.436,6.84,,,,9.4945,28095.899,1.89,9.4797,108152.9,0.96,,,,,,,3.208,154078.821,14.15,3.2902,217588.965,27.33,3.2951,559717.267,72.8,3.3885,484040.09,40.51,,,,3.4648,240942.012,9.79,3.4883,237513.962,18.32,3.5219,103956.138,55.97,3.5424,226689.81,64.41,3.6211,134164.433,6.31,3.7023,1920155.506,93.96,,,,,,,,,,3.937,30300.216,11.03,,,,,,,3.9897,105228.781,9.08,,,,4.0386,358048.744,3.08,4.0598,38016.318,6.05,4.0874,446891.013,74.3,4.1058,257869.567,65.66,4.1564,307772.263,13.43,4.1612,16931.779,0.99,4.1881,15184.43,2.56,,,,4.2009,474393.561,75.25,4.2316,1244371.353,92.08,4.3253,112241.875,9.68,4.3231,81394.014,3.83,4.375,158256.732,5.98,,,,4.3126,49146.813,0.42,4.3222,225262.271,4.99,,,,4.4355,34331.019,3.48,,,,4.3668,16649.388,0.97,,,,4.573,274684.02,5.88,,,,4.5935,307814.369,45.16,4.5679,428273.934,17.4,4.5671,31956.967,0.56,4.5928,30123.19,0.47,0.8969,35861.745,25.55,4.5726,110745.879,0.95,4.7024,20161.256,0.45,4.6629,953540.002,55.12,4.6858,83973.637,1.93,4.7179,51449.703,37.74,4.8351,22572.549,0.5,,,,,,,4.783,1604470.642,36.83,,,,0.9301,75626.913,30.98,,,,4.8976,1587057.475,36.43,4.8288,401412.134,3.19,4.9846,17985.685,0.28,,,,,,,5.0092,426630.299,36.81,5.1585,11430.644,0.24,5.0252,21885.803,0.16,,,
328_2012_T_2n,,,,,,P1-C5,,1,,,,,,,,,,5.0246,76523.326,1.25,5.0357,10127.599,0.99,,,,5.1399,31672.887,6.3,5.2613,42002.818,11.28,5.1646,88672.154,18.29,5.2006,28609.758,1.03,5.1884,60135.241,3.11,1.2998,504190.351,25.78,,,,5.191,16694.175,10.85,5.1599,29938.226,2.58,,,,,,,5.3114,2303586.864,25.26,5.4081,17998.644,4.15,5.4693,10676.147,1.05,5.4077,13076.098,2.07,1.6308,270571.507,9.03,,,,5.421,411059.056,6.02,5.465,62530.188,2.4,5.4672,68988.576,7.05,5.4337,12238172.07,88.64,,,,,,,,,,,,,5.5276,25101.599,6.74,1.6594,124219.603,25.13,5.5691,1529502.898,83,,,,5.5911,128602.018,2.18,,,,5.6223,28915.441,2.49,,,,5.6541,269718.702,1.72,5.6755,526025.632,20.69,5.7153,55215.987,1.7,,,,,,,5.7146,616178.19,17.96,5.7042,11752.063,0.09,5.7155,11986.726,8.03,,,,5.7947,387411.721,6.35,,,,5.8183,236087.332,88.23,,,,5.9372,30150.743,2.46,,,,5.971,434108.903,11.91,6.0085,288786.972,10.17,6.0489,14094.718,1.21,6.0323,136146.332,6.97,,,,6.0719,501127.553,16.73,6.0427,12171.105,4.05,6.0892,184813.195,8.38,6.1206,110396.481,44.53,,,,,,,6.137,25693.168,1.29,6.1497,12092.805,2.39,6.1749,237097.906,3.88,6.1763,646612.045,71.03,6.232,963728.681,29.75,6.2391,770595.16,21.14,6.1804,42050.014,11.58,6.288,1183343.957,42.65,6.3285,13705.672,1.51,6.3531,126581.888,4.19,2.0192,91372.643,27.75,,,,6.3981,2089832.339,51.13,,,,,,,6.4891,10518.442,1.56,6.6421,12833.898,1.11,6.5408,18934.521,1.85,6.5592,88595.572,27.64,6.6319,13512.566,1.39,,,,2.1688,133774.899,21.46,6.5681,11458.359,0.56,6.6093,318356.9,2.31,6.6181,610103.672,21.99,6.6338,184356.083,48.89,,,,6.6919,17930.87,3.33,,,,6.7512,956315.975,19.04,6.7916,84547.131,33.52,6.7423,33511.142,2.89,2.1668,321437.665,77.41,6.7635,1102254.872,12.09,,,,6.8336,14023.556,0.1,6.8639,447330.768,60.69,6.9268,16267.86,0.18,6.8889,172988.701,28.21,6.9199,514335.582,70.61,,,,6.933,23189.915,20.08,6.9231,13776.76,0.5,,,,7.0014,13543.172,1.59,6.9733,92154.561,81.59,6.9697,13645.921,6.92,,,,,,,,,,7.0588,52462.862,1.04,,,,7.0783,195934.881,67.41,7.102,20849.381,4.04,2.4029,28408.709,6.95,,,,7.1219,244715.153,7.13,7.1322,21855.542,3,7.3459,32760.354,7.24,7.1382,108328.7,11.11,7.2193,13976.99,13.29,,,,7.1782,171849.278,51.85,,,,7.3783,19426.128,1.07,,,,7.3623,297736.672,57.67,7.3589,464283.035,22.65,7.3985,517490.776,18.23,7.3615,26953.102,5.95,7.5233,70362.755,5.73,7.3255,217725.846,7.67,7.4211,13091362.95,83.5,,,,7.4673,168299.997,39.38,7.477,83045.632,40.89,2.5468,348741.935,88.75,7.4246,280044.698,72.73,,,,7.5264,49677.366,2.74,7.4835,14291.747,0.7,,,,7.5626,130379.578,20.9,,,,7.6334,13735476.83,92.09,7.681,41100.865,63.26,7.7037,11982.652,5.9,2.8032,521202.78,38.56,7.7203,28728.776,5.23,7.7405,13531.891,0.09,7.7292,150044.872,8.3,7.7296,41785.681,36.18,7.7941,6965983.704,95.82,7.9105,24284.383,2.38,7.9333,40030.409,0.66,7.9811,152752.292,90.63,8.0685,32894.103,1.61,7.9763,14647.514,3.93,2.8249,193569.755,19.84,7.8533,14320.664,0.72,8.0175,142744.19,13.93,8.0547,18432.354,0.12,7.9056,10438.355,1.07,7.8494,219880.998,6.41,8.0459,225756.322,41.12,8.0623,72322.64,62.52,,,,8.1906,12615.155,2.3,8.1322,11390.648,0.56,2.8543,185228.256,76.96,8.0573,16452.787,0.54,8.1355,129464.117,3.77,8.1362,45213.523,2.28,8.2426,59203.306,9.5,8.3745,12233.497,0.62,8.2389,142047.586,38.98,8.2795,55591.777,0.35,,,,8.3199,27952.7,5.41,3.0235,24106.85,6.48,8.3898,10094.661,2.62,8.3178,10054.256,0.56,,,,8.3766,151818.475,25.4,8.4066,157085.39,1.49,8.4898,68698.119,3.8,8.639,14380.984,4.79,8.2671,17345.047,3.36,8.497,281426.424,4.61,8.576,652894.401,80.64,2.991,35689.946,28.91,8.6191,307206.137,16.75,8.4959,311556.286,16.28,8.6951,10324948.15,98.02,,,,8.7497,30590.41,1.88,8.8564,29253.452,1.62,8.8125,32443.409,3.17,8.8077,738740.303,31.42,9.0811,32562.224,4.78,8.2631,30062.85,1.47,8.8812,437464.508,79.62,2.9954,125550.453,6.93,8.8826,73843.954,3.72,8.8863,150711.237,2.47,,,,8.9379,26878.223,2.63,8.9525,529937.842,36.34,,,,9.0252,635488.614,43.58,,,,9.0994,19978.991,1.23,,,,3.1138,388037.554,47.88,9.2402,20584.918,1.14,,,,9.1941,1817440.533,60.2,9.1951,1988505.953,98.25,9.1992,3909227.109,99.63,,,,9.2148,54527.704,10.02,9.2616,1918472.133,96.87,9.268,1752607.611,96.71,9.2624,173143.113,17.75,3.1479,175706.013,51.22,9.2625,885993.006,44.59,9.5504,12088.687,5.95,9.3454,194317.876,10.56,,,,9.5468,32223.443,1.62,9.4787,15187.129,7.48,9.4246,225981.554,37.81,9.5084,52278.851,4.18,9.3322,14222.894,0.87,3.1206,10454.243,1.65,,,,3.2052,13036.965,0.71,3.2887,974074.416,44.17,3.294,682607.757,48.71,3.3864,828116.9,42.96,3.3682,128801.459,14.61,3.466,272280.656,5.42,3.4852,434007.404,14.49,3.5244,161380.298,42.38,3.5578,19254.4,14.9,3.6241,264886.771,6.02,3.6993,1888475.412,88.1,,,,3.8226,11648.55,0.26,3.8875,206890.112,17.82,,,,3.9288,31212.231,46.95,,,,3.9747,12027.609,0.62,4.1209,51158.594,5.07,4.0402,340315.8,33.33,4.0555,71058.336,11.25,4.0825,366974.374,32.57,,,,4.1545,455662.607,17.92,4.1907,657318.145,4.19,4.1883,731128.397,62.96,,,,4.1265,194539.555,33.91,4.2334,870193.09,70.04,4.3188,108880.869,5.58,4.3203,98889.069,2.25,4.3776,386151.626,9.45,,,,,,,,,,4.4308,19193.03,5.16,4.4349,305467.677,2.05,4.4557,502329.266,49.76,4.479,12155.639,0.08,,,,4.574,1243418.168,13.63,,,,4.6904,11715.883,2.62,4.5718,1563515.495,31.14,,,,4.5921,72294.674,19.42,0.9051,76548.239,23.33,,,,,,,,,,4.6854,353273.155,5.17,4.7115,323397.27,47.48,4.727,18518.232,1.51,,,,4.7482,145175.901,22.95,4.7876,2769803.012,40.56,,,,0.9229,75831.781,24.83,4.9344,33604.944,0.24,4.8934,2326047.055,34.06,5.0411,98557.087,4.81,,,,,,,5.0029,23486.772,23.29,5.0122,258036.548,13.22,5.0107,56493.336,6.64,,,,5.1398,79551.274,4.08
328_2021_T_2n,,,,,,P1-B5,,1,,1.2741,15455.051,,3.26,,,,,5.0405,42020.344,0.45,,,,,,,5.1643,12976.615,1.19,5.1949,11549.3,2.05,5.176,102327.907,25.76,5.1894,16960.912,0.52,5.1824,72514.217,4.81,1.2945,694670.365,25.07,,,,5.197,23179.609,12.07,5.1675,28687.067,3.31,,,,5.295,14733.508,0.11,5.3222,2071582.514,24.34,5.4394,26083.677,7.99,,,,,,,1.6341,249255.883,9.8,,,,5.4279,431188.145,6.85,5.4487,143674.771,5.09,5.4684,205533.52,16.23,5.4462,10870311.04,87.39,,,,,,,,,,,,,5.5313,49085.329,8.69,1.6477,142750.142,34.08,5.5753,1077263.872,82.1,,,,5.598,155001.961,2.43,,,,5.6217,11601.337,1.34,5.8003,19168.077,1.24,5.6632,214537.299,1.57,5.6777,284498.149,12.03,5.7264,66576.959,1.96,,,,,,,5.7251,537550.729,16.11,5.7245,14643.008,0.12,5.7335,28503.658,35.73,,,,5.8022,200782.311,2.17,,,,5.8236,181910.66,82.04,,,,,,,,,,5.9829,293950.808,9.97,6.0114,259979.592,8.43,6.0563,13627.917,1.57,6.0282,121376.569,7.09,,,,6.0792,489857.384,19.27,,,,6.0904,47070.14,3.89,6.1242,239387.489,50.99,6.202,16030.336,3.76,,,,6.1572,23834.88,1,,,,6.1813,240637.686,2.6,6.1848,638713.362,71.07,6.2385,626071.683,18.4,6.2495,140690.451,4.77,6.1931,14902.727,9.19,6.2913,1088616.163,33.34,6.3322,41363.216,4.6,6.3535,85745.298,3.05,2.0199,129812.681,37.97,6.3113,33223.596,7.79,6.3937,2495124.471,59.07,6.4448,12216.5,3.02,,,,,,,,,,6.5437,20484.854,3.31,6.5642,227062.28,65.81,6.6391,86208.616,5.56,,,,2.1865,106133.336,16.78,6.6977,41344.433,2.64,6.618,265574.807,2.13,6.6199,819667.214,25.11,6.6386,212847.45,42.96,,,,6.7006,19077.141,3.71,,,,6.7596,736534.946,17.62,6.7914,122201.768,55.44,6.7628,23722.099,2.74,2.1895,148016.275,31.1,6.7545,1494714.043,17.56,,,,6.8486,12042.537,0.1,6.8625,450500.971,46.5,7.0698,244582.228,2.87,6.8973,113276.101,13.83,6.9255,488382.955,75,,,,6.9298,51365.556,32.03,6.9541,49512.073,1.52,,,,6.8697,53314.235,4.85,6.979,121021.842,69.9,6.9749,19385.054,11.74,,,,6.9903,15480.688,3.11,,,,7.0757,324582.667,7.77,,,,7.0799,209063.893,61.19,,,,2.4208,14386.793,3.54,,,,7.126,257277.494,7.71,7.1338,25837.19,3.97,7.1124,15284.927,3.59,7.1393,291562.123,18.79,7.2284,16845.633,30.8,,,,7.1836,135981.214,69.13,,,,7.376,10470.072,0.45,,,,7.3604,72767.469,39.52,7.3686,117671.688,7.53,7.3005,454601.004,14.74,7.3368,11813.584,2.77,7.5031,19100.916,2.01,7.4073,1111383.339,36.04,7.428,11882119.86,86.91,,,,7.4751,138522.575,34.96,7.4781,32475.669,6.22,2.5634,93770.159,34.59,7.4287,250518.59,78.25,,,,7.5364,246313.471,14.27,7.529,25349.234,1.62,,,,7.5711,67781.211,23,,,,7.6413,14749788.85,95.2,7.6804,38581.122,77.81,,,,2.7951,27700.084,6.36,7.7369,41329.126,7.97,7.7256,36592.44,0.27,7.7331,80355.608,3.47,7.7371,47859.071,29.85,7.7899,6040817.285,97.21,,,,7.9144,76218.121,0.82,7.9831,108003.278,71.3,7.9666,15692.393,1,8.0799,15745.108,2.79,2.8461,87472.365,5.64,7.8656,26040.941,1.09,8.0157,47053.777,8.67,7.9396,12303.344,0.09,8.1869,21923.918,1.41,7.984,18321.637,0.55,8.0484,236368.218,48.77,8.0597,86905.886,39.89,,,,7.8992,75700.254,15.62,8.1446,17963.509,1.15,2.8653,29661.325,20.51,8.0595,23252.603,0.83,8.1377,333449.973,10,8.1267,85109.299,3.57,,,,8.4862,33414.128,1.4,8.2431,67814.869,31.14,8.2726,42364.969,0.31,,,,,,,2.9956,12229.53,2.17,,,,8.3137,10777.268,0.47,,,,8.3804,139656.932,23.61,8.4045,120986.217,1.31,8.5046,661235.879,28.55,8.6531,27756.835,7.18,,,,8.4956,4589766.411,49.64,8.5732,644264.45,81.54,2.9957,88492.136,50.49,8.6181,313568.241,19.6,8.8057,11240.537,0.26,8.7027,9071747.651,98.25,,,,8.7622,31815.038,3.54,8.7639,19195.488,0.83,8.8102,16928.861,3.12,8.8072,546206.172,29.39,9.1012,21242.284,2.61,8.2599,19999.032,1.28,8.8775,392008.758,75.64,2.9574,397500.503,23.03,8.895,62119.175,2.61,8.8827,12757.054,0.14,9.0051,24600.15,11.29,8.9376,20115.002,3.25,8.9547,218786.275,24.87,8.948,15767.66,4.42,9.0253,241392.218,27.43,,,,9.1271,10595.906,1.18,,,,3.1158,371535.503,55.95,9.1237,13304.299,0.57,,,,9.2013,1934654.75,68.78,9.1941,2154875.039,96.99,9.2021,4083513.718,99.44,9.4854,28018.084,1.26,9.2229,33202.415,8.03,9.2616,1935227.476,97.66,9.2697,1752561.273,96.92,9.2641,169758.886,10.94,3.1579,473876.78,73.29,9.2625,831385.869,34.91,,,,9.346,33801.342,2.41,,,,9.4713,10970.412,0.46,9.458,11332.097,2.17,9.4289,217488.2,36.76,9.486,17386.711,1.81,9.4801,40923.697,4.55,,,,,,,3.2046,62661.306,4.47,3.2927,874508.782,72.25,3.2907,1173165.925,86.15,3.3759,1031623.614,78.09,3.3754,11055.794,1.4,3.4849,94626.565,2.26,3.487,141430.382,5.56,3.532,152265.957,43.43,3.5501,57752.679,25.43,3.6298,43602.956,1.47,3.7007,1266665.45,65.24,,,,3.8422,19025.872,0.64,3.8882,201766.593,19.17,,,,3.9391,52436.314,22.04,,,,4.0464,38931.684,2.27,4.1118,15719.63,1.57,4.0437,192337.272,31.11,4.0675,282999.575,33.01,4.078,86505.687,18.05,,,,4.16,255861.978,10.82,4.1848,566030.081,4.14,4.1835,573538.428,66.22,,,,4.1256,247291.512,38.38,4.2431,1008534.989,72.09,4.3263,189652.866,11.07,4.3272,260819.572,8.78,4.3759,271646.784,6.43,,,,,,,,,,4.4411,12723.651,2.25,4.4409,204260.2,1.32,4.4573,485218.626,48.31,4.5791,13028.117,0.1,,,,4.5697,892462.828,10.49,,,,,,,4.5766,1173547.657,28.08,,,,4.6016,123538.964,21.88,0.9128,28322.503,6.86,4.5803,16289.517,2.64,4.6152,13345.05,1.4,,,,4.6913,96493.524,1.53,4.7193,142196.819,22.43,4.7323,16038.276,1.68,4.7516,11601.089,100,4.7581,244741.907,60.6,4.7958,2499337.578,39.68,,,,0.9265,134599.524,28.43,4.9436,52765.661,0.42,4.9025,2340512.673,37.16,5.0422,26825.215,1.72,5.0549,14009.562,2.48,,,,5.0148,220370.999,52,5.012,167434.896,9.78,5.0133,196370.246,17.87,,,,5.1487,57755.692,3.37
366_2021_W_4n,,,,,,P1-D2,,1,,,,,,,,,,5.0324,323420.174,3.81,5.064,383750.786,8.63,,,,5.1699,15169.263,3.53,5.152,172197.887,2,5.3325,11038.625,6.63,,,,5.1801,99767.129,16.7,1.2975,265091.176,25.1,,,,5.1934,195760.698,73.3,5.2005,131019.303,11.21,5.2573,3543281.375,49.43,5.3324,31820.768,1.22,5.3113,82312.471,2.08,,,,5.371,1574813.762,35.4,5.4986,78841.745,13.87,1.6297,49746.065,4.44,,,,5.4227,453763.874,10.11,5.431,146931.375,9.34,5.4467,50918.421,6.67,5.4608,11521.877,3.53,,,,,,,,,,5.3719,67696.979,14.02,5.5421,2221494.372,25.85,1.6538,31526.953,14.59,5.5691,562814.947,90.44,5.6499,20371.783,3.58,,,,5.529,86121.234,5.15,5.6801,38913.769,3.33,5.5353,44043.531,0.55,5.6886,11397.007,0.44,5.6795,184893.622,11.71,5.665,12672.299,0.85,,,,,,,5.7622,17466.052,1.98,5.6645,57111.372,17.48,,,,5.804,49898.906,1.12,5.81,10542.422,0.12,5.8109,10005.415,0.6,5.8206,51787.151,80.95,5.9714,10603.19,0.24,5.9326,45077.86,0.7,,,,5.976,40038.987,3.12,6.0093,276250.282,22.75,,,,6.0302,108701.56,3.96,6.0957,94624.559,5.66,6.081,140035.072,12.49,,,,6.0945,185784.75,17.73,6.1235,175379.126,12.82,,,,,,,6.1561,94641.736,1.37,,,,6.1943,114597.866,1.35,6.1883,11477.442,2.53,6.1809,10001.052,0.67,6.264,20012.635,1.56,6.3041,12257.899,14.28,6.283,107972.422,6.48,6.3297,404242.777,89.15,6.5576,12972.502,0.51,2.0163,89972.418,16.32,6.3209,26630.864,1.59,6.3939,1612025.716,53.85,,,,6.4932,405567.328,52.96,,,,6.6091,298730.433,25.57,6.5421,61027.106,1.37,6.5595,189686.063,11.32,6.51,164100.987,2.05,,,,2.1749,910338.457,57.36,6.5788,13649.651,0.19,6.4557,14427.499,4.42,6.6232,1143998.245,68.65,,,,,,,,,,,,,6.7083,114073.509,4.76,6.8191,510982.748,30.47,6.7441,10057.414,0.86,2.1825,537818.337,36.73,6.763,23474.308,0.59,6.8208,4361988.084,47.14,,,,6.7687,13486.84,4.05,6.8615,797586.782,20.12,6.8746,10378.604,5.18,6.9114,264568.316,33.91,,,,,,,6.9331,35922.886,2.16,,,,6.8676,13185.89,2.34,6.974,12939.84,0.4,6.9773,48312.623,23.87,6.9371,11565.467,7.41,7.0646,136080.309,16.15,7.1174,10932.624,3.35,7.0097,37614.464,1.57,7.0863,111316.679,2.5,,,,7.0995,431884.911,14.66,2.3886,35915.629,24.41,,,,7.2882,20621.987,2.33,7.1357,303444.895,38.89,7.0965,71366.402,4.27,7.15,145558.091,1.82,7.2297,21146.802,2.76,7.2764,12787.559,0.49,7.1813,25020.713,19.42,7.1492,15387.317,1.32,7.3859,13259.319,0.7,,,,7.3574,17543.679,0.6,7.3495,33613.484,0.47,7.3439,90102.442,7.42,7.4663,24531.611,1.47,7.5127,22228.067,0.35,7.4109,328428.858,27.05,7.4287,151429.749,5.82,7.535,14153.687,5.81,7.4671,21293.318,21.77,,,,2.5587,162587.69,65.82,7.5199,13156.723,2.72,7.3775,21945.096,30.51,7.5223,67683.954,22.68,7.525,19692.541,0.27,7.589,4434457.076,47.7,7.5592,298745.487,33.37,,,,7.6337,13501.095,1.47,,,,7.8901,16824.248,0.18,2.8053,104402.397,22.27,7.7192,221119.781,20.94,7.7317,19580.536,0.75,7.7408,16421.131,0.87,,,,7.7935,5436723.207,93.22,,,,7.9246,689147.096,8.12,,,,7.9748,24387.074,0.34,8.1584,42438.913,0.49,,,,8.0493,12820.811,0.19,8.013,46192.141,6.79,8.0275,149061.234,5.73,7.9041,10611.374,0.13,8.0386,37374.78,4.23,,,,,,,,,,,,,8.0824,32192.403,0.45,2.8826,14330.377,19.14,8.1476,61111.605,2.38,8.2678,12084.442,1.37,8.1439,11972.754,0.17,,,,8.2694,11648.256,0.17,8.2364,153400.872,24.71,8.3581,14425.059,0.55,8.4086,36146.415,0.39,,,,,,,,,,8.315,22768.112,1.21,,,,8.3736,216449.558,11.78,8.4045,56325.773,1.49,8.4754,674909.245,35.88,,,,,,,8.4825,4567523.956,53.83,8.5662,1010712.25,80.79,2.9873,133631.964,83.9,8.5077,19045.643,1.12,8.4874,1314644.509,76.62,8.6948,3656393.809,96.99,8.6792,24208.584,5.98,8.7486,49291.141,3.84,8.7542,25448.092,1.35,8.8077,13559.761,1.99,8.8114,572881.122,51.86,9.0903,28219.3,3.98,8.2755,10764.289,0.15,9.015,79377.578,7.52,2.9804,10284.732,3.45,,,,8.8854,151428.19,1.78,8.9208,28595.597,2.94,,,,8.9591,32022.923,2.45,,,,9.0284,27431.795,2.09,,,,9.3468,10892.249,0.85,9.3371,13102.382,1.92,3.1083,15537.889,30.87,9.216,17667.56,0.94,9.2242,11424.045,9.36,9.1944,281757.734,10.99,9.1965,355422.281,64.23,9.2002,198916.172,87.74,,,,,,,9.2673,1184809.836,28.6,9.2704,853238.366,65.58,9.263,91693.936,1.15,3.1569,27134.79,36.44,9.2658,482580.88,7,,,,9.3512,23325.453,1.98,9.5869,13051.123,0.16,9.3937,472328.171,6.85,,,,,,,9.3582,12148.899,0.95,9.4763,58110.421,4.53,,,,,,,3.2109,15757.164,1.34,,,,,,,3.3853,534305.36,31.55,3.3814,19777.067,5.1,3.4629,210922.29,8.81,3.4883,98500.159,8.79,3.521,122119.218,46.98,3.5467,25058.204,19.07,3.6284,29966.668,1.12,3.699,1262870.33,92.95,,,,3.8407,301427.919,11.25,,,,,,,3.9355,286145.84,75.3,,,,3.9825,339801.258,12.39,,,,4.0374,283906.867,6.38,4.0548,386111.554,58.25,4.0903,107728.742,24.34,,,,4.1662,144152.773,9.13,4.1791,114385.905,4.39,4.1954,104956.884,8.98,4.1813,36948.535,0.52,4.192,11419.29,6.41,4.2324,620307.572,70.64,4.3147,253459.144,9.24,4.3157,156280.956,5.83,4.3798,129323.309,4.32,,,,4.3104,119884.165,2.7,4.5061,27789.934,0.43,4.4359,45337.684,0.53,4.4232,41051.043,4.47,,,,4.6078,10088.536,0.39,,,,4.5753,28872.972,0.73,4.4842,12717.561,2.24,,,,4.5712,52020.486,2.17,4.5805,32461.606,1.94,4.6013,202442.098,2.36,0.9117,68158.023,32.37,4.5706,198575.519,4.46,4.606,58193.594,0.9,4.6703,1059981.895,80.93,4.6841,190838.883,4.25,4.7207,101204.805,50.72,4.7207,13126.634,0.2,,,,4.7492,67980.363,11.96,4.789,1673106.958,37.27,,,,0.9179,29145.901,29.92,,,,4.8969,1530743.626,34.1,4.8314,495842.522,6.92,4.9479,12291.946,0.14,5.0805,119286.783,20.98,4.9873,13030.324,7.53,5.012,1387082.354,50.57,,,,5.1252,19641.512,0.25,5.1312,14688.919,0.54
380_2012_T_2n,,,,,,P1-C7,,1,,,,,,,,,,5.0712,36643.024,0.78,5.0442,16255.052,2.53,,,,5.1816,38911.195,9.64,5.2562,15831.93,6.1,5.1675,63791.774,21.58,5.1883,31341.164,1.46,5.1878,27626.066,2.27,1.2795,224555.452,19.38,,,,,,,5.1632,24406.505,3.15,,,,5.2659,22842.628,0.26,5.3148,1459476.929,17.94,5.4292,15226.704,4.91,,,,,,,1.629,201590.933,8.89,,,,5.4234,375090.123,7.31,5.4359,154025.056,7.38,5.4476,242660.901,23.89,5.4499,3910454.277,49.17,,,,5.3716,10216.804,0.98,,,,,,,5.5161,26807.697,10.33,1.6501,23740.988,4.77,5.5709,1222309.457,89.17,5.5889,10141.228,2.57,5.5934,31987.158,0.55,,,,5.7745,25190.103,3.25,,,,5.6601,266999.786,3.06,5.6857,387899.891,22.71,5.6884,90523.336,4.22,,,,,,,5.7167,285965.383,12.18,5.7137,10105.828,0.13,5.7242,29930.194,50.92,,,,5.7961,496386.12,10.54,,,,5.8145,82271.747,33.19,,,,,,,,,,5.9793,286037.005,10.1,6.0071,227208.524,10.46,,,,6.0417,99003.792,6.08,,,,6.0785,536397.385,23.65,,,,6.0935,43275.871,6.1,6.1235,161779.125,75.11,,,,,,,,,,,,,6.1821,163258.722,3.47,6.1833,545966.094,77.18,6.2412,723501.137,33.72,6.2352,631729.775,22.31,6.1879,39223.219,33.22,6.2891,920486.45,42.83,6.3352,23053.964,3.26,6.3635,28342.429,1.34,2.0292,79833.468,25.89,6.3133,10584.846,4.31,6.395,1266348.308,39.6,,,,6.6433,10595.324,33.46,,,,,,,,,,6.5592,76253.102,33.76,6.6352,23067.252,3.44,,,,2.1601,343921.782,46.03,6.4908,20225.956,1.38,6.6115,124982.064,1.57,6.6169,403775.956,18.79,6.6302,812431.04,76.02,,,,6.6675,20053.034,5.24,,,,6.7546,759042.766,24.2,,,,6.9504,59062.667,7.62,2.181,226469.973,29.09,6.7566,1532480.485,18.84,6.7892,15552.317,10.41,6.8212,13292.283,0.17,6.8697,267825.561,49.26,6.9146,14381.412,0.18,6.8905,92470.381,25.06,6.9186,465628.166,67.76,,,,6.9314,26344.707,9.45,6.9526,19149.899,0.89,,,,6.8672,82076.421,23.55,6.9778,91111.307,65.4,,,,,,,,,,,,,7.087,14319.315,0.46,,,,7.0718,88126.848,66.49,,,,2.4046,34306.48,15.43,,,,7.1178,420601.503,17.91,7.14,10040.215,1.46,7.2639,26366.511,10.74,7.1456,188753.944,28.16,,,,7.1717,18892.359,0.22,7.0462,12154.827,11.53,7.1542,14358.744,1.85,7.3716,15463.186,1.29,,,,7.3659,205074.941,66.99,7.3601,293914.4,20.1,7.2912,901768.038,41.5,7.3647,40128.942,16.34,7.517,15193.452,2.09,7.4134,400041.116,18.41,7.43,4356016.517,49.98,,,,7.4689,106515.118,28.5,7.4669,65958.587,40.88,2.5805,75512.738,22.48,7.4292,46127.734,100,,,,7.5313,31524.05,3.84,7.5375,11830.446,0.81,,,,7.5622,141465.367,29.1,7.5053,12753.799,30.41,7.638,14235162.93,93.29,,,,,,,2.8181,133026.366,29.99,7.7244,24166.194,4.17,7.7337,50960.182,0.58,7.7258,84881.849,7.06,7.7373,46690.134,16.74,7.7981,3251057.927,96.11,7.9013,33480.832,5.2,7.9233,18373.238,0.39,7.9832,88576.339,87.8,,,,8.1613,56484.836,21.76,2.8518,33966.911,5.07,7.8514,15860.547,1.52,7.9607,37394.52,6.56,8.0126,31343.196,0.36,,,,8.1185,13759.539,0.59,8.0433,345775.902,59.69,8.0556,59790.999,60.08,,,,7.9214,72752.613,12.56,8.1309,23982.583,1.64,2.8517,40995.358,37.36,,,,8.1306,22534.632,0.96,,,,8.254,20601.314,2.76,8.4926,73186.114,7.03,8.2419,63844.568,22.43,8.2628,12432.656,0.14,,,,,,,,,,,,,8.3016,18174.529,1.51,,,,8.3724,126990.457,20.62,,,,8.4942,54441.155,4.53,8.6257,13707.04,7.62,,,,8.4954,323401.377,6.87,8.5799,635549.05,91.05,2.989,197202.637,90.17,8.617,314517.244,20.86,8.5013,157896.471,12.71,8.6999,8984757.075,99.62,,,,8.7482,15883.345,1.43,8.8562,66342.279,5.52,8.8212,33072.378,5.8,8.8059,218058.64,31.91,9.0865,19947.919,6.2,8.2534,29026.894,1.99,8.8725,509020.2,87.93,2.9679,351610.59,42.87,8.8823,52741.838,5.07,8.8799,62503.535,1.33,,,,9.0132,20770.186,3.23,8.9473,377646.514,30.74,,,,9.0228,420973.897,34.27,,,,9.101,10584.656,0.95,,,,3.1161,97170.324,19.27,9.2535,18223.512,1.52,9.4465,13899.23,6.56,9.1958,1204760.355,57.07,9.1965,1482265.04,95.68,9.1994,2067700.321,98.73,,,,9.0079,11958.552,3.06,9.2645,1270480.732,98.96,9.2679,897938.461,100,9.2639,102778.307,15.33,3.1722,78709.882,23.92,9.2629,570383.213,54.81,,,,9.3484,142649.626,14.01,,,,,,,9.559,10058.318,6.23,9.4301,343814.424,55.83,9.5147,33237.153,3.83,9.3703,10267.938,0.92,,,,,,,,,,3.2944,231170.467,32.6,3.297,290990.15,37.39,3.3776,828516.101,81.9,3.3745,102009.674,21.22,,,,3.4963,149153.515,6.58,3.5274,225123.374,62.31,,,,3.6275,261171.644,9.17,3.6978,1357943.158,91.04,,,,,,,3.8861,92517.137,8.68,3.9488,145041.776,49.98,3.9396,31122.672,74.13,,,,4.0493,159856.033,9.81,4.1228,24012.299,3.09,4.032,275738.805,42.85,4.05,29516.39,6.37,4.0861,268576.857,46.63,,,,4.1578,356986.25,20.9,4.1845,445435.922,5.11,4.1866,515536.441,66.48,,,,4.1172,73293.509,26.52,4.2321,664344.984,62.55,4.3224,59220.333,3.64,4.3197,54308.99,1.91,4.3789,301606.866,9.43,,,,,,,,,,,,,4.4353,76392.116,0.5,4.4441,314930.631,40.52,4.4751,22598.964,0.26,,,,4.5693,1048329.177,12.89,,,,,,,4.5798,1268279.718,40.43,,,,4.6024,28497.523,10.98,0.906,169722.745,44.56,,,,,,,,,,4.6904,118238.477,2.3,4.7085,379637.863,63.47,,,,,,,4.7515,64190.048,16.29,4.7862,2061701.063,40.17,,,,0.9307,10421.681,12.2,4.9392,17147.066,0.22,4.8953,2016399.903,39.28,5.0428,119996.172,8.21,,,,,,,4.9422,13713.087,17.15,5.0107,225295.406,13.83,5.0032,20538.363,5.89,,,,5.1464,57281.941,3.52
381_2012_T_2n,,,,,,P1-C9,,1,,,,,,,,,,5.0643,69862.73,1.2,,,,,,,5.1255,92786.517,23.86,5.2727,63800.289,27.17,5.1719,71717.353,28.34,5.1045,10892.333,0.66,5.2077,51492.255,5.48,1.2843,279384.538,25.9,,,,,,,5.1562,22790.993,2.43,5.3538,13007.332,0.58,5.2752,15627.784,0.17,5.3166,1120057.557,16.65,5.443,27254.522,7.04,,,,5.402,10858.064,3.21,1.6434,69667.498,3.88,,,,5.4222,265944.996,5.78,5.4447,27593.67,1.34,5.4684,37964.502,7.3,5.4442,10438080.68,91.82,,,,,,,,,,,,,5.5245,22902.621,9.75,1.6475,119207.96,41.51,5.5712,1212199.404,88.12,,,,5.5885,37642.516,0.63,,,,5.6311,14499.743,1.55,5.5338,18481.063,1.91,5.6639,186988.853,2.07,5.6812,328008.421,21.79,5.6832,44882.004,2.11,,,,,,,5.714,164378,8.2,5.7209,20899.273,0.18,5.7337,12807.648,16.95,,,,5.7947,419344.005,7.2,,,,5.8221,244950.285,86.14,,,,5.954,18418.696,2.11,,,,5.9837,480041.061,17.56,6.0096,150324.905,7.14,,,,6.0313,152219.344,11.3,,,,6.0778,226909.294,12.63,6.0407,14606.36,5.39,6.0883,22422.844,2.63,6.1204,126822.64,61.78,,,,,,,,,,,,,6.1851,187193.658,3.21,6.1852,317884.837,74.49,6.2411,642076.491,30.21,6.2383,542364.355,19.84,6.3713,10141.392,4.54,6.2852,784943.419,47.89,,,,6.3685,22933.374,0.64,2.0242,26994.628,14.23,,,,6.3909,1156166.273,39.28,,,,,,,,,,6.6353,11491.756,1.23,,,,6.5642,134884.625,46.35,6.6304,13351.381,1.38,,,,2.166,242817.286,36.66,6.4937,13955.412,0.62,6.6152,101156.169,0.89,6.6189,309414.961,18.88,6.6329,228263.436,54.04,,,,6.677,21708.574,5.84,,,,6.7556,781632.887,15.73,,,,6.7405,17173.943,1.83,2.17,191862.811,43.02,6.7573,1481356.983,22.02,6.8206,19008.719,2.52,6.8257,30291.695,0.27,6.8642,243785.912,86.97,6.9034,16716.277,0.25,6.8606,312141.382,62.16,6.918,323095.713,77.54,,,,6.9293,32540.418,22.73,6.9496,18376.093,1.12,,,,7.0016,11043.895,1.96,6.9736,76893.655,72.91,,,,,,,7.0259,26270.595,6.71,,,,7.0543,62598.686,1.26,,,,7.0732,52900.964,57.13,6.9559,12427.098,2.11,2.3933,19399.411,11.34,,,,7.1191,318839.533,15.91,7.1354,10112.016,2.43,,,,7.1552,30529.482,3.15,,,,7.1545,11425.082,0.13,,,,7.1582,19860.175,2.12,7.3836,10832.538,0.4,,,,7.3621,310872.767,52.71,7.357,489104.728,21.67,7.2909,940373.116,44.68,7.3579,47861.437,16.64,7.515,30079.561,3.45,7.4045,341726.231,16.24,7.4257,6282327.416,69.45,,,,7.4691,124740.367,26.14,7.4692,84525.578,10.53,2.5582,370777.31,97,7.4326,91903.422,88.97,,,,7.5381,26047.393,3.17,7.4173,106473.168,4.72,7.5838,14211.379,1.77,7.5573,380473.649,47.93,,,,7.6336,14830932.38,94.57,,,,7.6971,10726.3,1.34,2.8147,246415.974,52.44,7.7264,61354.958,8.59,7.7243,37731.319,0.42,7.7256,155269.956,5.73,7.7327,38774.165,27.09,7.7993,5800790.61,97.78,,,,7.9245,36490.028,0.63,,,,,,,8.1559,33729.518,14.36,2.8509,19183.355,1.98,7.8681,15217.611,0.79,8.0165,139961.156,11.32,8.072,23702.5,0.26,,,,8.0046,20366.354,1.02,8.0397,191668.412,40.26,8.0578,60296.285,52.16,,,,8.1871,17052.967,3.58,8.124,15256.119,0.68,2.8674,47765.38,23.3,8.3189,18594.918,0.52,8.1421,13932.878,0.7,,,,8.2437,64018.721,9.66,8.4876,96590.596,5,8.2399,215118.335,42.06,8.2691,12357.5,0.14,,,,8.3183,142701.226,24.2,,,,,,,8.3888,23402.905,0.86,,,,8.375,407973.154,54.66,8.4064,350714.066,3.79,8.4988,136063.511,5.02,8.6308,21270.635,7.84,,,,8.5047,312893.554,5.37,8.5732,555909.132,82.94,2.9843,21304.87,57.79,8.6184,277111.81,15.32,8.6299,15157.96,0.83,8.6984,8852275.994,95.71,,,,8.7636,66277.995,2.84,8.7626,15634.615,0.58,8.8725,88003.69,7.11,8.8015,794079.346,31.53,8.8271,11029.188,2.52,8.3185,77884.15,3.45,8.8774,510105.592,71.38,2.9628,341558.669,41.54,8.8876,11413.515,0.59,8.8991,71340.782,1.22,,,,8.9348,18460.241,3.25,8.9505,445133.674,31.68,,,,9.0279,486268.378,34.6,,,,9.0817,19939.408,0.86,,,,3.1194,84982.342,16.21,9.2442,40665.273,1.5,,,,9.1942,2481671.972,69.6,9.1937,2241152.612,97.8,9.2015,4917561.919,100,,,,9.2218,125200.342,33.8,9.2647,1821321.412,96.36,9.2684,1638423.478,100,9.2657,168792.878,17.4,3.1531,85324.992,54.79,9.2631,773152.135,40,,,,9.3492,198472.083,14.88,9.3931,20624.122,2.13,9.3945,373107.542,19.3,9.5916,10600.854,1.32,9.4272,223186.453,29.9,9.4914,17811.502,1.45,9.5542,13472.722,0.58,,,,,,,,,,3.2883,488858.465,57.23,3.282,916164.118,91.28,3.3888,433817.31,44.86,3.3984,10964.757,1.8,3.5906,10681.253,0.21,3.4754,591384.977,32.91,3.5149,259839.261,75.27,,,,3.6316,159029.145,6.22,3.6995,1020856.647,91.93,,,,3.8201,10137.307,0.4,3.8828,130976.437,13.57,3.9351,113839.07,57.78,,,,,,,4.0564,30303.216,2.25,4.12,35509.257,4.51,4.0314,216939.873,38.14,4.0523,11951.821,3.27,4.0948,293535.114,30.76,,,,4.1617,248924.701,16.53,4.1875,568613.522,6.29,4.1901,593894.444,63.37,4.1816,12403.235,0.55,4.1935,18248.763,4.84,4.2324,987147.158,81.7,4.3203,54480.84,4.04,4.313,55846.812,2.19,4.3748,167313.949,5.68,,,,,,,,,,,,,4.43,146858.942,0.94,4.4477,381264.933,48.43,4.4662,18435.804,0.2,,,,4.5722,1382755.621,20.55,,,,,,,4.5941,741574.677,14.92,,,,4.5952,49257.122,20.98,0.9087,218696.613,66.33,4.5695,18844.792,3.31,,,,,,,4.6815,95277.527,2.07,4.7154,377686.349,64.09,,,,,,,4.7484,166717.555,49.27,4.7893,1971081.002,42.86,,,,0.9221,25192.021,24.39,4.9398,23379.519,0.21,4.8919,1783014.798,38.77,5.0411,68854.87,3.05,,,,,,,5.0036,15838.71,17.07,5.0004,212613.402,15.78,4.9988,34930.658,6.18,,,,5.1428,57750.073,4.29
381_2021_T_2n,,,,,,P1-B3,,1,,1.2656,108101.776,,19.64,,,,,5.0758,90449.91,0.92,,,,,,,5.1544,48821.419,4.83,5.2753,120866.612,18.69,5.1937,100344.581,37.26,5.198,12421.56,0.39,5.1618,99075.429,7.22,1.2856,83932.756,4.49,,,,5.2075,132158.357,36.97,,,,5.1593,11677.796,0.4,5.2839,10702.532,0.12,5.3266,2384848.054,29.3,5.436,25184.133,7.81,,,,5.4363,18649.036,3.31,1.6594,174778.686,5.66,,,,5.4524,448210.447,5.64,5.4345,55990.019,2.55,5.4422,33290.517,3.08,5.4698,11706304.65,90.75,,,,,,,,,,5.4179,10453.878,6.41,5.5457,63272.241,9.78,1.6405,317335.933,31.45,5.602,1222904.78,88.44,5.61,12786.603,2.27,5.6144,42588.493,0.74,,,,5.7929,24937.48,2.46,5.7716,10137.413,0.59,5.6808,248362.721,2.73,5.6928,232693.457,10.32,5.6891,27405.75,0.94,,,,,,,5.7399,99688.893,3.8,5.8475,14237.473,0.11,5.7322,13896.586,10.48,,,,5.8031,158863.187,1.61,,,,5.8436,248896.274,87.49,,,,5.9566,14394.492,1.25,1.7764,11984.254,1.32,5.9872,254477.519,10.95,6.028,283087.37,9.63,6.0777,25764.07,2.55,6.0515,174486.512,11.56,6.2292,26000.044,4.67,6.0904,478987.796,15.52,6.049,12649.777,3.55,6.1214,44843.218,3.94,6.1366,239631.39,61.34,6.2083,17810.407,3.2,,,,6.1665,12589.622,0.75,,,,6.1947,267652.71,2.71,6.1976,534346.982,77.39,6.2532,380355.096,13.05,6.2552,294539.391,12.68,6.1988,31208.956,11.43,6.3011,1600538.328,49.92,6.345,22225.504,3.22,6.3665,20899.629,0.64,2.0213,102185.962,30.35,6.3233,37255.778,6.69,6.4161,2070433.762,56.18,,,,6.666,10286.6,19.51,,,,,,,6.5529,11816.485,2.9,6.5846,227416.58,68.32,6.6442,61944.066,3.58,,,,2.1773,307549.155,34.17,6.5122,95797.311,3.26,6.6347,82202.257,0.64,6.6276,643460.59,20.07,6.6552,191718.534,36.28,,,,6.7012,27327.753,7.19,,,,6.7596,863091.497,22.11,,,,6.7652,21815.142,2.16,2.1625,482475.242,56.83,6.7704,1502125.962,18.46,6.8684,27170.147,15.6,6.8431,57376.551,0.44,6.8784,370140.291,54.23,,,,6.8712,426278.929,51.13,6.9377,477501.856,76.2,,,,6.95,77226.976,38.94,6.957,24492.286,0.76,,,,6.9774,12880.587,0.96,7.0069,90268.712,76.15,,,,,,,7.0486,37195.621,4.7,,,,7.0818,77339.886,1.98,,,,7.1003,89803.056,50.6,6.9735,24573.384,5.68,2.4011,16226.524,8.4,,,,7.1293,209948.141,8,7.1547,24778.313,3.95,,,,7.1575,497340.889,28.75,7.2529,12014.704,22.78,7.177,18954.468,0.21,7.066,14030.836,16.88,7.3187,10526.85,1.04,7.5303,15169.167,0.75,,,,7.3835,94085.572,21.73,7.3812,149544.83,5.09,7.307,350284.958,11.92,7.3874,22165.624,3.98,7.5064,10543.531,0.92,7.4265,1420782.767,48.33,7.451,6754943.477,74.37,7.5634,10836.323,2.1,7.4953,129657.341,24.94,7.4936,38219.78,23.02,2.5686,89665.51,35.37,7.4546,110302.764,67.68,,,,7.5599,274588.048,21.42,7.5416,48333.077,1.65,,,,7.5988,273187.03,38.74,,,,7.6603,14097998.19,95.58,,,,,,,2.8419,115227.401,20.64,7.7486,122359.128,11.52,7.7669,25819.012,0.28,7.7591,85574.885,4.24,7.7649,64038.393,32.29,7.827,5587177.783,96.43,,,,7.9354,69704.078,0.71,,,,7.9986,29678.25,1.01,8.1808,97057.585,15.01,2.8537,34169.973,1.98,7.8892,10292.733,0.62,8.0234,33328.96,4.44,8.1018,10087.865,0.11,7.9468,12995.07,0.75,8.0158,28203.85,1.07,8.066,226782.396,49.14,8.0817,98012.54,53.02,,,,7.9303,48073.56,10.42,8.101,27445.18,0.93,2.8699,90539.826,49.72,8.3405,40283.936,1.24,8.1551,97266.305,3.7,8.1565,27015.603,1.61,,,,8.4831,38915.789,2.33,8.2685,170414.952,34.23,8.294,27334.756,0.3,,,,8.3458,222240.013,51.33,3.0255,12263.252,1.9,,,,8.2328,29009.772,1.44,,,,8.4051,377016.189,53.56,8.4339,406088.319,4.44,8.5165,785008.429,38.88,8.4768,10064.482,2.83,,,,8.51,5264379.848,53.3,8.5971,541080.738,81.44,2.9987,64611.372,39.86,8.6389,481748.151,22.78,8.7826,16794.915,0.39,8.7265,8693982.002,95.12,,,,8.7794,14999.142,1.84,8.6704,51254.919,2.54,8.8397,11417.65,1.52,8.8297,604159.808,34.72,9.0963,31215.328,4.65,8.2638,31395.977,1.07,8.8995,659497.937,62.09,2.9606,194165.081,15.15,8.9287,67574.741,4.04,8.9927,10331.471,0.1,,,,8.9535,12051.393,2.96,8.9752,449440.416,32.09,8.9783,17106.783,3.76,9.0471,399124.856,28.5,9.2015,23503.407,14.24,8.8791,28082.358,3.45,,,,3.1334,48603.641,15.61,9.2782,134540.056,6.66,,,,9.2215,2378193.25,73.09,,,,9.2248,3136917.659,99.3,9.2227,1824534.515,97.81,9.2449,139801.013,35.88,9.2864,1521821.296,96.49,9.2903,1119613.93,97.34,9.2897,124717.575,7.21,3.1648,233435.066,63.89,9.2873,603171.225,36.05,9.0043,17818.871,10.73,9.367,27000.076,2.2,9.4225,11212.05,0.65,9.4084,437095.922,26.12,,,,9.4588,161209.402,22.9,9.5262,20450.601,1.97,9.4981,34203.904,4.2,,,,,,,,,,3.3072,818797.573,71.85,3.3082,1222759.5,90.82,3.3953,975531.194,78.56,3.36,15601.163,2.36,3.4717,175717.838,4.5,3.4898,328006.959,10.63,3.5425,223988.923,48.76,,,,3.6236,42973.827,1.43,3.7069,1654850.367,93.39,,,,3.8149,12108.168,0.4,3.9001,241386.369,21.08,3.9572,29973.851,24.76,,,,,,,4.0487,42031.485,2.78,4.1311,37264.635,4.43,4.0509,169971.692,41.76,4.0667,266480.055,37.35,4.0985,159571.33,32.54,,,,4.1613,199380.338,8.84,4.2023,543936.857,5.99,4.1966,647203.113,63.96,,,,4.2105,30663.706,5.08,4.2463,1241328.984,75.31,4.3349,190223.202,12.6,4.3367,246368.09,8.22,4.3933,164297.42,4.46,,,,,,,,,,4.4536,11990.678,1.85,4.4461,155067.937,1.05,4.4692,395662.139,47,4.5959,13287.317,0.15,,,,4.566,329894.176,4.05,,,,,,,4.5863,898959.299,23.03,,,,4.6152,122404.354,18.93,0.9177,38258.58,9.08,4.5851,11461.064,2.82,4.6106,22174.693,1.93,,,,4.7115,427702.249,5.38,4.7275,132696.035,19.66,4.742,10407.057,0.91,,,,4.7648,372141.83,66.04,4.8073,3393749.81,42.67,,,,0.9176,88469.569,16.07,4.9576,26386.727,0.2,4.9205,2827097.925,35.54,4.8435,71726.275,2.44,,,,,,,5.045,121064.206,30.9,5.0141,88136.463,5.84,5.0117,217834.589,16.19,,,,5.1529,83453.073,5.53
394_2012_T_2n,,,,,,P1-C6,,1,,,,,,,,,,5.0233,94743.252,1.63,5.0482,14081.492,1.85,,,,5.1406,17552.253,2.7,5.1658,10535.358,1.82,5.1666,104861.485,12.27,5.1977,45811.006,1.96,5.1799,19840.288,1.04,1.2856,728099.69,35.8,,,,,,,5.1569,41861.841,3.46,5.3443,19951.578,0.87,5.2896,79345.765,0.23,5.3172,1864854.905,21.24,,,,5.4715,11646.737,1.53,5.4182,11222.695,1.87,1.6352,222990.621,7.16,,,,5.4245,487653.026,7.99,5.4562,92260.331,3.09,5.4529,162153.429,15.25,5.4469,6939177.83,69.14,,,,,,,,,,,,,5.5201,40982.194,7.09,1.6519,63665.305,20.39,5.569,1382260.956,79.71,5.593,20847.779,3.47,5.59,695394.954,17.84,,,,5.6181,27755.111,2.29,,,,5.6581,386189.578,1.13,5.6817,592465.361,25.01,5.6881,109180.308,2.97,5.8626,11298.269,1.64,,,,5.7175,288187.165,11.6,5.7988,22146.661,0.22,5.7311,11167.504,6.29,,,,5.7884,491305.447,8.44,,,,5.8192,151622.986,100,,,,6.0215,12760.712,0.87,,,,5.9817,385353.528,11.07,6.008,394942.284,15,6.0516,17842.864,1.48,6.0271,237178.945,9.43,,,,6.0784,461513.15,14.82,6.0388,44712.114,10.84,6.0885,134586.763,5.7,6.1186,87007.33,34.1,,,,,,,6.1451,38555.849,2.05,,,,6.1741,248359.892,4.27,6.1816,465388.138,79.97,6.2438,1145714.071,31.21,6.2537,308200.653,8.86,6.1716,35095.209,23.63,6.292,830751.228,35.57,,,,6.3514,86127.655,2.69,2.0198,144957.53,31.15,,,,6.3899,2085879.962,51.77,,,,,,,6.6752,15226.513,1.81,6.6189,11149.584,0.92,6.5415,18842.462,2.48,6.5584,84629.439,25.42,6.6435,10283.284,1.09,,,,2.1687,157433.277,22.28,6.5667,21716.412,0.94,6.6093,1499989.48,14.95,6.6159,551335.546,23.61,6.6309,51343.097,23.94,,,,6.6802,12693.667,2.84,6.7339,10894.193,1.43,6.748,699679.548,14.08,6.7876,46333.689,18.8,6.7433,33024.327,2.73,2.1745,108199.323,22.31,6.7507,1496610.73,17.04,,,,6.8281,10153.684,0.1,6.869,521565.347,62.59,6.9545,18003.823,0.21,6.9092,90168.784,14.54,6.918,388294.551,72.94,,,,,,,6.928,21595.167,0.92,,,,6.9964,15350.655,1.6,6.9728,80924.517,49.14,6.9748,27887.028,9.17,6.9983,19993.738,4.38,7.0293,15356.064,2.74,,,,7.0569,42608.574,0.86,,,,7.0761,299367.056,84.71,7.0949,28538.913,6.31,2.3976,79068.258,17.01,,,,7.1221,409195.616,16.47,7.1298,13332.787,2.5,7.338,26040.92,8.21,7.1353,39470.418,4.2,7.3689,27546.841,40.91,7.4041,13473019.57,39.47,7.1805,221546.936,63.25,,,,7.3446,25063.077,1.25,,,,7.3551,195641.064,43.28,7.3552,402403.32,17.48,7.2936,993891.202,37.74,7.3528,19531.854,6.16,7.5199,68452.929,4.68,7.4956,115915.684,4.4,7.4222,16722773.14,48.99,,,,7.4758,105182.741,34.45,7.4717,40790.451,15.36,2.5519,285755.053,62.36,7.4171,1122459.204,92.29,,,,7.5263,14658.672,1.23,7.4097,352147.831,15.3,7.5836,10042.462,3.78,7.5577,155501.553,21.49,7.6174,11582.118,15.22,7.6378,5583553.781,85.47,7.677,49135.027,82.8,,,,2.7995,59982.976,11.14,7.7319,11600.101,1.86,7.6953,145313.462,0.43,7.7203,142561.756,7.11,7.7385,30690.418,58.81,7.7903,4638884.812,92.93,7.9094,51827.123,6.82,7.9089,59464.825,1.02,7.984,24578.378,100,8.0968,25970.099,1.13,8.1582,28003.662,4.84,2.8568,36615.241,3.89,,,,8.018,223080.042,14.58,8.0412,68906.717,0.2,7.915,10990.247,1.17,8.0092,10368.81,0.42,8.054,171279.351,31.7,8.0558,71043.422,78.85,,,,8.19,11486.645,2.13,8.1262,13136.747,0.57,2.8513,102084.61,59.48,8.0268,14376.597,0.45,8.1204,17816.665,0.72,8.1332,10546.123,0.56,8.2362,72570.416,10.27,8.4841,83684.334,4.44,8.2392,253561.26,52.34,8.276,209879.623,0.61,,,,8.3273,41894.672,9.27,3.0108,125649.286,21.74,,,,8.508,30100.447,1.5,,,,8.3742,267926.097,28.89,8.4045,219530.285,1.59,8.4816,27830.901,1.39,8.6443,24980.817,6.06,8.266,18152.043,4.02,8.4972,92546.64,1.59,8.5886,1435919.587,84.43,2.9849,34412.237,53.53,8.6203,253982.624,11.4,8.6389,11037.473,0.62,8.7012,13359633.9,96.86,,,,8.7581,61044.959,5.02,8.8486,122406.184,6.1,8.8192,22891.143,1.5,8.8068,566886.433,38.85,,,,8.2598,30505.95,1.33,8.8758,496133.722,79.69,2.957,561612.433,47.09,8.8988,37535.453,1.99,8.8845,57356.89,0.99,,,,8.8414,10969.449,1.44,8.9486,478512.784,31.94,,,,9.0279,609939.149,40.71,,,,9.1223,13618.287,1.12,8.8339,10076.537,2.44,3.1152,278557.391,27.41,9.2421,21911.411,1.09,,,,9.1971,2032166.962,63.56,9.1949,2140463.368,99.32,9.198,4555505.159,99.72,,,,9.2211,96988.422,14.05,9.2624,1687683.998,97.95,9.2652,1444099.691,95.2,9.263,164649.077,17.5,3.1571,240481.743,61.13,9.2609,776453.506,41.2,,,,9.3457,397962.994,27.04,,,,9.5491,36677.763,1.95,9.5518,19009.493,7.16,9.4269,324166.174,34.95,9.5105,23608.283,1.65,9.357,13630.402,1.12,3.1197,10644.172,1.77,,,,,,,3.2859,1153755.539,48.85,3.2861,1375297.772,89.24,3.3869,1515868.558,76.67,3.3639,145006.153,18.67,3.4507,327304.133,6.59,3.4867,816837.222,26.23,3.5275,165768.54,44.77,,,,3.6148,281547.651,7.64,3.7032,2010384.379,86.68,3.8336,10061.883,5.78,3.8398,10081.23,0.27,3.8708,118214.601,9.95,3.9352,60831.286,21.84,,,,,,,4.0073,12772.381,0.51,4.1112,10070.209,0.9,4.0423,347734.244,45.75,4.0526,30952.223,6.04,4.0869,691599.674,50.61,,,,4.1579,500590.918,21.14,4.1836,761174.598,2.23,4.1933,485584.634,40.14,4.1811,15619.145,0.68,4.115,173148.295,30.65,4.2281,726659.383,71.05,4.3181,104884.097,4.17,4.3206,69907.148,1.9,4.3695,102388.709,2.54,,,,,,,,,,,,,4.4332,262240.236,4.01,4.4583,406231.427,36.16,,,,,,,4.5672,1074283.855,12.23,,,,4.6644,10679.197,3.18,4.5733,1387067.285,27.92,,,,4.5974,66289.86,11.47,0.9044,142815.472,42.13,4.561,22843.647,3.01,,,,,,,4.6811,154040.31,2.52,4.7077,412797.719,61.1,4.7296,16090.5,1.1,,,,4.7454,172107.475,28.63,4.7885,2415944.082,39.58,,,,0.93,58778.667,41.72,4.8721,11271.216,0.11,4.8986,2229582.403,36.53,5.0408,119014.518,5.17,5.0535,13591.409,2.35,,,,4.9331,11122.654,12.33,5.0032,454207.538,18.07,5.0485,11817.07,1.23,,,,5.1405,61127.86,2.43
409(403?)_2021_V(T?)_4n(2n?),,,,,,P1-B8,,1,,,,,,,,,,5.0755,59274.983,1.28,,,,5.1428,11259.715,6.43,5.139,18712.264,5.1,5.2874,26953.715,6.01,5.1774,210443.406,14.55,5.2092,11331.753,0.35,5.1804,42501.521,8.68,1.2922,170678.22,16.02,,,,,,,,,,,,,5.3115,57229.14,0.14,5.3269,225700.714,6.33,5.3665,10152.906,4.93,,,,,,,1.6437,148453.131,9.23,,,,5.4378,112555.091,3.25,5.4429,456031.84,28.73,5.4403,409983.942,35.52,5.4384,78011.276,1.57,,,,,,,,,,,,,,,,1.6471,191736.465,41.32,5.5861,163888.974,49.77,5.5651,46229.728,4.95,5.5883,18986.197,0.79,,,,5.6244,17066.022,1.32,,,,5.6876,16061.151,0.04,5.6884,236342.55,17.17,5.6821,10824.803,0.95,5.7098,10048.433,2.09,,,,,,,5.8286,968888.605,19.54,,,,,,,5.799,124560.462,2.7,,,,5.8357,75286.595,100,,,,,,,,,,5.9929,31118.844,2.89,6.0125,145493.716,7.33,,,,6.0498,181927.468,11.11,6.0957,28374.608,7.27,6.087,260747.8,16.21,6.1355,17608.593,3.64,6.1064,23872.883,1.96,6.1368,41710.27,49.47,,,,,,,,,,,,,6.1904,188410.788,4.08,6.1919,72399.762,14.4,6.2496,45622.388,3.98,6.2496,34852.116,3.23,6.3054,11188.116,4.51,6.2943,204192.614,6.35,6.3447,315356.138,62.71,6.3534,38663.667,1.19,2.0214,184786.247,46.96,6.3339,22903.754,5.86,6.4041,1215864.582,25.5,6.4606,10734.903,1.15,6.4465,61014.598,39.6,6.5066,13648.283,4.96,6.5537,12146.318,0.94,,,,6.5661,25239.813,3.26,6.5192,47188.996,8.3,,,,2.1741,286438.888,41.23,6.6898,53529.048,2.59,6.5873,15682.959,0.32,6.6246,1807669.768,56.21,,,,,,,,,,,,,6.7545,213781.407,11.39,,,,6.7497,18976.084,1.46,2.1626,536063.693,68,6.7643,320154.188,8.98,6.9849,12026.909,3.06,6.8339,56108.813,1.13,,,,6.864,640462.21,17.96,6.8932,14624.803,7.31,6.9214,85758.501,28.17,,,,6.9351,134934.229,87.77,6.9456,48608.151,1.51,,,,,,,6.9928,13899.637,11.2,,,,,,,7.0565,53707.315,8.46,,,,6.9746,80437.827,4.28,7.2184,15238.908,2.52,,,,6.9608,16343.232,2.67,2.4093,30341.814,13.68,,,,7.2597,109580.34,8.46,7.152,147303.918,48.38,7.2093,15535.687,3.98,7.1662,90164.974,15.86,7.1727,16716.68,10.85,7.1086,35557009.16,88.64,,,,7.1627,12155.149,0.94,7.324,10927.388,0.18,,,,7.3643,191237.397,31.23,7.3685,274229.928,13.29,7.2967,403661.376,20.35,7.3613,43353.593,11.1,,,,7.4149,957445.589,48.26,7.4457,742543.806,1.85,,,,7.4837,150317.046,27.9,7.474,15616.966,4.22,2.5652,241586.506,67.83,,,,,,,7.5419,91653.354,28.89,,,,,,,7.5779,220001.802,47.13,,,,,,,,,,7.7315,11668.912,3.15,2.8367,12900.046,0.85,7.7382,63866.149,11.43,7.7256,23645.869,0.06,7.7477,48956.587,0.81,,,,7.8111,3441648.373,97.26,7.6987,12153.495,2.01,7.931,27926.936,0.6,7.9823,52046.023,100,7.9926,12743.117,0.62,7.8292,12629.68,2.81,2.8618,17582.767,3.09,,,,,,,8.0558,406594.366,1.01,8.2614,28263.83,4.97,7.8512,32503.655,2.51,7.9183,29823.778,12.37,8.0715,37019.353,13.04,,,,,,,,,,,,,8.288,168578.711,5.21,8.2747,37388.201,2.89,8.1412,10395.342,1.2,,,,,,,8.2632,141246.415,8.89,8.3353,344055.996,0.86,,,,8.331,10974.348,1.79,,,,,,,8.2331,12849.328,0.21,,,,8.3875,692031.369,72.27,8.4239,36162.637,1.22,8.4892,138567.764,2.29,8.6568,24793.73,5.12,8.2918,154660.835,25.26,8.5018,2439024.434,52.84,8.5754,878024.443,80.83,2.9939,140047.266,63.34,8.6305,219533.554,27.22,8.5078,835090.025,31.96,8.7119,2860501.83,96.73,,,,8.7603,121538.565,1.35,8.7644,53497.735,0.88,8.8267,21313.55,5.4,8.8233,250757.731,24.03,8.932,52165.998,15.77,8.2906,326584.105,15.82,8.8929,181029.759,32.4,,,,8.9067,12002.21,1.38,8.8893,69348.032,1.5,,,,,,,8.9627,145162.706,27.98,9.0099,11855.105,7.47,9.0349,149712.882,28.85,9.1148,12970.037,5.92,9.1182,116622.735,1.29,,,,3.1164,370693.711,82.08,9.1375,55574.323,0.92,,,,9.2102,2503283.885,77.3,9.3208,15122.257,0.56,9.2141,6061715.116,100,9.2153,2668699.208,99.02,,,,9.2775,372702.935,96.49,9.2829,90301.075,61.8,9.2863,25755.729,4.53,3.1679,76546.156,33.38,9.2755,118489.103,13.64,,,,9.3574,43160.759,4.86,,,,9.2081,19969.473,2.3,,,,,,,9.2126,175943.52,32.89,9.4768,14998.254,0.17,,,,,,,3.2133,67062.181,7.55,3.2971,589470.093,48.42,3.3043,854748.487,94.65,3.3914,210788.401,56.73,,,,3.4881,55676.061,2.97,3.5025,35594.603,2.21,3.5347,24781.174,6.33,,,,3.643,24532.576,1.35,3.7053,2233329.265,94.95,,,,,,,,,,3.9491,109406.538,61.57,3.9413,12915.456,18.54,,,,4.0107,37421.689,2.29,,,,4.0633,17351.585,2.87,4.067,93276.644,48.65,4.0924,192077.376,45.33,,,,4.1618,155805.013,11.32,4.1977,782128.371,1.95,4.186,925016.759,71.36,,,,4.1264,25148.62,8.04,4.2482,237940.295,85.74,4.3273,207952.419,12.7,4.3292,178853.016,9.83,4.3873,1820509.841,38.17,,,,,,,,,,,,,4.4371,56161.868,20.88,4.5608,337146.143,10.45,4.4842,61226.568,0.15,4.4887,20424.245,21.74,4.5846,45997.656,1.29,,,,,,,4.5824,95018.08,5.06,,,,4.7528,16414.388,3.66,0.9075,55537.766,16.23,,,,,,,,,,4.7068,137911.733,3.99,4.7164,113404.967,28.36,4.745,69994.099,8.47,4.7592,77615.383,100,4.7597,646506.121,69.17,4.8004,1619264.828,46.8,,,,0.9349,21019.816,14.68,4.8715,161095.835,3.25,4.9134,1366997.39,39.51,4.8482,15948.677,0.77,,,,,,,,,,5.0137,619588.936,37.85,5.0085,18311.197,5.17,,,,,,
418_2021_W_4n,,,,,,P1-B10,,1,,1.2755,67548.272,,15.67,,,,,5.0258,108126.353,2.31,,,,,,,5.1123,135106.964,22.08,5.2626,41834.4,8.94,5.1699,63270.18,12.16,5.1831,28135.379,0.46,5.1889,48282.902,4.87,1.2894,266295.784,13.21,,,,,,,5.158,27293.459,4.91,,,,5.3128,198008.869,0.65,5.2325,965435.913,23.2,,,,,,,,,,1.6375,70359.298,2.26,,,,5.4246,324879.366,5.39,5.4211,1368966.743,39.04,5.4271,1248209.013,42.45,5.4436,218486.847,6.89,,,,,,,,,,,,,5.5135,14160.619,3.03,,,,5.5691,780067.796,78.73,5.5804,11394.576,2.23,5.5923,557154.27,41.9,,,,5.769,34508.628,6.21,,,,5.6561,142458.055,0.47,5.6802,361677.487,15.36,5.6809,37344.901,2.23,,,,,,,5.7128,18923.911,1.08,5.8046,215737.729,6.81,,,,5.9333,25740.104,5.27,5.7942,193624.926,4.13,,,,5.8087,53730.898,70.09,5.9973,38957.943,7.98,,,,,,,5.9811,60669.248,3.5,6.0068,221694.636,14.88,6.0554,14024.17,2.52,6.0335,155778.3,7.55,,,,6.0762,559187.173,17.98,,,,6.0876,46878.607,5.17,6.1257,103203.884,45.21,,,,,,,,,,6.1764,12685.073,2.27,6.1882,265234.115,5.66,6.2432,16428.427,4.89,6.2509,128597,7.67,6.2232,37930.432,2.19,6.3147,10077.172,44.65,6.2872,292281.497,4.73,6.3258,241815.519,71.95,6.3499,31943.532,1.5,,,,,,,6.394,3584512.256,67.56,6.5702,41086.594,8.04,,,,,,,6.4228,28669.178,5.16,6.5229,11086.653,2.27,6.5627,72641.88,38.81,6.5053,45600.842,5.94,,,,2.1718,139478.111,18.92,6.6853,10397.417,0.68,6.6053,785773.826,24.79,6.6147,3275675.219,53.02,,,,,,,,,,,,,6.7076,285498.944,13.52,6.781,45563.621,68.78,6.76,11199.939,2.02,2.1711,157434.443,40.37,6.7393,132625.715,3.19,6.8301,46437.907,26.09,6.8091,17701.593,0.56,,,,6.855,544061.118,13.08,6.8913,13021.827,4.16,6.9111,66919.804,30.11,,,,6.9268,40492.995,48.88,6.939,248806.626,4.03,,,,6.8402,22020.556,3.86,6.9729,247673.464,91.19,,,,7.0026,11077.01,22.23,7.0681,144930.199,23.68,,,,6.9843,11075.384,0.52,,,,7.0733,101148.364,75.22,,,,2.3996,78496.308,16.52,,,,7.064,12031.981,0.69,7.1323,137720.03,61.96,7.3036,11376.83,5.71,7.1503,41148.699,5.36,,,,7.0046,10538.93,0.03,7.1705,27429.206,16.24,,,,7.3443,39462.865,1.46,,,,7.3476,66642.81,32.96,7.4151,567147.458,37.11,7.3482,202003.136,13.56,7.3449,19866.94,9.98,7.5224,13596.236,1.74,7.4566,104473.09,7.01,7.4083,26873891.82,88.52,7.5411,11720.561,3.92,,,,7.4839,20984.235,12.87,2.5616,363267.445,50.99,7.5945,96222.789,7.58,7.5159,10632.804,25.4,7.5247,140377.303,21.24,,,,7.5845,10500.581,6.44,7.5567,209825.127,40.1,,,,7.6406,51905.346,18.17,,,,,,,2.816,65395.355,28.93,7.7227,47447.153,5.71,7.7253,16112.161,0.05,7.7261,20415.395,0.76,7.7651,14391.99,17.37,7.7942,1351999.889,95.55,,,,7.9279,178274.829,3.8,7.9794,513302.632,90.83,7.9707,11101.454,0.73,8.0807,16898.263,3.61,2.8496,20128.279,2.62,8.0684,10451.37,0.95,8.01,18793.722,3.41,8.0371,123604.432,0.41,,,,8.0583,49645.798,2.83,7.9021,158694.302,21.42,8.0602,49519.182,49.56,,,,,,,8.0911,58654.108,3.84,2.8541,49809.441,80.03,8.0719,16764.294,0.79,8.108,11600.513,0.66,,,,8.2398,12474.083,1.69,8.2706,41445.098,3.77,8.2411,74127.873,9.73,8.2783,362224.962,1.19,,,,8.3273,11021.594,5.45,3.0065,71941.53,15.37,,,,8.3283,13252.447,0.49,,,,8.3735,273518.984,43.94,8.4041,57939.235,0.5,8.4853,292241.856,10.84,8.6353,34590.618,8.7,,,,8.4784,1648431.549,35.17,8.5843,1252692.736,89.19,2.9777,240645.932,67,8.6173,285295.702,20.39,8.4868,413959.298,24.99,8.6941,11350658.13,97.81,8.4991,22031.512,20.32,8.7525,238618.497,6.39,8.7445,133434.797,4.95,8.8549,20261.655,3.67,8.8062,821361.841,38.41,9.0795,14341.771,3.01,8.2555,25546.556,1.67,8.8734,373434.362,44.91,2.9824,14776.288,2.24,8.9139,11817.502,1.08,8.8848,184383.782,3.93,8.9939,10067.591,10.08,8.9203,28180.553,5.77,8.9529,330110.601,33.3,,,,9.0281,357401.533,36.06,,,,9.0949,17645.067,0.47,,,,3.1185,21488.568,10.25,9.2397,13104.624,0.49,,,,9.1947,1612753.345,75.95,9.1981,1732857.203,100,9.1995,2899964.088,98.78,,,,9.2154,192586.498,51.69,9.2623,1246442.575,98.25,9.2641,770642.195,95.53,9.2605,108979.494,14.2,3.1675,106225.73,52.41,9.2618,493299.371,44.91,,,,9.3351,47312.199,10.84,9.4215,31091.656,4.05,9.4153,16721.111,1.52,9.4059,17873.534,10.96,9.4197,72688.959,11.68,9.6556,39131.622,6.63,9.479,120457.985,3.22,3.1172,35054.382,6.86,,,,,,,3.2915,267184.158,29.44,3.282,630489.235,83.02,3.3886,232245.598,42.32,3.4861,29885.079,4.84,3.4745,286354.082,13.56,3.4847,272921.818,8.77,3.5273,140046.202,17.1,,,,3.6363,25416.764,0.93,3.6977,835391.259,67.77,3.8235,10817.022,3.62,,,,,,,3.927,92264.179,52.29,,,,4.0409,13233.278,2.38,3.978,247914.85,12.02,,,,4.041,174374.912,35.73,4.059,73764.922,16.3,4.0836,276027.655,58.91,,,,4.1545,334991.594,14.23,4.1879,352951.722,1.16,4.1945,340423.582,61.25,,,,4.1199,56994.2,12.69,4.2345,876616.236,72.16,4.3195,154867.835,7.51,4.322,182627.556,6.68,4.3686,58035.869,1.09,,,,,,,4.3444,19559.694,2.5,4.4453,18269.753,3.9,4.4343,86486.876,30.28,4.4812,134820.585,12.48,,,,,,,4.5769,86158.872,2.07,,,,4.712,13866.875,2.79,4.5782,127913.759,6.06,,,,4.5967,74291.243,15.87,0.919,15560.113,2.42,4.5546,19553.505,4.01,4.6032,20165.657,2.58,,,,4.688,343202.835,5.7,4.7169,92867.539,14.15,4.7314,10717.754,1.37,,,,4.7461,199193.66,38.99,4.7849,2565718.808,42.59,,,,0.9245,95439.388,22.14,4.9374,55299.811,1.74,4.8936,2199623.143,36.52,5.0437,20277.26,1.33,,,,,,,4.9427,40699.313,33.5,5.0091,379817.829,18.41,,,,,,,5.1312,18724.198,0.91
54_2021_T_4n,,,,,,P1-C2,,1,,,,,,,,,,5.048,45190.426,0.78,4.9717,114542.868,0.74,,,,5.15,10339.553,1.36,5.1489,24392.9,0.57,,,,5.2014,18981.997,0.61,5.1974,57839.704,9.1,1.2936,217635.167,18.15,5.1941,770714.918,45.25,,,,5.1893,14703.95,1.28,5.1517,12922.125,0.14,5.2573,15912.864,0.5,5.3174,1146463.768,23.03,,,,,,,,,,1.6532,45260.029,1.66,,,,5.4156,167509.94,3.97,5.43,297705.156,15.84,5.4355,332926.873,27.75,,,,5.4965,618643.416,64.98,5.4818,163270.622,1.41,,,,,,,5.5009,49950.393,1.17,1.6591,23456.207,3.84,5.5682,481738.555,68.82,,,,,,,5.6446,186856.334,1.88,5.7691,25265.315,2.19,,,,5.6852,12305.038,0.39,5.6806,350668.653,13.34,5.6949,63777.89,2.96,,,,,,,5.7236,165124.494,12.45,,,,,,,5.7875,114061.316,0.74,5.8183,14880.351,0.26,5.7815,39025.155,0.39,5.8131,106513.337,100,5.9987,1669787.707,10.77,5.934,355953.242,14.96,,,,5.9858,64437.318,5.01,6.0125,182032.931,11.67,6.1101,22486.965,1.95,6.0374,79963.924,4.96,6.0849,43621.412,0.44,6.0753,509963.857,18.74,,,,6.0943,25563.708,1.85,6.1601,253001.067,25.23,6.163,58856.469,0.59,1.9817,36333.63,0.85,6.1534,1380296.735,11.94,6.1488,35776.428,9.59,6.1933,136383.214,2.36,6.1867,276162.552,40.08,6.2424,126725.027,5.87,6.2411,142893.567,11.11,6.3199,22947.266,35.6,6.2837,698431.148,22.58,6.3314,375803.996,54.54,6.3454,127065.471,2.83,,,,6.3299,52472.786,0.53,6.3997,1306139.528,54.19,6.5337,11670.742,4.27,6.4166,44555.95,4.68,6.3202,19789.776,5.18,,,,6.5333,885233.756,5.71,6.5712,531023.611,45.27,6.5887,3513242.667,54.76,6.585,2355331.996,25.7,2.1749,308648.533,32.46,6.5363,572515.55,6.37,,,,6.6253,1241769.485,40.14,,,,,,,6.5429,27808.812,4.62,6.7134,1407246.335,9.08,6.7529,372847.151,15.55,6.7889,77696.339,12.12,6.749,103468.254,8.98,2.171,317973.939,36.43,6.7584,583372.026,11.72,6.8208,96763.607,1.06,,,,6.8776,24843.646,8.8,6.8507,661108.433,13.28,6.8879,48837.434,10.76,6.9169,206099.594,42.91,6.919,405340.187,2.62,,,,6.9354,54858.235,1.77,,,,6.8535,38642.021,6.02,6.9718,43357.21,1.21,6.9659,16172.884,21.76,7.0055,357037.733,57.71,7.0734,73261.129,5.75,,,,7.0627,34378.914,1.43,7.0977,11665.909,0.08,7.0726,54569.763,14.71,,,,2.3886,162647.381,40.75,,,,7.1253,49113.634,3.7,7.1345,175212.921,36.48,7.2658,32602.632,0.33,7.1464,162417.908,2.53,7.2259,182199.713,19.14,7.2408,22935.536,0.72,7.1825,16401.111,4.75,,,,7.3849,32628.508,0.16,,,,7.2579,11541.374,1.33,7.4674,248833.104,2.77,7.3311,84998.249,5.45,7.3535,25345.998,0.25,7.443,28553.26,1.2,7.4119,594776.693,38.15,7.4352,79484.182,2.49,7.4742,924524.427,55.08,7.6924,12979.436,25.37,7.4757,42002.394,0.46,2.5527,395343.184,57.92,7.5526,15504.208,4.35,7.5271,135290.067,71.93,7.54,189566.809,26.57,7.5876,69841.629,0.78,7.5923,16633.277,0.18,7.5557,78426.798,23.54,7.5817,23407.833,30.38,,,,7.6733,20996.525,20.17,7.703,16868.814,0.18,2.8172,24188.199,8.55,7.7182,79731.407,6.05,7.7203,35349.497,1.11,7.7252,35306.415,0.18,,,,7.7913,4446957.079,95.27,7.8751,157973.66,1.02,7.9222,58845.593,1.02,7.9872,15524.539,30.36,7.9625,139879.341,1.56,7.9651,227486.714,5.31,,,,7.9582,102466.987,0.89,7.9685,21195.79,4.05,7.967,10260.593,0.32,7.9619,10970.317,0.17,8.0645,11049.166,0.83,8.0465,57620.471,15.11,8.0646,149031.642,4.18,8.0893,376876.637,2.43,7.9021,69381.169,18.2,8.0727,121817.515,1.36,2.8446,493940.329,78.02,8.1342,32968.344,0.74,8.1468,37423.108,2.82,8.0903,220773.936,1.91,,,,8.3583,63785.201,0.55,8.2343,65240.359,2.15,8.3238,11099.009,0.35,8.2908,87951.074,0.96,8.3504,11014.257,1.27,,,,8.3445,56439.988,15.85,,,,8.3733,63814.824,100,8.3748,343889.55,30.13,8.4031,57832.006,1.56,8.4847,385744.109,1.93,8.7193,258523.23,24.66,8.4944,123391.334,14.24,8.4929,3464327.592,59.89,8.5604,626617.53,74.87,2.9895,70337.512,33.28,8.6169,1180569.077,42.26,8.4926,1151618.77,86.67,8.6937,3634554.571,98.1,8.7393,6172945.164,90.01,8.7313,12502950.11,79.66,8.7378,12421590.05,62.14,8.8181,34396.446,6.58,8.8164,236214.577,40.54,8.73,204058.269,30.32,8.2282,13648.473,0.15,8.8729,1039578.703,78.91,2.9775,49227.18,6.9,8.8633,584430.971,5.05,8.8775,102493.844,1.77,8.9266,2383787.332,66.87,8.9205,3836004.972,24.75,8.9557,242258.287,14.22,,,,9.0194,245544.579,14.42,8.9491,19855.203,4.77,9.0826,33947.747,0.22,,,,,,,9.2003,26011.662,0.13,,,,9.1939,61781.116,1.38,9.1911,95608.975,44,9.1976,15153.871,5.8,,,,9.2085,24309.045,26.87,9.2608,727118.298,34.2,9.2658,237760.475,42.25,9.2657,238502.566,3.72,3.1525,48372.705,56.74,9.2633,1168276.803,10.1,9.2653,1254622.956,13.69,9.3445,44440.297,3.21,9.4081,810024.716,12.62,9.4086,1485812.536,12.85,9.41,2466304.113,26.91,9.4296,24009.599,2.1,9.2994,13519.201,0.61,9.4697,90276.996,0.58,,,,,,,3.2065,61193.482,4.42,3.2938,879617.44,63.82,3.2896,1180149.086,81.47,3.3887,290329.702,38.31,3.3771,50879.633,13.2,3.4577,250659.008,10.45,3.4767,970557.257,35.67,3.5153,64441.482,23.69,3.5481,67498.135,27.41,3.6123,46455.77,2.38,3.697,2344977.872,93.7,,,,,,,,,,,,,,,,3.9615,575020.862,49.89,3.9915,157328.949,9.76,,,,4.0332,150045.775,0.97,4.0624,14987.055,5.71,4.086,363712.762,52.36,4.0994,307659.13,61.65,4.1598,328069.392,12.48,4.1862,16426.263,0.51,4.1629,26128.821,2.27,4.1836,21928.65,0.24,,,,4.2234,2868699.784,92.78,4.3085,192147.728,11.91,4.3178,158590.104,8.13,4.3676,97618.999,4.05,4.3945,1875243.934,50.96,4.3914,2318009.48,14.95,4.4065,19523.845,0.82,4.4408,197401.393,4.61,4.3995,111542.572,16.99,,,,4.4728,45918.815,1.44,,,,4.5663,167484.479,3.36,,,,,,,4.574,182735.05,7.62,4.6188,1956798.883,19.69,4.5962,212433.724,4.96,0.9235,29529.495,8.52,4.6205,1652846.63,10.66,4.5835,30208.439,1.27,4.6639,113283.812,6.65,4.6856,86149.473,2.04,4.7039,75501.067,27.19,4.7253,18038.145,0.76,,,,4.7393,23392.274,8.56,4.7823,1768316.851,41.92,4.9653,16268.939,3.39,0.9276,149224.076,37.1,,,,4.8915,1600828.338,37.95,4.9753,145890.89,1.62,4.968,1911013.102,44.61,4.9194,22679.521,8.3,5.0103,34965.752,21.87,5.0107,722512.12,44.8,5.0158,82691.976,12.89,5.1034,10709.159,0.17,5.1327,14424.683,0.89
60_2021_W_4n,,,,,,P1-B9,,1,,,,,,,5.1135,17981.977,14.38,5.0601,17476.686,0.3,,,,5.1333,554068.661,20.7,,,,,,,,,,5.2129,16426.1,0.65,5.1753,26356.748,4.81,1.2784,229246.993,21.04,5.1264,55768.38,6.24,,,,,,,5.1393,204368.655,12.35,5.2404,21244.489,0.71,5.3107,861048.069,19.03,,,,,,,,,,1.6434,70326.066,2.81,5.3971,736588.594,30.86,5.4157,325084.716,8.05,5.4974,664208.39,14.73,5.4413,157239.298,20.37,,,,5.5069,12971.306,100,5.4992,564761.208,15.27,5.5016,629218.591,18.96,,,,,,,1.649,27567.184,32.54,5.5704,1313307.491,94.7,,,,5.7028,10888.072,7.75,5.646,39184.94,5.71,,,,5.647,1490897.96,29.8,5.5661,11468.11,0.38,5.6964,101893.923,7.81,5.763,29243.961,1.48,,,,,,,5.7206,328707.376,17.49,5.6987,10221.347,19.28,5.7576,207664.923,36.64,,,,5.7857,171449.379,2.98,,,,5.8167,35205.295,48.49,,,,,,,,,,5.9863,138193.475,7.36,6.0082,81531.742,5.43,,,,6.033,129783.631,10.34,,,,6.0715,463939.347,18.51,6.1141,165374.263,6.23,6.0881,98136.891,15.04,,,,,,,,,,6.1766,10304.642,0.28,,,,6.1819,333779.388,5.79,6.1823,684462.584,79.58,6.2358,408438.555,20.73,6.2454,232755.426,12.39,6.1966,18083.787,18.41,6.286,637397.129,25.28,6.3306,35563.564,4.13,,,,,,,6.2957,13511.838,1.97,6.4002,602178.767,28.77,,,,,,,,,,,,,,,,,,,6.6167,97024.435,1.94,6.7162,10874.196,5.4,2.1725,191679.396,23.04,6.5358,10542.505,0.64,,,,6.6164,946436.052,37.54,,,,6.676,16583.395,0.69,6.6742,21177.13,19.84,,,,6.7557,414852.118,12.91,,,,6.956,10327.058,6.75,2.1737,189460.805,49.07,6.7516,809887.385,17.9,6.7162,10874.196,5.42,,,,6.8642,210811.465,40.76,6.9073,13282.157,0.29,6.8614,285531.305,45.8,6.9244,411381.366,66.41,,,,,,,6.9919,76593.661,3.04,,,,6.9811,10762.41,1.56,6.9729,83557.174,53.43,,,,7.0198,16946.195,16.55,7.0257,14682.108,2.93,,,,7.0698,106522.749,3.31,7.2344,12875.622,4.36,7.0759,195852.617,62.32,,,,2.3929,45729.264,11.42,7.1166,363067.182,13.57,7.1187,105009.982,5.59,7.1395,19653.997,3.17,7.1186,15959.655,2.33,7.1327,238361.898,4.76,,,,7.2426,11356.217,0.38,7.3451,26342.854,17.91,,,,7.3319,725404.688,8.49,,,,,,,,,,7.2882,139250.383,9.27,7.2418,38562.675,5.62,,,,7.4145,697593.121,46.46,7.4481,13479.63,0.45,7.5429,20317.204,23.77,,,,,,,2.5582,744297.425,86.72,,,,,,,7.5338,141520.984,27.76,7.551,10569.491,0.64,,,,7.5575,207512.44,49.65,,,,7.7663,20005.394,7.98,,,,,,,2.818,149366.249,31.4,7.721,76756.595,17.95,7.7236,21577.49,0.72,7.7352,22428.246,0.26,7.7707,41162.241,100,7.7951,3566482.567,95.05,,,,7.9262,13662.314,0.24,7.9751,101109.309,76.21,7.7445,26542.654,1.6,8.1558,74996.797,37.38,2.88,19919.813,0.4,7.8515,45216.441,1.22,7.9503,51363.539,1.93,8.0484,11074.72,0.37,7.9979,13005.142,0.26,7.9725,10155.812,0.54,8.0498,139053.896,12.04,8.0646,48584.229,40.88,,,,8.1074,98807.821,8.55,8.2441,16289.686,0.98,2.8722,10831.22,29.52,8.301,10119.545,1.34,8.1443,100327.611,5.34,8.1567,40079.708,1.08,,,,8.2425,173979.499,4.7,8.2362,93927.392,9.29,8.3084,42361.053,1.42,8.2364,17196.729,8.55,8.3028,13050.653,25.12,,,,8.4726,28139.497,49.63,8.366,3331534.259,38.99,,,,8.3691,207791.871,50.37,8.4065,1170697.869,10.87,8.4705,1418381.881,16.6,8.4623,236079.241,8.9,,,,8.5084,2524687.622,43.81,8.5742,928162.293,94.39,2.987,66201.195,41.72,8.6169,226429.71,26.18,8.6292,35068.699,2.31,8.6939,9561514.723,88.76,8.4766,10813.584,13.95,8.7634,57248.393,1.02,8.76,11408.883,0.13,8.8026,404124.63,15.16,8.8103,1145464.459,45.66,8.8602,138461.207,9.34,8.3026,14947.627,0.9,8.8731,181756.81,42.51,2.968,184622.87,36.21,8.8715,36489.186,0.99,8.8117,17453.042,0.3,,,,8.9179,12338.755,4.18,8.9524,82109.572,9.19,,,,9.0198,112991.172,12.64,9.0463,151624.699,27,9.1254,21079.149,0.38,9.11,67180.861,2.53,3.1146,88954.971,29.22,9.1152,26015.309,0.3,,,,,,,,,,,,,,,,9.2141,1657987.541,88.42,,,,,,,9.5204,28927.776,0.58,3.1575,214281.933,52.39,9.1854,10685.976,0.29,,,,9.3424,35208.678,3.64,9.5045,46905.418,0.94,9.5054,16653.091,0.45,,,,9.4244,124238.472,30.11,9.4426,141884.922,25.5,9.4622,24868.015,0.44,,,,,,,,,,3.297,130398.435,19.99,3.29,455622.169,65.27,3.388,267509.259,49.28,3.3683,13691.036,5.52,3.4537,166192.331,5.17,3.4777,644748.42,25.72,3.5235,272345.948,63.34,,,,3.6192,73860.43,3.9,3.6997,1270496.23,88.87,,,,3.8402,18526.566,0.98,,,,3.9311,34582.94,60.04,3.9222,95805.31,47.75,,,,4.0632,14542.934,1.16,,,,,,,4.0453,22907.025,4.08,4.0798,229882.573,25.71,,,,4.1567,118522.668,9.08,4.2819,10963.278,0.37,,,,,,,4.1364,12285.008,2.92,4.2341,1192575.567,73.14,4.3365,94538.232,7.53,4.3315,261573.112,13.82,4.3783,154954.98,7.4,,,,,,,,,,,,,4.4398,14239.785,5.68,,,,4.4496,14224.566,0.48,,,,4.5697,583910.739,12.91,,,,,,,4.5724,749996.734,23.33,,,,4.6958,21993.348,10.96,0.9074,36762.391,14.36,,,,,,,,,,4.6865,138153.367,3.42,4.7155,91858.33,36.93,,,,,,,,,,4.8106,314320.562,7.78,,,,0.9237,299573.544,44.73,,,,4.8907,1501234.618,37.17,,,,,,,,,,5.0057,23784.406,19.09,5.006,32685.156,2.6,5,17690.004,2.57,5.015,1068628.822,21.36,,,
64_2021_T_4n,,,,,,P1-B6,,1,,1.2716,75865.775,,9.32,,,,,5.0377,164518.987,0.96,5.1238,11053.596,0.38,,,,5.1247,98771.005,8.46,5.2716,54247.796,3.12,5.1747,55284.696,9.32,5.0705,11763.461,0.23,5.172,50402.03,3.31,1.2976,217273.318,11.05,,,,5.2041,10609.76,9.97,5.2472,11426.814,0.63,,,,5.2992,36342.726,0.11,5.3144,1542491.649,15.51,,,,,,,5.3628,18973.945,1.81,1.6438,45820.256,1.4,,,,5.4244,346300.579,5.09,5.4259,581633.804,15.1,5.4308,575727.486,18.9,5.4334,111745.304,5.88,5.495,179826.093,69.16,5.4881,46051.284,0.79,,,,,,,5.5336,16790.951,0.97,1.6388,66405.17,14.84,5.5744,973967.016,74,5.5879,10415.149,1,5.5933,522494.459,37.25,,,,5.6437,21711.211,1.19,,,,5.6662,213820.685,0.66,5.6808,324040.022,8.76,5.6877,60849.185,1.71,,,,,,,5.7318,163504.794,5.26,5.7341,32727.555,1.72,,,,5.7862,29447.609,1.01,5.8119,36759.766,0.21,5.7881,26530.813,1.19,5.8235,14333.108,54.7,5.9345,63421.111,2.19,6.199,10485.019,0.68,,,,5.9814,78809.73,2.55,6.0069,554673.572,27.28,6.016,12775.15,0.7,6.0261,294848.113,7.36,6.0847,135886.354,6.1,6.0785,670181.068,20.45,6.0433,10424.246,2.39,6.094,42399.732,1.91,6.0572,789841.71,69,6.1972,15938.14,0.72,1.9814,65498.036,3.77,6.1421,40209.982,0.69,6.1531,223931.232,25.49,6.1855,200546.184,1.17,6.1814,217584.488,29.05,6.2484,167707.647,4.7,6.235,215153.235,6.97,6.343,11743.608,18.72,6.2879,578133.207,11.32,6.3297,469985.061,62.75,6.3416,11777.726,0.24,2.025,15600.722,2.02,6.3302,34954.654,1.57,6.3952,3051424.47,60.2,6.4306,41604.085,3.98,,,,6.5035,10075.974,1.21,6.5856,12119.485,0.67,6.5234,41500.643,1.43,6.5677,546188.137,30.11,6.5835,2922516.766,58.74,6.5812,1908278.967,73.09,2.1523,308069.312,33.72,6.6782,17854.599,0.41,6.6201,162748.95,8.57,6.6205,2391578.386,46.84,,,,,,,6.8051,32170.681,6.42,6.7426,11647.824,0.4,6.7499,743567.795,16.36,6.7904,310501.78,37.05,6.7576,14825.499,0.82,2.175,409693.969,49.62,6.7549,1106300.069,11.13,6.8183,40064.634,1.56,6.7355,19083.015,1,,,,6.8429,1201979.046,12.09,6.888,49026.973,9.17,6.918,299926.099,42.05,,,,,,,6.9369,234341.855,4.59,,,,7.0084,29584.473,1.64,6.9766,279069.722,19.45,6.9734,90134.723,61.76,7.0129,30530.049,17.83,7.2796,25098.832,2.13,,,,7.0799,84836.332,1.87,,,,7.0799,99242.389,79.29,7.2641,69124.697,5.86,2.4072,122079.656,38.11,7.235,13547.282,3.38,7.1389,30885.279,0.99,7.1324,329743.784,46.23,7.2763,15363.289,0.69,7.1452,409104.402,8.22,7.2246,28837.066,11.09,7.1791,770442.483,2.39,7.1836,284123.523,60.59,,,,7.3129,11932.004,0.28,,,,7.3537,51610.619,4.37,7.4144,479781.067,10.97,7.3472,157412.281,7.74,7.47,13604.289,0.61,7.5235,108313.571,6.99,7.4693,128649.153,6.33,7.4112,27878571.02,86.37,,,,7.4775,31723.926,9.14,7.4736,81368.226,3.12,2.5575,94668.604,41.36,7.6017,62876.804,4.66,7.5196,12539.23,24.07,7.5376,224831.818,20.86,7.5577,11583.507,0.26,7.5934,33582.712,1.29,7.5687,67108.643,6.09,,,,7.6339,12316.649,2.71,7.6741,26259.704,64.07,7.7066,45195.542,1.73,2.8265,72609.652,20.18,7.7272,90660.045,4.24,7.7067,91231.726,0.28,7.7181,112604.532,2.65,7.7585,27513.255,27.54,7.7967,2349226.098,77.16,,,,7.9213,701430.233,4.1,7.983,568656.673,85.51,7.986,30599.21,0.7,7.8223,91463.596,5.26,2.8527,20580.762,0.41,8.0547,59565.352,1.02,8.0165,150738.651,8.77,8.0386,174949.764,0.54,7.9259,13372.294,0.27,8.0634,229389.187,7.37,8.0535,48265.833,5.01,8.0569,464039.872,70.12,,,,8.0773,59616.048,6.18,8.0957,648698.666,14.83,2.8561,93375.879,45.6,8.1479,251892.073,5.19,8.126,184544.21,5.93,8.1337,68639.386,1.17,,,,8.271,139706.089,2.39,8.2392,14324.339,2.14,8.2811,232807.593,0.72,,,,8.3284,70237.732,5.95,3.0087,107798.588,6.2,,,,8.2037,23352.094,0.55,,,,8.3777,179123.646,17.62,8.4036,10441.7,0.07,8.4943,1006537.02,23.72,8.635,24292.128,5.58,8.3834,51914.209,4.4,8.4734,9506983.824,55.58,8.5765,1537770.476,83.67,2.9865,219239.368,86.48,8.6173,1006480.095,20.38,8.657,607424.619,11.17,8.7022,15514776.95,98.8,8.509,27850.79,6.29,8.7579,19607.563,1.27,8.7724,63035.394,1.49,8.8029,27448.162,1.6,8.8121,523801.479,31.37,9.0762,20714.373,3.79,8.2688,19027.999,0.43,8.878,1460047.33,68.29,2.963,18892.121,1.75,8.905,23563.489,0.4,8.8985,197722.123,1.16,9.0029,66616.989,10.07,9.0322,70420.959,2.43,8.9525,1697041.894,32.74,,,,9.0288,1939920.283,37.43,,,,9.0845,11675.565,0.76,,,,3.1139,1124478.03,81.12,9.2448,37811.809,0.89,,,,9.196,1577121.019,32.5,9.1966,1558152.69,95.36,9.2028,2470614.34,92.75,,,,9.2233,49269.416,10.85,9.2571,1787816.738,41.6,9.2695,5798591.373,96.68,9.2625,373326.655,7.5,3.1508,437995.011,84.58,9.2637,1805966.36,30.89,9.1076,13334.105,0.51,9.3476,20119.364,2.58,9.3376,41529.992,0.83,9.3887,165801.56,2.84,,,,9.429,82845.27,8.15,9.6575,1072187.002,38.39,9.4811,443513.792,28.73,,,,3.1883,167663.414,5.78,,,,3.2896,1360358.373,61.44,3.3021,635790.007,36.51,3.3817,967796.427,80.89,,,,3.4687,193181.781,4.25,3.4831,299519.093,9.14,3.5332,69268.959,15.36,,,,3.6136,33060.405,0.74,3.6984,3651268.207,88.28,,,,3.8439,79779.011,1.78,,,,3.9398,85353.586,38.44,3.9322,173878.898,69.84,3.9548,222307.828,12.24,3.9836,333426.008,8.33,,,,4.0401,484866.604,16.71,4.0473,107454.757,16.07,4.0853,153837.206,15.29,,,,4.1578,288901.038,7.81,4.1936,229240.352,0.71,4.1858,275634.192,15.17,4.1724,15006.731,0.34,4.2049,96149.373,14.45,4.2413,1227872.039,68.85,4.3142,405051.271,10.12,4.3163,228838.184,5.1,4.375,119176.4,2.35,4.3968,359224.488,49.41,4.3987,1057357.133,36.44,4.4537,52790.769,3.4,4.4363,75467.946,4.34,4.4383,99555.987,21.88,4.4847,182769.658,16.4,4.4571,115542.52,0.36,,,,4.5746,149832.358,1.51,4.4888,12900.079,1.23,4.7026,12363.111,2.04,4.5677,185635.563,4.08,4.6268,635784.377,28.55,4.5912,407718.102,23.46,0.9073,81147.703,14.47,4.6253,553741.95,19.08,4.5984,93545.041,6.03,4.6534,41760.576,0.81,4.6952,337851.866,4.97,4.714,99457.626,17.22,4.8146,17803.928,1.15,,,,4.7477,204015.868,19.49,4.7904,2811369.681,41.34,,,,0.9169,299050.195,36.75,4.9262,112247.337,5.91,4.8988,2479912.421,36.47,4.9849,46426.492,1.06,4.9747,460416.425,26.49,5.0673,26671.938,2.55,5.0094,68166.328,15.21,5.0165,1602452.75,40.02,5.003,85644.309,4.76,5.1111,54510.719,1.1,5.114,11970.502,0.3
80_2021_W_4n,,,,,,P1-D3,,1,,,,,,,5.0768,32927.006,10.4,5.0321,92152.018,2.09,5.0604,633162.966,11.83,,,,5.1548,22808.735,5.61,5.1521,246429.792,3.49,,,,5.1925,15917.149,0.53,5.1595,111116.268,16.77,1.288,776369.139,63.09,5.2688,10789.559,0.43,5.1822,13129.698,10.43,5.1943,48338.826,3.63,5.2555,3486713.498,50.63,5.3414,123463.911,3.81,5.3092,161756.868,5.37,,,,5.3725,1790488.831,33.46,,,,1.6239,52841.955,2.65,,,,5.4215,419586.762,7.41,5.4311,436782.451,22.87,5.4346,452155.801,37.34,5.4896,11322.149,4.38,,,,5.3945,24986.835,0.35,,,,5.372,78467.288,17.3,5.5372,1447886.205,20.49,1.6439,112818.68,31.58,5.5677,594867.267,80.41,5.5033,338199.951,68.02,,,,5.5283,66254.353,3.58,5.5343,14071.916,1.06,5.6917,23560.496,0.26,5.7076,22010.985,0.68,5.6823,317415.069,17.14,5.6736,20800.517,1.74,,,,,,,5.6696,16729.512,1.08,5.6405,14882.715,5.75,,,,5.7984,86460.225,1.62,5.7913,62958.713,1.43,5.7999,49936.583,2.7,5.8158,33240.589,68.67,6.0022,14945.106,0.28,6.012,22434.947,0.38,,,,5.9766,57891.037,5.31,6.0085,217038.794,14.65,6.1731,13842.707,1.04,6.0404,116580.372,6.63,6.0868,13774.134,0.74,6.0749,261402.513,13.09,,,,6.0915,127657.083,19.14,6.1172,130211.848,10.13,,,,,,,6.1492,66316.211,0.92,,,,6.1858,105077.344,2.38,,,,6.2376,87056.912,7.26,6.2466,32276.756,2.96,6.2937,14213.811,22.55,6.2904,177145.198,5.91,6.3314,301142.291,83.56,6.3487,20772.353,0.92,2.0032,186084.84,48.28,6.5204,15596.538,0.84,6.3967,1771726.425,50.79,6.6037,21853.622,4.4,6.4857,586630.652,62.11,6.3077,20370.234,7.6,6.6133,333159.15,25.05,6.5376,28605.69,0.53,6.5643,73311.505,6.85,6.5548,27853.164,0.31,6.5749,20641.957,0.2,2.1606,188351.072,16,6.5624,18215.626,0.26,,,,6.6202,1828384.91,60.98,,,,,,,,,,,,,6.7135,202613.494,16.15,6.8165,712736.639,44.64,6.8023,23501.806,1.77,2.1677,475046.965,44.65,6.7416,203017.563,6.74,6.8196,5034252.979,49.63,,,,,,,6.8598,407435.052,13.53,6.8807,31806.699,16.93,6.9096,138509.994,28.77,,,,,,,6.9303,77509.092,2.58,,,,,,,6.9725,85818.944,2.99,6.9749,87704.763,35.22,7.0051,38145.38,10.79,7.0717,21205.921,4.15,,,,,,,7.081,233451.618,4.36,7.0754,116058.015,72.55,7.1021,308026.949,12.46,2.3919,195709.306,60.37,,,,7.0523,26911.045,1.74,7.142,194780.31,40.45,7.0995,54257.325,2.93,7.1468,63275.273,0.7,7.2232,46806.311,4.96,7.0838,13954.467,0.43,7.1805,197264.482,42.63,,,,7.2506,13519.882,1.04,,,,,,,7.3569,16852.088,0.24,7.4051,211095.162,14.25,,,,7.5229,28825.626,0.48,7.4149,261631.258,17.66,7.4307,1065221.733,32.83,7.5406,12642.415,4.63,,,,,,,2.5583,273809.766,33.46,7.7235,12934.343,2.85,7.526,14088.135,9.81,7.527,55000.128,16.16,7.5255,13533.985,0.2,7.5877,4061809.615,40,7.5595,46584.595,7.43,,,,,,,7.6851,85879.4,78.11,7.7074,52231.523,0.51,2.8124,106645.853,31.38,7.7293,57234.865,7.47,7.7461,13558,0.42,7.7385,37374.183,2.88,,,,7.7974,3302857.904,96.28,,,,7.9242,138662.305,3.14,7.9809,25141.51,100,8.0962,26776.85,0.39,8.1622,58571.672,0.83,,,,8.0542,19983.679,0.28,8.0182,113152.37,16.54,8.0299,68334.514,2.11,8.0667,29881.55,0.33,8.0539,11383.841,0.74,7.9221,14645.672,4.19,8.065,48750.254,2.97,,,,7.9006,26825.602,7.67,8.129,20359.627,0.3,2.8519,15177.992,27.28,8.152,69915.342,3.09,8.2685,23908.992,1.55,,,,8.0742,14503.241,1.23,8.2605,13193.007,0.18,8.2484,14969.485,6.16,8.1618,23505.364,0.72,8.4109,31822.398,0.31,8.2876,11258.997,0.46,,,,,,,8.3202,11145.067,0.86,,,,8.3766,233193.182,16.19,8.4067,98617.041,1.49,8.4872,309639.394,23.9,8.6313,18387.462,4.09,,,,8.4865,1653104.501,37.46,8.5712,376600.92,58.69,2.9885,298780.792,91.87,8.621,367094.666,17.8,8.6497,28037.781,4.07,8.6971,6425168.47,97.38,8.488,10351.304,3.62,8.7564,56361.261,5.25,8.753,37534.475,2.9,8.8116,26871.601,3.93,8.8108,788875.624,60.15,8.8616,20999.174,4.31,8.2771,33297.555,0.48,8.878,595154.273,77.68,2.9673,66238.427,19.46,8.905,61869.235,0.86,8.8905,190234.317,4.31,8.9217,60221.59,3.67,,,,8.9554,62381.844,2.51,,,,9.0304,69243.034,2.79,,,,8.9054,10490.601,0.98,,,,,,,9.2488,67058.334,5.18,,,,9.1991,119800.488,5.3,9.2024,119193.333,57.77,9.1982,28393.454,50.5,9.2564,10268.632,4.98,9.2178,117767.146,100,9.2659,1184139.077,39,9.2681,749603.909,78.22,9.27,106382.595,1.17,3.1483,290632.926,96.1,9.2659,480986.713,6.65,,,,9.3486,29141.196,2.92,9.4147,11655.84,0.13,9.3936,315508.698,4.36,9.6053,10669.465,0.11,,,,9.6564,138282.851,12.49,9.4859,51458.574,4.79,,,,,,,3.2081,153177.478,15.35,,,,3.2954,41951.847,33.31,3.3862,375703.663,32.95,3.3608,126094.244,39.88,3.4754,108628.804,8.66,3.4835,417047.586,20.89,3.5238,95791.45,29.63,3.5493,49705.756,16.34,3.6183,53273.067,2.12,3.7011,1427624.962,91.89,,,,,,,,,,3.9409,117539.81,18.45,,,,,,,3.99,308565.498,17.55,,,,4.0414,406319.812,7.59,4.0596,87767.794,9.94,4.0814,403465.95,55.09,,,,4.1615,357442.318,19.3,4.1948,60456.808,1.86,4.1828,43421.27,3.26,4.1865,15825.789,0.23,4.1966,34644.809,17.63,4.2299,507765.207,70.41,4.3184,114999.935,6.54,4.332,119043.563,4.74,4.377,475959.824,13.64,,,,4.316,122958.458,2.3,4.4945,27368.821,0.46,4.427,44124.512,0.62,4.4374,43446.98,5.98,,,,4.4646,30366.603,0.94,,,,4.5665,95891.49,3.18,4.469,19832.402,3.99,,,,4.5689,99006.51,7.89,4.5609,170889.532,9.24,4.6023,94671.427,1.34,0.9142,17367.056,5.72,4.5751,359040.725,6.71,4.6082,51566.076,0.86,4.6687,1962934.919,79.13,4.687,320971.304,5.67,4.715,65302.151,23.95,4.7108,22965.029,0.38,,,,4.7493,66250.244,13.32,4.7896,2150345.894,37.97,4.8511,10688.529,2.87,0.9234,116685.301,47.91,4.86,19481.561,7.53,4.8984,1875355.718,33.12,4.8341,422756.16,6.14,4.8368,1970907.252,27.9,5.0796,33904.404,6.82,,,,5.0105,634379.431,36.08,,,,5.1184,14250.131,0.16,,,
91_2012_T_2n,,,,,,P1-C3,,1,,,,,,,,,,,,,5.0446,20201.09,2.79,,,,5.1399,10915.527,2.39,5.2855,40355.185,17.48,5.1643,67099.533,18.39,5.1829,35597.345,1.47,5.2126,31549.008,3.51,1.2928,434687.14,29.13,,,,,,,5.1616,30538.04,3.62,,,,5.3692,23464.126,0.39,5.3136,2831383.926,30.62,5.4037,10182.904,2.72,,,,5.4109,16342.419,5.51,1.6523,152734.886,7.43,,,,5.4212,294813.764,6.67,5.4311,30896.623,1.52,5.4324,10644.25,1.6,5.4363,10961954.51,92.63,,,,5.3667,11989.637,1.02,,,,,,,5.5151,17171.304,7.44,1.6478,159583.994,30.02,5.5669,1329919.974,90.34,5.5868,10345.236,3.49,5.5949,29875.47,0.58,,,,5.7726,28701.601,3.4,5.5683,13498.332,1.42,5.6606,214529.359,3.52,5.6752,363184.741,20.1,5.7104,87225.709,3.56,,,,,,,5.717,486810.737,15.9,5.845,13541.469,0.11,5.7275,17285.571,29.86,,,,5.7938,284873.281,5.2,,,,5.8219,67125.75,50.38,,,,5.9454,14623.294,1.49,,,,5.9789,295101.055,10.64,6.0048,335658.019,12.87,,,,6.0446,88824.894,5.08,,,,6.0708,482500.85,23.47,6.0355,23723.575,9.17,6.0848,234513.371,18.75,6.1228,94821.79,52.76,,,,,,,,,,6.1622,12805.255,3.09,6.1806,172063.475,3.14,6.1793,676376.391,75.66,6.2354,659243.646,26.91,6.2379,507425.345,18.3,6.1824,36477.985,9.81,6.2861,965214.596,39.96,6.3357,45885.982,5.13,6.3929,14566.725,0.57,2.0158,117748.851,32.75,,,,6.394,1899972.323,53.63,,,,6.6485,12425.14,26.3,,,,,,,6.5355,12015.093,1.66,6.5603,82984.176,32.4,6.6326,52905.344,5.56,,,,2.1556,165759.622,18.05,6.5026,25291.414,1.52,6.6137,62749.113,0.53,6.6163,643040.411,26.62,6.631,204583.804,51.27,6.6844,15215.656,5.43,6.6839,14794.989,4.21,,,,6.7522,1059075.611,28.58,,,,,,,2.1725,524899.224,61.56,6.7452,2502661.158,27.06,,,,6.8168,19551.115,0.17,6.8671,232956.459,63.7,6.9161,39274.305,0.42,6.8798,183180.748,33.38,6.9208,430268.445,70.81,,,,6.9362,21144.278,18.66,6.9554,33758.382,1.4,,,,6.8603,77274.904,11.8,6.978,49877.176,58.85,,,,7.007,12242.492,4.1,7.0711,17905.593,3.37,,,,6.9235,12082.654,0.33,,,,7.0752,63763.084,57.32,,,,,,,,,,7.1257,478215.478,15.62,7.1376,17345.606,2.85,,,,7.1389,188969.742,19.87,,,,7.0181,24064.129,0.4,7.174,29112.466,20.04,,,,7.38,12982.265,0.36,,,,7.363,372803.442,69.03,7.3605,669984.466,40.21,7.3599,31133.247,1.19,7.3607,69751.679,17.47,7.5287,53758.728,5.49,7.41,563760.409,21.61,7.4284,3782428.85,62.13,,,,7.4696,148304.622,38.18,7.4663,104425.14,26.36,2.5523,260703.495,96.16,7.4309,37875.422,100,,,,7.5287,38931.948,7.49,,,,,,,7.5596,172911.157,30.77,,,,7.6381,13845646.79,95.59,,,,,,,2.8012,281217.65,20.67,7.7203,14616.23,2.03,7.7373,18968.628,0.31,7.7294,162506.743,4.47,7.7385,42206.874,37.24,7.7931,4832787.523,93.38,,,,7.9126,44403.753,0.81,7.9766,24961.927,100,,,,8.1568,27102.827,11.74,2.8311,81733.602,8.6,7.8531,16875.665,1.43,8.0168,132332.039,13.51,7.9101,10207.44,0.17,,,,7.9538,16168.269,0.53,8.0485,192973.247,36.39,8.0581,55638.395,51.86,,,,7.9197,86673.613,16.35,8.128,17302.389,1.04,2.8581,30288.105,29.57,,,,8.1386,90599.387,2.96,8.1263,18622.236,1.58,8.2369,41716.481,4.54,8.48,48429.152,4.11,8.2343,141434.415,21.08,8.268,17620.836,0.29,,,,8.322,25116.166,4.65,,,,,,,8.4197,19118.053,0.53,,,,8.3713,222058.02,25.47,8.4046,257976.521,2.41,8.4938,298303.691,8.2,8.6153,13894.57,5.37,,,,8.4938,817876.969,14.92,8.5739,794838.126,94.52,2.9762,42773.876,52.1,8.617,511176.002,28.09,8.6226,15921.942,0.85,8.7018,5658324.35,52.81,,,,8.7564,111953.148,2.82,8.7616,31079.178,0.85,8.8557,119265.834,12.17,8.8076,479815.814,36.99,9.0962,20491.707,4.65,8.2585,27928.912,1.68,8.8763,692587.286,95.98,2.9678,96613.714,18.6,8.7722,19313.538,1.64,8.8833,164790.33,3.01,,,,9.1256,11185.728,1.54,8.9478,386215.552,30.84,8.9612,10381.857,5.8,9.0302,484045.662,38.65,,,,9.0949,24373.436,0.61,,,,3.1177,236730.907,21.39,9.2426,13628.258,0.37,,,,9.1952,1547979.842,60.5,9.201,1862114.642,97.42,9.1993,3142410.927,100,9.3062,10744.584,0.56,9.2176,206112.61,34.01,9.2605,1648995.729,92.23,9.267,1256801.008,99.03,9.2638,147241.444,15.48,3.1799,47401.021,12.16,9.2619,689447.261,58.48,,,,9.3463,257353.189,16.92,,,,9.5597,21674.612,1.84,9.5319,10016.587,2.53,9.4292,442966.337,50.81,9.5167,33919.157,2.87,9.3567,28738.432,0.72,,,,,,,3.2,106944.607,7.03,3.2973,88107.644,7.05,3.2847,337994.29,73.71,3.3804,1264619.93,77.72,3.3736,78355.77,11.09,3.4735,30501.826,0.82,3.4834,220697.319,10.74,3.5243,129773.916,45.57,3.5573,61040.172,24.44,3.6248,216906.071,6.99,3.7002,670675.195,87.79,,,,3.8496,18899.251,0.61,3.8873,142995.246,15.03,3.9428,13737.764,9.87,3.9298,91243.382,100,,,,4.0445,57287.995,3.28,4.116,41066.403,5.27,4.0402,261843.184,36.14,4.0496,36075.929,7.35,4.0814,247518.634,25.11,,,,4.165,191492.871,10.6,4.1888,549852.946,9.03,4.1842,620943.202,73.62,4.1885,13884.564,0.83,4.1267,79542.784,22.91,4.2287,710744.458,79.5,4.3085,89901.746,5.14,4.3173,79329.837,2.56,4.3664,85520.159,2.41,,,,,,,,,,,,,4.4288,191587.932,1.32,4.448,415094.964,53.29,4.3809,13679.198,0.22,,,,4.5665,775269.78,8.38,,,,,,,4.562,1102951.399,29.76,,,,4.5899,33715.53,14.6,0.8946,124918.609,38.13,4.5625,20163.993,2.78,,,,,,,4.6783,107391.896,2.43,4.7069,383283.565,62.61,4.735,19307.301,1.97,,,,4.7482,114235.614,38.48,4.7889,1860501.909,42.1,,,,0.9245,13284.869,13.85,4.9298,11109.615,0.09,4.8884,1725020.255,39.04,5.0425,76721.21,4.6,,,,,,,5.0136,28605.662,26.91,5.004,245696.384,14.05,5.0095,82169.6,12.55,,,,5.1428,116297.717,6.65
100_2012_T_4n,,,,,,P2-A3,,1,,1.2753,13088.066,,3.88,,,,,5.0386,350938.069,10.14,5.0517,14366.743,2.36,,,,5.1269,309956.953,65.01,5.2797,39399.201,15.26,5.1728,76854.339,19.35,,,,5.179,67714.148,11.2,1.2915,260469.094,23.53,,,,,,,5.1706,24911.786,3.43,5.3575,17479.251,0.57,5.325,220851.833,0.76,5.3203,93736.297,3.27,,,,,,,,,,1.646,115798.527,5.75,,,,5.4413,217119.247,5.17,5.4369,664495.028,30.56,5.438,494577.347,35.17,5.4601,1050139.028,30.33,,,,,,,,,,,,,5.534,14712.827,5.7,1.6657,57587.897,30.42,5.5838,461952.145,63.79,5.5925,23188.01,13.47,5.6039,629064.198,47.8,,,,5.5804,10261.74,1.41,,,,5.6744,259139.536,0.89,5.6864,410989.933,29.82,5.6819,46605.399,5.42,,,,,,,5.6989,41844.919,3.75,5.6415,713103.515,20.6,,,,,,,5.8078,210022.838,6.07,,,,5.8373,152168.936,93.23,,,,5.9528,28837.01,3.33,,,,5.9934,59678.369,4.85,6.015,206743.984,13.79,,,,6.0448,154340.486,12.72,,,,6.0953,353735.719,17.56,6.0547,18240.35,14.77,6.1128,139356.76,5.22,6.1418,45370.149,55.8,,,,,,,6.1598,14225.791,0.76,,,,6.2008,89505.185,2.59,6.2552,18324.364,4.58,6.2579,87596.7,10.2,6.2442,113612.23,9.23,6.3481,27429.908,10.46,6.2911,153718.239,5.42,6.3412,339292.072,84.8,,,,2.0061,79231.205,45.93,,,,6.4101,1295986.536,54.34,,,,,,,,,,6.4376,24482.267,3.37,,,,6.5853,12181.396,15.01,6.5167,12907.567,3.23,,,,2.1636,39162.846,7.87,,,,6.6176,925263.68,26.73,6.625,1546963.61,54.59,,,,,,,,,,,,,6.7138,601159.542,28.79,6.8083,432785.52,48.65,,,,2.1728,43771.168,33.27,6.7585,65107.78,2.27,6.835,10819.896,4.12,6.8038,11535.025,0.33,,,,6.8593,627273.352,21.91,7.0137,21529.458,44.33,6.9253,143923.988,37.55,,,,,,,6.9469,106839.631,3.77,,,,,,,6.9956,189797.682,47.7,6.9931,240525.175,73.07,7.022,36361.63,45.39,7.2882,13378.376,2.06,,,,,,,,,,7.0918,386657.887,89.98,,,,2.4042,16787.559,18.46,,,,7.065,16559.623,1.48,7.1461,211968.393,55.31,,,,7.3641,10233.152,2.56,7.2113,12012.41,10.54,7.1545,10518.779,0.04,7.1949,486018.961,90.33,,,,7.3651,17890.03,1.71,,,,7.365,216208.308,34.97,7.3662,742213.331,24.25,7.3095,768494.148,51.28,7.3659,45049.885,13.87,7.5243,18352.761,2.12,7.4761,66841.473,4.46,7.4178,25866754.18,89.22,,,,7.4862,17424.801,15.59,7.4821,71754.477,29.9,2.5662,99032.778,54.53,7.6056,18210.96,1.71,7.5368,23908.726,63.52,,,,7.5386,11184.36,0.37,,,,7.5725,65811.546,15.6,7.6247,10085.69,8.41,7.6551,72286.15,16.89,7.6965,298764.605,84.39,,,,2.8239,817517.485,54.71,7.7415,27197.77,2.9,7.8817,41385.118,0.14,7.7578,12023.423,1.15,,,,7.8038,3030810.602,91.22,,,,7.9265,151418.171,4.37,7.9932,197678.426,81.75,,,,8.1713,20415.362,7.9,,,,,,,8.0348,98679.869,10.77,8.0153,49121.814,0.17,,,,8.0588,17680.454,1.58,8.051,12052.76,3.82,8.078,55790.791,33.95,,,,7.9317,83747.949,26.56,8.0815,54616.514,1.78,2.8795,15468.937,21.45,8.0883,11555.912,0.4,,,,,,,8.2494,96444.506,19.39,,,,8.2428,24566.233,7.31,8.2907,199838.385,0.69,,,,8.3312,273388.115,44.21,2.9928,37012.174,14.33,,,,,,,,,,8.3833,122733.77,26.59,8.415,82712.708,0.76,8.4892,86839.008,8.3,,,,,,,8.4944,238965.174,6.9,8.5752,1050687.358,79.51,2.9834,59319.644,36.65,8.6294,388463.348,22.44,8.4995,59538.619,7.31,8.7077,10558388.04,97.45,8.4986,18152.623,12.73,8.7567,28588.852,11.56,8.8595,117099.161,11.19,8.87,165272.821,18.03,8.8216,524703.398,54.02,9.1006,17282.912,12.76,8.3264,181542.737,5.93,8.8891,573210.321,61.19,2.964,201351.301,57.72,8.891,28788.656,1.54,8.8973,386326.998,11.16,9.0144,87862.885,53.47,,,,8.9572,292562.486,36.09,,,,9.0371,359665.651,44.36,9.1977,23062.263,10.77,8.8716,90066.847,36.43,,,,3.1089,258990.78,48.6,9.261,47967.259,4.59,,,,9.1989,1598765.196,55.71,9.3237,36284.469,4.08,9.2124,1396165.084,100,9.2137,835383.646,93.96,9.2272,184743.899,68.12,9.2764,979770.389,100,9.2795,856033.033,89.2,9.2733,85092.802,21.29,3.1647,79272.67,100,9.2719,478556.394,25.68,9.0021,43896.069,18.29,9.36,130763.143,14.65,9.4789,72206.976,18.06,9.4047,733737.836,39.37,9.567,12384.792,5.16,9.435,53287.657,11.54,9.5311,47727.097,4.06,,,,,,,,,,,,,3.289,888235.583,33.29,3.2812,932968.32,95.1,3.3979,277532.734,42.2,3.3694,197084.092,33.24,3.4328,102663.353,4.92,3.4872,124166.857,6.16,3.5362,190000.763,32.4,,,,3.6184,113589.439,5.9,3.7009,1391402.962,89.07,3.8423,13188.011,6.41,3.8496,87357.81,4.54,,,,3.9364,47458.798,43.9,3.9475,44107.361,70.69,,,,3.9939,169597.027,13.98,,,,4.0478,315582.248,51.86,4.045,10040.381,2.85,4.0897,148001.062,17.56,,,,4.1607,346433.512,25.14,4.195,456351.036,1.57,4.1994,479369.499,65.99,4.1887,14990.913,0.49,4.1273,13098.727,5.58,4.2414,489900.923,61.77,4.325,64779.514,5.34,4.3179,47369.858,2.46,4.382,130936.17,5.49,,,,,,,,,,,,,4.4335,53786.816,12.57,4.4882,132917.497,18.63,,,,,,,4.5691,59951.157,2.09,,,,,,,4.5754,78610.114,3.77,,,,4.5978,32145.106,12.45,0.9099,24507.899,7.38,4.5772,26033.312,4.28,4.5837,12206.636,1.41,,,,4.6944,72015.319,1.72,4.716,313421.698,61.89,4.733,22432.63,2.59,,,,4.7515,62035.01,36.04,4.8029,1767103.221,42.08,,,,0.9076,22747.983,6.74,4.9458,18956.685,0.55,4.9058,1542773.822,36.74,5.0508,95949.585,3.13,,,,,,,4.9552,32895.851,33.09,5.0129,364625.395,30.06,5.1183,12529.581,3.97,,,,,,
113_2012_T_4n,,,,,,P1-F1,,1,,,,,,,,,,5.0439,91191.283,3.1,4.9737,11860.185,0.09,,,,5.1646,15434.126,9.38,,,,,,,,,,5.1718,64901.375,15.64,1.2935,163386.791,25.41,5.1969,123208.741,15.68,,,,5.1712,30104.975,5.81,5.2504,14964.687,0.2,5.2766,10304.538,1.1,5.3277,1247279.915,26.97,,,,5.2104,25849.058,0.19,,,,1.6511,10763.598,1.03,,,,5.4331,86550.1,4.32,5.4439,165626.667,15.15,5.4358,176917.342,30.92,5.4652,22065.576,11.32,,,,,,,,,,,,,5.5111,85492.557,6.53,,,,5.5799,701720.79,87.5,5.6117,11889.756,6.21,,,,5.6424,417870.801,6.49,5.7866,122240.23,23.57,,,,5.6717,23449.341,2.5,5.6866,336004.807,21.54,5.6945,59312.232,4.1,,,,,,,5.7281,34320.533,4.62,5.6183,10801.233,5.54,,,,5.7034,53190.105,0.4,5.8054,38826.06,1.32,5.6941,330690.147,5.14,5.8271,59765.194,100,6.0117,4767357.22,35.4,5.9419,367227.79,42.19,1.7826,16594.75,1.99,5.9787,24843.304,1.84,6.0239,201904.232,21.67,5.9435,16294.204,3.14,6.0494,24453.11,1.31,6.0128,1495731.046,23.23,6.0875,203624.639,19.56,,,,6.1096,12121.62,3.61,6.1291,27361.573,4.89,6.1726,132995.562,2.07,,,,6.1579,2184089.031,18.87,6.1481,34655.563,11.57,6.2075,14145.146,0.48,6.1992,200441.411,41.58,6.2515,129415.197,8.95,6.2517,148488.037,10.99,6.3376,10504.146,25.01,6.2943,303361.973,16.88,6.3396,249385.683,51.73,6.3534,538666.735,19.69,,,,6.3407,58395.699,0.91,6.4072,1051627.078,52.14,,,,,,,,,,6.5273,48905.993,9.43,6.5458,587345.672,4.36,6.5843,48246.894,64.64,6.5661,17905.104,0.48,6.5576,40864.958,0.42,2.1527,193770.171,23.27,6.5946,659001.713,8.86,,,,6.6263,1044785.209,58.13,,,,,,,6.5927,51170.756,28.58,6.7184,1487698.964,11.05,6.7099,265109.55,12.56,6.7313,10004.936,4.98,6.7636,75993.311,14.66,2.1737,253373.322,26.86,6.7633,725630.613,15.69,6.8275,367416.854,3.75,,,,,,,6.8575,533168.835,11.53,6.8803,16367.506,42.57,6.9354,160103.47,47.63,6.9321,546027.009,4.06,,,,6.765,10121.898,0.56,,,,,,,6.8247,15454.351,0.51,6.989,29117.168,37.37,7.0159,78482.167,23.39,7.0867,23360.148,4.58,,,,,,,7.1397,79822.433,0.59,,,,7.1101,46089.427,2.56,,,,,,,7.1376,42973.443,5.79,7.1441,97894.358,29.12,7.2817,44099.003,0.68,7.1537,96622.051,2.61,7.2413,43815.021,50.9,7.098,14308.586,1.52,7.1982,20535.012,9.76,,,,7.3941,11698.422,0.06,,,,7.3774,18457.033,1.02,7.3733,38785.733,0.52,7.3021,246288.398,26.44,7.4204,14213.445,0.22,7.4507,49118.649,5.64,7.4099,165090.533,17.72,7.4355,22385.334,2.39,7.4846,360928.739,40.28,,,,7.482,147798.408,1.51,2.5456,350322.77,60.59,7.6156,14074.352,6.08,7.5338,36992.253,100,7.5551,14141.913,13.67,7.5883,185258.872,2.49,7.5978,171040.728,1.74,7.5662,300554.431,68.17,7.5894,85480.114,100,7.643,18918.918,4.8,,,,7.89,13531.145,0.14,2.8176,19949.87,9.16,7.7321,22908.674,3.86,7.7412,10622.837,1.13,7.7384,46762.239,0.23,,,,7.8068,4773422.17,94.66,7.8946,290320.679,2.16,7.9309,98024.278,3.34,7.986,48341.118,82.68,7.9755,781339.256,10.51,7.9771,285537.771,21.82,,,,7.9667,302289.203,2.61,,,,8.0396,15746.814,1.68,7.9758,19076.995,0.51,7.8563,25683.186,3.46,8.0508,12232.372,7.6,8.1048,89735.45,2.2,8.0999,469884.028,3.49,7.9366,10205.953,6.34,8.0908,14259.709,0.19,2.8579,25143.334,53.81,8.1514,26490.893,0.97,,,,8.1421,356179.593,3.08,8.2521,106544.368,12.8,8.2909,44815.827,0.39,8.2455,209612.306,6.98,8.3193,12985.239,1.38,8.2844,165338.085,1.69,8.3538,93346.257,5.18,,,,8.3508,69181.757,29.91,8.2863,19749.228,0.1,8.3814,104996.491,100,8.3739,452479.406,64.35,8.4144,148826.357,17.38,8.4683,75059.558,0.37,8.7043,721801.568,74.86,8.5054,254505.547,14.12,8.4979,627500.623,21.35,8.5696,452140.055,65.06,,,,8.6233,354400.221,18.12,8.4974,235472.121,69.34,8.6954,707358.874,82.62,8.7294,10436666,97.01,8.7665,6857164.252,45.18,8.7533,5812386.133,28.27,8.847,17659.533,3.76,8.8156,78800.02,55.25,8.8345,10688.04,1.69,8.3551,17520.957,0.24,8.8844,361720.926,60.87,2.9805,23195.713,22.41,8.8739,1311681.399,11.33,8.8831,163201.266,5.55,8.9272,2290322.02,56.04,8.924,3562849.719,26.46,8.9674,22561.219,2.87,,,,9.0288,78819.982,10.03,8.9408,15440.48,3.35,9.1084,61412.58,0.4,,,,3.1219,109824.61,49.09,9.2053,35634.605,0.17,,,,9.2063,29506.755,1.08,,,,8.9874,12844.855,100,9.2081,31666.664,32.22,,,,9.2676,399866.951,81.8,9.2721,95771.589,90.11,9.2672,436139.539,11.77,3.1671,17121.93,100,9.266,2314416.247,20,9.2666,2691669.884,27.43,9.3553,97446.997,7.82,9.4121,1065923.383,28.76,9.4127,2313474.965,19.99,9.4138,3233370.951,32.96,9.4303,45673.434,6.5,9.5382,61449.942,3.21,9.4701,15044.806,0.1,,,,,,,,,,3.2912,174860.244,52.12,3.2924,252781.605,39.19,3.3704,324227.577,69.42,3.3589,107544.056,29.46,,,,3.4813,189676.305,18.22,3.5258,52450.048,33.28,,,,3.6197,51679.117,2.87,3.7049,1478517.619,94.89,,,,,,,,,,,,,,,,,,,3.9941,147144.388,7.87,,,,4.0388,233321.594,1.73,4.066,15999.253,5.92,4.0896,222251.713,60.08,4.1051,740358.021,93.98,4.1606,333333.424,21.37,4.1941,55133.095,5.88,4.1812,45785.471,8.83,4.1782,24855.912,0.33,,,,4.2451,673793.628,85.73,4.3184,211189.339,11.3,4.3221,65675.963,3.65,4.3747,46474.591,2.3,,,,4.3867,40098.903,0.3,4.4844,14139.722,1.62,,,,4.4321,71749.208,18.22,,,,,,,,,,4.579,229652.275,4.97,,,,,,,4.5698,270900.402,12.84,4.5717,10979.874,0.17,4.6001,42467.019,3.25,0.9103,25234.323,10.48,4.6569,10179.663,0.08,,,,4.6747,212772.454,27.07,4.6933,23605.664,1.18,4.7103,167822.724,62.52,,,,,,,,,,4.7966,943659.196,47.13,,,,,,,,,,4.9071,783796.237,39.14,4.9358,13911.355,0.19,4.882,76747.19,5.86,,,,,,,5.0103,1066597.848,57.06,5.0203,13918.301,8.47,,,,5.1392,34435.486,1.84
113_2021_T_4n,,,,,,P1-B4,,1,,,,,,,,,,5.039,52244.963,0.88,4.9728,16257.148,0.11,5.3037,10408.731,2.71,,,,5.3008,15002.458,0.82,,,,,,,5.1931,30577.767,6.52,1.2941,451053.072,38.11,5.1909,63170.686,10.19,5.1969,19470.494,43.07,5.1621,35777.91,7.81,5.3869,14959.204,0.19,,,,5.3168,1047698.629,22.49,,,,,,,,,,,,,,,,5.4241,122456.616,3.99,5.4333,422570.278,27.06,5.4481,270733.302,24.56,,,,,,,5.3598,11447.937,0.12,,,,,,,5.5096,122583.278,6.66,,,,5.5708,584020.659,92.33,5.6014,16217.402,6.39,,,,5.6496,608379.105,8.03,5.6362,14901.256,3.25,,,,5.6958,10520.89,1.71,5.6779,196816.472,9.62,5.6832,33711.242,2.12,,,,,,,5.7124,33414.416,3.41,,,,,,,5.6757,111677.153,0.74,5.8024,32949.391,0.55,5.6853,327333.255,4.32,5.8144,30257.208,63.03,5.9972,4741012.74,31.45,5.9365,398475.056,38,,,,5.9866,42191.892,4.01,6.0175,93487.138,10.73,6.119,12141.774,2.65,6.0581,34875.085,1.96,6.0027,749823.778,9.89,6.0803,277008.959,21,,,,6.092,149677.045,19.64,6.1158,42811.076,12.55,6.1604,152253.08,2.01,,,,6.1427,1815554.62,18.99,6.1581,35029.729,8.19,6.1835,40701.993,0.68,6.1835,201550.902,45.12,6.2438,87902.054,5.52,6.2433,99696.666,9.47,6.3236,15492.983,22.7,6.2871,440739.826,16.72,6.327,232664.68,52.08,6.3459,317967.084,13.22,2.0058,11184.469,100,6.3298,59192.445,0.78,6.3956,1524515.561,55.5,6.5598,11484.271,4.53,6.6545,16999.398,6.02,,,,6.519,27082.928,5.92,6.5443,769851.288,5.11,6.5679,43503.257,71.63,6.6381,29610.807,0.9,6.5486,49188.481,0.54,2.1586,501214.129,70.69,6.5869,494302.587,6.14,,,,6.6188,1317323.507,49.98,,,,,,,6.5942,21423.353,11.2,6.7106,2101573.317,13.94,6.7614,288297.17,15.11,6.7241,16056.078,7.79,6.7526,77404.174,16.91,2.1489,391115.775,49.8,6.7523,487231.028,10.46,6.8233,228864.297,2.55,,,,6.875,11458.394,6.95,6.8553,558969.916,12,6.8797,33533.039,34.16,6.921,220661.606,52.23,6.9154,727872.639,4.83,,,,6.943,57538.38,2.18,,,,6.8733,18329.786,4.63,,,,6.9772,21770.945,66.19,7.0103,86612.456,30.28,7.0671,35274.562,6.19,,,,7.0842,19786.345,1.04,7.1229,134398.109,0.89,,,,7.099,16615.122,0.93,2.3954,12258.275,13.06,6.9603,11006.375,2.87,7.1205,46819.685,4.78,7.1339,132191.446,31.29,7.2761,53899.884,0.71,7.1529,288427.477,8.8,7.227,104395.929,36.98,7.0954,13190.805,2.15,7.1881,17261.714,10.15,7.4687,37605.097,8.21,7.3883,19252.527,0.08,,,,7.43,17773.367,1,7.4249,22926.484,0.28,7.3537,60875.872,6.99,7.3306,20114.249,0.27,7.4342,56600.466,5.4,7.4123,186408.661,21.39,7.4329,18624.791,3.03,7.478,531546.344,59.61,,,,7.48,45153.628,0.5,2.5393,317627.111,59.55,,,,7.5311,48293.163,100,7.5391,56596.966,18.29,7.5789,211354.379,2.62,7.5907,95244.658,1.05,7.5579,258282.513,78.73,7.5821,59304.982,79.84,,,,,,,7.8865,18001.072,0.2,2.7994,191494.627,49.34,7.7258,41505.423,5.62,,,,7.7331,33750.693,0.14,,,,7.7961,4010025.395,95.51,7.8826,310938.486,2.06,7.9219,155547.518,2.61,7.9822,28156.61,40.04,7.9609,876251.174,10.88,7.9679,555413.036,30.19,,,,7.9619,217873.508,2.28,,,,,,,7.9575,42625.139,1.3,7.9735,10048.743,1.03,8.0465,27584.967,10.96,8.0987,92203.031,1.91,8.0922,399049.532,2.65,7.8972,42757.14,16.99,8.0756,71873.173,0.89,2.8718,11254.869,14.1,8.1402,30487.101,1.27,8.1354,22839.45,2.33,8.1169,322082.42,3.37,8.075,40881.887,5.77,8.29,62554.206,0.65,8.2395,175870.506,6.05,8.2878,16724.015,2.72,8.295,196714.284,2.17,8.3663,20925.032,1.17,,,,8.3429,183080.334,40.49,8.2986,24664.467,0.11,8.3755,32533.348,100,8.3714,407181.287,53.22,8.4071,152380.822,13.46,8.496,314232.904,1.35,8.7105,364591.324,33.4,8.4975,263729.501,14.78,8.4938,3593092.719,60.33,8.5647,486168.655,70.8,2.9823,481118.483,87.75,8.6175,363731.913,21.38,8.4995,1263037.793,93.64,8.6885,950893.725,84.01,8.7302,10878408.51,97.21,8.7529,2175533.861,34.15,8.7453,6801038.521,29.12,8.8345,10962.301,4.88,8.8099,74832.788,40.85,8.7313,226204.912,24.05,8.504,116685.363,1.45,8.8751,419538.357,56.83,,,,8.8695,866703.722,9.06,8.879,81313.531,1.37,8.9218,2686705.616,55.75,8.922,3793964.875,25.17,8.9535,41593.651,6.71,,,,9.0308,38852.771,6.27,9.0506,11703.493,2.22,9.0671,61202.305,0.96,9.3551,10542.433,0.97,3.1184,21886.121,18.72,9.2144,41112.146,0.18,9.2146,10570.688,21.14,9.1991,34217.554,1.42,9.2024,36488.216,38.85,,,,,,,9.2029,13017.28,22.6,9.2636,399086.788,69.73,9.2698,68439.52,100,9.2676,292040.171,8.91,3.1435,41049.805,70.87,9.2622,1605398.477,16.79,9.2687,1971656.752,21.75,9.3519,19354.994,1.85,9.4115,1035397.949,31.59,9.4146,2037776.911,21.31,9.4109,3400995.424,37.53,9.432,34595.239,4.52,9.488,21254.196,1.18,9.4787,130020.623,2.04,,,,,,,3.2005,37696.492,3.61,3.2839,109305.446,14.34,3.278,341993.44,58.25,3.3805,124013.918,39.87,3.3525,100898.997,26.78,3.4965,21850.855,1.15,3.4752,172481.38,13.08,3.5203,77950.735,28.42,3.5488,18390.712,15.06,3.5945,25610.854,1.46,3.6919,1429970.674,98.59,,,,3.8424,24416.265,1.4,,,,,,,3.9188,29784.568,36.64,,,,3.9806,183174.324,10.31,,,,4.0377,150505.604,1,4.0532,55691.104,19.39,4.0765,230202.664,50.17,4.0993,611168.376,76.24,4.1524,235837.515,11.53,4.1941,11211.517,1.83,4.1677,13306.908,2.91,,,,4.1239,13416.26,8.9,4.2303,757501.673,84.51,4.3127,184079.393,10.36,4.3048,81951.409,4.68,4.373,279510.547,10.17,,,,4.3665,37815.149,0.25,4.5032,10947.29,1.04,4.4301,14722.518,0.8,4.4332,57116.954,20.12,,,,,,,,,,4.5738,200513.754,4.3,,,,,,,4.5725,261741.475,13.72,4.631,23929.51,0.32,4.6341,31360.12,1.7,0.9207,34135.066,12.43,4.6688,99328.896,0.66,,,,4.6659,133565.229,21.55,4.6825,146977.18,4.79,4.7111,58802.71,24.29,4.8868,11644.203,1.11,,,,4.7422,10739.8,4.23,4.7857,1349129.624,43.95,,,,,,,,,,4.8953,1214573.257,39.57,,,,4.8752,114341.848,6.22,,,,,,,5.0092,807560.29,45.44,5.0032,44618.184,11.27,5.1128,11841.06,0.36,5.1435,99262.178,5.58
122_2012_T_2n,,,,,,P1-E11,,1,,,,,,,,,,5.063,11246.604,0.44,,,,,,,5.1203,175165.757,49.18,,,,5.182,58399.111,25.17,5.2017,15865.724,1.16,5.1964,24053.708,4.22,1.3059,289113.729,40.26,,,,,,,5.1704,28914.815,3.89,,,,5.16,11496.322,0.2,5.3277,616780.251,14.83,5.4049,10435.413,4.57,5.4936,11079.37,2.35,,,,1.6359,41537.751,3.56,,,,5.4328,193290.058,4.98,5.4395,56742.351,4.68,5.4375,58696.945,12.16,5.4578,7646239.022,92.92,,,,,,,,,,,,,5.5289,16824.81,11.76,1.6689,14800.083,13.26,5.5823,782681.297,88.15,5.5918,16416.004,6.06,5.6019,18929.479,0.54,,,,5.7833,24574.544,3.3,5.5237,10641.258,2.27,5.6694,167405.32,2.98,5.6839,282497.059,22.65,5.688,67050.653,5.09,,,,,,,5.7329,142537.272,11.74,5.7184,29872.705,0.36,5.7325,17376.657,52.95,,,,5.8196,111242.272,4.38,,,,5.8347,55538.587,49.56,,,,5.9546,14906.501,2.06,,,,5.9863,192416.013,11.13,6.0106,267048.946,15.07,,,,6.0492,97677.978,12.49,,,,6.0813,367348.312,31.52,6.0572,20652.262,34.96,,,,6.1299,90023.903,79.84,,,,,,,6.152,10437.676,1.22,,,,6.1912,71016.573,2.79,6.1957,279827.845,87.57,6.2455,589134.407,44.72,6.248,509321.291,29.46,6.1895,18742.105,30.9,6.302,536450.614,39.18,,,,6.3623,36535.108,2.44,2.0122,40749.866,41.73,,,,6.402,873059.881,49.03,,,,,,,,,,,,,,,,6.5726,40306.402,32.47,,,,,,,2.1581,253861.803,47.41,,,,6.62,84696.752,1.03,6.6256,369184.801,26.96,6.6466,319230.403,66.25,,,,6.8691,13482.203,7.51,,,,6.7571,310149.998,15.6,,,,6.9657,60114.284,8.08,2.1745,335668.741,90.65,6.7648,726199.958,17.46,6.831,12418.203,2.63,,,,6.8799,196405.587,74.13,,,,6.883,210574.031,82.7,6.9332,102697.026,59.03,,,,6.9471,19259.34,17.4,,,,,,,6.8796,52250.152,29.38,6.9907,55475.69,100,,,,7.018,30802.147,14.24,,,,,,,7.0643,27853.206,1.4,,,,7.0891,132862.613,85.57,6.9702,11937.456,5.66,2.3909,12167.465,14.56,,,,7.1285,224452.353,18.48,,,,,,,7.1563,31063.771,6.63,,,,,,,,,,7.1627,16100.231,2.16,7.386,34324.143,6.73,,,,7.3695,130405.06,61.82,7.3671,244044.724,24.66,7.2993,744767.42,42.03,7.3663,20178.419,19,7.5352,45333.162,6.27,7.4167,267432.266,15.09,7.4369,4079803.31,72.74,,,,7.483,113703.14,46.02,7.4811,47076.567,10.42,2.5586,105058.288,59.49,7.4424,54456.013,100,,,,7.54,11748.181,3.21,7.4365,59381.308,6,,,,7.5675,160000.915,47.32,,,,7.6476,9431045.34,96.17,,,,,,,2.8193,10938.342,6.26,7.7415,13104.753,5.76,7.7505,14627.695,0.26,7.7443,76123.153,14.92,7.7492,24684.891,22.3,7.8037,3084188.213,91,7.9079,21583.728,4.58,7.9096,29268.16,1.15,7.9828,66202.368,100,,,,8.1678,22488.562,15.72,2.8371,19079.82,4.07,,,,8.028,93010.333,17.2,,,,,,,7.8518,56793.649,4.68,8.0541,145767.03,43.17,8.0713,20619.566,65.56,,,,7.9319,79952.759,23.68,8.1403,20059.372,2.03,,,,,,,,,,8.1423,10657.417,1.24,8.2582,28358.771,5.3,8.4984,97125.424,11.32,8.2363,42421.164,29.78,8.325,29657.611,0.53,,,,8.3366,13262.234,6.29,,,,,,,,,,,,,8.3831,114726.134,26.27,8.4129,690168.773,8.66,8.5113,33865.311,6.64,,,,,,,8.5043,123857.485,4.87,8.5922,545455.409,88.35,2.9847,30878.125,43.72,8.6272,206591.827,22.89,8.5083,74403.347,9.42,8.6992,7241567.084,90.88,,,,8.7557,109393.713,31.8,8.7553,47724.949,9.35,8.8211,42068.081,7.78,8.8139,499861.053,54.74,9.0915,19083.014,15.77,8.2708,22597.493,2.28,8.8859,214380.876,94.24,2.96,187267.474,51.25,8.9015,35704.179,4.16,8.8847,29014.396,1.14,,,,9.1455,11624.44,2.47,8.9576,114727.19,41.1,,,,9.0308,153691.39,55.06,,,,8.877,15656.626,4.55,,,,3.1043,387247.277,61.19,9.2374,10588.252,2.07,,,,9.1999,818738.439,54.7,9.1974,927293.69,95.81,9.2053,1188986.171,100,9.3107,19138.193,1.98,9.2235,702327.886,86.1,9.2694,880373.806,95.71,9.274,549062.066,100,9.266,82461.645,17.59,3.1603,159505.564,63.93,9.2695,378197.427,44.1,,,,9.3562,110047.644,14.03,9.371,11696.551,2.49,,,,,,,9.4322,140856.858,32.25,9.5052,27861.218,5.49,9.6801,16709.985,4.86,,,,,,,,,,3.2902,118761.044,53.79,3.2965,139548.319,35.06,3.3759,269835.13,77.67,3.3687,69470.043,17.73,3.4839,21690.882,1.09,3.4853,103147.526,8.85,3.5255,73600.172,58.4,,,,3.6291,162553.955,8.71,3.6979,860031.592,94.88,,,,,,,3.8865,118456.038,15.27,3.9357,60094.711,69.37,,,,,,,4.0655,22697.528,2.9,4.1268,30274.849,4.63,4.0476,268644.678,57.05,4.0535,61387.449,17.42,4.0843,224774.605,51.51,,,,4.1574,239472.541,19.2,4.1943,495247.132,8.83,4.1947,525167.871,70.58,4.1926,16785.058,1.7,,,,4.2407,361648.889,70.49,4.3243,30591.229,3.91,4.3172,15951.536,0.86,4.3807,99446.409,5.58,,,,,,,,,,,,,4.4367,55825.04,0.57,4.4549,365027.904,55.77,4.4582,18260.293,0.33,,,,4.5746,574288.768,13.81,,,,,,,4.5786,704938.896,35.45,,,,4.5962,14627.287,10.22,0.9311,102997.904,46.87,,,,,,,,,,4.693,184569.997,4.76,4.7147,228424.84,75.28,,,,,,,4.7526,34044.732,12.56,4.798,1727961.745,44.53,,,,,,,4.9481,12841.641,0.16,4.9016,1582209.947,40.77,4.8391,97536.133,9.86,,,,,,,,,,5.0125,157858.979,20.18,,,,,,,5.1659,10570.584,1.35
131_2021_V_4n,,,,,,P1-B8,,1,,,,,,,5.0388,11289.683,7.21,5.0279,126994.028,3.39,4.9692,27807.371,0.32,,,,5.1266,76433.358,14.3,,,,5.1637,24761.685,18.36,,,,5.1735,11965.94,1.86,1.2927,310457.619,32.11,5.1939,53773.198,5.73,5.1831,13663.473,8.09,5.3052,39359.098,2.5,5.2505,28899.908,0.44,5.2983,644628.557,16.02,5.3251,317901.407,10.6,5.36,29993.808,2.96,,,,,,,1.6247,61409.268,5.45,,,,5.4215,240523.222,4.79,5.428,168122.05,19.25,5.4337,143141.467,28.68,5.5503,14610.852,1.76,,,,5.5893,37221.45,0.28,,,,,,,5.5064,24224.217,2.61,1.6459,42165.978,19.29,5.5723,692422.75,77.83,5.5591,31716.768,7.35,5.738,43522.137,21.2,5.6299,16175.937,0.22,5.6493,38163.781,2.42,5.6845,35392.999,0.58,5.6469,45921.548,1.14,5.6837,298672.055,18.4,5.6856,57164.814,4.28,5.7141,14188.205,8.7,1.7223,500457.334,35.1,5.7245,58331.318,6.36,5.74,70821.383,8.53,,,,5.6758,24135.403,0.28,5.7964,115503.508,3.08,5.8118,194565.586,2.59,5.8234,59360.579,73.98,5.9969,4012619.022,46.8,6.0217,177668.961,14.38,1.8166,27271.957,4.63,,,,6.0106,30894.247,4.17,6.0246,167211.732,10.62,6.0331,18477.058,2.48,6.0101,1413808.712,18.8,6.0757,88101.879,7.81,6.1874,33857.893,0.38,6.093,21272.714,6.39,6.1227,17333.284,12.79,6.1249,321496.449,4.28,,,,6.1571,2302650.129,17.04,6.1534,46482.487,28.49,6.0744,32780.75,0.87,6.1879,54845.276,31.49,6.2455,177135.537,13.25,6.2478,157433.852,18.49,6.273,88268.973,7.52,6.2889,83577.566,8.32,6.3271,98297.081,56.44,6.3486,249371.299,8.31,,,,6.3787,397025.215,5.28,6.3992,650253.883,52.13,,,,6.4333,27627.993,10.1,,,,6.5175,11048.492,0.7,6.5378,113535.178,1.32,,,,6.5985,35026.144,0.57,6.5625,10070.503,0.15,2.1644,134143.218,22.22,6.5976,413164.269,6.29,,,,6.6221,505735.272,50.32,,,,,,,6.589,30961.77,8.36,6.7181,1445156.098,16.86,6.7435,53010.821,3.44,6.7998,16851.864,7.45,,,,2.1636,419754.187,35.17,6.7582,244185.564,8.14,6.8303,167826.959,2.44,6.8696,34808.944,4.19,,,,6.8515,371322.704,12.38,6.8732,28947.526,30.59,6.9231,70643.894,40.45,6.925,172498.975,2.01,6.9362,11835.99,51.18,6.9396,17679.774,1.76,,,,6.9589,214926.371,4.11,6.9849,31421.958,0.99,,,,,,,7.0632,35782.713,13.59,7.2699,15841.018,1.91,7.0737,31681.805,2.05,7.1433,77473.395,0.9,,,,,,,,,,,,,7.1424,10582.349,1.15,7.138,93229.318,53.38,7.1825,91533.912,1.22,7.1654,14892.967,0.24,7.1558,46408.284,16.96,7.1734,28023.476,0.7,7.052,20799.89,3.59,7.4694,10209.787,0.65,7.3208,10976.32,0.03,,,,7.3688,56274.483,3.21,7.3648,96480.877,1.47,7.2992,552410.113,74.52,7.3797,130576.8,1.74,7.4406,22995.198,1.86,7.5079,16251.098,2.19,7.4316,679152.073,16.88,7.4771,228588.144,70.88,7.481,10423.337,8.12,7.4588,16389.773,0.24,2.5502,521771.863,72.07,7.5258,46689.801,12.33,,,,7.4579,10327.45,11.48,7.5831,150518.29,2.29,7.5963,35686.019,0.52,7.5552,58010.23,10.47,7.5836,248916.292,100,,,,,,,7.7066,41198.041,0.6,2.8085,32683.376,34.88,7.7229,45481.584,7.41,,,,7.7403,980189.173,3.07,,,,7.7966,3984091.774,98.8,7.881,181490.016,2.12,7.9268,134700.927,3.59,7.9813,101445.693,77.01,7.9644,293507.05,4.47,7.9717,267771.57,28.8,,,,7.9621,475325.258,3.52,8.0252,39690.327,2.28,8.0401,510106.128,12.68,8.0241,154475.641,2.52,8.0648,20757.461,2.26,7.8381,125551.68,25.13,8.0629,42611.327,2.25,8.0912,101274.373,1.18,8.1446,55136.747,11.03,8.0892,52309.977,0.8,2.8388,23126.609,36.57,8.116,10567.665,0.35,8.1216,12823.508,1.4,8.1332,209146.093,1.55,8.3678,118138.635,19.57,8.2653,18236.518,0.13,8.2689,211822.467,7,8.1331,13715.775,0.34,8.2793,129963.584,1.89,8.3614,64505.172,3.68,,,,8.3472,167613.934,44.27,,,,,,,8.3677,172731.546,43.98,8.4045,859011.607,22.75,8.4666,1143044.22,3.58,8.462,3503381.91,39.48,8.5055,92905.916,5.3,8.5107,1371740.92,36.58,8.5681,581076.386,75.83,2.972,51711.483,31.36,8.6172,228356.458,8.53,8.655,206678.12,14.08,8.6936,2805564.117,74.31,8.7264,11122459.57,86.7,8.7524,6810771.651,44.25,8.7368,13337333.54,41.81,8.8488,18695.226,1.08,8.8104,159128.161,93.84,8.737,61881.649,5.35,8.2716,1531960.851,23.32,8.8748,456225.34,74.35,,,,8.8715,1170867.842,8.66,8.8755,51831.195,1.38,8.925,350342.695,18.54,8.9239,1090488.067,12.72,8.9286,40705.43,4.34,,,,9.0909,412876.741,44.02,9.2517,35921.823,6.43,9.141,167213.034,1.09,9.088,3109175.865,35.03,3.0936,275814.684,77.17,9.256,26862.471,0.08,9.107,58216.321,31.97,9.2006,620888.867,20.69,9.1959,576621.616,69.93,9.2027,780619.049,100,9.1094,28709.046,3.48,9.217,333057.758,97.06,9.2432,344837.702,65.36,9.2571,49480.644,47.96,9.2892,1038891.965,16.98,3.1512,73630.997,69.59,9.2662,1385845.022,10.26,9.2644,1231912.753,17.96,9.35,12495.983,1.41,9.4093,1123030.911,18.35,9.3809,4730481.488,35,9.4102,2220509.044,32.38,9.4252,41036.024,10.45,9.4993,22021.927,1.26,9.4219,87445.376,0.57,3.1774,43754.633,10.14,,,,3.1958,73355.79,8.3,3.2745,112086.442,33.67,3.2815,384088.525,56.04,3.388,210244.153,41.81,,,,3.4685,149859.851,9.71,3.4766,463383.373,41.1,3.5279,35982.842,37.14,3.5426,81940.021,76.52,3.6353,28845.406,2.11,3.6922,1630231.505,96.06,,,,3.8528,12650.908,0.93,,,,,,,3.9341,51658.219,64.91,,,,4.0003,21694.082,2.91,,,,4.0407,31902.623,0.37,4.0556,35509.63,10.68,4.0789,124615.982,32.23,4.1026,955892.301,92.67,4.1473,209248.586,12.89,4.1904,252038.857,6.27,4.1846,275639.87,17.5,4.1821,67947.798,1.03,4.205,702948.702,66.91,4.2347,732947.399,70.7,4.3109,76378.311,10.24,4.3079,80934.469,5.93,4.367,85842.176,6.88,,,,4.357,104235.388,1.22,4.4557,68288.363,5.53,4.4187,23894.444,2.57,4.4224,70573.513,25.73,,,,4.4646,1046292.781,26.01,4.472,803104.797,86.54,4.5619,55559.34,1.85,,,,4.5737,313977.46,63.11,4.58,81801.591,5.3,4.6348,28672.343,0.38,,,,0.9185,29551.392,19.95,4.6326,57471.734,0.67,,,,4.6668,120948.297,12.9,4.6868,301178.067,5.99,4.7101,69007.315,62.26,4.8291,44051.525,3.57,4.7462,51839.558,52.47,4.7435,207257.527,48.03,4.7929,2112352.869,42.04,,,,0.9172,72667.049,41.82,4.8551,569846.425,68.67,4.8929,1916255.512,38.14,4.9288,80678.713,1.23,4.8872,12773.661,1.37,5.064,13969.027,3.24,,,,5.013,341694.146,45.82,,,,5.0428,16884.434,0.28,,,
135_2021_W_4n,,,,,,P1-D3,,1,,1.2703,23075.723,,12.62,,,,,5.0405,106509.106,2.18,,,,,,,5.1138,191393.702,46.83,5.2729,107960.924,32.1,5.1701,90626.614,22.37,,,,5.1552,51804.917,10.76,1.2854,209742.143,34.98,,,,,,,5.1691,13226.182,1.99,,,,5.3189,80455.513,0.23,5.3037,167618.943,4.97,,,,,,,,,,1.6307,53769.658,3.15,,,,5.4215,233627.613,5.8,5.4286,558075.673,32.86,5.4342,541712.271,36.01,5.4429,103229.1,5.08,,,,,,,,,,,,,5.5319,54643.881,16.25,1.6461,46288.185,28.76,5.5649,271455.146,42.61,5.5843,19043.478,5.38,5.5976,208605.886,19.42,,,,5.7872,56565.394,8.53,,,,5.6646,283439.541,0.81,5.6839,210523.452,18.91,5.6731,12188.639,1.04,,,,,,,5.7245,20999.006,1.85,5.825,262110.012,12.9,,,,,,,5.7997,97086.912,1.99,,,,,,,,,,5.9569,20931.385,3.48,,,,6.1904,12302.188,1.34,6.0107,274395.443,30.35,6.0643,33208.366,5.01,6.0429,122711.028,5.6,6.1008,47379.009,28.91,6.0859,215672.122,12.62,,,,6.1054,19108.737,1.98,6.1299,83553.22,82.04,,,,,,,6.1615,22029.299,1.97,,,,6.1921,133764.518,2.74,6.2428,10258.191,2.38,6.2462,66687.049,5.71,6.2451,75890.221,8.29,6.3356,20194.246,100,6.2885,180063.385,5.5,6.3402,391409.859,90.99,6.3451,48118.015,2.41,,,,6.3363,10962.999,6.69,6.4001,823926.705,53.9,6.4513,18688.501,5.28,6.6559,14413.546,29.45,,,,6.4218,29645.582,4.47,6.5475,12521.806,5.6,6.5624,59073.147,51.24,6.519,40272.858,7.56,,,,2.1647,366838.818,70.44,6.6978,11554.791,0.79,6.6114,237141.141,11.67,6.6201,2081568.052,63.63,,,,,,,,,,,,,6.7466,46719.031,2.33,6.7993,130864.751,59.46,6.7578,26935.734,4.06,2.1743,244720.602,44.24,6.8201,82696.409,2.45,,,,6.8246,15557.851,0.77,,,,6.8567,538484.388,15.98,6.8802,12572.865,11.45,6.9036,119374.052,23.39,,,,6.9333,49682.919,100,6.9398,10058.541,0.31,,,,,,,6.9861,116641.216,90.48,,,,6.9957,13048.991,23.76,7.2793,11663.539,3.33,,,,7.0244,38453.948,1.92,,,,7.083,85820.967,100,,,,2.3903,28013.179,29.81,,,,7.2379,49076.68,4.33,7.1438,375259.615,73.53,,,,7.1589,115731.869,21.72,7.2224,11545.941,23.59,7.2175,611890.866,1.75,7.1938,41616.212,47.1,,,,,,,,,,7.3683,69815.512,38.19,7.3727,122505.574,8.34,7.3684,45830.249,5.07,7.3503,18427.785,11.24,7.5244,11684.618,1.94,7.3965,71468.847,7.9,7.4246,16203945.61,46.37,,,,7.4821,31951.564,23.9,7.4798,10519.471,12.87,2.5598,147313.009,45.96,7.4348,520040.078,49.8,7.5311,11423.286,49.14,7.5396,42722.174,13.44,7.4321,257103.926,17.49,,,,7.5574,43267.513,14.88,,,,,,,,,,,,,2.7878,15382.221,10.72,7.7466,47092.155,6.26,7.7362,36706.407,0.11,7.9379,30390.527,3.05,,,,7.802,1534019.593,95.53,,,,7.9309,144714.482,2.97,7.9898,55118.222,100,8.1047,35829.829,2.44,7.8184,10868.014,3.23,2.813,12142.525,2.28,7.8596,13587.254,1.21,8.0275,34123.072,9.37,8.0412,145926.884,0.42,,,,8.0544,50555.771,4.46,7.9135,27700.145,14.54,8.0631,37422.569,44.4,,,,,,,8.1451,11396.157,0.78,2.8527,11807.909,32.67,,,,8.2732,128751.686,11.35,,,,,,,8.2646,37564.657,3.35,8.2407,78025.383,46.97,8.3035,105122.435,0.3,,,,8.107,23149.454,12.66,2.9963,35419.339,10.53,,,,8.4914,187584.069,18.85,,,,8.3748,125548.399,19.69,,,,8.4813,150324.051,15.1,,,,,,,8.4891,2372400.467,48.61,8.5846,1243794.509,95.23,2.9833,12065.324,29.24,8.6216,304522.911,33.1,8.4921,593108.693,37.62,8.7026,8598027.838,100,,,,8.7617,59009.609,12,8.7614,27072.159,2.72,,,,8.8103,186803.572,42.93,9.0841,25166.357,9.19,8.267,18275.042,1.24,8.8796,596239.294,79.25,2.9587,11161.842,3.51,8.9012,33055.264,2.95,8.886,43610.907,0.89,,,,9.018,21214.52,9.49,8.9565,337150.87,33.08,,,,9.0309,344543.461,33.81,,,,9.0982,11664.92,2.37,,,,3.1039,153032.215,52.72,9.2879,17414.413,1.75,,,,9.1992,1400232.773,70.18,9.2014,1589740.344,98.99,9.2057,2815383.346,99.61,,,,9.4577,35277.871,27.84,9.2648,786726.2,100,9.2732,455185.409,93.39,9.2676,73282.751,13.75,3.1586,10391.292,12.32,9.2642,339729.208,30.33,,,,9.3494,22014.045,5.71,,,,9.5589,29548.979,2.64,9.5606,11760.359,14.39,9.4275,79762.822,12.51,9.487,11993.431,2.53,9.4874,29060.827,5.91,,,,,,,,,,3.2875,611192.506,63.32,3.2895,820968.145,93.69,3.3693,469284.593,86.09,3.3619,97729.661,22.53,3.4603,159709.291,7.96,3.4832,379386.834,22.19,3.5246,81972.36,18.63,,,,3.6273,25572.919,1.47,3.6995,2208912.154,93.87,,,,,,,,,,3.9298,60498.43,62.16,,,,,,,3.9629,120173.481,5.48,,,,4.0364,88043.443,39.37,4.1736,14399.965,6.56,4.0797,124656.613,42.91,,,,4.1629,203790.979,18.3,4.1854,395228.458,1.13,4.1953,366370.478,55.24,,,,4.1969,14324.266,4.92,4.2418,570414.45,87.56,4.3143,269389.075,12.29,4.3189,125785.913,7.21,4.3799,72736.965,4.76,,,,,,,,,,,,,4.4292,55594.436,24.31,4.495,73152.633,6.78,,,,,,,4.5805,10481.375,0.31,,,,,,,,,,,,,4.5908,48057.246,14.29,0.9248,10421.267,3.18,,,,4.5989,14461.521,2.41,,,,4.6918,98746.259,2.45,4.7132,110771.628,40.11,4.7355,21331.744,3.55,,,,4.7504,160976.389,45.44,4.801,1661919.9,41.29,,,,0.938,55583.43,30.4,4.9448,31216.406,1.54,4.9016,819801.784,20.37,5.0569,44637.994,3.04,,,,,,,4.9495,27637.485,18.48,5.0096,1128387.424,51.5,,,,,,,5.0895,22215.347,1.01
158_2012_T_4n,,,,,,P2-A10,,1,,,,,,,,,,5.0408,97505.407,2,,,,,,,5.1254,111151.514,36.26,,,,5.1803,39970.67,21.33,,,,5.1655,44793.259,9.07,1.3055,350347.373,53.83,,,,5.2054,11620.83,10.3,,,,,,,5.3283,127168.079,0.5,5.3329,111902.698,3.05,,,,,,,,,,1.6588,17774.184,1.08,,,,5.4369,148183.346,4.86,5.4395,500355.946,32.25,5.4431,432105.876,47.67,5.4595,233705.15,9.19,,,,,,,,,,,,,,,,,,,5.5856,1010868.625,82.52,5.6004,10525.538,7.12,5.6391,670441.453,46.66,,,,5.7832,29339.266,5.49,,,,5.669,103381.703,0.41,5.6858,412195.844,25.74,5.694,67145.915,6.3,,,,,,,5.7393,20231.666,1.86,5.8623,141234.596,5.55,,,,,,,5.8033,239964.512,4.93,,,,5.8324,28011.289,61.24,,,,,,,,,,5.9853,99075.302,7.03,6.022,218751.774,17.67,,,,6.0467,103652.992,8.5,,,,6.0893,311704.474,18.94,6.0538,12751.206,7.6,,,,6.1384,31140.679,100,,,,,,,,,,,,,6.1983,71389.853,1.47,6.2023,45363.449,15.94,6.2566,165496.805,15.53,6.2495,61811.479,4.39,,,,6.299,118279.778,5.28,6.3428,227487.047,79.92,6.3707,24503.768,0.88,,,,,,,6.4093,830412.794,44.58,,,,,,,,,,6.4359,29069.913,5.44,,,,,,,,,,,,,2.1574,34130.099,10.3,,,,6.6222,504803.862,19.85,6.6282,1227730.453,54.77,,,,,,,,,,,,,6.7061,792195.468,32.46,,,,,,,2.16,75180.045,69.1,6.7653,425453.101,11.59,,,,,,,,,,6.8602,771964.18,21.04,6.8937,12685.56,17.14,6.9261,76343.925,28.95,,,,6.9432,12737.01,40.81,6.9496,59313.801,2.65,,,,,,,7.0005,120282.177,40.15,7.0017,15753.943,25.6,,,,7.041,11409.894,2.85,,,,7.0882,37329.411,1.53,,,,7.0942,223843.112,100,,,,2.4121,15958.212,41.12,,,,7.0523,11263.316,1.04,7.1522,113986.336,43.22,,,,7.1661,32957.784,6.66,,,,7.121,10428.176,0.04,7.1967,23612.372,21.08,,,,7.3692,23058.919,1.83,,,,7.371,351837.099,55.92,7.3667,804990.526,29.7,7.3063,563952.595,45.56,7.3685,68838.131,31.15,7.2899,25472.927,5.94,7.4811,119117.015,9.62,7.4277,22063099.17,87.54,,,,7.4906,11817.797,21.25,7.4878,86090.471,32.95,2.5587,251009.785,78.96,7.4338,805899.735,96.71,,,,,,,7.4377,276399.797,10.2,,,,7.5692,110992.443,30.99,,,,7.6534,76362.232,15.65,,,,,,,2.8294,17755.114,9.15,7.7358,45812.245,10.9,7.7422,84808.107,0.34,7.7483,47462.151,3.77,,,,7.8104,2366427.678,93.38,,,,7.9247,55392.739,1.14,7.9957,243129.876,100,,,,8.1634,14417.704,11.64,2.8289,30847.016,6.23,7.8657,10019.912,0.55,8.031,172872.643,18,8.0479,223088.112,0.89,,,,7.9175,11827.43,1.09,7.9357,65975.767,24.58,8.0804,42425.207,60,,,,,,,8.0952,80068.641,2.95,2.8474,105729.484,73.27,8.0912,18172.791,0.65,8.2854,19022.029,1.75,8.1454,13566.891,0.74,8.2503,37702.492,11.38,,,,8.2452,65733.099,16.3,8.2906,99811.09,0.4,8.3795,13732.732,5.26,8.3316,236184.517,37.54,3.0138,46552.866,37.57,,,,8.241,11756.706,0.93,,,,8.3802,213056.741,38.44,8.2323,11504.205,0.14,8.4881,126790.297,10.08,,,,,,,8.5003,344631.547,7.08,8.5721,972896.563,93,2.9845,81708.749,63.64,8.6308,218575.678,13.25,8.5055,103679.465,10.62,8.7078,7683000.552,92.14,,,,8.762,25196.028,4.19,8.6555,12136.159,0.96,8.76,52771.323,5.49,8.8182,999420.72,62.77,9.0911,16150.143,15.62,8.3202,63242.038,2.33,8.8871,245723.06,58.45,2.9778,131805.814,59.3,8.9815,18258.714,1,8.8928,736703.773,15.14,,,,,,,8.9596,394925.42,38.68,,,,9.0361,422767.337,41.41,,,,8.8971,24492.684,4.07,,,,3.1213,245453.373,45.79,9.2558,28517.658,2.27,,,,9.198,1623282.174,58.34,9.3106,42367.712,3.66,9.2136,2087961.349,99.14,9.21,1102818.068,95.4,9.4668,15994.391,19.56,9.2762,1142598.61,100,9.2777,964196.217,100,9.2688,106986.703,21.62,3.161,67679.182,100,9.2742,495360.491,27,8.9993,31749.005,12.15,9.3596,87647.764,14.08,9.4139,12439.144,2.51,9.4068,694834.952,37.87,,,,9.4346,97235.201,17.54,9.5162,37044.317,2.93,,,,,,,,,,,,,3.2851,519833.065,49.48,3.2905,682086.606,93.57,3.3904,127387.409,49.65,3.3752,192645.441,35.32,3.4842,57544.529,2.36,3.4842,423351.571,25.73,3.538,58634.478,17.49,,,,3.6282,133086.504,6.34,3.704,746326.568,81.28,,,,3.8395,55136.033,2.63,,,,3.9382,119689.771,69.7,3.9415,57266.329,58.22,,,,3.9957,193755.663,15.89,4.1173,12790.297,3.39,4.0565,134415.34,32.03,4.0638,58924.823,15.58,4.0842,253830.868,60.81,,,,4.1585,353518.583,22.07,4.1889,341386.714,1.35,4.194,354041.161,66.23,,,,4.1249,14600.794,6.46,4.2437,1217348.807,83.12,4.3408,30634.852,2.51,4.3146,51328.742,2.44,4.3818,112191.503,6.02,,,,,,,,,,,,,4.4274,11498.164,2.36,4.4872,51316.285,13.61,,,,,,,4.5803,161073.053,4.39,,,,,,,4.5777,222765.825,9.13,4.5741,10093.793,4.57,,,,0.942,53051.726,20.73,,,,,,,,,,4.6996,53122.825,1.74,4.7195,143856.591,56.12,4.7422,16744.143,3.9,,,,4.7573,16787.181,11.35,4.8052,1378330.488,45.22,4.8785,19322.108,6.65,,,,4.9565,27080.931,1.06,4.9125,1249204.586,40.99,4.8386,69153.773,2.55,,,,,,,4.9552,23020.482,29.14,5.0189,464741.196,38.12,,,,,,,5.1452,18865.585,1.55
159_2021_T_4n,,,,,,P1-C4,,1,,,,,,,,,,5.0325,51560.077,2.67,5.0615,248260.018,4.62,,,,5.1243,119470.892,43.05,5.1499,109432.342,3.67,,,,5.2052,10856.28,1.67,5.1651,23412.762,5.78,1.2916,81999.259,24.27,5.2046,19785.249,1.86,,,,5.2087,27685.302,8.2,5.2575,3594148.502,51.57,5.3484,12585.251,0.87,5.3209,351325.155,17.57,,,,5.3712,1575666.439,29.3,,,,1.6276,19126.642,1.89,,,,5.4291,140685.517,5.05,5.4336,147000.006,25,5.4363,126110.697,37.83,,,,,,,5.6707,11430.747,0.18,,,,5.3774,54256.514,18.59,5.5419,762011.607,25.53,1.653,42145.79,44.69,5.5669,736862.22,100,,,,,,,5.5493,17399.985,0.56,,,,5.6814,17364.783,0.22,5.636,10747.69,0.74,5.686,153815.488,16.45,5.6784,14531.841,1.75,,,,1.7006,690783.164,87.3,5.7236,80490.484,12.39,,,,,,,5.8031,382466.612,7.11,5.7873,76842.045,3.98,5.8038,295644.195,9.52,5.825,11315.397,26.28,6.0091,432015.38,8.03,5.9382,48394.245,2.88,1.8066,20119.984,2.62,5.9941,20333.526,3.64,6.0174,36227.633,6.73,,,,6.0501,25884.6,4.34,6.0417,326680.04,10.52,6.0789,29309.272,2.89,6.2025,22686.67,0.48,6.1002,97273.742,13.41,6.1246,92368.735,15.46,6.1322,193034.322,6.22,,,,6.156,436548.009,6.81,6.1699,10915.936,9.49,6.1985,29497.677,1.53,6.1925,75673.011,47.02,6.252,122528.282,14.76,6.246,151639.512,27.16,6.3974,60841.334,42.79,6.2953,88026.005,13.56,6.3325,63391.142,39.39,6.3498,11922.059,0.92,2.0127,15926.085,19.75,6.3846,338664.374,10.91,6.4031,374837.499,24.18,,,,6.4936,405346.662,69.27,,,,6.6211,56792.794,16.82,6.5522,43130.446,0.8,6.5718,19387.599,17.48,6.6028,17293.86,0.22,6.7275,24228.162,0.35,2.1735,247000.095,31.54,6.5929,62356.082,0.89,,,,6.6273,308038.735,47.45,,,,,,,,,,6.7222,166292.234,3.09,6.7633,130336.435,21.83,6.8262,281959.564,36.75,6.824,15898.378,4.71,2.1607,492701.987,54.11,6.7627,275747.448,13.79,6.8302,2752185.557,39.72,,,,,,,6.8648,167915.22,8.4,6.8782,19452.623,65.36,6.9237,71652.005,37.41,,,,,,,6.9489,16083.504,2.48,,,,6.9735,89727.46,2.93,6.8335,508610.624,28.43,6.983,57245.91,30.09,7.0229,52225.18,41.71,7.0464,47145.393,11.89,,,,,,,7.0888,552478.547,10.27,,,,7.1022,31393.716,2.53,,,,6.9981,20556.606,6.55,7.1247,28562.628,4.4,7.1456,54672.892,28.54,7.09,40702.429,1.31,7.1526,55759.135,0.7,7.2279,13280.556,2.27,,,,7.1924,65528.43,54.5,,,,7.3964,12492.584,0.15,,,,,,,7.3482,30951.968,0.44,7.4081,20623.218,3.83,7.3542,30299.333,0.98,,,,7.4223,28353.326,5.27,7.437,45673.203,3.16,7.4751,19777.748,23.13,,,,,,,2.5361,21833.172,21.17,,,,7.5274,36677.39,31.4,,,,7.5391,10069.649,0.14,7.5996,2839476.206,40.68,7.5687,64448.254,19.81,,,,,,,,,,,,,2.8114,318134.107,54.79,7.7303,41961.391,7.87,,,,7.7468,1763261.655,21.01,,,,7.8065,3122000.946,94.09,,,,7.9381,48449.96,2.51,7.9891,20302.764,100,7.8835,14351.453,0.21,7.9746,12592.199,0.42,,,,7.9723,49317.006,0.77,8.0335,33713.673,2.79,7.8872,12682.332,0.88,8.0366,147208.307,1.84,7.8635,12556.393,1.93,7.846,292673.253,26.01,8.0711,98360.479,5.39,8.0326,10398.196,0.19,8.1515,175740.61,15.62,8.2316,13173.568,0.19,2.8423,28769.749,100,8.0981,28865.258,2.23,8.2733,16070.58,2.47,8.1431,27133.965,0.42,8.263,16662.035,2.13,8.263,20754.581,0.32,,,,,,,,,,8.2498,15712.4,1.26,,,,8.3577,10647.541,3.65,8.3456,11263.995,0.13,8.3869,10751.344,100,8.3789,152383.594,23.02,8.4134,102557.257,4.92,8.4802,632367.911,7.53,8.4782,1821698.916,38.26,,,,8.5067,428928.834,22.22,8.5719,111601.324,43.06,2.9821,297413.478,85.27,8.6228,288845.272,18.21,8.5909,18786.641,6.25,8.6979,1912019.048,91.8,8.7557,489125.432,95.59,8.7557,4357729.901,74.22,8.7509,3121221.108,37.19,8.7148,27804.652,2.3,8.8162,104219.787,57.38,8.7526,33800.363,2.73,8.2834,19266.68,0.28,8.8816,364139.931,68.32,2.9665,28830.988,63.14,8.8841,188271.204,2.94,8.8881,36831.397,1.91,8.9259,14814.166,0.81,8.9254,121110.723,2.25,8.9559,115420.88,10.86,,,,9.0335,131742.134,12.4,9.2568,13929.081,3.19,9.1768,403355.783,6.87,9.1777,941132.763,19.77,,,,9.1824,572841.585,6.82,,,,9.1435,16914.239,1.31,,,,,,,,,,9.2218,16665.514,48.1,9.2696,280293.648,33.41,9.2736,65834.344,55.14,9.3028,1042887.656,13,3.1651,181631.011,100,9.2763,284162.079,4.43,9.2706,184942.985,2.65,,,,9.3986,590331.949,7.36,9.3862,1170163.722,18.24,9.4168,404697.444,5.8,9.4221,27448.926,4.15,9.5513,11868.966,1.58,9.4358,18185.406,0.31,,,,,,,3.206,126388.005,16.62,3.2946,36574.813,5.04,3.2836,200787.329,54.59,3.3645,437811.65,63.89,,,,3.4539,31446.988,5.27,3.4804,675234.017,66.56,3.5246,65244.033,85.69,3.548,313922.007,74.8,3.6216,67467.686,6.53,3.7094,379433.148,32.79,,,,,,,,,,3.9382,21284.404,10.18,,,,,,,3.9879,16270.755,2.73,,,,4.0414,129594.211,2.41,4.0607,82842.734,16.58,4.0777,1225487.035,79,4.106,79638.298,44.37,4.1585,163064.156,17.44,4.31,14705.757,1.02,4.3215,10237.098,3.03,,,,4.2038,202823.447,68.18,4.2405,637859.181,82.58,4.3171,73670.706,12.35,4.321,45474.924,4.4,4.3679,617189.268,39.81,,,,4.3218,10445.579,0.19,4.3209,78653.943,4.68,4.327,192044.901,6.43,4.4292,64259.181,17.52,,,,,,,,,,4.5755,89958.369,4.5,,,,4.5935,78159.121,33.07,4.5754,78889.271,13.21,4.573,33890.282,1.09,4.7093,54040.798,1.81,0.931,43183.012,45.55,4.571,55874.999,1.04,4.7061,23392.01,1.39,4.6639,713054.575,67.11,4.6934,60715.617,2.18,4.7242,44832.504,81.03,4.6172,13234.286,0.79,,,,,,,4.7975,1074050.728,38.55,,,,0.9331,21115.401,41.62,,,,4.9037,994922.936,35.71,4.8374,177785.095,2.55,4.9654,13495.912,0.45,,,,,,,5.0106,263640.55,44.19,,,,,,,5.1375,27430.554,4.6
164_2012_T_4n,,,,,,P2-B3,,1,,1.277,11205.204,,4.79,,,,,5.0499,11176.382,0.68,5.0702,38115.019,0.29,5.3041,22075.325,5.64,,,,5.2951,35221.852,1.46,,,,5.2148,23334.183,1.23,5.1924,68475.815,14.63,1.2874,83547.347,12.77,5.2058,39356.375,3.28,5.2039,18902.339,13.34,5.3607,14476.922,3.82,5.2665,73926.441,0.82,5.2769,21142.203,0.98,5.3224,167687.895,9.25,,,,5.3702,44002.372,0.33,,,,1.6379,27890.285,2.49,,,,5.4379,283098.494,4.94,5.4383,694704.974,45.47,5.4496,632857.623,62.1,5.4693,12075.888,7.56,,,,5.3806,18376.105,0.13,,,,,,,5.5205,245047.762,10.12,1.6638,13218.198,5.13,5.5847,648269.691,86.76,,,,,,,5.6573,590008.634,7.49,5.7947,26015.723,6.87,,,,5.658,35175.797,1.63,5.6878,170455.347,14.31,5.6888,20700.284,2.99,,,,,,,,,,5.8638,10040.818,6.29,5.8924,15514.185,52.58,5.789,12002.983,0.09,5.8079,106583.27,6.47,5.6745,565729.169,7.18,5.8393,42415.053,30.44,6.0164,4736823.508,35.77,5.9505,703443.795,45.84,,,,5.9912,85801.418,10.9,6.0265,30483.347,3.66,,,,6.0618,167720.491,18.25,6.0186,1618566.761,20.55,6.0914,161255.796,14.38,6.0608,11124.655,1.22,6.1082,127263.948,15.57,6.1324,16730.956,3.9,6.1334,17000.553,0.22,,,,6.1586,4489912.354,32.4,6.1785,16302.176,4.05,6.205,19263.756,1.17,6.1944,43166.142,33.97,6.2542,110273.727,15.94,6.2693,77683.211,9.87,,,,6.3005,221653.161,11.64,6.3352,49222.081,38.73,6.3597,376316.556,13.49,2.0172,143085.227,55.25,6.3605,94004.538,1.19,6.4107,688327.096,49.18,,,,6.4218,10008.816,3.96,,,,,,,6.5549,934168.604,7.05,,,,6.5873,18231.076,0.37,6.5507,81279.935,0.68,2.1743,125914.597,16.67,6.602,1869012.638,20.77,,,,6.6344,630816.4,33.14,,,,,,,6.5961,131619.583,39.89,6.7293,2163379.568,16.34,6.7084,82557.965,5,6.7254,17756.185,3.36,6.773,45598.007,12.04,2.1826,190240.003,30.13,6.7666,189564.67,10.46,6.8311,619377.822,5.17,,,,6.8908,19017.584,8.76,6.8602,162165.142,8.95,6.8757,49275.751,65.46,6.9346,70494.981,41.51,6.9337,74530.808,0.56,,,,6.9454,88431.459,4.65,,,,6.889,18210.434,15.61,7.0014,88380.338,2.11,,,,7.0174,47343.66,26.66,7.0898,284303.454,44.28,,,,7.0834,11073.414,0.67,7.1422,337339.688,2.55,7.0889,79000.598,14.49,7.1684,29810.851,1.1,2.3935,65364.94,58.38,,,,7.132,23687.765,2.91,7.1431,17060.967,10.05,7.1339,14343.732,0.18,7.0262,119461.674,2.45,7.2449,38066.37,15.05,7.2407,15897.875,0.74,,,,,,,7.4091,43747.371,0.22,,,,7.4415,28082.464,1.04,7.34,13288.103,0.15,7.3806,50143.203,6.02,7.3523,19442.891,0.25,7.4477,104387.039,6.8,7.4331,184634.42,22.16,7.4338,53597.581,2.49,7.4876,501399.731,59.96,,,,7.4793,40808.611,0.34,2.5641,295435.142,61.19,7.625,28275.003,10.81,7.5394,26442.218,33.28,,,,7.5887,297729.836,3.31,7.6091,213140.399,1.77,7.5705,111667.046,41.44,7.5955,106191.18,64.96,7.6463,15689.182,3.53,,,,7.718,17443.875,0.14,2.8155,223409.247,62.23,7.7388,61335.648,5.96,7.7431,17519.489,0.81,7.748,40048.771,0.2,,,,7.8084,3519793.499,96.92,7.8922,414743.533,3.13,7.9347,25829.547,1.57,7.9947,98330.001,82.94,7.9726,515485.086,5.73,7.9777,574764.832,23.74,,,,7.9718,331048.469,2.39,8.0244,96551.133,12.24,7.862,10581.535,0.49,8.0703,26144.292,0.54,7.9186,13784.659,1.69,8.0547,61599.074,19.06,8.0803,159291.224,4.99,8.1033,324431.896,2.45,7.9242,53427.138,16.53,8.1417,10735.346,0.12,2.8605,14528.899,35.49,8.1507,35179.819,1.26,,,,8.1472,251159.329,1.81,8.2531,136252.572,18.04,8.2268,111856.991,0.81,8.253,85693.015,3.26,8.2852,13115.204,0.61,8.3081,281814.785,2.34,8.4089,88980.014,3.29,,,,8.3561,81067.589,31,,,,,,,8.3858,183740.081,29.55,8.4128,77852.226,1.5,8.4436,31511.472,0.16,8.7208,237233.262,26.06,8.5058,292909.536,10.84,8.4925,91388.611,5.55,8.586,702853.734,73.65,2.9903,562251.272,82.03,8.6269,307751.366,12.6,8.4972,13129.888,10.03,8.7019,4759319.364,91.86,8.7416,9959653.807,94.33,8.7665,6924409.741,52.48,8.7504,6928997.336,34.8,8.8232,18660.871,2.37,8.8197,97287.32,53.33,8.8315,21846.451,3.43,8.2526,10978.381,0.12,8.8884,504567.666,49.06,2.9683,25370.672,100,8.8816,1255146.069,9.06,8.8818,34864.763,2.12,8.9328,670810.658,21.02,8.9313,1378674.123,10.41,8.9581,86846.907,7.24,,,,9.0395,70211.43,5.85,8.9474,13632.291,2.97,9.1047,42825.995,0.32,,,,3.1081,192550.047,46.35,9.1787,91023.337,0.46,,,,8.9229,353309.447,12.66,,,,,,,,,,9.2202,54257.51,41.91,9.2624,87353.371,41.98,,,,9.2681,345856.777,7.09,3.1595,105746.117,77.31,9.272,1843011.241,13.3,9.2766,2312624.33,19.21,9.3611,135776.71,13.74,9.4132,1470352.573,30.14,9.4153,2672758.03,19.29,9.4096,4077124.032,33.86,9.4323,13515.031,2.17,9.5346,93464.138,3.67,9.4838,20701.848,0.16,,,,,,,3.2021,52830.97,5.35,3.2989,130157.187,15.92,3.2841,450859.922,65.86,3.3881,398701.942,67.94,3.3623,12618.584,8.67,3.4676,154484.389,9.35,3.4801,202572.827,18.06,3.5329,213358.84,51.29,3.5536,81908.68,30.89,3.6356,41177.201,4.47,3.6997,720761.284,92.58,,,,3.8587,51459.321,5.59,,,,3.9354,184382.668,53.74,3.9369,135928.782,58.57,,,,3.9771,107565.547,11.71,,,,4.0441,120128.893,0.91,4.0644,94910.065,26.23,4.0837,303299.689,43.37,4.116,739371.677,91.11,4.1593,183965.243,15.44,4.1979,13346.551,0.62,,,,4.2022,17991.058,0.2,4.1997,28087.35,22.76,4.2449,762945.319,63.97,4.3492,10236.527,1.11,4.3332,38267.37,4.16,4.3784,58158.127,4.16,4.3843,31458.45,1.97,4.3823,296021.205,2.24,,,,4.4388,22173.253,0.92,4.4387,109866.789,24.7,,,,4.3756,13201.465,0.61,,,,4.5759,266350.674,14.69,,,,,,,4.5767,362494.33,21.94,4.6469,217785.954,2.77,4.6654,11532.047,0.48,0.928,14558.025,8.77,4.6474,232749.929,1.76,4.6045,10665.886,0.69,4.6778,431896.702,36,4.6979,396805.075,6.93,4.7209,156725.519,47.57,4.7558,13379.131,0.87,,,,,,,4.8091,2304543.239,40.24,,,,0.9379,76318.137,32.65,,,,4.9159,2031088.88,35.47,4.9604,12752.889,0.14,4.8743,124283.831,5.13,5.1011,15077.701,17.01,,,,5.0148,135119.376,14.71,,,,,,,5.1568,81570.945,8.88
164_2021_T_4n,,,,,,P1-D10,,1,,,,,,,,,,5.0252,24500.742,2.51,5.0648,10139.054,0.09,,,,,,,5.1534,11448.872,0.68,,,,5.2099,11344.65,0.81,,,,1.2939,141995.166,34.51,5.1928,36670.944,3.35,,,,,,,5.2577,36104.878,0.65,,,,5.324,177531.687,14.12,,,,5.3601,15091.798,0.13,,,,1.6351,30761.261,4.2,,,,5.4284,180408.458,4.77,5.4321,347334.045,41.29,5.4287,328361.617,56.2,,,,,,,,,,,,,,,,5.5119,160987.743,9.58,1.6373,16121.333,13.54,5.5736,391609.472,94.88,,,,,,,5.6748,542811.524,9.89,5.7799,44905.02,10.82,,,,5.6853,29091.33,4.8,5.68,86477.56,10.93,5.6945,12484.362,1.95,,,,,,,5.7292,87389.222,13.4,,,,,,,5.6732,81303.905,0.69,5.9101,10658.227,1.09,5.6866,341293.834,6.22,5.8285,31907.431,100,6.0103,3844947.498,32.68,5.9467,529046.984,55.19,,,,5.9855,14549.359,4.54,5.999,37330.202,5.88,5.9488,23598.546,5.69,6.0557,50606.544,17.47,6.1173,23483.667,0.43,6.0917,51942.255,7.09,,,,6.0971,30869.581,8.78,6.0193,13607.166,3.64,6.1617,35109.187,0.64,,,,6.1551,3197373.351,31.86,6.1803,16212.519,6.9,6.2001,26962.709,2.76,6.1959,47767.425,52.23,6.2434,38659.661,6.03,6.2513,64845.664,20.25,,,,6.2893,196261.287,14.09,6.3359,43697.244,47.77,6.3581,407223.512,17.02,2.0237,29256.613,30.77,6.3451,58321.568,1.06,6.4038,428543.982,42.47,,,,6.6579,71829.969,23.56,,,,6.5207,12694.762,3.06,6.5396,1513130.125,12.86,6.5724,20542.764,100,6.5696,16514.609,0.46,6.5411,118763.498,1.29,2.1531,123578.769,22.34,6.5896,935269.566,16.94,,,,6.6335,649497.83,46.64,,,,,,,6.5991,65826.458,33.67,6.7214,1408293.415,11.97,6.7559,115969.295,13.13,6.8208,12740.755,5.33,6.7614,134088.919,32.3,2.1645,163330.303,42.58,6.7587,150790.49,11.99,6.8296,595689.457,6.42,,,,6.7735,12213.021,19.22,6.8513,114846.369,9.13,6.8784,55650.901,100,6.9274,57564.012,51.06,6.982,140903.568,1.2,,,,6.9507,25656.14,1.84,,,,,,,6.9876,43849.027,1.46,,,,7.0151,107707.37,60.2,7.077,448651.723,44.74,,,,,,,7.1356,146381.34,1.24,,,,7.127,19454.595,1.12,2.388,21904.057,39.77,,,,7.2958,55664.879,8.54,7.1512,17789.104,15.78,7.2771,57683.504,1.05,7.2458,17701.562,0.5,7.2252,68806.885,22.57,7.1061,30460.769,5.03,,,,,,,7.391,25907.237,0.11,,,,7.4304,24624.36,1.41,7.419,17641.263,0.32,7.3489,32005.071,5.04,7.3528,29104.19,0.53,7.4381,51785.131,5.4,7.4243,222621.95,35.06,7.4375,50773.476,8.38,7.4802,198842.327,23.05,,,,7.4794,19027.572,0.21,2.5534,117268.097,27.74,7.5683,10484.608,3,7.534,61967.406,100,7.5483,21993.123,27.11,7.588,113995.718,2.06,7.6017,241340.287,2.61,7.5653,71792.332,36.54,7.5954,69903.118,84.57,7.4355,11643.661,3.71,,,,7.7234,11517.825,0.12,2.8218,14894.894,17.63,7.7363,65921.68,5.24,7.737,10094.746,1.67,7.7378,28259.704,0.12,,,,7.8033,2865386.421,96.35,7.8849,245675.099,2.09,7.9341,27560.351,2.82,7.9881,43866.719,100,7.9686,133983.496,2.43,7.9759,366176.541,21.79,,,,7.9675,133877.653,1.33,8.029,42916.378,8.06,,,,8.0654,10066.241,0.28,8.057,15535.513,2.38,8.0479,26052.581,20.29,8.072,245260.872,7.09,8.0996,305613.577,2.6,7.9132,13405.555,10.44,8.0742,53822.776,0.97,2.8346,29012.54,100,8.1579,44759.966,1.87,8.1332,21213.148,3.25,8.1449,27992.044,0.28,8.2489,50350.42,9.1,8.2314,31192.462,0.31,8.2468,108706.496,4.71,,,,8.2993,138995.156,1.5,8.3792,19120.655,1.1,,,,8.3512,139644.073,39.95,,,,,,,8.379,297058.338,55.4,8.4128,51579.186,1.37,8.4953,47856.269,0.2,8.7207,178086.703,25.73,8.5029,183266.875,10.51,8.501,224751.402,23,8.565,508512.181,80.45,2.9869,88079.464,31.36,8.6279,453568.794,20.3,8.5902,12554.456,6.75,8.6946,3527006.407,94.02,8.7367,6752196.617,82.74,8.7619,6142591.42,46.33,8.7335,12090426.45,50.43,8.8285,13135.73,2.47,8.8174,49832.531,61.55,8.7521,49269.93,6.65,8.3729,20937.383,0.38,8.8785,648293.98,51.52,,,,8.8746,766228.935,7.64,,,,8.9247,1407152.461,40.7,8.9141,2499090.42,21.24,8.9502,169336.896,15.46,,,,9.0318,178907.287,16.33,8.9239,14516.806,3.98,9.0983,78699.012,0.59,,,,3.1183,167535.192,65.07,9.1817,27442.452,0.11,,,,9.3198,11822.411,0.49,,,,,,,,,,9.2131,26048.79,24.51,9.2646,141824.498,54.79,9.2733,12433.041,100,9.2626,228093.883,6.41,3.1601,49983.256,72.82,9.263,1209120.814,12.05,9.2644,1670148.143,18.08,9.3509,25954.485,4.2,9.4133,1042251.504,29.28,9.4104,2009769.946,20.03,9.4097,3337798.441,36.12,9.4298,25530.125,4.76,9.3012,19836.491,1.12,9.4732,68858.152,0.52,,,,,,,3.2033,11926.896,1.93,3.2957,161870.716,46.06,3.2773,404528.279,76.79,3.3607,468038.531,75.26,,,,3.4686,139731.254,15.82,3.4753,176618.804,24.11,3.5274,63848.685,47.33,3.5564,16899.906,13.89,,,,3.6962,620903.512,95.31,,,,3.8568,32780.853,6.93,,,,3.9364,88291.07,41.81,3.9146,71225.109,54.55,3.9685,12842.944,3.09,3.9795,49197.293,16.98,,,,4.0361,54737.205,0.47,4.0472,42044.937,16.03,4.0812,191818.683,69.29,4.1126,343312.707,81.55,4.1573,85994.731,10.87,,,,,,,,,,4.1976,12500.615,22.99,4.2369,495926.765,77.37,4.3332,44415.292,15.33,4.322,37917.32,8.02,4.3799,120069.101,11.9,4.3744,11491.83,0.69,4.4017,37026.392,0.31,,,,4.4345,43364.809,2.58,4.4289,99495.275,31.71,,,,,,,,,,4.5812,109717.06,8.72,,,,,,,4.5761,145311.064,16.46,4.6403,61414.209,1.12,4.6305,11396.393,0.68,0.9251,24472.9,19.52,4.6455,139376.842,1.18,,,,4.6714,248860.68,22.72,4.6956,51523.334,1.36,4.7163,96853.543,49.13,4.8753,15689.35,1.64,,,,,,,4.7946,1630509.049,43.14,,,,0.9255,64255.585,37.86,,,,4.8981,1544306.728,40.86,4.959,12826.931,0.23,4.9688,12874.221,0.77,5.0796,16247.062,12.59,,,,5.0064,83143.538,28.7,,,,,,,,,
166_2021_W_4n,,,,,,P1-C9,,1,,,,,,,,,,5.0329,157592.47,6.95,5.0573,237193.245,7.27,,,,5.1585,30819.832,6.81,5.1526,76625.3,2.03,,,,,,,5.1834,41695.072,12.42,1.2892,179017.998,39.42,,,,5.1889,11397.747,15.19,5.1969,34555.646,8.67,5.2564,2846447.315,51.86,5.3375,19156.036,0.9,5.233,236037.91,18.32,,,,5.3669,1268816.491,38.88,,,,1.6326,25521.641,3.48,,,,5.4228,208082.952,5.41,5.4337,249129.98,27.71,5.4415,238043.364,42.83,,,,,,,5.3894,13956.224,0.29,,,,5.3731,33722.052,18.66,5.5368,1080966.953,28.63,1.6334,27489.765,45.36,5.5733,333895.843,87.72,5.512,28570.463,18.36,,,,5.5389,59904.279,2.72,5.6898,15484.078,3.89,5.6887,35734.238,0.51,5.6296,41739.735,1.95,5.6764,179546.882,17.31,5.6749,19863.39,2.8,,,,1.7268,103783.042,25.95,5.7158,43374.48,4.32,5.6744,11273.565,8.25,,,,5.8014,59391.006,1.82,5.7891,80490.178,3.55,5.8122,177385.678,8.06,5.8164,11626.057,100,6.0086,10891.647,0.33,5.9249,11274.326,0.54,,,,6.0094,10673.902,2.53,6.0133,84576.156,14.77,,,,6.0381,57709.648,10.27,6.0411,302882.81,13.76,6.0839,90311.237,12.3,6.1908,32081.767,0.98,6.1003,25243.744,7.83,6.1252,105873.307,17.85,6.1328,203356.736,9.24,,,,6.1563,212592.784,4.47,,,,6.1902,69094.713,3.05,,,,6.2435,30076.616,4.24,6.2636,12517.92,2.96,,,,6.2912,127017.518,8.06,6.3369,136527.9,86.83,6.3556,49172.707,3.43,2.0163,49733.532,40.63,6.378,327981.886,14.9,6.4021,741933.183,48.65,,,,6.4975,286785.633,56.96,,,,6.62,82254.947,20.64,6.5509,73268.886,2.24,6.5658,55393.72,19.37,6.5712,33653.068,0.48,6.5799,11192.423,0.18,2.1592,496670.088,81.34,6.5878,13179.599,0.24,,,,6.6196,1008563.036,63.97,,,,,,,,,,,,,6.7077,93764.777,17.1,6.8225,303011.541,42.11,6.7497,20463.929,5.14,2.173,188016.256,42.66,6.7436,24043.14,1.87,6.8278,3353079.281,53.23,,,,,,,6.863,151217.957,11.74,,,,6.9231,33650.189,25.3,,,,,,,6.9287,54203.676,3.44,,,,6.9748,13739.64,0.73,6.832,681977.014,48.2,6.985,54803.524,46.8,7.012,16264.19,13.65,7.0751,94758.147,49.6,,,,6.8864,41336.082,7.54,7.0876,120003.726,3.68,,,,7.1105,408507.677,24.34,2.3954,52453.099,51.57,6.9999,20198.663,4.78,7.2343,40148.283,4,7.1466,75840.665,57.01,7.1074,82509.205,3.75,7.1639,25474.943,0.37,7.2253,13264.813,2.63,,,,7.188,17938.441,18.72,,,,7.3669,11146.173,0.38,,,,,,,7.3493,15020.539,0.27,7.3031,138029.858,24.1,7.3572,14047.362,0.64,7.3089,15428.254,0.73,7.4163,151164.124,26.39,7.4395,97109.562,4.54,,,,,,,,,,2.557,60826.881,29.05,,,,,,,7.538,30558.893,17.9,,,,7.5904,2454499.081,38.61,7.567,53851.554,14.19,,,,,,,,,,,,,2.815,38064.751,21.21,7.7341,21864.84,13.03,7.8578,10331.551,0.48,7.748,812647.177,27.58,,,,7.8011,3100881.092,100,,,,7.9292,224109.226,9.88,7.9923,12174.413,100,8.0846,16789.379,0.31,8.1678,37258.747,0.99,,,,8.0561,11433.786,0.24,8.0305,20281.645,2.21,,,,8.039,194084.443,2.79,8.0633,45933.909,4.58,7.9793,15581.859,3.1,8.0654,18112.629,1.46,,,,8.1507,39010.14,7.75,8.1399,13167.391,0.24,2.8612,48813.656,70.56,8.0983,49524.827,3.46,8.013,13676.919,1.36,8.0817,11079.739,0.23,,,,8.2772,19480.846,0.41,8.2438,29487.332,7.21,,,,8.4063,12313.983,0.19,,,,,,,,,,8.2782,10519.001,0.36,,,,8.3753,238189.402,27.46,8.4083,22920.704,1.4,8.4768,514951.348,17.48,8.4729,1375387.672,42.09,,,,8.504,407966.078,17.98,8.57,116484.512,40.83,2.9819,97054.178,62.82,8.6258,41402.618,4.15,8.4924,82577.935,46.73,8.6963,1589154.502,97.06,8.8136,17603.479,42.84,8.7535,40489.03,2.12,8.7394,13650.28,0.46,8.8135,19186.549,2.09,8.8131,64386.3,35.71,8.7373,17181.552,2.88,8.3084,19166.723,0.35,8.8785,46385.259,27.65,,,,8.9095,14531.578,0.31,8.9322,211196.228,9.31,8.9217,33983.029,2.74,,,,8.9551,20827.38,1.26,,,,9.0173,30567.314,1.85,9.2581,14076.72,7.35,9.1755,271013.059,14.2,9.1758,608471.937,18.62,3.1116,120814.261,61.19,9.1749,451454.593,15.32,,,,9.2094,52984.183,3.7,,,,,,,9.205,46716.082,48.53,,,,9.269,266418.381,30.96,9.2713,86405.177,72.21,9.3089,552377.368,7.95,3.1645,14057.176,37.89,9.2733,169194.689,3.56,,,,,,,9.389,346408.91,4.98,9.3913,305082.843,6.41,,,,9.4398,15138.901,1.75,9.4982,12914.394,1.58,9.472,15537.993,0.81,,,,,,,,,,3.2843,67654.009,20.99,3.2824,293623.669,75.79,3.3655,317874.946,46.15,3.374,15850.927,30.91,3.4714,44953.93,8.2,3.4832,50556.461,6.89,3.5298,113884.334,47.02,,,,3.6185,53138.513,6.42,3.6932,1271771.018,97.35,,,,3.9384,11084.155,1.34,,,,,,,3.9424,24279.509,35.23,,,,3.9948,30402.041,5.41,,,,4.0431,168483.082,5.16,4.0588,156840.326,40.63,4.0763,77712.185,26.22,,,,4.1572,174417.549,16.82,4.1949,13877.091,0.65,4.1829,34236.929,8.59,4.1827,20554.989,0.37,4.2108,156614.493,46.88,4.237,905294.708,86.3,4.3244,38606.556,6.87,4.3186,78379.51,9.47,4.3731,240169.637,15.75,,,,4.3107,39441.936,1.21,4.3145,131278.44,6.24,4.4292,36411.178,0.96,4.4254,43424.535,12.62,,,,4.5924,10786.549,0.5,,,,4.5621,18871.877,1.46,,,,4.5816,24422.498,18.96,,,,4.5748,50018.195,2.27,4.595,21270.466,0.56,0.9057,16142.762,8.37,4.5763,84131.024,2.58,4.7047,17581.438,0.84,4.6671,1435951.849,86.91,4.6946,193968.578,5.04,4.7103,58574.442,38.85,4.8291,13586.15,0.65,,,,,,,4.7889,1605543.942,41.71,,,,0.9354,28364.533,100,,,,4.9045,1509509.264,39.22,5.0443,23269.672,0.42,4.9596,15079.846,0.4,5.0796,36897.697,23.71,,,,5.0108,227238.583,40.42,,,,,,,,,
169_2012_T_4n,,,,,,P2-B4,,1,,1.2847,32598.275,,12.37,,,,,5.0444,23222.859,0.51,4.9795,12357.145,0.61,,,,5.1171,71060.764,35.56,,,,5.1768,24290.163,13.55,,,,5.2016,38327.23,10.24,1.2899,161399.263,23.81,,,,,,,5.179,60158.025,11.91,5.3653,16236.256,0.72,5.3172,112914.826,0.55,5.3159,108678.833,2.84,,,,,,,,,,1.6558,75113.892,5.89,,,,5.4395,161337.735,5.05,5.4344,631493.324,37.77,5.4293,513296.144,44.71,5.4496,49415.555,5.88,5.5073,61813.293,63.72,5.4954,11407.723,0.37,,,,,,,,,,1.6537,42161.539,33.27,5.5817,707457.481,80.81,,,,5.6083,274117.86,34.17,,,,,,,5.5065,17626.999,0.7,5.6925,10403.733,0.05,5.6894,385261.631,29.94,5.6979,74250.32,9.27,,,,,,,5.6793,59324.942,4.78,5.8069,11408.605,1.36,,,,5.7896,31788.337,1.56,5.8024,190559.235,4.16,5.7902,19865.503,2.1,5.8409,122518.178,92.09,6.0017,18892.023,0.93,,,,,,,5.9864,70424.032,5.68,6.0217,226498.725,18.58,,,,6.0507,131789.069,8.17,5.9682,13242.73,1.4,6.0926,310933.226,24.4,,,,6.1028,60570.124,5.66,6.1327,89645.343,28.15,,,,1.9662,16080.452,7.05,6.1653,32350.625,1.05,,,,6.1973,34477.72,0.75,,,,6.2695,60609.014,7.57,6.2669,20599,1.66,6.3284,30142.922,33.44,6.2945,130982.19,5.93,6.3403,370853.357,91.35,,,,2.0225,76399.143,21.35,,,,6.4044,1028349.945,50.68,,,,,,,,,,6.44,36638.709,7.25,,,,6.5864,58799.04,12.32,6.6006,1877627.224,74.21,6.5978,1148539.994,57.84,2.1708,177873.98,41.96,6.5193,12156.776,0.54,6.6337,240281.503,28.58,6.6335,1118771.43,50.62,,,,,,,6.815,20464.605,9.1,6.7343,24015.402,1.18,6.7181,1093172.513,38.54,6.8056,25136.713,13.76,,,,2.1688,226016.12,49.21,6.7587,144945.366,3.79,,,,,,,6.788,11804.109,8.25,6.8629,1104258.679,28.9,,,,6.9274,71866.888,23.78,,,,,,,6.9563,99872.006,4.52,,,,7.0279,12793.902,4.54,6.9988,85039.132,8.19,6.9966,18558.813,53.09,,,,7.0729,18265.819,5.86,,,,7.0181,18978.286,0.67,,,,7.0899,138724.836,92.91,,,,2.4034,30399.957,25.42,,,,7.1501,21013.305,1.69,7.1491,163296.361,54.04,,,,7.1653,32505.455,1.28,,,,7.0492,10946.806,0.05,7.1995,23654.757,14.19,,,,7.3265,28223.114,0.96,,,,7.3677,235299.395,48.68,7.3697,451001.739,20.05,7.3064,670554.776,55.01,7.3677,51038.325,5.39,7.5482,13680.516,3.86,7.477,98462.084,8.08,7.4409,18524410.81,90.15,,,,,,,7.4905,199771.069,10.06,2.5839,99480.94,19.39,7.4364,581843.492,100,,,,,,,7.4394,187710.005,8.34,,,,7.5673,69973.366,40.56,,,,7.6602,13979.903,5.52,,,,7.7141,16218.091,0.82,2.8154,451961.982,70.27,7.7429,35710.139,9.88,7.7374,86835.661,0.42,7.733,94842.564,3.21,,,,7.804,2620584.658,93.31,,,,7.9445,46855.341,1.02,8.001,88904.489,89.65,,,,,,,2.8516,12862.408,0.51,,,,8.0282,146790.371,21.19,8.0426,38197.438,0.19,,,,8.0527,12709.257,1.02,8.0822,13825.054,5.64,8.08,34522.789,46.35,,,,7.9335,44595.993,18.19,8.1089,69678.877,3.1,2.8652,13132.316,30.08,8.0446,68386.731,3.75,,,,8.1504,12215.23,0.4,8.264,12924.178,3.05,8.1863,10417.563,0.34,8.2359,12029,1.81,8.2965,94630.282,0.46,,,,8.1086,36634.432,7.58,3.0135,46521.494,20.4,,,,8.5871,13202.818,0.45,,,,8.3832,87192.58,54,8.4138,69217.664,0.93,8.4984,170674.19,5.78,,,,,,,8.4972,627536.153,13.69,8.5719,462232.582,88.59,2.9979,178338.323,78.3,8.6297,201305.715,13.86,8.5907,11502.374,2.17,8.7088,6719245.733,90.75,8.7598,15946.339,31.12,8.7582,612145.493,10.2,8.7599,299206.53,10.13,8.8692,57037.35,8.23,8.8206,331740.488,57.87,9.103,18563.208,31.83,,,,8.8892,240785.595,66.63,2.9772,49287.722,38.26,8.8976,15370.587,0.5,8.8956,1040067.453,22.69,,,,,,,8.9638,89137.716,39.96,,,,9.038,120813.74,54.17,,,,9.0858,25905.528,0.43,,,,3.1314,75673.408,24.85,9.0443,61802.196,2.09,,,,9.2063,368948.555,20.23,,,,9.2103,380184.942,85.15,9.2072,420579.247,100,9.2291,126611.45,71.08,9.2766,1436619.077,89.13,9.2774,1315733.392,97.52,9.2713,121564.423,4.8,3.1585,109085.928,100,9.2756,644875.943,20.93,9.0071,12373.95,0.62,9.3578,60955.817,9.78,9.4257,19116.502,0.76,9.4152,59955.205,1.95,9.4232,80611.632,4.06,,,,9.5042,15610.638,1.31,9.4671,10956.716,0.18,,,,3.1903,266474.838,13.05,,,,3.2952,272816.537,25.51,3.2942,526808.562,95.17,3.38,272730.596,56.73,3.3823,29305.65,8.59,3.493,32491.064,1.15,3.4807,123196.253,9.67,3.5309,188870.266,50.19,,,,3.6292,111986.858,6.21,3.702,1090333.839,94.34,,,,3.8484,18281.042,1.01,,,,3.9422,143955.711,59.02,3.9428,28554.73,52.64,3.9678,59162.943,11.71,3.9928,201650.109,12.5,,,,4.0482,376332.988,18.43,4.0675,13896.354,6.27,4.0865,271397.483,39.07,,,,4.1626,315109.156,24.48,4.1893,260139.659,1.27,4.194,193077.479,38.22,4.174,20766.503,0.92,4.2069,10585.354,5.54,4.2407,580847.58,83.56,4.3214,137048.146,8.49,4.3188,76534.391,4.25,4.3734,21420.002,1.06,4.4027,251706.07,53.21,4.4033,666117.273,32.62,4.4753,14414.362,4.07,4.4587,21153.342,9.28,4.4418,33899.292,13.39,4.4897,35568.519,9.08,4.4823,30586.922,0.15,,,,4.5769,101691.811,2.66,,,,,,,4.5747,140851.141,4.97,4.6301,318460.952,33.65,4.6092,12656.713,5.55,0.9169,30312.693,11.18,4.6316,267671.192,13.11,,,,,,,4.7054,126287.064,3.95,4.7188,211386.267,64.72,4.7941,16178.173,4.57,,,,,,,4.7988,1381468.147,43.23,,,,0.9385,38990.75,14.8,4.948,11323.432,1.35,4.9065,1143309.124,35.78,,,,,,,4.9324,14708.344,30.13,4.9591,12141.274,25.32,5.0175,725773.989,44.98,,,,,,,,,
181_2012_T_2n,,,,,,P2-A1,,1,,1.2864,19177.808,,12.22,,,,,5.056,47779.51,1.04,5.044,11297.108,0.9,,,,5.1247,217139.684,31.2,5.2602,39275.016,8.94,5.1757,24284.618,8.67,5.1994,34580.296,1.85,5.1708,38253.969,3.55,1.2905,664332.174,42.88,,,,5.1931,63697.95,26.36,5.1637,117949.511,24.81,5.3633,38878.576,1.82,5.2705,12071.357,0.13,5.3242,1875345.639,26.95,5.4419,13148.526,3.96,,,,,,,1.6461,82958.179,4.36,,,,5.4276,399704.751,8.6,5.4652,26786.127,1.17,5.4525,35092.746,4.86,5.4455,7957504.246,88.86,,,,,,,,,,,,,5.5277,21797.747,4.96,1.6515,73123.915,21.28,5.5735,1376382.45,90.77,5.5971,20332.696,4.8,5.5992,54233.89,0.99,,,,5.7816,33867.828,7.12,,,,5.6811,120412.363,1.33,5.6841,430386.41,18.81,5.719,38586.477,1.49,,,,,,,5.7217,346748.046,12.16,5.7247,21920.881,0.24,5.73,32534.153,26.62,,,,5.7964,401937.933,8.74,,,,5.8318,84777.019,50.86,,,,5.9568,30457.893,2.63,1.7748,23602.072,1.91,6.0462,13602.427,0.52,6.0129,262622.941,13.21,6.067,14086.334,2.96,6.0422,186359.586,10.93,,,,6.0795,448180.821,23.55,6.0485,34519.454,13.55,6.1095,128026.506,10.36,6.1332,623120.61,65.49,6.1249,15141.796,3.31,,,,,,,,,,6.1812,155162.131,3.38,6.1866,466270.576,80.84,6.2359,839274.014,32.34,6.2416,632885.011,24.19,6.1937,21322.815,8.49,6.2972,481349.822,25.7,6.3437,15916.459,2.76,6.3853,17688.335,1.08,2.0194,60966.592,16.37,,,,6.4002,1561240.752,56.39,,,,,,,,,,6.375,17108.587,3.6,6.5758,11745.894,0.94,6.5723,196605.913,46.36,6.6409,24771.936,1.83,,,,2.1713,485326.419,39.22,6.569,16620.796,0.78,6.6192,144501.538,1.61,6.6273,618880.856,33.04,6.6473,330899.004,56.76,6.6888,16225.446,4.05,6.6845,14916.081,4.48,,,,6.7543,643392.196,21.23,6.8143,15851.763,5.27,6.968,27591.441,5.8,2.1672,120220.749,33.43,6.7626,1338753.919,19.24,,,,,,,6.8705,290552.678,52.15,7.0782,109651.054,1.58,6.867,147431.976,28.82,6.9355,362896.824,58.47,,,,,,,6.9534,57028.972,3.04,,,,6.8822,29372.197,7.2,6.9935,86310.223,47.22,,,,7.0188,32571.913,8.95,,,,,,,7.0785,278935.497,9.21,,,,7.0903,489996.64,100,,,,2.4005,56219.598,19.84,,,,7.1243,251387.669,8.82,7.1476,18929.121,3.05,,,,7.154,155315.074,11.45,,,,,,,,,,,,,7.2834,21797.083,1.51,,,,7.3595,30090.138,14.44,7.3761,79346.549,3.71,7.3776,88438.966,4.45,,,,7.5382,157400.266,13.6,7.4108,227369.378,11.44,7.4381,6791641.971,75.04,7.5348,18138.436,6.92,7.4804,22561.275,12.88,7.4803,125786.666,29.81,2.5516,448653.744,87.08,7.4396,103168.482,49.5,7.538,18462.94,41.97,7.5382,28407.212,2.6,7.5499,13590.982,0.64,,,,7.5704,215457.392,38.81,7.609,19517.67,9.53,7.6372,12782054.02,93.45,,,,7.7158,10445.361,2.48,2.8153,499714.15,46.04,7.7401,30064.41,5.4,7.7407,23258.698,0.26,7.7413,83230.111,5.78,7.7425,25009.254,19.07,7.8038,4194902.111,89.38,7.9173,31997.128,2.55,7.9369,17337.563,0.38,7.9898,160045.197,91.01,,,,8.1677,39220.438,8.93,2.8147,78968.284,5.82,,,,8.0219,156811.798,12.09,,,,,,,7.9724,26431.977,0.93,8.0553,114034.361,24.87,8.0778,135438.947,45.29,,,,7.9178,40627.615,8.86,8.1397,36965.768,1.73,2.8423,80844.476,36.56,,,,8.1448,71381.395,2.5,8.1538,18242.775,0.71,8.2436,59254.279,4.79,8.1846,11325.817,0.44,8.2459,61295.416,30.7,8.2848,45735.211,0.51,,,,8.3329,30012.01,14.4,,,,,,,8.3264,13148.693,0.91,,,,8.385,201975.113,26.47,8.4154,371425.089,3.48,8.4993,44952.146,3.12,8.6582,12587.405,4.94,8.2503,17644.424,8.47,8.4957,263791.731,5.74,8.593,1026647.978,85.1,2.9814,154051.309,78.64,8.6299,322479.651,15.61,8.5017,150743.345,16.23,8.7092,10217242.59,95.66,,,,8.7574,48211.988,14.35,8.7811,15138.313,1.05,8.8211,194988.664,15.04,8.8144,976887.283,61.2,9.0776,11219.226,5.31,8.2701,46207.489,2.16,8.8833,454177.919,81.54,2.9811,483128.289,44.2,8.9096,140988.855,5.5,8.8942,85786.574,1.87,8.7876,11433.68,3.82,,,,8.9583,377113.214,31.92,,,,9.0312,556864.523,47.13,,,,8.8575,68034.49,20.26,,,,3.0999,475099.792,53.15,9.039,343640.123,23.86,9.4353,11414.634,4.4,9.2017,569753.331,34.79,9.2001,592159.86,88.67,9.2062,597136.997,98.09,,,,9.2229,554181.258,64.18,9.2653,2996841.812,99.43,9.2722,5705962.464,99.73,9.2685,342532.847,25.25,3.1614,265971.777,50.13,9.2714,1755945.25,68.45,,,,9.3568,179916.534,16.3,,,,9.3624,54523.256,2.13,9.5608,10263.645,2.43,9.4319,286725.986,37.58,9.516,50930.906,3.93,9.3554,20996.463,6.25,,,,,,,,,,3.2851,275515.154,22.31,3.2924,199522.64,31.59,3.3818,721540.443,51.28,3.3579,197174.686,27.1,3.4766,74818.434,2.47,3.4714,132753.558,6.98,3.5263,175050.477,61.53,,,,3.6215,287418.411,8.53,3.7094,903071.641,42.23,3.8347,10557.452,11.76,3.8639,16364.041,0.49,3.8858,149081.188,15.62,3.9387,17368.119,6.63,3.9384,69892.042,82.51,,,,4.0555,128126.635,7.51,4.1279,42331.049,4.08,4.0406,911382.103,72.77,4.0595,156210.503,23.24,4.0846,163889.753,21.91,,,,4.1562,429851.371,18.79,4.1814,162633.299,1.8,4.1922,138370.701,29.1,4.1526,27641.522,1.29,4.2034,20833.189,5.45,4.2419,1028167.723,77.78,4.3219,138515.371,8.12,4.3241,136000.083,4.03,4.3714,49434.816,1.79,,,,,,,,,,,,,4.4306,141732.522,1.04,4.4782,56072.006,5.41,4.5838,11039.816,0.12,,,,4.5687,632975.375,9.1,,,,,,,4.5737,858569.457,28.34,4.5797,17930.104,3.92,4.6034,100646.015,22.91,0.9183,117222.167,39.27,4.5772,51815.926,4.14,4.6122,20542.795,1.78,,,,4.6927,113029.482,2.43,4.713,407685.818,69.52,,,,,,,4.7563,15016.092,3.55,4.8014,1825956.603,39.31,,,,0.9496,27645.411,17.61,4.9443,23959.688,0.27,4.9008,1601014.557,34.47,5.0503,104270.075,4.88,,,,,,,4.9368,15539.656,15.2,5.0072,267998.974,15.71,5.0118,14134.194,3.46,,,,5.1478,38761.474,2.27
189_2021_W_4n,,,,,,P1-B11,,1,,,,,,,,,,5.0387,140241.843,4.46,5.0605,151759.23,1.23,5.1444,19635.442,7.15,,,,5.1534,785589.622,14.4,,,,,,,5.1969,32362.916,15.67,1.3018,285076.268,27.43,5.1902,21742.715,1.45,,,,5.2017,35530.365,6.42,5.2523,1834529.435,24.99,5.4627,80018.655,11.37,5.3204,696312.417,18.92,,,,5.3684,868250.813,7.04,,,,1.6511,32593.5,3.18,,,,5.4232,151182.665,4.9,5.4394,131901.243,13.41,5.434,123737.42,24.88,,,,,,,,,,,,,5.3761,22835.805,5.37,5.5328,1082860.977,19.84,1.6306,49561.309,21.68,5.5732,224885.747,100,5.5055,52853.366,27.31,,,,5.638,20821.237,0.5,,,,,,,5.5559,13887.634,1.97,5.6765,165986.478,15.35,5.6853,15403.347,1.51,,,,,,,5.774,13014.264,1.35,,,,,,,5.8078,487898.749,3.96,5.7906,49781.624,1.58,5.7994,144221.221,3.44,5.8266,24619.023,68.8,6.0038,3281218.995,26.61,5.9359,316910.038,9.09,,,,5.9784,23596.954,2.94,6.0119,125140.506,19.42,,,,6.0441,139168.88,9.93,6.0042,889032.774,21.23,6.0815,92599.621,9.04,,,,6.1022,31811.251,7.96,6.124,38895.751,8.22,6.1624,94436.923,2.26,,,,6.1575,716389.814,8.89,6.1594,22692.881,10.67,6.1951,105619.899,3.36,6.1914,172685.144,44.57,6.2676,11820.511,1.16,6.2527,17860.333,2.23,6.1947,11052.961,50.63,6.2881,107880.695,8.91,6.3296,214755.721,55.43,6.351,59168.613,3.21,,,,6.3211,14673.869,0.35,6.402,872551.518,48.81,,,,6.495,194565.699,40.05,,,,6.6198,115564.009,20.89,6.5541,333786.251,2.71,6.5603,25577.572,4.1,6.5255,12811.105,0.22,6.5929,11137.257,0.11,2.165,365038.119,39.44,6.5934,157337.009,2.14,,,,6.6243,778994.308,64.35,,,,,,,,,,6.7196,974341.331,7.9,6.7528,319754.116,19.18,6.7344,11500.887,1.97,6.7542,15364.594,2.78,2.1447,529848.406,48.96,6.755,602818.428,16.38,6.8222,2599434.33,26.33,,,,6.8953,11402.942,9.78,6.8642,539312.213,14.65,6.8852,46562.942,37.68,6.9237,204907.592,61.11,6.9213,83717.349,0.68,,,,6.9495,16684.25,1.38,,,,6.8742,11788.65,4.55,6.8275,324993.186,10.39,6.9808,79727.956,50.29,,,,7.0726,27618.025,3.22,,,,,,,7.0913,986207.032,8,,,,7.0944,62876.018,3.13,2.3844,49434.414,36.18,,,,7.0518,16872.838,1.75,7.1406,130399.808,38.89,7.0879,53179.721,1.27,7.1494,52847.542,0.9,7.2315,71671.814,14.75,7.3019,18338.412,2.61,7.189,156691.344,48.52,,,,7.4015,24340.778,0.14,,,,7.4333,20639.107,1.03,7.4797,46451.956,0.63,7.3639,116967.008,18.15,7.4787,95997.711,2.29,7.4319,32540.592,0.93,7.4146,180167.806,27.96,7.437,97591.731,13.87,7.4791,245848.167,49.18,,,,,,,2.5548,114150.732,22.29,7.6025,24304.953,5.71,7.3867,10544.985,17.13,7.5324,30570.645,26.58,7.5803,46201.447,0.63,7.5945,2899705.153,29.24,7.5606,141956.763,35.89,,,,,,,7.6951,12942.134,100,7.729,71789.77,0.72,2.8163,30214.154,15.17,7.734,47404.862,3.49,7.5295,13223.137,1.88,7.7426,15776.778,0.09,,,,7.8049,2396241.412,96.61,7.8844,151709.496,1.23,7.9312,152647.462,4.86,7.9868,132852.839,100,7.9695,283048.099,3.86,7.9723,234939.842,4.31,,,,7.9659,107311.747,1.33,8.0349,13475.494,2.78,8.0379,64290.136,9.14,8.0683,10060.881,0.17,,,,,,,8.0668,306812.515,9.34,8.095,331848.227,2.69,,,,8.0761,81737.258,1.11,,,,8.1513,77409.315,4.19,,,,8.1328,67166.965,0.83,,,,8.274,12596.515,0.16,8.2426,35996.211,1.37,8.2661,21057.007,2.99,8.281,82378.828,0.83,8.3668,26325.834,1.31,,,,8.3483,85921.16,20.2,8.3386,10326.883,0.06,8.3735,25246.457,100,8.3604,115796.728,10.55,8.4047,3226670.299,76.77,8.4927,265901.74,1.49,8.7335,603392.241,61.22,8.5006,150331.59,7.49,8.5004,1744333.158,55.49,8.5601,374292.365,54.31,2.9819,73382.775,33.67,8.6206,942756.688,36.78,8.6145,32042.75,4.68,8.6946,862512.292,20.52,8.74,5651300.723,96.49,8.7476,12694880.08,77.11,8.7366,11738402.13,65.82,8.8249,10151.451,2.09,8.8185,268775.435,65.55,8.7437,171759.336,17.3,8.5109,55890.771,0.76,8.8807,1216703.138,89.64,,,,8.8728,435557.412,5.41,8.8829,43701.948,1.39,8.9286,1542982.305,46.96,8.9168,2845996.944,23.08,8.9581,181994.551,12.12,,,,9.0238,176324.786,11.74,8.9184,34064.552,8.24,9.0751,91813.462,0.56,,,,,,,9.1597,55691.39,0.31,9.2156,14345.361,22.4,9.1981,11512.285,0.62,9.2036,14200.758,10.39,,,,,,,9.2192,2480462.118,99.41,9.2668,465685.269,36.8,9.273,153746.011,64.53,9.2665,153397.193,2.63,3.1503,106390.028,66.82,9.2655,886684.278,11,9.2709,943740.039,9.52,9.3544,19317.296,3.13,9.4135,538289.732,9.21,9.4087,1152404.143,14.3,9.4122,1858369.847,18.74,,,,9.5063,11979.943,0.95,9.4728,31904.394,0.19,,,,,,,3.2101,31321.386,5.08,3.2933,139745.963,34.97,3.2864,440539.198,77.85,3.388,105780.362,16.91,3.3657,52616.666,26.29,3.4587,147831.773,8.87,3.4764,346614.328,33.83,3.5189,75278.111,54.43,3.5461,124507.602,53.24,3.6097,27402.076,1.73,3.6917,1948861.823,95.65,,,,,,,,,,3.9349,13750.75,6.88,,,,,,,3.981,177423.343,12.66,,,,4.0312,187388.791,1.52,4.0547,60640.756,28.14,4.0883,111941.594,44.53,4.1003,574006.089,76.47,4.1574,176173.473,16.29,,,,,,,,,,4.1347,19047.53,17.5,4.2379,194551.033,57.91,4.3211,145238.549,10.36,4.3246,84578.136,5.32,4.3721,53356.761,2.98,,,,4.3218,74149.443,0.6,4.312,195177.365,5.6,4.3285,109840.943,2.01,4.4277,72482.441,14.08,,,,,,,,,,4.5718,76002.111,2.07,,,,,,,4.5764,125595.419,7.53,4.5712,10940.245,0.26,4.5937,52901.905,0.97,0.9276,15431.817,14.27,4.5691,41936.132,0.34,4.604,20972.195,0.6,4.6686,859349.796,57.23,4.682,43961.677,1.42,4.71,72712.548,55,,,,,,,,,,4.7888,1162453.699,37.65,,,,0.9357,22953.217,27.09,,,,4.9019,1069749.185,34.65,5.0547,19834.923,0.27,4.9783,11979.411,0.22,5.0823,10015.449,5.17,5.0041,13893.611,21.18,5.011,556378.512,39.69,5.005,37614.008,14.52,5.1047,12025.687,0.21,5.1492,14017.111,1
194_2012_T_2n,,,,,,P2-B1,,1,,,,,,,,,,5.0401,30866.621,0.93,5.057,10348.162,1.61,,,,5.1253,125329.37,32.16,5.2758,42973.359,8.15,5.181,61348.106,11.36,5.2078,24070.48,1.22,5.1828,77738.604,7.26,1.2952,193779.351,16.12,,,,,,,5.169,48482.277,6.62,,,,5.2689,14075,0.05,5.3151,2476355.051,34.75,,,,,,,5.4246,22365.923,2.84,1.6372,262915.752,10.12,,,,5.4314,246893.412,8.3,5.4454,196655.862,12.04,5.4613,261409.815,25.02,5.453,144785.688,5.33,,,,,,,,,,,,,5.5351,23595.709,4.47,1.6563,93893.499,24.22,5.5882,1787088.629,83.79,,,,5.6021,586401.905,37.8,,,,5.6285,13345.664,1.82,,,,5.68,91964.227,0.32,5.6875,315251.924,17.43,5.7187,13434.768,0.62,5.8716,14123.199,2.29,,,,5.7272,270989.72,13.82,5.664,328737.499,12.1,5.7336,10091.729,18.78,,,,5.7996,337252.449,10.21,,,,,,,,,,5.9521,23360.474,2.98,1.7753,19926.505,2.54,5.9929,145633.207,6.44,6.0162,294801.559,12.44,,,,6.0373,144883.814,8.61,,,,6.0884,649969.41,25.02,6.0542,24576.524,10.18,6.1051,36849.478,4.28,,,,,,,,,,6.166,11022.729,0.7,,,,6.1918,154064.034,4.66,6.1952,646589.624,82.25,6.2482,434833.58,20.13,6.2626,410403.115,18.15,6.1959,40452.418,59.61,6.2986,776539.197,39.36,6.326,42642.587,5.42,6.3583,23007.741,1.06,2.0516,16484.402,13.19,,,,6.4034,1457104.225,58.27,6.5787,31715.899,4.03,6.663,18296.848,15.06,,,,6.4318,27888.964,3.81,,,,,,,6.6477,90356.889,9.5,,,,2.1698,192252.074,24.49,6.6937,12212.127,0.38,6.6257,1434633.073,52.79,6.6318,446430.581,22.63,,,,6.6126,20564.37,7.07,6.6859,10109.885,3.35,,,,6.7579,688101.885,29.94,6.8116,74869.764,31.33,,,,2.1821,340711.48,30.48,6.7577,1440675.612,20.22,,,,6.7103,19933.956,0.73,6.8942,215257.159,58.08,6.9167,19838.766,0.28,6.8691,73673.22,38.08,6.9309,445688.421,65.12,,,,,,,6.9513,11433.65,0.58,,,,6.8845,23530.469,4.91,6.9947,287188.294,61.67,6.9922,38200.772,24.68,7.0246,21953.509,12.33,7.2841,26125.049,10.98,,,,7.0823,75475.399,3.28,,,,7.0902,485772.48,91.55,7.2508,19094.413,3.11,2.4114,40426.317,17.78,,,,7.1267,319027.192,16.27,7.1462,10372.917,1.52,,,,7.1551,288992.601,30.38,7.2347,28318.637,23.31,7.1001,11811.597,0.04,7.1984,285756.094,63.65,,,,7.3642,10969.19,0.81,,,,7.3649,205349.656,33.45,7.3695,773735.443,24.32,7.3023,722258.205,30.48,7.3547,48345.588,13.56,7.2957,33727.597,4.3,7.481,18782.547,0.79,7.4162,25222894.28,88.52,7.6541,26675.548,8.99,,,,7.4834,131700.128,31.31,2.5601,70469.525,44.11,7.4224,803291.419,90.93,,,,7.5342,34141.563,4.4,7.5761,20626.819,0.65,,,,7.5756,72791.289,23.81,,,,,,,7.6961,76270.45,62.22,,,,2.8168,145906.685,30.87,7.7384,45211.319,25.28,7.7318,114224.593,0.4,7.736,50252.852,3.72,,,,7.8054,4584722.052,94.03,,,,7.9216,19092.929,0.58,,,,,,,8.1714,70187.657,13.31,2.8149,57717.689,6.07,,,,8.0378,76840.452,13.17,8.0479,187490.592,0.66,7.8938,10377.553,1.09,7.9494,11551.196,0.59,8.0596,147416.409,46.96,8.0923,14330.484,9.28,,,,7.9232,28138.118,8.96,8.0976,86124.457,2.71,2.8599,32897.056,31.37,8.0601,24317.74,1.12,8.1397,52265.139,2.66,8.1555,29359.944,1.85,8.2509,55610.752,7.08,,,,8.2467,76796.621,12.92,8.2927,208456.489,0.73,8.3568,13724.992,3.26,8.3361,304824.653,49.66,3.015,153300.311,29.07,,,,8.3838,12812.47,0.95,,,,8.3745,123857.134,22.71,8.4094,945960.104,8.8,8.5026,161543.792,11.97,,,,,,,8.5155,297991.731,9.02,8.5761,1108004.014,84.82,2.9919,65196.169,44.82,,,,8.6413,13751.983,2.12,8.7059,9685533.448,90.07,,,,8.7566,55611.289,2.57,8.7683,30874.003,2.29,8.8227,24527.594,4.2,8.8216,180184.233,41,9.0873,12553.898,7.85,8.2498,15845.259,0.5,,,,2.9684,397972.508,51.31,8.9165,90513.281,5.71,8.6485,23656.035,0.72,8.7835,12958.081,8.39,,,,8.9606,155361.638,41.53,,,,9.0306,159806.828,42.72,9.1902,16710.517,21.52,8.8988,14874.332,0.69,,,,3.1696,20194.434,5.25,9.2604,116263.789,8.61,,,,9.1958,1059906.279,48.81,,,,,,,,,,9.2253,1114491.579,84.46,,,,,,,9.1866,10178.815,1.07,3.1658,443705.171,76.41,9.2821,27141.151,1.71,9.0021,12424.69,2.95,9.3604,123415.002,7.89,9.4325,20161.991,2.12,9.4029,570063.36,35.98,,,,9.4334,172241.836,31.58,9.5375,31672.884,2.47,9.4863,13842.348,0.64,3.2301,31304.284,3.98,,,,3.2274,25577.337,1.64,,,,3.2803,21952.159,9.76,3.3815,87991.479,30.72,3.3616,81220.041,32.79,3.4817,25443.012,1.11,3.4776,730604.61,28.13,3.5295,104924.666,42.19,3.5499,245222.995,45.26,3.6259,206421.451,6.94,3.7038,1444886.77,90.65,,,,,,,,,,3.9367,10225.373,12.69,,,,,,,3.9698,19540.194,1.16,,,,4.0394,324672.581,50.42,4.0711,14632.87,2.3,4.0874,198203.046,42.8,,,,4.163,259727.926,14.36,4.1914,522494.104,1.83,4.2044,258814.283,35.35,,,,4.2075,13261.695,4.32,4.2285,769466.56,47.35,4.3194,99922.182,5.94,4.3251,132059.52,4.44,4.379,42847.975,1.71,,,,,,,,,,,,,4.4415,84647.473,25.63,4.495,212559.65,18.42,,,,,,,4.5771,425849.66,5.98,4.4991,10319.105,1.31,,,,4.5782,581492.368,25.3,4.5747,10028.928,2.81,4.605,76386.995,14.48,0.9344,53144.512,19.91,4.5748,32858.533,5.1,4.6029,11629.163,1.48,,,,4.6986,91066.554,3.06,4.7121,281869.836,79.4,,,,,,,4.7555,132104.192,16.79,4.8109,662740.186,22.28,,,,,,,4.9508,39879.443,1.47,4.9056,1024698.583,34.44,5.0494,64564.795,2.03,,,,,,,5.024,15445.47,10.64,5.0133,217135.174,12.9,5.0188,70999.159,14.83,,,,5.1482,96266.185,5.72
194_2021_T_2n,,,,,,P1-A5,,1,,,,,,,,,,5.0366,35256.635,0.55,,,,,,,5.1398,17106.998,4.74,5.1571,19919.394,3.91,5.1664,34903.838,9.75,5.1915,28627.666,1.26,5.1719,54489.319,9.26,1.2837,196079.815,17.05,,,,,,,,,,5.253,12596.193,0.27,5.2891,56335.787,0.25,5.3123,2154230.838,37.53,,,,,,,,,,1.6379,194744.978,11.16,,,,5.4238,135495.589,5.37,5.4439,356689.392,26.81,5.4509,348236.72,37.49,5.4477,39240.383,1.98,,,,,,,,,,,,,5.5242,31031.864,6.1,1.633,245020.111,36.02,5.5719,807103.319,79.74,5.5632,28303.821,6.43,5.5951,388397.68,35.24,,,,5.7807,38797.012,9.68,5.8015,20014.797,1.61,5.6589,142378.344,0.63,5.68,147357.409,11.12,5.6937,12561.623,0.8,,,,,,,5.7236,20036.53,1.74,5.6569,235059.288,11.84,,,,,,,5.7992,92799.707,1.45,,,,,,,,,,6.0153,19301.598,3.19,1.804,17353.668,2.3,5.9778,120807.09,10.38,6.008,271225.354,24.24,6.0339,18021.567,4.49,6.0329,92619.946,8.97,,,,6.0795,345433.323,19.8,,,,6.0832,38096.763,5.79,6.1197,68648.011,63.43,6.209,53874.284,8.43,,,,,,,,,,6.1865,131653.65,2.05,6.1862,244076.56,83.91,6.2355,158656.113,10.06,6.2429,147844.97,12.7,6.1828,20044.14,47.58,6.2833,1125353.016,49.51,,,,6.2686,12934.415,0.38,1.9966,76858.91,38.26,6.3065,22861.355,3.58,6.3966,1151352.565,60.12,6.5773,14033.599,3.19,6.6574,19659.063,38.29,,,,6.4204,17993.595,4.49,6.5407,11656.081,3.23,6.5636,66046.398,51.5,6.6326,145810.07,11.73,,,,2.1631,263670.905,35.06,6.6998,62735.956,1.34,6.6084,878252.256,44.24,6.6154,398812.446,17.54,,,,6.6059,10090.967,5.53,,,,,,,6.754,502643.612,27.47,6.7891,39344.228,100,,,,2.1637,660691.987,64.79,6.7502,962878.68,16.77,,,,6.8218,13404.018,0.68,6.8708,152802.922,57.45,6.8915,18619.508,0.32,6.8574,198240.012,66.22,6.9195,254580.734,63.94,,,,6.9298,19420.769,51.67,6.9507,18874.552,0.83,,,,6.8577,61381.121,13.08,6.9763,104903.994,61.31,6.9773,16721.787,11.04,7.0149,13544.273,8.88,7.0252,25440.072,10.69,,,,7.0767,61669.231,3.37,7.2695,21750.019,6.02,7.0727,44833.74,100,,,,2.3954,29719.255,26.89,,,,7.1175,121867.925,10.57,7.134,11613.847,2.92,,,,7.1419,394109.477,31.71,7.2184,18251.889,35.55,,,,7.1848,60470.562,65.33,,,,,,,,,,7.3552,64415.039,9.14,7.3581,104509.864,2.23,7.3874,119366.339,10.67,7.3514,21133.593,3.31,7.2743,52107.521,8.6,7.4687,26660.607,2.38,7.4223,20728838.45,92.13,7.6792,18613.11,4.55,7.4771,28850.816,21.75,7.4697,51762.655,29.38,2.5447,37690.204,52.38,7.5501,10969.707,1.36,7.5306,23931.201,100,7.5411,71173.271,19.59,7.4293,353872.974,7.55,,,,,,,,,,,,,7.6895,21073.379,100,7.6987,17759.792,10.08,2.8179,43680.451,16.58,7.7189,102240.025,30.15,7.7602,17406.821,0.08,7.7469,13374.327,1.42,,,,7.7987,3097703.064,97.15,,,,7.9171,71845.016,1.12,,,,8.0647,29592.97,0.63,8.1625,60033.461,11.79,2.8274,33695.019,2.71,7.8512,17902.25,1.16,,,,8.0422,122339.886,0.54,8.182,16227.928,1.31,8.0033,30751.272,2.67,8.0457,242638.591,64.51,,,,,,,7.9044,101415.337,26.96,8.0828,49967.785,1.07,2.8453,36695.772,33.44,8.0772,28326.582,0.83,8.1375,97710.647,8.48,8.1366,50856.815,3.29,,,,8.4797,17205.246,1.11,8.3236,87983.78,15.2,8.2812,108311.357,0.48,8.3638,21145.207,12,8.3229,576560.842,81.85,2.9969,58631.065,11.52,8.329,10369.22,1.28,8.5084,323414.15,34.24,,,,8.3727,37391.405,8.62,8.4048,637717.644,10.19,8.4892,172789.175,18.29,8.3806,10478.61,7.68,,,,8.5019,3952276.154,61.62,8.5618,597138.212,83.1,2.9799,87979.083,71.73,,,,8.5945,199660.585,8.37,8.6971,5572639.557,89.04,8.482,12267.69,100,8.7481,21738.948,7.25,8.7414,17659.898,1.87,,,,8.8138,161512.552,34,,,,8.3198,447439.132,9.55,9.0218,22820.755,6.73,2.9535,41719.167,11.48,8.8952,37411.077,2.42,8.873,11660.301,0.18,,,,9.0163,32556.88,9.01,8.9486,56592.632,19.31,,,,9.0301,64345.999,21.95,9.1841,53758.657,26.69,,,,,,,3.1108,128391.572,48.89,9.258,123000.356,13.02,9.4028,19567.252,16.51,9.1862,2557243.784,75.37,9.2022,758666.629,98.66,9.2062,972501.011,97.72,9.347,10280.902,1.34,9.2161,546626.065,84.79,9.2645,490907.811,97.74,9.2684,225930.871,100,9.2692,31344.719,2.52,3.1451,215459.785,65.88,9.2646,226844.423,14.68,9.1764,15898.993,9.02,9.3474,22514.541,3.14,9.3961,12988.669,1.05,9.3918,665685.366,43.07,,,,9.425,161456.028,37.21,9.2672,10412.962,1.76,9.4794,45936.052,15.32,,,,,,,3.1888,63036.256,8.79,,,,3.2944,24198.251,14.31,3.3631,503588.421,96.09,,,,3.4579,50505.451,2.76,3.4813,400867.304,22.98,3.5214,36684.155,20.22,3.5391,136764.983,55.92,3.6241,28172.312,1.47,3.6955,809788.556,94.98,,,,,,,,,,3.9427,36234.88,36.16,,,,,,,4.0276,38938.641,3.77,4.1903,12581.504,1.47,4.0328,75319.39,20.84,4.0496,29821.067,10.4,4.0769,164201.552,42.95,,,,4.154,120704.887,9.11,4.1773,230306.149,1.02,4.1748,232048.744,57.88,4.1681,34860.929,0.74,4.1226,53297.977,24.47,4.2308,703042.754,83.98,4.3203,54690.668,5.29,4.3172,73858.708,3.86,4.3706,39957.735,2.09,,,,,,,4.4925,30967.771,5.11,4.4283,98211.671,19.29,4.4199,28083.623,16.82,4.4767,116842.25,13.63,4.4681,71213.477,0.32,4.4641,14458.594,100,4.5713,284617.958,4.96,,,,,,,4.5713,405250.401,22.15,,,,4.6022,28945.816,5.69,0.9047,53230.911,19.95,,,,,,,,,,4.6884,53394.569,2.12,4.7112,89566.039,38.7,,,,4.7439,48214.78,100,4.7393,289954.208,65.89,4.7871,839324.362,33.26,,,,0.9329,38818.77,46.98,4.8531,89253.258,4.5,4.8968,1014128.148,40.19,4.9244,13902.101,0.3,,,,,,,5.0071,179307.63,85.17,5.0067,107792.843,10.44,5.0049,146143.685,31.15,5.0479,12672.31,1.02,5.1434,103446.935,10.01
199_2012_T_2n,,,,,,P2-A7,,1,,,,,,,,,,5.0768,43708.725,0.92,5.0579,21054.553,4.07,,,,5.1473,33300.036,13.49,5.2809,71754.307,24.76,5.1813,67042.427,34.67,5.2042,23408.444,0.89,5.1795,36222.202,6.22,1.3008,685879.672,56.12,,,,5.2004,12907.319,6.56,5.1816,18789.409,2.08,5.153,12318.96,0.65,5.3112,72878.592,0.71,5.3167,243754.152,6.52,5.4351,12784.453,4.61,5.4995,12682.585,2.45,5.4249,19692.138,8.26,1.6401,85885.115,4.88,,,,5.4371,270282.274,6.36,5.4349,132086.946,6.91,5.4242,250302.55,27.42,5.4507,8995387.989,90.58,,,,,,,5.5754,10667.428,5.48,,,,5.5359,38528.621,13.3,1.657,50764.03,42.06,5.584,658250.066,72.87,5.6043,50979.451,21.37,5.6039,61361.987,1.43,,,,5.7826,90778.602,10.06,,,,5.6684,432168.98,4.21,5.6864,505688.618,21.37,5.6903,58302.033,4.52,,,,,,,5.7271,115764.967,7.56,5.7255,45673.49,0.46,,,,,,,5.8028,282185.481,5.95,,,,5.8357,136965.831,80.47,,,,6.0426,10382.039,0.95,,,,5.9894,208326.301,10.96,6.021,212704.118,14.56,,,,6.0458,141386.301,15.25,,,,6.088,434435.829,24.69,6.0585,26169.951,16.59,6.1118,24796.505,2.8,6.1384,183972.956,69.21,,,,,,,6.1576,10256.864,0.72,,,,6.1995,123505.886,2.61,6.2,77545.17,37.3,6.2708,159498.914,12.38,6.2472,324358.456,17.06,,,,6.3026,334419.94,12.75,6.3479,76324.046,36.71,6.3703,48189.709,1.46,2.0201,75392.425,28.18,,,,6.4104,1723567.833,55.19,,,,,,,,,,,,,,,,6.5749,39106.118,23.48,,,,,,,2.1619,230125.779,42.08,,,,6.6191,55849.052,0.56,6.632,1447982.245,55.19,6.6513,81037.691,32.6,,,,,,,,,,6.7187,731817.355,24.92,,,,6.9671,54749.62,6.07,2.1629,119469.925,56.45,6.77,303788.853,8.12,,,,,,,6.879,100851.519,54.45,6.8469,359819.414,9.62,6.885,59357.905,33.12,6.9265,85786.391,43.15,,,,6.9572,29933.094,26.96,6.9631,84109.735,3.21,,,,6.8849,23817.79,5.46,6.9921,65615.659,56.55,,,,,,,,,,,,,7.0905,42448.277,1.45,,,,7.0949,318645.449,96.78,7.1208,10476.195,2.95,2.404,18223.914,18.82,,,,7.1339,83703.99,5.46,7.1508,41365.263,20.8,,,,7.1545,18507.386,3.21,,,,7.1553,10885.034,0.11,,,,7.1621,23862.945,2.65,7.2684,13240.662,1.06,,,,7.3636,166989.674,46.99,7.3717,357444.477,18.95,7.3788,45739.327,3.13,7.3637,34761.455,19.94,7.492,13011.394,1.18,7.4119,157242.954,10.76,7.4395,7187836.875,69.95,,,,7.4862,85292.115,30.64,7.4894,40400.505,16.9,2.5414,315719.927,72.49,7.445,119429.734,88.5,,,,7.5421,37033.694,6.25,7.5479,14346.852,0.76,,,,7.5686,119530.946,26.24,,,,7.646,10254151.96,93.9,,,,,,,2.8125,98504.002,38.77,7.7408,28225.315,14.43,7.7509,28336.314,0.28,7.738,94311.375,7.55,7.7484,32960.294,29.68,7.8046,3443039.748,91.74,7.9096,11723.029,2.27,7.9337,39719.195,0.84,7.994,19404.159,100,,,,8.0848,14759.831,5.09,2.8288,54204.455,9.4,7.8844,10745.232,0.76,8.0271,154190.122,16.6,7.9246,15766.48,0.15,8.211,12238.029,2.12,7.8723,16497.538,1.08,8.0613,64620.222,20.27,8.0845,28791.202,56.15,,,,7.9179,52413.374,16.44,,,,2.8527,33120.604,52.89,8.0326,10972.928,0.33,8.1327,17800.646,1.16,8.1319,14887.022,1.05,8.2502,31016.637,5.67,,,,8.2596,56375.956,23.9,8.2942,49763.577,0.48,,,,8.322,17398.902,4.9,,,,,,,8.4007,11541.2,0.92,,,,8.3806,184175.722,35.08,8.411,54457.304,0.55,8.5009,87887.646,7.04,,,,8.2804,11662.563,3.28,8.4954,232276.432,4.9,8.5983,1172085.6,90.09,2.997,48685.857,76.91,8.6301,65908.083,5.08,8.6404,10653.056,0.67,8.7097,9778267.147,98.38,,,,8.7703,64172.12,4.11,8.6552,60465.524,4.84,8.8684,42265.778,4.55,8.8178,714350.478,56.64,9.0851,11637.891,6.39,8.2829,19908.504,1.06,8.8853,122128.57,62.45,2.976,240727.291,40.6,8.8914,17199.581,1.21,8.891,531134.948,11.21,,,,9.0233,23029.926,4.45,8.9637,131411.918,34.21,,,,9.0366,126946.568,33.05,,,,9.1325,44319.783,2.84,9.0752,11314.943,7.17,3.1178,401404.575,62.79,9.2538,13399.784,1.07,,,,9.2047,1911565.526,57.89,9.3188,98806.297,5.56,9.2075,4725834.292,99.67,9.2155,1630084.781,91.7,9.2271,42759.017,24.56,9.2718,1547958.05,97.04,9.2764,1674790.889,95.63,9.276,155915.109,27.03,3.1674,114096.387,82.02,9.2703,764732.95,53.78,9.0076,26383.618,11.04,9.3539,61409.618,6.14,,,,9.563,34204.749,2.41,9.5585,13405.173,5.61,9.4524,62970.846,11.99,9.515,21254.959,1.75,9.5963,11255.679,0.72,,,,,,,3.2081,172467.561,17.25,3.2902,556104.752,62.69,3.2842,734423.764,90.85,3.3858,478067.755,73.89,3.3765,205337.701,32.71,3.4955,23705.318,0.81,3.4844,150471.175,8.55,3.5334,298836.832,50.58,3.5556,102256.011,34.93,3.6218,135337.238,4.97,3.7007,1042222.597,83.57,,,,3.8539,21305.194,0.78,3.8885,150909.525,14.39,3.948,16448.993,12.23,3.9434,54672.478,55.28,,,,3.9933,73883.636,7.97,4.1205,30463.393,3.56,4.0518,218248.499,42.2,4.0658,46917.886,16.84,4.0845,405848.486,55.94,,,,4.1591,479965.303,20.28,4.1895,545340.005,5.31,4.1964,553967.811,61.42,4.1811,16949.026,0.9,4.143,10873.493,3.48,4.2389,704270.376,80.34,4.3286,16876.93,1.82,4.3332,17046.718,0.63,4.3807,119178.11,3.82,,,,,,,,,,,,,4.4341,166427.874,1.52,4.4566,314022.69,36.68,,,,,,,4.5571,195780.657,5.23,,,,,,,4.5754,719401.542,24.5,,,,,,,0.9204,68460.391,21.45,4.5804,21378.262,4.13,,,,,,,4.7039,71251.721,1.68,4.7148,272448.311,60.73,4.7452,19280.6,1.76,,,,4.7647,54013.742,22.65,4.8085,1798322.651,42.35,,,,0.9253,11852.789,16.82,4.9455,12919.918,0.13,4.9107,1641875.084,38.66,4.8325,281389.369,14.92,,,,,,,,,,5.0128,160184.978,17.28,5.1584,10912.416,2.5,,,,5.1481,23164.655,2.5
199_2021_T_2n,,,,,,P1-D4,,1,,,,,,,,,,5.0716,45103.717,2.05,,,,,,,5.1495,19920.586,6.46,5.2773,168767.616,34.8,5.1717,62591.931,48.47,,,,5.1587,82067.656,16.52,1.2973,133052.356,17.51,,,,5.1963,168347.28,62.89,,,,5.3549,10166.58,1.13,5.3025,39213.464,0.53,5.3724,56378.875,2.41,5.4367,12147.734,7.12,,,,5.4175,22589.549,7.34,1.6287,135364.142,10.18,,,,5.4317,199498.222,4.45,5.4252,231362.785,16.63,5.4461,225887.594,33.65,5.4469,7154774.268,91.33,,,,,,,,,,,,,5.5256,76978.667,15.87,1.6506,85560.936,36.1,5.5758,487771.188,81.76,5.5855,16003.325,5.2,5.6008,13520.994,0.45,,,,5.78,43257.369,6.48,5.561,12700.126,4.34,5.6639,301088.321,4.1,5.6867,224262.58,15.13,5.68,44438.007,3.38,,,,,,,5.7266,166932.478,12.53,5.7252,13535.199,0.17,,,,,,,5.8001,150020.554,6.83,,,,5.8284,51903.494,72.2,,,,5.945,27314.529,3.64,,,,5.9776,87808.1,9.16,6.0174,193104.608,14.74,6.0708,29558.9,4.43,6.0404,103022.814,15.81,,,,6.082,115204.339,8.66,6.0439,16205.513,35.78,,,,6.1272,186849.745,87.42,,,,,,,,,,,,,6.1909,155127.099,7.06,6.1943,66637.527,39.48,6.2477,270641.749,20.58,6.2506,231277.611,24.13,,,,6.292,325892.332,14.74,6.342,58272.806,34.52,6.3537,20065.025,1.18,2.0253,99742.364,26.58,6.3227,13364.201,19.16,6.398,1210107.228,63.5,6.4471,12045.024,3.91,,,,,,,,,,,,,6.5709,96057.422,39.54,,,,,,,2.1636,190582.75,50.45,6.5128,11953.653,1.33,6.6129,51103.588,0.65,6.6231,1320036.906,59.7,6.6445,64642.649,36.98,,,,,,,,,,6.7316,70108.535,5.8,,,,6.7573,13249.667,1.99,2.1689,138424.442,35.12,6.7571,144462.36,6.18,,,,6.827,21218.981,0.27,6.8791,160283.165,74.41,6.8641,28839.643,1.23,6.8808,141223.017,39.31,6.9293,111196.313,45.28,,,,6.9424,50446.753,44.46,6.9408,51173.321,2.31,,,,6.8497,15609.878,5.18,6.9866,89361.144,100,,,,,,,6.9924,21949.839,11.09,,,,7.0708,16567.904,1.37,,,,7.0843,46836.499,100,6.9751,12128.784,9.04,2.403,34140.765,21.34,,,,7.1256,38660.73,2.9,7.145,85305.73,34.74,,,,,,,,,,7.1484,18221.774,0.25,,,,7.1542,17086.926,2.56,7.2668,10116.343,1.78,,,,7.3682,46065.57,34.33,7.3646,72261.529,8.04,7.2984,314406.395,24,,,,7.5305,24942.989,3.32,7.4113,517206.015,39.49,7.4359,4157638.265,56.6,7.5635,15150.622,2.61,7.478,94944.158,31.85,,,,2.5541,118551.771,53.42,7.4391,74739.699,100,,,,7.5343,100534.821,21.71,7.4366,74704.009,8.31,,,,7.5577,73714.75,23.23,,,,7.6462,7545252.114,95.63,,,,,,,2.8046,29080.271,21,7.732,63695.983,19,7.7285,30574.568,0.42,7.7445,48691.276,8.58,7.7442,37494.173,33.05,7.7998,2272077.014,91.3,,,,7.9183,31874.125,1.45,,,,7.9774,12618.596,1.4,8.0841,14487.998,2.99,2.8335,20811.875,7.11,7.8632,14670.464,2.5,8.0291,77371.633,18.03,,,,8.2115,12146.969,4.15,8.0812,20965.306,1.57,8.05,60634.814,22.87,8.0697,24081.217,38.39,,,,7.9159,52486.278,19.8,,,,2.8454,25094.031,65.59,,,,8.141,61858.175,4.64,8.1287,15385.809,2.62,,,,8.2751,24472.673,4.17,8.2393,98957.117,59.13,8.2792,48382.73,0.66,,,,8.2974,10353.091,7.72,,,,,,,,,,,,,8.3814,133274.532,30.39,8.4071,37582.946,0.49,8.4991,70273.842,12.39,,,,,,,8.4858,273928.47,12.47,8.595,882078.826,93.7,2.9893,47643.751,66.66,8.6246,75522.522,11.07,8.6152,10283.57,1.01,8.7011,7548841.141,99.03,,,,8.7469,20948.388,5.9,8.751,13707.449,2.42,8.8473,17888.219,4.17,8.8149,298753.715,50.14,,,,8.2619,14648.904,1.63,8.8799,208535.747,62.22,2.9711,19256.495,4.16,8.8864,14454.833,2.46,8.8891,116858.628,5.32,,,,9.0201,32731.794,13.67,8.9519,135029.865,34.6,,,,9.0276,163836.029,41.98,,,,8.8831,26417.501,7.44,,,,3.1063,286272.366,72.21,9.254,14778.742,2.61,,,,9.1998,1082524.914,63.68,9.2029,1288446.814,93.02,9.2055,1994540.236,100,9.3139,47577.175,3.43,9.2242,38399.733,36.8,9.268,717356.842,100,9.2715,362198.136,100,9.2701,57152.047,19.54,3.158,121857.97,56.06,9.2674,279542.413,47.65,,,,9.3498,24449.846,3.11,,,,9.5515,14641.052,2.5,,,,9.43,142171.268,32.41,9.6622,227455.315,48.68,9.4779,34194.851,9.62,,,,,,,3.1976,246754.557,31.38,3.2802,288324.345,70.1,3.2761,603175.282,92.8,3.3949,80642.846,35.43,3.36,117594.395,29.59,3.4736,83584.294,6.91,3.481,116847.079,8.79,3.5216,148814.843,44.25,3.5482,216295.924,100,3.629,22312.487,1.37,3.6974,1046172.705,90.24,,,,,,,3.8794,123441.111,17.82,,,,3.9281,25274.483,100,,,,3.9963,14986.62,2.3,,,,4.0352,93472.347,39.04,4.0559,442681.164,67.92,4.0842,235847.823,46.74,,,,4.1645,104731.136,7.07,4.1829,373331.839,5.08,4.1826,418201.446,62.67,,,,4.1222,59520.084,17.81,4.2382,433400.649,92.5,4.3264,61220.179,9.39,4.341,33930.139,2.09,4.3768,125399.303,6.58,,,,,,,,,,,,,4.4283,102644.831,1.3,4.4554,228760.534,46.21,4.4531,13290.042,0.18,,,,4.5747,221205.482,9.46,,,,,,,4.5763,152965.565,12.65,,,,4.5986,37863.444,7.81,0.9332,29089.899,12.74,4.568,12378.044,5.17,,,,,,,4.6928,215120.242,4.79,4.7143,113516.622,44.81,4.7243,16556.509,2.2,,,,4.7457,178088.131,57.85,4.793,1924130.946,42.87,,,,0.9083,35297.968,34.98,4.9423,29628.471,0.38,4.902,1745906.582,38.9,5.0529,79756.334,8.87,5.0552,17429.939,3.59,,,,4.9466,16705.49,57.79,5.0097,68067.031,10.45,,,,,,,,,
201_2012_T_4n,,,,,,P2-A8,,1,,,,,,,,,,5.0357,81911.95,3.52,5.071,427032.092,6.32,,,,5.1149,91574.636,34.11,5.1527,28219.376,0.44,,,,5.1922,12056.313,0.64,5.1802,89935.699,21.96,1.3066,106460.616,17.53,5.2056,364962.978,55.09,,,,5.2048,36411.574,7.76,5.2672,3711284.888,49.62,5.3147,10252.4,0.42,5.3199,281242.069,10.11,,,,5.3784,1741131.257,25.75,,,,1.6436,18350.259,1.47,,,,5.4297,227930.258,8.72,5.4405,168548.542,14.6,5.4486,170545.352,24.55,5.4655,14500.216,11.76,,,,,,,,,,5.3815,73615.44,34.24,5.5448,1571595.915,24.77,,,,5.5835,319918.623,89.88,5.513,34533.125,23.47,,,,5.5417,66375.293,3.27,,,,5.5476,41542.06,0.66,5.6614,19539.237,0.79,5.6865,422821.105,28.76,5.6846,71003.429,8.11,,,,,,,5.7318,11248.881,1.34,5.9165,16924.535,13.73,,,,5.8036,63191.622,0.93,5.8079,114649.142,4.93,5.8121,21140.713,1.04,5.8342,48891.67,72.87,6.013,762784.218,11.28,5.9728,20302.181,0.45,,,,5.9883,107620.919,10.39,6.0178,144709.254,10.79,,,,6.0437,81808.761,9.92,6.0106,198776.158,9.78,6.085,303029.982,24.34,,,,6.0998,45982.837,15.41,6.1315,130858.075,22.9,,,,,,,6.163,232491.678,2.96,,,,6.1975,118905.741,5.11,6.2086,61593.003,31.03,6.2589,96197.542,10.99,6.2506,98590.162,9.52,,,,6.2958,242142.525,12.76,6.3488,108646.822,54.74,6.3538,17193.991,0.88,,,,6.5186,42764.118,2.1,6.4033,1104311.714,50.33,,,,6.5021,116655.761,53.83,,,,6.6269,132431.662,28.23,6.5065,297057.533,4.39,6.5769,54989.179,11.34,6.596,23222.064,0.37,6.5998,18254.557,0.2,2.1657,172279.541,18.22,6.5628,40735.088,0.54,,,,6.6317,1175967.442,61.97,,,,,,,,,,6.7284,193348.894,2.86,6.7109,509420.655,31.31,6.8331,356121.694,24.95,,,,2.1672,280173.87,38.14,6.765,463481.215,16.66,6.8248,3138295.678,34.24,,,,6.8915,13316.017,12.02,6.8736,395974.731,14.23,6.8931,36110.199,45.8,6.9306,62589.751,31.33,6.9401,32490.794,0.48,,,,6.9541,45741.681,2.41,,,,,,,6.8368,782999.333,24.76,6.9938,36127.932,21.89,7.0133,57375.617,3.6,7.0795,29179.267,5.22,,,,7.0916,37175.099,2.28,7.095,171306.812,2.53,,,,7.004,43454.355,2.28,2.3904,38237.757,42.48,,,,7.1284,58053.196,6.91,7.1446,68963.007,34.52,,,,7.1657,21608.788,0.34,7.2388,21372.229,9.86,7.0389,35751.87,1.45,7.2002,19261.257,14.35,,,,7.4105,16621.814,0.32,,,,,,,,,,7.3807,39242.129,2.93,7.4883,26913.399,1.32,7.5063,62087.863,1.38,7.4271,429352.033,32.02,7.4482,67609.148,2.74,7.4827,59011.124,40.99,,,,,,,2.561,150527.794,51.19,,,,7.536,16110.212,61.48,7.54,13550.073,8.89,7.4939,14082.066,0.19,7.5991,3516536.105,38.27,7.5711,93142.43,32.88,,,,7.6556,12329.437,1.47,,,,7.8803,41870.279,0.46,,,,7.7369,55890.679,6.98,7.7396,34187.893,1.39,7.7463,31954.08,0.61,,,,7.8036,4835793.196,96.58,7.8966,22635.342,0.33,7.9316,60246.957,2.59,7.9885,18508.255,100,7.9832,61124.443,0.82,7.9793,16905.777,0.27,,,,7.9451,405015.129,5.17,8.0276,82342.495,14.55,8.0401,24513.816,0.99,7.9421,27634.075,0.44,7.8678,28803.986,3.43,8.0703,17352.968,18.23,8.0798,144427.707,10.98,8.1046,45306.757,0.67,,,,8.1029,15793.356,0.21,2.8454,69664.941,45.94,8.1057,70130.037,3.6,,,,8.0814,10420.111,0.13,8.2532,101216.504,10.7,8.3804,71416.989,0.91,8.2439,31221.173,3.08,8.3309,16596.957,0.67,8.2877,11412.754,0.12,8.3393,10478.749,0.55,,,,,,,8.4929,29834.929,0.57,8.385,60727.294,48.02,8.3804,191745.694,15.6,8.4144,611511.9,41.97,8.4725,22144.545,0.42,,,,8.5143,22701.358,1.19,8.4963,292608.747,12.58,8.5716,153113.494,39.46,,,,8.6292,523369.107,21.42,8.5037,56559.191,48.58,8.6982,784340.085,53.83,8.7573,833827.008,88.45,8.7542,5348033.919,82.63,8.7535,4204628.356,80.37,8.8248,21352.593,3.77,8.8184,470700.204,63.88,8.7522,74359.184,17.46,,,,8.8872,575785.569,71.88,2.9772,83088.136,54.49,8.8896,239747.075,3.06,8.8918,205804.559,8.85,8.9365,38843.969,2.95,8.9295,297508.377,4.4,8.9566,20925.158,3.16,,,,9.0377,21932.856,3.31,,,,9.0447,13737.772,0.21,,,,3.1179,77464.071,25.68,9.2253,30309.449,0.58,,,,9.2077,18801.135,0.97,,,,9.284,17850.877,100,9.2058,21646.451,27.28,9.2304,32625.849,64.92,9.2747,555259.521,31.76,9.276,274544.866,64.92,9.2692,90843.013,1.45,,,,9.2718,446420.698,5.69,9.2683,317842.12,3.46,9.3587,113469.823,10.26,9.416,266304.233,4.24,9.4132,663178.174,8.46,9.4182,877551.432,9.55,,,,9.5274,31368.675,2.05,9.5473,11461.299,0.18,,,,,,,3.2011,67520.873,6.11,3.291,170418.254,57.1,3.2964,397595.92,80.37,3.3824,130200.779,15.48,3.3942,22052.497,11.43,3.4844,16297.01,1,3.4838,240418.973,19.31,3.5325,93297.355,41.38,3.5513,159736.556,72.05,3.621,56853.659,3.42,3.7023,841625.606,94.59,,,,,,,,,,3.994,13168.765,6.81,3.9377,57250.245,72.36,,,,4.003,49821.066,6.04,,,,4.0475,204973.732,3.03,4.0594,42374.994,20.47,4.0883,149130.055,60.27,4.1129,28504.13,100,4.1643,467550.607,31.81,4.1698,12126.657,0.49,,,,,,,4.1276,18608.421,14.47,4.2319,541932.927,35.74,4.3281,87414.411,10.6,4.3224,66407.488,4,4.377,78057.244,3.56,4.499,165454.748,6.98,4.5028,506089.636,7.49,4.3196,282714.839,6.29,4.3328,175992.288,2.77,4.4351,44866.795,5.34,,,,4.4298,12770.878,0.52,,,,4.5764,265745.693,9.55,4.4654,11092.407,7.54,,,,4.5753,325401.143,20,4.5764,17091.005,0.84,4.5996,46311.032,0.73,0.9306,48491.795,20.96,4.5678,57466.664,0.85,4.6554,163894.671,3.65,4.674,186657.79,28.18,4.6972,93603.17,3.58,4.7126,107926.812,51.31,4.8394,21854.454,0.49,,,,,,,4.8011,1003172.764,38.4,,,,,,,,,,4.9061,886588.652,33.94,4.8373,315097.282,4.21,4.8426,1991171.92,31.38,,,,,,,5.0171,376386.287,45.62,,,,,,,,,
208_2012_T_2n,,,,,,P1-F4,,1,,,,,,,,,,,,,5.0551,14859.16,2.64,,,,,,,5.2781,30706.877,16.25,5.1801,81949.275,31.07,5.2028,23045.606,1.2,5.1819,48071.241,4.86,1.2945,302358.545,23.48,,,,5.2049,11228.77,15.26,5.1786,13082.803,1.39,5.2632,12296.992,0.82,5.3642,11509.808,0.14,5.3277,692311.708,12.11,5.4358,13150.9,5.71,,,,5.4131,10428.82,1.89,1.6395,128264.758,7.41,,,,5.4338,381833.663,7.96,5.4597,49145.94,2.72,5.4655,63532.836,9.52,5.4464,7732991.965,87.06,,,,,,,,,,,,,5.5359,14300.033,7.57,1.6556,56496.467,30.42,5.5803,1235161.106,80.85,5.5913,21813.654,3.95,5.5898,37798.802,0.86,,,,5.7788,16572.589,1.76,,,,5.6643,192981.388,2.38,5.6841,396657.809,21.51,5.6818,61552.072,3.46,,,,,,,5.7184,168270.624,8.63,,,,5.7391,17498.076,20.38,,,,5.7932,245958.045,5.43,,,,5.8302,122727.096,79.53,,,,5.9546,16757.278,1.7,,,,5.9821,413591.786,16.5,6.0175,277708.527,14.13,,,,6.0411,190281.453,14.32,,,,6.0824,547224.784,31.6,6.0446,25169.333,11.7,6.1025,145583.096,9.38,6.1317,211809.642,72.1,,,,,,,,,,,,,6.1887,98819.036,2.18,6.1892,392240.251,79.02,6.2436,498791.6,28.08,6.2547,409943.415,16.36,6.1923,15083.594,5.06,6.3007,903792.76,46.93,6.3301,20725.482,4.18,6.3626,39223.588,1.49,2.0343,75595.832,27.32,,,,6.4025,1764958.773,59.94,,,,,,,6.5395,10439.561,2.18,,,,6.572,10346.061,1.84,6.5726,52576.928,24.04,6.6432,30981.838,4.61,,,,2.1779,53520.689,13.92,6.5024,13055.508,0.87,6.617,113676.36,1.28,6.6221,226704.853,11.77,6.6366,142354.661,42.59,,,,6.8733,19193.366,5.17,,,,6.7607,567720.868,16.7,,,,,,,2.1705,102955.982,44.13,6.7625,1066203.027,18.65,6.827,15399.299,5.04,,,,6.881,260759.079,51.41,6.8479,123212.083,2.15,6.8813,157933.307,48.74,6.9388,295856.261,71.67,,,,6.9499,36067.877,25.33,6.9722,23762.229,1.23,,,,6.8797,25414.995,7.66,6.9934,18759.802,58.1,,,,,,,7.071,15002.277,6.44,,,,7.0752,149851.314,4.41,,,,7.0911,71144.964,74.22,,,,,,,,,,7.1298,345896.799,17.75,,,,,,,7.1486,138858.228,20.66,,,,,,,,,,,,,7.3787,19224.485,2.39,,,,7.3753,188226.197,62.09,7.3681,337568.844,22.58,7.2929,721132.849,36.7,7.3662,32296.217,11.96,7.5361,48009.289,4.87,7.4107,353467.853,17.99,7.4365,5789100.256,71.42,,,,7.4814,170960.78,47.12,7.4832,63298.036,23.16,,,,7.4424,76823.613,100,,,,7.539,42016.79,4.8,7.4399,114702.178,7.67,7.5804,16812.972,6.15,7.5673,124730.545,35.3,,,,7.6492,10442723.87,92.99,,,,,,,2.8017,664999.651,53.25,7.7327,18344.251,8.61,7.7226,42188.877,0.52,7.7331,99928.147,12.41,7.7415,25956.991,18.23,7.8035,5804470.252,91.6,7.9124,16803.607,2.99,7.9223,60072.359,1.33,7.991,18741.136,100,8.0719,33413.789,2.24,8.1639,29180.949,15.44,2.8284,90418.791,13.45,7.8626,14706.398,1.27,8.0252,127642.735,18.68,7.915,15533.771,0.19,,,,7.8559,41051.905,2.11,8.0583,127581.104,41.63,8.081,15269.879,36.82,,,,7.931,15472.577,5.05,8.1457,13600.952,0.91,2.8426,43369.63,36.82,8.072,10141.19,0.39,8.1391,24570.786,1.26,8.156,19686.77,1.69,8.2503,25700.1,6.68,8.4791,75039.064,6.46,8.2434,96050.52,54.57,8.3159,92026.089,1.14,,,,8.3367,23192.066,7.65,,,,,,,8.3224,15681.167,1.95,,,,8.3807,165446.744,40.15,8.413,183508.75,4.18,8.4995,85725.741,10.64,,,,,,,8.4959,306383.296,6.76,8.5748,334106.005,79.62,2.9906,142110.225,87.29,8.6277,145717.896,10.92,8.5058,188068.052,12,8.7016,4155593.158,94.66,,,,8.7541,43049.459,5.27,8.7559,14186.578,1.76,8.825,36075.628,5.28,8.8141,779267.254,59.38,9.0794,13440.185,3.79,8.27,27347.526,1.83,8.8843,183978.446,86.32,2.9684,406262.078,46.38,8.9011,67836.457,5.84,8.8927,90198.93,1.99,,,,8.9447,16543.346,2.94,8.955,94088.153,37.37,,,,9.0263,124846.562,49.58,,,,9.1011,12038.428,1.47,,,,3.1165,84236.075,23.76,9.2499,12955.057,1.61,,,,9.2064,1673073.034,63.76,9.1966,1614093.988,91.61,9.2052,3910168.094,99.7,9.3272,96123.941,5.46,9.225,20809.497,14.31,9.2685,1396671.729,92.7,9.2749,1403522.446,100,9.263,161408.11,24.01,3.1638,195224.825,75.01,9.2701,686231.98,59.03,,,,9.3541,110790.535,7.63,,,,,,,,,,9.4334,104169.337,25.28,9.5359,15442.47,1.44,9.371,31664.439,3.88,,,,,,,,,,3.2899,348008.076,22.43,3.2915,264693.956,60.1,3.371,594900.375,57.63,3.365,115561.854,19.53,3.4794,31445.866,0.92,3.4961,83960.924,4.85,3.5296,155547.016,54.84,,,,3.6259,163940.048,7.62,3.7003,948842.368,81.37,,,,,,,3.8912,135858.909,13.23,3.946,81784.522,50.88,,,,,,,4.0076,18767.999,1.41,4.1127,17935.502,3.1,4.0371,234620.987,41.75,4.0636,23640.918,5.61,4.0904,163462.278,20.61,,,,4.1647,319682.38,17.34,4.1921,708743.867,8.74,4.1833,714169.015,75.93,,,,4.1238,47010.981,24.46,4.2408,894562.645,85.06,4.3301,24573.127,1.85,4.3182,56130.532,2.61,4.3506,29630.319,1.01,,,,,,,,,,,,,4.4351,129052.953,1.15,4.4535,274972.688,47.47,,,,,,,4.5721,1115159.689,19.5,,,,,,,4.5825,1017749.158,29.93,,,,4.6084,11908.751,6.3,0.9057,53705.318,17.14,4.5745,16667.072,2.97,,,,,,,4.6881,86994.246,1.81,4.7139,233131.727,67.26,4.737,24107.052,2.45,,,,4.7551,67989.399,12.31,4.8015,1940716.6,40.46,,,,0.9434,14242.717,41.7,4.9412,20318.556,0.23,4.9054,1819440.686,37.93,5.0501,67614.803,4.52,,,,,,,,,,5.007,245816.462,18.5,,,,,,,5.1385,85941.333,6.47
216_2021_W_4n,,,,,,P1-A7,,1,,,,,,,,,,5.031,25468.806,0.9,5.0604,570175.962,13.64,,,,5.1092,71510.704,11.34,5.1448,124254.784,1.86,5.1672,13350.049,13.26,,,,5.1842,14844.366,1.45,1.2791,152740.69,45.91,5.0585,13071.31,0.9,,,,5.2514,16758.746,1.77,5.2526,2808635.23,44.94,5.3436,41598.665,3.17,5.3129,674378.837,29.54,,,,5.3647,1306512.932,31.25,,,,1.6612,48156.731,4.08,,,,5.4179,278180.988,10.17,5.4267,150830.519,22.52,5.4316,116112.183,26.34,5.5105,10795.176,4.92,,,,5.4238,14952.277,0.34,,,,5.3665,48786.751,24.58,5.5356,1679753.523,25.2,1.632,124214.345,36.44,5.5663,255844.908,95.52,5.5008,203791.693,45.91,5.5235,11495.892,35.02,5.5223,78279.756,4.51,5.6821,28809.86,3.04,5.6782,35697.477,0.49,5.6944,10808.388,0.82,5.6726,53436.048,11.67,5.7783,17020.217,3.19,,,,1.7202,23430.554,7.5,5.7084,37040.919,6.49,5.6724,27239.835,12.42,,,,5.7917,33015.6,0.79,5.7871,103328.577,3.66,5.7919,15284.129,0.88,5.8216,36535.686,62.49,,,,5.9102,13747.296,0.34,,,,5.985,33032.409,6.65,6.0069,69666.773,9.78,,,,6.0423,56631.67,5.32,6.0583,95249.981,5.49,6.0728,75477.297,6.4,6.04,28956.756,9.42,6.0877,149882.123,13.8,6.1183,452395.493,40.62,5.9898,72446.306,4.18,,,,6.1537,74334.051,1.71,,,,6.1853,204360.878,7.25,6.1817,141382.541,50.65,6.1833,26981.354,5.05,6.3111,52142.225,10.49,,,,6.2858,153427.584,17.18,6.3336,71463.22,25.6,6.3483,33683.383,1.76,2.0134,24476.784,12.41,6.3316,15530.244,0.9,6.3952,157931.231,15.36,,,,6.4888,222948.591,56.39,6.5027,183798.274,48.16,6.6069,72802.046,7.68,6.5363,72826.084,1.74,6.557,325425.999,44.65,,,,,,,2.1554,309011.715,50.24,6.5851,15687.007,0.25,6.457,17735.057,8.09,6.6156,368344.74,41.24,,,,6.6796,687739.14,78.44,6.6797,651797.37,68.21,,,,6.7489,143071.845,15.55,6.8226,309544.68,45.06,6.6155,96476.453,10.17,2.1688,181006.041,28.77,6.7487,261202.622,11.44,6.8143,3737367.17,54.41,,,,6.6796,14665.06,10.29,6.8615,124764.588,5.46,6.8783,21505.486,31.66,6.9243,97623.312,66.36,,,,,,,6.9274,19980.419,2.24,,,,,,,6.8245,700724.009,44.26,6.9826,12833.44,13.8,7.011,20413.851,23.45,7.0663,16259.324,4.25,,,,7.0702,12307.972,1.34,7.078,92270.304,2.21,,,,7.101,363015.593,16.03,2.3771,26147.43,45.63,,,,7.1294,19309.679,3.39,7.1465,49486.404,33.64,7.1001,73955.43,4.26,7.1446,124507.458,1.72,7.2189,27865.291,7.05,7.2978,22710.926,1.73,7.1803,15173.636,12.43,,,,,,,,,,7.3643,32185.633,1.42,7.3625,82546.946,1.32,7.3313,47532.619,6.67,7.3566,32986.519,1.9,7.519,25299.779,0.62,7.411,199604.251,28.03,7.4306,248176.112,18.91,,,,7.4683,19894.703,20.8,7.4752,48505.376,0.71,2.5446,245766.688,38.16,,,,,,,,,,7.5712,32965.397,0.53,7.5821,2591479.904,37.74,7.5565,327752.72,48.9,,,,,,,,,,,,,2.812,175135.552,41.11,7.7241,38295.604,11.16,7.9328,19576.097,1.49,7.7333,206689.327,15.36,,,,7.7962,2961125.459,97.21,,,,7.9169,11161.829,0.4,7.9822,94662.76,100,7.8358,41139.422,0.66,8.1135,18845.572,0.28,,,,8.0329,36066.046,0.83,8.0175,104726.774,5.48,8.1531,18752.814,1.43,8.0307,720846.386,9.95,8.0331,52513.952,9.21,8.068,33559.748,7.5,8.0577,27158.94,3.25,,,,8,13108.92,2.93,8.1002,14940.19,0.24,,,,8.1448,68614.803,3.58,,,,,,,,,,8.4159,11258.073,0.26,8.2301,16213.982,11.69,8.4366,11487.449,0.88,8.4119,23392.382,0.34,,,,,,,,,,8.5013,211083.024,15.69,,,,8.3704,306327.483,23.3,8.3989,353943.173,30.9,8.4824,89930.285,6.68,8.4851,40576.83,13.21,,,,8.495,1345145.839,47.7,8.5705,61449.865,13.95,2.9777,345256.491,88.51,8.6154,188850.166,15.17,8.6539,15561.737,1.85,8.6919,767389.626,66.99,,,,8.7431,119217.286,26.45,8.737,77331.796,5.75,8.7559,11808.315,0.62,8.8094,86891.67,24.13,8.7499,48109.478,14.95,8.3054,17827.996,0.29,8.8736,215561.003,62.81,2.9526,29958.525,46.94,8.9145,11779.186,0.27,8.9401,21963.164,0.78,8.9195,22035.58,2.64,,,,8.9518,160568.531,11.06,,,,9.0288,168479.379,11.61,,,,,,,9.272,30416.085,9.9,,,,9.317,15438.274,1.15,,,,9.1954,102758.509,5.36,9.1976,155445.046,86.12,9.1996,44071.449,50.31,,,,9.2252,30340.768,51.8,9.2642,559964.924,56.85,9.2665,246686.087,88.15,9.2645,41324.307,0.57,3.1474,134776.812,72.84,9.2621,225646.996,5.18,,,,9.35,32350.427,4,9.6006,13270.521,0.18,9.3947,94852.941,2.18,9.5913,11479.967,0.17,9.4192,19079.885,1.45,9.6525,90629.473,11.02,9.4787,16825.25,3.73,,,,,,,3.1977,205805.299,25.47,3.2836,217958.091,20.07,3.3502,12418.641,2.25,3.4112,39595.104,4.52,,,,3.4518,86995.12,9.45,3.4777,527172.106,44.67,3.5182,115054.495,88.04,3.5361,137883.322,60.33,3.612,11446,1.33,3.6894,758719.933,100,,,,3.8375,11337.201,1.32,,,,3.9293,69969.23,12.21,3.9287,22211.818,31.81,,,,3.9983,21873.52,2.06,,,,4.0319,359577.68,8.6,4.0369,37455.558,15.37,4.077,554957.392,58,,,,4.1497,54502.377,11.91,4.1771,77818.671,5.93,4.1793,87428.734,9.22,,,,4.1937,400898.106,81.7,4.2354,541926.799,77.3,4.3223,86418.169,8.13,4.318,60811.695,7.07,4.3747,228860.418,22.25,,,,4.3094,63032.695,1.51,4.3121,236827.524,5.84,4.433,18898.415,0.28,4.4219,35301.984,5.87,,,,,,,,,,4.5697,68754.014,3.01,4.467,17418.027,3.92,,,,4.5673,74587.249,8.11,4.568,46538.055,2.68,4.5932,112048.998,1.68,0.9172,39302.998,32.74,4.5674,183797.104,4.4,4.701,40764.822,1.01,4.6619,868281.218,59.82,4.6827,49856.821,1.82,4.7068,57568.305,48.45,4.8424,14341.333,0.35,,,,4.746,36634.065,8.25,4.7892,1078243.393,39.41,,,,0.9251,42446.909,35.61,4.756,13483.757,6.15,4.8987,1015939.852,37.14,5.0559,60903.029,0.97,4.8287,1952545.47,29.3,5.0813,53755.757,12.11,5.0112,17951.261,43.5,5.0091,330612.123,31.09,5.0063,45562.209,4.19,,,,5.071,18457.305,1.74
218_2012_T_2n,,,,,,P1-D11,,1,,,,,,,,,,,,,,,,,,,,,,5.2636,19974.326,16.6,5.1804,43833.185,25.55,5.2099,14441.285,0.97,5.1842,104480.519,14.69,1.301,130298.898,16.97,,,,,,,,,,5.1386,10547.832,0.42,5.3779,13999.694,0.55,5.322,1685630.353,28.6,5.4678,37416.603,9.92,,,,,,,1.6353,33755.491,2.42,,,,5.4276,199236.264,5.66,5.4379,112870.735,9,5.4595,130888.099,23.11,5.4506,8110720.836,93.09,,,,,,,,,,,,,,,,1.6352,168037.559,52.98,5.5792,657350.004,80.17,5.6035,26859.14,24.39,5.5909,10324.599,0.34,,,,5.7814,37624.291,8.47,,,,5.6721,175364.924,6.84,5.6761,245347.871,20.86,5.6979,28153.825,2.05,,,,,,,5.7197,138460.273,9.57,5.7268,81135.351,0.93,,,,,,,5.7982,229813.047,5.65,,,,5.825,67034.454,68.29,,,,5.9481,23133.139,4.11,,,,5.9831,299952.235,16.29,6.0167,285064.212,20.17,,,,6.0382,114029.003,11.77,,,,6.0795,369547.796,26.51,,,,6.0923,33047.812,4.47,6.1301,24678.46,64.01,,,,,,,6.1559,14088.214,0.76,,,,6.1942,65583.864,1.61,6.1926,236169.557,85.1,6.2509,369525.096,26.88,6.2541,367409.129,19.95,6.1933,20879.783,43.86,6.2942,762239.885,51.05,,,,6.3717,42014.856,1.73,2.0164,52917.623,38.49,,,,6.4034,1257650.902,58.79,,,,,,,,,,,,,6.5663,12773.048,2.82,6.5792,13005.859,11.92,6.619,10843.271,1.81,,,,2.1751,59100.688,25.07,6.5059,27306.685,1.08,6.6271,34772.503,0.4,6.6338,191913.495,12.85,6.6406,92358.055,48.24,,,,,,,,,,6.7581,663219.732,24.88,,,,,,,2.1796,61904.777,26.22,6.7598,1355698.223,23.01,,,,,,,6.8795,132784.985,76.12,6.8884,24890.091,0.42,6.8878,103915.652,39.31,6.9311,151025.489,78.85,,,,,,,6.9478,13093.735,0.88,,,,6.8662,31521.496,12.97,6.9883,42478.123,45.14,,,,,,,,,,,,,7.077,22993.862,0.86,,,,7.0854,99022.163,88.94,7.115,10152.254,1.67,2.3871,29283.957,37.8,,,,7.1243,323848.443,22.39,,,,7.359,20851.23,6.22,7.1524,127581.843,21.34,,,,,,,7.2048,15130.487,16.24,,,,7.3776,23508.615,1.55,,,,7.3659,234314.634,38.54,7.3692,393387.515,15.51,7.3012,490637.108,34.71,7.3703,20305.181,6.06,7.5349,49138.406,8.73,7.4204,172411.276,12.2,7.4357,1695945.939,66.17,,,,7.4762,98801.738,49.69,7.4738,125183.231,35.77,2.559,121731.878,100,7.4351,12819.438,100,,,,7.5408,17463.532,4.86,7.4923,15064.781,0.59,7.5774,10532.592,3.01,7.5628,53250.952,24.43,,,,7.6463,7542110.162,94.88,,,,,,,2.8197,48543.977,21.95,7.7363,21789.618,11.59,7.6264,23974.275,0.94,7.7468,17246.78,1.14,7.7483,18034.054,43.49,7.8063,2512375.842,97.63,7.9084,11290.926,2.5,7.9035,41224.912,1.01,,,,,,,8.1692,17320.307,14.39,2.8653,14090.95,2.36,,,,7.9329,21619.886,10.67,,,,,,,7.8724,24890.275,1.72,8.0529,162256.965,60.24,8.071,50863.495,100,,,,7.9192,39196.178,14.55,8.0841,33286.412,1.31,2.8406,41939.085,56.76,8.0708,19760.147,0.81,8.1461,25458.222,1.76,8.1363,12693.938,0.68,8.2514,18222.491,7.73,8.1812,13121.906,0.71,8.2475,60517.116,9.75,,,,,,,8.3243,281445.613,46.29,,,,,,,8.5701,25259.661,1.66,,,,8.3785,106811.465,26.62,8.4094,133560.821,1.64,8.5112,138830.765,9.14,,,,,,,8.5046,483319.36,11.89,8.5722,623490.582,87.77,,,,8.6231,140905.716,28.52,8.6485,10273.808,1.21,8.7028,8007130.663,98.11,,,,8.749,20766.938,0.71,8.7543,25538.236,1.68,8.8688,49991.151,24.66,8.8099,465436.543,61.23,9.0934,22337.126,11.18,8.3239,146999.202,5.8,8.8839,166138.343,88.41,2.9782,98589.367,27.43,8.8876,46557.357,2.51,8.8868,46845.305,1.15,,,,9.1536,15012.497,3.32,8.9554,102836.47,33.48,,,,9.0308,115391.84,37.57,9.191,18335.825,23.42,9.1152,20099.972,0.69,,,,3.1121,90802.264,23.02,9.2489,32052.38,2.11,,,,9.1942,1439316.021,59.3,,,,9.2034,810973.032,100,9.205,745903.416,96.26,9.2236,249322.09,64.33,9.2642,981172.012,97.8,9.2718,686395.338,98.47,9.2695,85921.083,14.37,3.1581,94211.082,63.65,9.2677,425912.951,22.92,,,,9.3491,100167.423,15.01,9.4751,38253.895,6.4,9.3985,548310.577,29.51,9.4748,10300.628,2.94,9.4297,136965.555,34.13,9.5095,18103.618,3.95,9.5225,11958.911,0.41,,,,,,,,,,3.2842,501750.262,67.85,3.2822,831171.846,91.76,3.3726,571515.326,84.14,3.4137,11762.552,2.22,3.4764,59229.926,2.22,3.4793,226450.967,16.25,3.5289,99722.574,59.36,,,,3.6559,13252.974,0.69,3.69,857116.932,96.71,,,,,,,3.8846,112793.7,24.54,3.9452,22625.529,38.32,3.9348,17183.472,52.57,,,,4.0467,41769.711,4.31,4.1275,26974.382,4.26,4.0481,165662.651,36.62,4.047,23732.427,10.2,4.0859,233146.12,40.58,,,,4.1537,250353.36,21.28,4.1851,268140.944,10.46,4.1875,304758.406,68.57,4.1901,13357.5,0.53,4.1322,34464.924,38.63,4.237,499045.915,86.06,4.3211,29058.868,3,,,,4.3805,73716.594,3.45,,,,,,,,,,,,,4.4327,99270.99,1.25,4.45,329112.492,51.97,,,,,,,4.5755,882653.152,14.98,,,,,,,4.5701,1051581.455,39.44,,,,4.6027,24658.04,20.49,0.9241,41799.197,22.39,,,,,,,,,,4.6912,45357.107,1.29,4.7154,187296.813,72.38,4.735,11414.419,2.03,,,,4.7556,38680.665,35.12,4.798,1548500.325,44.01,,,,,,,,,,4.9104,1421079.257,40.39,5.044,63285.402,2.5,,,,,,,,,,5.0127,160011.39,16.51,5.0064,13383.977,5.51,,,,5.1481,107423.413,11.08
219_2012_T_2n,,,,,,P1-E8,,1,,,,,,,,,,5.0476,11919.746,0.21,,,,,,,5.1285,81646.29,33.22,,,,5.1732,48916.366,18.77,,,,5.1892,75507.232,10.62,1.3123,265182.644,38.22,,,,5.1985,22813.763,17.32,5.1664,20541.854,2.81,5.352,14586.376,0.7,5.3163,120651.273,0.42,5.2968,141690.142,3.56,,,,,,,,,,1.643,141054.248,6.72,,,,5.4305,183792.918,4.85,5.4436,386818.807,20.73,5.4395,592324.057,47.59,5.4413,73574.022,4.8,,,,,,,,,,,,,,,,1.6392,180570.886,52.96,5.5825,994816.801,80.21,,,,5.601,468236.333,55.92,,,,5.7725,16608.422,2.27,,,,5.6655,60643.371,0.21,5.6872,438556.843,23.4,5.681,72732.351,7.58,,,,,,,5.6744,17976.508,0.94,5.6584,203571.18,13.29,,,,,,,5.8014,276467.365,4.8,,,,5.835,89981.185,100,5.9365,12129.668,2.42,,,,,,,6.0006,31335.255,2.07,6.0189,342751.381,20.32,,,,6.0413,57841.863,3.5,,,,6.0902,214364.987,10.21,6.0538,33799.198,14.43,6.1065,42825.578,3.11,6.1217,70183.194,41.94,,,,,,,,,,,,,6.1986,80860.662,1.4,,,,6.2639,31033.414,3.23,6.2736,26695.918,1.76,,,,6.2968,112571.899,3.3,6.3409,138626.976,76.51,6.3488,33022.905,1.4,2.0349,37590.261,25.14,,,,6.3989,1783744.715,58.89,6.5725,17643.591,6.13,,,,,,,6.4332,75560.33,10.34,,,,6.5707,60767.725,34.37,6.506,29365.532,6.26,,,,2.1661,42356.61,26.06,,,,6.623,487557.273,31.83,6.6252,2074455.907,60.83,,,,6.7126,12331.44,5.53,,,,,,,6.7085,1549689.275,43.29,6.8145,16611.196,100,,,,2.1812,62930.348,46.53,6.7147,525328.665,13.21,,,,,,,,,,6.8519,810228.244,20.38,,,,6.9257,24109.442,9.13,,,,6.9468,15062.734,100,6.9461,88596.363,2.6,,,,,,,6.9942,58213.631,44.57,,,,,,,,,,,,,6.9454,21589.583,0.6,,,,7.0955,213807.133,100,7.1129,17452.211,3.93,2.4068,23364.72,18.58,,,,7.0621,64320.206,3.37,7.1438,138994.43,52.62,,,,7.1475,21350.256,4.55,,,,,,,7.2021,46390.296,34.83,,,,7.3008,11772.121,1.31,,,,7.3696,136795.242,30.77,7.3706,468807.393,22.38,7.2983,951078.489,56.39,7.3664,27354.71,13.54,7.5409,16655.421,3.15,7.479,63895.346,3.79,7.4238,25201120.54,88.6,,,,7.4874,32224.214,33.81,7.4868,58323.015,37.47,2.5598,132861.517,54.33,7.4305,848789.647,100,,,,,,,7.4371,204407.338,9.76,,,,7.5657,86578.354,33.46,,,,,,,,,,,,,2.8216,299476.214,56.31,7.7333,13897.95,14.85,7.7074,182186.923,0.64,7.7386,84975.959,9.49,,,,7.8055,3505492.097,95.3,,,,7.9514,34564.982,0.6,,,,,,,8.1576,29663.207,11.68,2.8293,19416.932,4.14,7.8721,15919.401,0.82,8.0359,214637.115,17.94,8.0533,121188.256,0.43,7.8962,12564.764,2.68,8.0113,58365.458,3.06,8.0786,39002.8,8.75,,,,,,,7.9201,68629.316,15.4,8.0927,75568.266,3.61,2.8583,12995.281,100,8.0438,25103.838,1.06,,,,,,,,,,,,,8.2456,93907.479,34.58,8.2865,182681.383,0.64,8.3873,14406.715,9.26,8.332,166921.308,37.55,3.0141,108018.284,42.55,,,,8.2132,31874.954,3.56,,,,8.3821,156005.933,43.11,8.4114,116445.337,1.39,8.4992,135890.373,15.17,,,,,,,8.4933,526247.575,9.14,8.5913,196609.221,32.24,2.9902,46553.155,52.15,8.6257,29767.695,2.57,8.497,156734.934,14.5,8.7018,8127321.691,97.03,,,,8.7547,35780.871,7.69,8.881,110968.594,12.39,8.8638,67253.869,5.62,8.8152,331362.785,45.76,9.1046,17574.042,8.62,8.2662,15740.756,0.75,8.8912,50589.08,54.04,2.9631,201290.737,46.3,8.9193,11730.405,0.61,8.8897,1069292.742,18.56,,,,,,,8.9526,123123.669,38.23,,,,9.0321,162237.688,50.38,9.1926,11395.181,9.31,8.8629,32913.578,7.08,,,,3.1196,320909.061,67.49,9.2636,73846.978,8.24,,,,9.2008,1135056.012,48.03,9.2038,1252868.624,96.64,9.2099,2317098.288,98.91,9.2855,12897.42,0.99,9.2266,150033.195,82.47,9.2723,1547593.454,98,9.2749,1547838.752,100,9.2671,140629.128,29.99,3.1592,171700.092,100,9.2693,709880.751,36.77,,,,9.3551,59967.767,7.59,9.395,12473.816,2.66,9.4048,503001.492,26.05,,,,9.4366,87921.062,24.29,9.5115,18489.047,1.63,9.6033,17458.514,3.75,3.1941,10284.565,3.57,,,,,,,3.2977,470700.32,34.14,3.2885,741591.768,88.1,3.3819,370715.869,50.16,3.3705,145665.446,35.1,3.4578,127475.113,3.56,3.4826,283275.467,13.5,3.5302,154623.517,34.7,3.5584,13584.396,12.19,3.628,225021.657,10.92,3.6984,792439.585,86.65,,,,,,,,,,3.9398,81278.994,59.86,3.9404,38568.107,32.83,,,,3.983,233860.872,14.13,,,,4.049,263726.214,52.54,4.0619,40988.412,13.14,4.0809,141321.365,20.99,,,,4.156,384372.759,20.51,4.1968,407358.863,1.43,4.1839,428850.415,58.68,,,,4.11,12816.236,3.69,4.2385,746903.55,80.05,4.3186,154892.909,9.36,4.3245,81641.163,3.96,4.3826,72985.151,2.41,,,,,,,4.3475,25712.429,4.87,4.4591,30511.061,12.02,4.4403,49284.381,17.28,4.4872,97279.194,15.78,4.4595,15417.641,0.05,,,,4.5737,108717.993,2.73,,,,4.7138,16378.02,13.01,4.5688,148002.569,4.13,,,,,,,0.9301,81638.264,19.26,4.5888,18383.369,3.66,,,,,,,4.6959,57908.083,1.53,4.7148,237067.646,57.82,4.7489,10617.378,2.01,,,,4.7573,23707.98,8.24,4.8026,1721672.728,45.42,,,,0.9337,49810.724,32.84,,,,4.8912,608132.405,16.04,4.8389,30626.622,1.46,,,,,,,,,,5.0137,637170.115,38.51,5.0379,10506.708,2.99,,,,,,
225_2012_T_2n,,,,,,P1-F7,,1,,,,,,,,,,5.0373,62391.199,1.35,,,,,,,5.1949,11779.911,5.74,5.2774,14467.684,6.51,5.1784,14335.362,9.29,5.2023,18582.539,1.6,5.2113,32467.147,9.18,1.3,197517.78,21.62,,,,,,,5.1711,94223.524,39.11,5.3623,14247.861,0.76,5.2362,25026.618,0.19,5.3201,2281629.324,33.1,5.4365,15228.33,6.14,5.4982,14905.732,1.3,,,,1.6637,41737.15,3.63,,,,5.4289,340600.704,8.42,5.4279,39754.655,3.17,5.4373,47464.034,12.85,5.456,5731498.021,85.8,,,,,,,,,,,,,,,,1.658,39462.292,11.97,5.5853,1174933.345,89.62,5.5959,13004.568,9.12,5.6021,119769.023,3.9,,,,5.6442,17966.114,7.46,,,,5.6715,135772.819,1.03,5.6888,239287.89,19.23,5.6963,44553.036,2.88,,,,,,,5.7196,97880.023,10.92,5.6559,48875.442,0.73,5.736,12213.249,23.97,,,,5.8,285861.448,6.18,,,,5.8351,94049.91,87.04,,,,5.9617,18557.89,3.06,1.7997,12624.992,1.7,5.9867,180384.406,10.21,6.0193,232561.201,17.64,,,,6.0441,104057.936,8.48,,,,6.0862,230630.893,20.06,6.0509,34026.182,18.48,6.104,123127.75,9.48,6.1323,113326.134,65.39,,,,,,,6.1628,36892.501,1.86,,,,6.1972,130708.852,2.82,6.1919,426870.634,80.3,6.2423,333853.232,21.61,6.2562,297966.334,16.86,6.1869,28392.018,11.35,6.2964,450541.81,38.81,6.322,13150.722,2.47,6.3645,24089.361,1.89,2.0191,17435.856,58.27,,,,6.409,886293.709,45.29,,,,,,,,,,,,,6.5504,17185.807,1.49,6.5728,62106.637,25.89,6.6442,42229.644,5.02,,,,2.1623,259441.836,34.76,6.5961,10218.685,0.55,6.6213,266758.424,3.99,6.6327,349059.748,30.07,6.643,110509.43,48.72,,,,,,,,,,6.7593,893796.759,28.09,6.798,12278.192,18.51,,,,2.1603,520173.165,73.44,6.7666,1891006.653,27.44,,,,,,,6.8793,121699.651,54.71,6.9257,46026.451,0.67,6.8591,148475.992,83.69,6.932,345966.419,74.01,,,,,,,6.9744,16192.136,1.39,,,,6.8839,28465.962,8.26,6.989,56789.498,36.17,6.9936,19525.488,39.8,7.0124,13858.501,7.2,,,,,,,7.0813,79200.782,2.49,,,,7.0948,117123.074,100,,,,,,,,,,7.1299,131362.946,14.65,7.1495,13126.318,2.81,,,,7.1502,159175.069,18.92,7.2364,11583.266,100,7.131,28378.219,0.21,7.201,89706.288,71.84,,,,7.3987,17193.333,1.98,,,,7.3701,48280.075,25.39,7.3759,96698.764,5.17,7.3996,103958.004,7.89,7.4753,101479.352,28.05,7.5412,144337.15,23.82,7.4849,66826.381,5.07,7.4397,11418696.43,86.4,,,,7.4912,20380.065,13.47,7.4849,241285.989,58.92,,,,7.4369,279795.411,87.27,,,,7.5481,27338.925,5.64,7.4389,217636.819,11.63,,,,7.5687,111782.101,39.55,,,,7.6519,7046420.532,92.5,7.7016,13447.834,53.53,,,,2.807,543302.516,46.74,7.7397,22898.629,4.73,7.7279,30462.804,0.23,7.7362,78873.949,9.08,7.7498,20336.35,35.56,7.8095,2482374.326,96.23,,,,7.9318,45951.302,0.99,7.9986,29254.99,100,,,,8.1706,13594.172,6.11,2.8185,21915.556,2.6,,,,8.0367,171475.702,18.33,7.8903,15495.571,0.12,,,,7.854,33740.308,3.76,8.0573,56065.326,25.65,8.0734,102638.006,61.44,,,,7.9267,17241.518,7.89,8.0799,75585.178,4.04,2.8723,24795.377,28.22,8.0682,33902.492,2.66,,,,8.1371,13472.074,0.68,8.2497,33052.708,4.43,8.4967,31541.97,1.59,8.2431,79248.892,33.41,8.2908,59442.519,0.45,,,,8.3299,81578.865,42.91,3.0202,18366.253,8.26,,,,8.4268,16917.146,1.95,,,,8.3795,171426.983,65.13,8.4099,259245.967,3.48,8.5052,176099.789,20.27,,,,,,,8.5046,605981.408,13.1,8.5939,329157.66,75.4,2.9903,10852.246,100,8.6337,265146.318,14.17,8.6611,10747.017,1.52,8.7087,7177957.393,96.34,,,,8.7655,33498.872,10.41,8.7615,15906.95,1.83,8.8702,19084.615,2.04,8.8162,573521.318,55.7,9.0857,15009.434,8.62,8.3295,57611.989,3.08,8.8847,419445.725,86.56,2.9676,216074.053,44.57,8.9167,18358.913,0.93,8.8962,77497.304,1.67,,,,9.0283,10528.372,0.92,8.9603,169220.362,36.22,,,,9.0331,197000.391,42.17,,,,8.8688,18670.669,5.8,,,,3.131,14912.642,4.44,9.2287,12004.201,1.38,,,,9.1942,538673.798,42.25,,,,9.2068,185262.005,100,9.205,302794.868,94.92,9.2233,308523.898,73.74,9.2691,2400473.975,98.34,9.2753,3272132.531,100,9.2686,238999.272,28.4,3.1527,50290.665,63.15,9.2691,1165166.762,58.74,,,,9.3557,196122.248,27.67,9.4849,14960.988,1.78,9.3933,276959.616,13.96,,,,9.4327,36499.838,13.87,9.5223,31593.493,2.63,9.3776,19464.36,6.05,,,,,,,,,,3.2944,242555.48,18.67,3.2873,498894.134,82.8,3.3812,851341.377,61.38,3.3655,44264.122,15.73,3.5872,12235.949,0.38,3.4871,102158.502,8.88,3.5396,67764.041,40.77,,,,3.6271,157213.064,7.12,3.6971,1333497.819,96.57,,,,3.8481,23735.24,1.08,3.8915,82290.25,11.12,3.9307,90224.424,59.28,3.9485,21429.787,42.28,,,,4.0529,166415.867,13.55,4.1291,19734.937,3.38,4.0385,650251.58,56.56,4.0562,15006.679,5.35,4.0926,196861.043,25.88,,,,4.1659,255611.534,20.54,4.1894,53850.739,0.41,4.1828,87606.494,36.36,,,,4.1403,11842.961,8.37,4.2409,624675.297,74.69,4.3201,46159.984,3.76,4.3235,79602.995,3.61,4.3789,147143.218,7.52,,,,,,,,,,,,,4.438,191952.524,2.52,4.4528,209441.978,35.9,,,,,,,4.5715,496896.871,7.21,,,,,,,4.5715,716368.965,22.51,4.5719,23831.594,6.59,4.6053,111058.109,49.93,0.9318,94573.703,50.2,4.5745,55038.923,4.79,4.6055,23664.092,3.91,,,,4.7013,97769.963,2.42,4.7162,278935.734,77.62,,,,,,,4.7457,10307.749,7.23,4.8017,1681659.644,41.56,4.8787,10198.869,4.26,,,,4.9511,21471.348,0.32,4.9078,1602130.815,39.6,5.0511,55723.321,2.98,,,,,,,5.0228,45595.182,46.17,5.0139,169994.245,13.85,5.014,59017.872,17.12,,,,5.1511,107083.118,8.72
225_2021_T_2n,,,,,,P1-A2,,1,,1.2702,60704.554,,32.01,,4.91,12651.166,100,5.0398,17207.9,0.2,,,,,,,5.1976,13684.179,2.62,5.1663,23345.711,3.43,5.1723,17231.63,10.7,5.1975,10345.679,0.69,5.1611,78359.598,11,1.2919,403949.063,30.37,,,,5.1958,50700.541,42.95,5.1605,98569.828,41.93,,,,5.2916,13042.355,0.11,5.327,2119930.87,32.55,5.4497,10425.52,2.57,,,,,,,1.6383,113334.794,8.47,,,,5.4332,326017.702,5.93,5.4356,119821.618,9.44,5.4594,65645.481,12.18,5.4538,5919239.791,85.09,,,,,,,,,,,,,5.5298,18309.628,2.69,1.6525,103985.026,19.9,5.5765,647974.838,87.21,,,,5.5968,128424.158,3.47,,,,5.7769,11142.786,4.74,5.7989,15762.963,1.15,5.68,42797.537,0.35,5.6938,131148.392,7.62,5.7692,64594.278,3.03,,,,,,,5.7224,251260.307,22.66,5.6574,51042.845,0.73,,,,,,,5.8011,103679.795,1.21,,,,5.8279,61103.507,78.9,,,,,,,,,,5.9826,104397.471,8.32,6.0118,203832.987,20.57,6.0592,14014.781,5.96,6.0404,113343.586,9.64,,,,6.0789,241547.511,18.06,6.0417,16555.267,14.08,6.1,53407.162,8.39,6.1241,351922.267,74.98,6.2077,51946.867,8.63,,,,6.1499,43844.986,2.48,,,,6.1928,119582.864,1.4,6.1878,378294.669,84.79,6.2496,295938.826,13.9,6.2406,125583.796,10.01,,,,6.2919,471626.845,31.27,6.3303,27033.952,6.06,6.3719,66433.318,5.56,2.0153,42057.239,26.78,6.31,35555.277,5.91,6.4041,845400.826,46,,,,,,,,,,,,,6.5442,33517.951,4.79,6.5618,254046.851,50.34,6.6463,147586.488,10.74,,,,2.1672,229930.845,35.49,6.5295,31793.541,1.87,6.6134,258088.892,3.71,6.6242,536340.828,35.57,6.6387,105583.579,27.72,,,,,,,,,,6.7462,543771.649,21.18,6.797,56803.014,100,6.7431,19894.459,8.46,2.172,172667.514,39.6,6.7616,1103116.753,16.94,6.8699,23512.873,16.86,,,,6.8715,133818.531,39.09,6.91,11091.268,0.17,6.8861,54476.813,17.44,6.9287,283419.946,80.82,,,,,,,6.9581,25383.958,1.68,,,,6.8793,67583.971,9.37,6.9835,91991.163,100,6.9843,22494.354,19.17,7.0154,14666.792,6.3,7.0381,11121.961,3,,,,7.0803,70798.13,2.76,,,,7.0829,91501.693,74.85,,,,,,,,,,7.132,75465.758,6.81,,,,,,,7.145,410734.746,29.9,,,,,,,7.1872,87029.344,72.1,,,,7.3922,14133.103,1,,,,7.5344,30557.211,21.19,7.4202,99590.103,5.84,7.2975,152220.803,15.36,7.4782,126021.569,20.94,7.5338,181566.433,25.52,7.4057,326866.518,32.99,7.4316,11900276.39,96.33,,,,7.5881,25064.688,18.76,7.4761,33323.092,21.34,,,,7.4344,286176.862,100,,,,7.546,103704.637,17.35,7.5414,10229.582,0.6,,,,7.5636,73550.484,34.4,,,,7.6464,9140048.737,95.82,7.683,13146.509,47.23,,,,2.8165,52605.376,19.07,7.7353,68523.36,10.98,7.6863,20489.473,0.17,7.7356,74969.941,5.3,7.7571,34754.055,58.65,7.8023,1956656.034,96.32,,,,7.925,73374.339,0.86,,,,7.9913,15834.627,0.93,7.8226,52343.103,7.69,2.8272,13219.272,0.96,7.8809,17478.761,0.99,8.0254,63795.607,13.23,8.2575,10420.016,0.08,8.2071,22376.978,1.63,8.0632,12676.876,1.14,8.0498,133862.607,39,8.0674,96074.169,58.96,,,,7.9087,87010.891,25.35,8.138,21146.61,1.24,2.8489,24613.323,50.53,8.072,29659.135,2.48,8.1409,151332.472,13.65,8.1372,48748.627,2.76,8.003,31640.852,4.88,8.4892,45568.834,2.58,8.2496,43699.347,26.96,8.2837,39998.24,0.32,,,,8.3296,68600.674,47.57,3.0058,10059.763,1.48,,,,8.2278,28565.656,2.02,,,,8.3803,122340.27,45.33,8.4091,221431.431,3.07,8.5047,703834.954,49.73,,,,,,,8.5069,5524167.937,64.57,8.6001,365345.346,79.71,2.9835,178360.44,100,8.6241,321868.383,22.07,8.7388,14442.426,0.43,8.6961,6578035.545,91.3,,,,8.7542,40676.064,9.59,8.7516,14094.612,1,8.747,10366.349,2.15,8.8192,286417.53,35.15,9.1148,11161.824,4.03,8.2634,16957.805,1,8.8813,411283.65,65.89,2.9798,13991.57,2.34,8.9152,51483.676,2.91,8.873,21910.83,0.26,,,,9.0315,15383.826,2.2,8.9603,232099.265,34.29,,,,9.031,262448.022,38.78,9.1791,10203.556,14.68,8.8622,21348.232,5.03,,,,3.1026,55467.402,28.7,9.2371,25026.096,1.77,,,,9.1971,624020.378,52.19,9.2013,462023.017,92.23,9.2069,315760.965,95.5,9.3265,10509.368,2.1,9.2201,365428.285,72.47,9.2703,2488636.472,100,9.2761,2771856.875,98.73,9.2719,217491.885,15.83,3.1539,84941.745,40.29,9.2714,1064374.582,60.23,,,,9.3544,32472.801,8.42,9.4729,10310.62,0.75,9.3885,212265.184,12.01,,,,9.4367,41523.276,15.39,9.6591,266962.029,33.78,9.4816,52389.349,12.35,,,,,,,,,,3.2921,205161.683,32.24,3.2966,481083.465,78.62,3.3809,425380.709,56.54,,,,3.4496,140024.935,5.45,3.4833,131755.495,9.85,3.5266,169107.349,81.28,,,,3.6222,47917.122,2.62,3.6989,1396653.837,94.42,,,,3.8316,25319.109,1.39,3.8899,91218.493,12.65,3.9393,98319.984,63.41,3.9369,128269.653,85.12,,,,4.0565,88697.767,7.54,4.1135,22455.699,3.31,4.03,430797.849,61.58,4.0545,399399.467,68.12,4.0889,81227.999,24.36,,,,4.1596,128843.925,7.49,4.1808,62798.1,0.51,4.1851,65397.429,27.82,,,,4.2016,45928.962,19.01,4.2391,587537.941,65.13,4.3262,41812.422,3.56,4.3235,96018.028,5.26,4.3735,162567.12,8.85,,,,,,,,,,,,,4.4334,159745.997,1.67,4.4516,245293.071,36.21,4.6055,20499.083,0.17,,,,4.5713,252474.462,3.88,,,,,,,4.5707,363302.998,14.15,,,,4.5961,343713.75,50.52,0.9205,20834.145,15.23,4.5848,16045.771,2.29,4.5908,79981.146,11.24,,,,4.7011,236800.59,4.31,4.7121,58231.974,28.41,,,,,,,4.7464,38100.462,53.53,4.8017,2372365.758,43.16,,,,0.9145,41398.361,21.83,4.9431,33340.595,0.48,4.9025,2068472.832,37.63,5.053,13631.618,0.8,,,,,,,5.0154,247377.15,69.06,5.0112,81963.671,6.97,5.0076,186079.633,25.8,,,,5.1482,95685.161,8.14
229_2012_T_4n,,,,,,P2-A4,,1,,,,,,,5.1175,10829.417,7.27,5.0286,36413.719,1.36,,,,,,,5.1647,10296.532,3.25,,,,,,,5.1998,10739.537,0.54,5.1773,14108.798,3.4,1.2752,143595.301,16.62,5.1993,130701.344,7.21,,,,5.1687,34951.643,8.65,,,,5.2699,15638.938,0.68,5.3225,388253.832,9.94,,,,,,,,,,1.6421,48516.812,2.46,,,,5.4303,204221.061,5.39,5.4438,181364.516,11.26,5.4482,172392.144,26.64,5.4489,12528.666,4.67,,,,,,,,,,5.5833,10764.723,2.52,5.6699,14186.399,0.59,,,,5.5804,888464.338,94.75,,,,,,,5.6274,29995.722,0.34,5.7878,65852.897,16.31,,,,5.6712,10017.408,0.44,5.6839,559446.755,22.08,5.6886,111076.258,5.66,,,,,,,5.7276,217368.428,11.86,,,,5.7405,22636.791,27.15,,,,5.806,141633.777,5.29,5.7166,15502.809,0.18,5.8287,80691.638,70.17,6.0091,5558325.978,33.31,5.9456,837770.036,51.13,1.7742,18561.042,1.39,5.9999,41856.523,2.39,6.0261,124422.572,6.56,5.9411,13561.066,3.36,6.0522,70014.672,8.08,6.0153,2192621.472,25.12,6.0848,438538.434,22.24,,,,6.1003,50752.266,12.35,6.1308,137833.732,27.96,6.1716,208380.107,2.39,,,,6.1637,1197981.958,10.27,6.1631,18368.647,8.54,6.195,68377.938,2.55,6.1944,292552.664,74.43,6.2541,496412.601,25.3,6.2574,387384.064,22.16,6.1812,26339.511,32.65,6.2938,567315.991,28.48,6.3364,79272.284,20.17,6.3574,208529.95,8.35,,,,6.3352,61392.751,0.7,6.4065,917482.021,40.04,,,,,,,,,,6.5233,39237.087,9.72,6.555,238939.951,1.43,6.5717,44471.187,57.9,6.6616,12199.108,0.35,6.545,13766.533,0.15,2.1809,560924.788,42.32,6.5908,317067.444,3.48,,,,6.6262,747249.048,37.52,,,,,,,6.5902,14192.461,10.27,6.724,2481543.941,14.87,6.7558,207830.412,7.94,6.8053,28677.938,6.84,,,,2.1746,140403.232,33.79,6.7683,439813.297,11.25,6.8305,168269,1.87,,,,6.8829,141802.678,56.18,6.8475,144426.639,3.7,6.876,36289.48,21.69,6.9346,173316.93,55.4,6.9244,727546.485,4.36,,,,6.9791,13515.645,0.68,,,,6.8871,15312.061,6.62,6.9212,19577.897,0.56,6.9859,17214.689,8.92,7.0184,17988.169,2.54,,,,,,,7.0826,116373.585,4.45,7.1407,214653.193,1.29,7.0904,63587.113,8.32,7.1151,11740.889,0.68,,,,,,,7.1438,228968.661,12.49,7.1502,27459.299,8.78,7.0352,13747.572,0.16,7.2367,20060.065,0.57,7.2387,71016.736,50.23,7.1981,13657.491,0.6,7.1956,51841.281,10.49,,,,7.3928,28883.379,0.12,,,,7.4269,19996.572,1.15,7.4287,50331.918,0.55,7.3048,569539.784,30.02,7.2797,62037.862,0.71,7.4479,96596.645,5.9,7.4187,451605.136,23.8,7.4425,61435.071,2.68,7.4845,785148.026,83.45,,,,7.4766,125138.83,1.38,2.5749,34728.791,8.72,7.6201,10693.097,2.5,7.5388,10503.394,100,7.5407,19073.45,6.16,7.589,257237.483,2.82,7.6064,86949.634,0.96,7.5687,149401.973,38.46,7.5878,45998.822,46.64,7.6476,29082.097,4.54,,,,7.8919,43065.04,0.47,2.8226,124065.56,38.19,7.7319,27262.871,4.12,7.7393,19541.028,0.85,7.7419,50651.816,0.21,,,,7.8085,4885085.706,98.07,7.8879,414750.967,2.49,7.9163,17311.681,0.65,7.9902,465957.725,97.67,7.967,978985.588,10.74,7.9712,452443.507,18.87,2.8262,13885.018,0.4,7.9681,496260.319,4.25,7.9579,46323.485,13.25,8.0234,13306.194,0.58,8.0544,14936.776,0.43,8.0188,15961.078,0.87,8.0527,61345.352,20.31,8.0978,216038.524,3.3,8.1018,595165.657,3.57,7.9309,28704.842,9.5,8.0712,166876.676,1.83,2.8507,84105.455,57.82,8.1472,37983.792,1.52,8.1318,13620.09,0.74,8.1327,487623.447,4.18,8.2486,138613.589,10.46,8.3,66749.732,0.57,8.2472,79896.509,3.15,8.3045,31231.425,1.36,8.2808,246205.823,2.71,8.3551,137291.403,7.92,,,,8.3504,85268.981,19.95,,,,8.3717,477711.81,100,8.3775,425212.748,49.07,8.4128,637164.034,25.42,8.4439,257546.06,1.09,8.7203,792663.435,66.23,8.4927,384070.813,22.15,8.493,146596.716,5.47,8.5675,544034.183,57.89,2.9944,33671.777,32.81,8.6244,605053.019,20.82,8.4989,47145.49,23.7,8.7005,1772689.757,70.71,8.7162,16723110.21,98.46,8.7375,2608306.89,20.28,8.7386,8762366.478,37.1,8.8554,54438.928,15.57,8.812,219669.292,85.38,8.7447,76660.879,14.94,8.3553,15548.536,0.17,8.8822,611381.412,92.3,2.9821,67691.709,21.87,8.8714,1679162.116,14.39,8.8782,102213.203,3.82,8.923,3369859.059,51.54,8.9282,3800163.894,22.77,8.9628,369757.786,20.39,,,,9.0341,583167.975,32.16,8.8967,22329.392,4.19,9.0867,287314.065,2.23,9.0883,14411.05,1.2,3.1147,145012.358,63.33,9.1719,94400.029,0.4,,,,9.2031,41310.87,1.65,9.204,55897.419,41.02,,,,,,,9.2248,57882.502,38.02,9.2738,731825.741,88.74,9.273,314051.168,89.43,9.2655,544771.991,15.58,3.1635,57099.818,42.45,9.2714,2937972.442,25.18,9.2695,2855881.4,31.47,9.3601,51714.757,3.87,9.4123,1053148.483,30.13,9.4127,2122850.501,18.19,9.4146,2888360.472,31.82,9.4356,52801.235,6.09,9.5366,99417.202,4.2,9.4541,255895.178,1.99,,,,,,,3.2132,68264.252,5.11,3.2957,24653.282,6,3.2908,142319.343,37.51,3.3789,549278.879,62.16,3.3609,135962.364,46.01,3.483,22542.791,0.86,3.4747,605549.395,30.7,3.5266,66089.48,38.57,3.5491,149111.898,67.29,3.6252,165332.055,7.96,3.7081,1606630.636,97.18,,,,,,,,,,,,,,,,,,,3.9945,46665.391,5.39,,,,4.0366,356549.502,2.14,4.056,25792.058,8.48,4.0795,389783.097,71.44,4.1098,893070.147,98.19,4.1654,516051.049,20.36,4.1949,15545.505,0.68,4.1829,29213.279,7.23,,,,4.1254,28955.446,11.88,4.2254,585084.387,36.71,4.3229,54989.409,6.35,4.31,34465.649,1.66,4.3768,318876.67,13.91,,,,4.3623,56086.311,0.34,,,,,,,4.4346,46643.998,7.29,,,,4.4592,10641.204,0.46,,,,4.5807,660240.069,16.9,,,,,,,4.5675,804681.637,30.76,4.6528,25028.875,0.29,4.6073,42132.162,1.76,0.9308,62323.818,21.71,4.5733,23296.106,0.14,,,,4.6774,125796.481,6.94,4.6904,86357.114,2.28,4.715,172152.936,54.85,,,,,,,,,,4.8011,1530511.335,40.38,,,,,,,,,,4.9053,1386479.308,36.58,4.8443,20751.451,0.23,4.885,48603.242,2.03,,,,,,,5.0167,215751.435,24.9,,,,,,,,,
230_2012_T_2n,,,,,,P1-F8,,1,,,,,,,,,,5.0573,22809.739,0.56,5.0435,13380.237,1.73,,,,5.164,16286.478,3.49,5.2698,50887.105,15.56,5.1675,79524.371,31.19,5.2011,17083.887,0.74,5.1864,119596.337,10.07,1.3012,90266.825,8.35,,,,,,,5.1589,23609.633,2.59,5.3723,14313.578,0.42,5.3514,18100.736,0.24,5.3154,1268989.232,19.7,,,,5.4838,19907.773,2.57,5.4187,19850.523,2.84,1.6376,203084.224,8.43,,,,5.4291,410786.238,7.83,5.4348,39803.015,1.99,5.4605,40807.204,5.44,5.4401,11517405.93,92.73,,,,,,,,,,,,,5.5261,42848.995,13.11,1.6491,110491.316,29.36,5.5768,1065748.353,85.14,5.6016,35544.87,5.09,5.5969,31371.835,0.72,,,,5.6398,26681.392,2.93,,,,5.66,307167.996,4,5.6802,358536.278,18.83,5.7267,28895.817,1.43,,,,,,,5.7191,322214.537,10.38,5.714,43821.2,0.35,5.7321,16726.679,7.35,,,,5.7947,180283.136,4.41,,,,5.8335,92022.496,100,,,,5.9556,29756.954,2.79,,,,5.9757,325963.88,13.49,6.0095,192140.845,8.58,,,,6.0345,193328.845,13.25,,,,6.082,713401.799,29.6,6.0485,50432.867,15.5,6.1005,26299.816,2.42,6.1328,60677.889,34.43,,,,,,,6.1369,11847.386,0.48,,,,6.1807,143104.238,3.5,6.1828,630599.39,70.76,6.2412,523993.944,26,6.2436,452724.061,18.73,6.1793,35410.556,19.58,6.2927,835277.65,36.09,6.3331,48487.11,5.44,6.3585,53716.029,1.34,2.0234,67024.362,23.1,,,,6.4074,1361975.844,51.21,,,,6.6641,10004.081,17.89,,,,6.6503,11439.359,1.26,6.559,11488.064,1.48,6.5722,23934.339,14.39,,,,,,,2.1585,224145.966,34.59,6.5018,33201.305,0.98,6.6165,30278.323,0.24,6.6289,648793.386,28.03,6.65,87316.301,36.9,6.6814,15724.522,8.64,6.6871,17237.307,4.67,,,,6.7417,248036.307,8.7,,,,6.7448,10021.083,1.1,2.1819,62570.367,27.66,6.8047,571899.137,8.88,,,,,,,6.8808,224034.662,68.05,6.9105,32300.518,0.5,6.8725,165239.486,47,6.9336,544358.302,65.64,,,,6.9474,28594.198,22.23,6.9839,14416.854,0.62,,,,6.8747,60517.011,9.31,6.9909,114025.761,58.18,,,,7.019,50894.303,15.48,,,,,,,7.0754,97712.36,3.43,,,,7.0885,348361.14,94.17,7.2459,18579.754,2.39,2.388,89733.822,40.08,,,,7.1387,417938.956,13.47,7.1473,32485.991,3.92,,,,7.1551,98104.741,12.43,7.2308,10116.795,18.09,,,,,,,,,,7.279,34156.436,2.42,,,,7.3674,312341.823,40.13,7.368,756313.529,22.24,7.3081,845481.608,37.77,7.3681,60936.883,14,7.5331,70530.423,6.62,7.4154,425432.566,19.01,7.4363,5557573.263,72.29,,,,7.4792,145326.36,49.93,7.4803,113144.325,22.34,2.545,171884.423,100,7.4392,71306.766,56.78,7.5273,24477.07,66.23,7.5354,10069.26,1.32,7.7292,10860.077,0.32,,,,7.5698,201306.04,40.58,7.6106,13269.802,13.1,7.6404,10093920.46,92.3,,,,,,,2.8227,142196.874,25.12,7.7319,65892.788,44.31,7.7494,19392.838,0.25,7.739,101247.433,7.19,7.7363,38330.107,29.8,7.8018,5026548.941,94.71,7.9096,11965.785,1.55,7.9531,13943.221,0.34,,,,,,,8.1685,18952.31,5.8,2.8295,59651.674,7.56,,,,8.0277,529486.964,25.64,7.9254,15433.564,0.2,7.9392,36821.226,4.67,8.067,11893.972,0.38,8.0584,85012.181,26.52,8.1546,11729.788,17.88,8.0923,11668.837,1.51,7.9244,13843.532,4.32,8.0716,41939.44,1.23,2.8656,20674.431,16.94,8.0748,27552.843,0.69,8.144,109337.717,3.52,8.144,28746.192,1.17,8.2537,28443.974,4.39,,,,8.2443,246390.37,44.83,8.288,16328.005,0.21,8.3764,12885.424,2.54,8.3282,328458.392,42.2,,,,,,,8.4128,10254.589,0.73,,,,8.3802,433966.586,43.54,8.4126,107692.498,1.01,8.5078,89587.352,6.36,,,,,,,8.4948,177682.773,4.35,8.5892,520856.055,68.29,2.9993,10440.977,33.36,8.6321,11857.087,0.51,8.5904,15070.853,1.04,8.7075,10574528.08,98.76,,,,8.7552,82671.682,15.25,8.7684,44298.755,3.14,8.8325,21202.286,1.03,8.8138,1230001.265,65.61,9.1008,10336.7,4.59,8.3285,220355.032,6.48,8.8558,16174.182,10.88,2.9748,172187.74,22.56,8.8824,38981.771,1.58,8.8794,79913.287,1.96,,,,8.9386,10389.593,1.34,8.9571,185056.248,30.51,,,,9.0367,269562.645,44.45,,,,9.1086,10464.697,1.93,,,,3.1356,72447.302,6.64,9.2535,93938.875,6.67,,,,9.196,2379010.143,59.36,9.3222,62322.299,4.23,9.2103,3285645.691,99.66,9.2074,1334466.26,90.48,9.2246,205262.903,60.85,9.2663,1268346.865,95.98,9.272,1305058.375,98.55,9.2683,114941.656,14.56,3.1619,101866.463,47.55,9.2725,682209.146,27.72,,,,9.3604,309057.607,19.45,9.4196,15952.33,2.02,9.3974,864639.779,35.14,9.4732,15001.46,2.96,9.432,326046.398,32.71,9.5226,14017.922,0.82,9.3638,30694.849,5.66,,,,,,,,,,3.2851,785584.153,72.36,3.2723,911278.587,87.41,3.3809,786775.112,80.09,3.3582,75602.009,12.24,3.4743,98515.741,3.46,3.4707,284667.851,11.81,3.5492,68406.37,16.27,,,,3.623,178001.389,5.98,3.7007,1316833.049,75.71,,,,3.837,61866.117,2.08,3.8867,152573.848,12.78,3.9374,94537.647,37.02,3.9294,39117.127,37.6,,,,4.0313,14695.343,1.01,4.1206,36911.102,4.44,4.042,232826.146,30.09,4.177,30319.384,8.68,4.0832,299771.019,34.04,,,,4.147,364223.63,19.12,4.1875,549953.928,7.15,4.1945,298464.733,32.8,4.1905,13690.408,0.4,4.1803,15641.048,4.7,4.2391,795931.42,72.02,4.3203,55048.869,3.77,4.3085,70602.504,2.37,4.3763,111123.767,4.18,,,,,,,,,,,,,4.4317,228502.795,2.09,4.447,321759.511,38.71,,,,,,,4.5665,803038.404,12.47,,,,,,,4.6547,43612.704,1.53,,,,4.6055,26466.577,8.1,0.9291,247772.652,52.9,4.5843,20282.455,2.62,,,,,,,4.6903,140054.741,2.67,4.7134,453838.991,75.31,4.734,18766.861,1.76,,,,4.7559,65677.019,9.41,4.7988,2062875.691,39.3,,,,,,,4.9349,25023.269,0.2,4.8913,2008802.946,38.27,5.0493,123402.905,3.63,,,,,,,4.9384,23981.83,52.16,5.0113,171141.02,11.73,5.0031,19681.239,3.03,,,,5.1458,62902.221,4.31
233_2021_W_4n,,,,,,P1-C2,,1,,1.2648,36857.656,,26.38,,,,,5.0458,27384.004,0.63,,,,5.1468,80012.576,7.84,5.1652,14926.844,1.73,,,,,,,,,,5.1977,69845.113,9.19,1.3076,437525.16,35.56,5.1414,12245.284,3.67,,,,,,,5.2681,15486.942,1.28,,,,5.3155,1153815.499,26.57,,,,,,,,,,1.6435,18096.063,1.59,5.3978,606957.927,25.01,5.4259,176023.863,5.26,5.4376,385930.718,13.51,5.4411,288135.961,42.45,5.4495,17127.934,43.25,,,,5.5111,309099.592,9.29,5.5043,736565.331,43.9,,,,,,,1.6305,13081.878,19.23,5.5726,237873.125,83.1,,,,,,,,,,,,,5.6499,388933.86,5.12,,,,5.6911,319059.012,16.45,5.6887,18047.281,1.33,,,,1.7014,997231.521,77.46,5.6813,33026.599,2.27,,,,5.7619,13070.475,6.42,,,,5.7943,229408.368,5.32,5.8118,307307.435,12.77,5.8257,24913.197,53.2,,,,,,,,,,5.9835,89005.213,7.15,6.0132,111829.824,9.05,,,,6.0434,30943.624,1.92,6.0404,378964.374,15.75,6.079,173657.458,15.25,6.1109,18653.147,0.36,6.0984,98765.532,17.57,,,,6.1284,433305.276,18.01,,,,6.177,11704.221,0.35,5.9859,16637.46,16.81,6.1862,57405.732,1.33,6.1822,93099.672,43.88,6.2356,42797.052,3.15,6.244,68492.452,5.51,6.2744,28136.947,22.48,6.2905,295383.458,15.61,6.3368,96610.973,45.54,,,,,,,6.38,473969.583,19.7,6.4053,1575873.565,64.39,,,,,,,,,,,,,,,,,,,6.5883,14392.702,0.19,,,,2.166,106391.239,20.5,6.6603,10026.31,0.83,,,,6.6207,965991.693,51.05,,,,6.6,11487.668,0.47,,,,,,,6.7605,267329.664,14.56,,,,,,,2.1638,96460.75,26.63,6.7565,439383.776,10.12,,,,,,,6.8736,25100.213,27.14,6.8552,373202.237,8.6,6.8869,21327.543,15.47,6.9258,97099.454,53.8,,,,,,,6.9447,37085.694,1.96,,,,6.9582,153962.466,6.43,6.9815,74273.818,47.14,,,,,,,6.9951,14575.051,6.96,,,,6.9934,19927.768,1.09,,,,7.0818,57774.368,38.22,,,,2.3777,52469.439,72.15,7.1232,12973.399,1.27,7.124,52005.074,3.57,7.1395,44499.551,24.66,7.0939,21781.856,0.91,7.145,190609.604,2.51,,,,7.2698,10149.321,2.73,,,,,,,7.3486,458664.554,7,,,,,,,7.399,13714.199,1.14,7.3612,59515.682,4.81,,,,7.2745,15796.392,7.45,7.4261,216716.127,17.53,7.4323,20797.228,5.59,,,,,,,,,,2.5395,132241.787,66.91,,,,,,,7.5369,12184.685,16.35,7.5822,34340.134,2.84,,,,7.5598,56766.895,38.6,,,,7.6444,39509.357,13.63,,,,7.8569,12977.421,2.71,2.8019,99477.126,40.12,7.7329,34944.869,14.21,,,,7.7452,470101.458,7.18,,,,7.803,2445385.686,98.62,,,,7.9459,27230.099,0.63,7.9884,205261.573,100,,,,8.1624,35863.424,54.35,,,,7.8513,165763.306,4.98,7.9477,24808.286,0.75,,,,8.0418,301403.818,3.97,8.0294,33208.946,2.28,8.0618,14398.121,1.12,8.0631,24413.867,45.08,8.0248,50147.312,47.38,8.1539,169956.568,13.19,,,,,,,,,,8.2456,21988.41,1.51,,,,8.3703,82896.028,15.97,8.2414,871240.94,26.18,8.2407,47086.099,7.07,8.2552,13137.744,3.53,8.2446,87177.247,18.21,,,,,,,,,,8.3712,1463692.403,22.35,,,,8.3771,126222.013,58.09,8.4147,83078.918,1.47,8.4787,1372419.296,20.96,8.4779,2328100.487,45.21,,,,8.5098,1877368.718,43.52,8.5849,614823.558,97.62,2.9868,112236.946,65.39,8.6283,100441.083,7.45,8.7306,12250.765,1.47,8.7024,5330024.919,94.33,,,,8.7611,19276.016,0.9,8.7426,14629.165,0.22,8.7966,31208.066,0.95,8.8125,793219.098,68.7,8.867,47136.748,3.02,8.4171,30730.043,2.55,8.8813,140025.833,56.95,2.9667,12388.601,16.62,,,,8.8889,47523.854,1.1,,,,8.7701,10911.929,10.31,8.9569,13685.607,4.11,,,,9.0389,21140.49,6.34,9.0411,25118.182,3.7,9.1483,33972.033,1.59,9.0994,1267091.161,24.61,3.1058,80709.332,25.71,9.096,781318.414,11.93,9.1066,57961.54,41.16,,,,9.1012,76314.462,57.88,,,,,,,9.221,74860.608,67.74,,,,,,,9.3104,1765594.522,23.23,3.1569,39570.259,53.21,9.4801,16665.265,0.5,9.3243,32084.592,6.7,9.3526,21001.149,4.24,9.3952,998891.134,13.14,9.3816,293807.827,8.83,9.4008,11170.262,2.33,9.4182,16352.991,7.53,9.4779,105221.673,16.14,9.6031,29601.676,1.39,,,,,,,3.1889,26810.686,5.42,3.2834,134895.458,23.99,3.2901,157483.699,26.63,3.3956,67003.718,43.08,3.3503,18648.268,10.65,3.4585,48573.086,2.65,3.472,133062.877,11.69,3.5252,30324.342,17.78,3.5418,30224.328,28.04,3.6207,157633.414,7.6,3.6968,639296.319,100,,,,3.8402,31534.585,1.52,,,,,,,3.9315,134513.494,100,,,,3.9869,194340.762,12.09,,,,,,,4.05,21357.097,11.09,4.0721,62632.261,14.68,,,,4.1541,337912.706,17.42,,,,,,,,,,4.2003,624176.902,67.38,4.2411,123136.229,35.23,4.309,116067.507,7.22,4.3131,73026.147,3.52,4.3731,200826.288,8.21,,,,,,,,,,,,,4.4237,38254.822,13.2,,,,,,,,,,4.5761,290241.894,6.68,,,,4.5863,421963.688,57.38,4.5645,272227.625,14.83,,,,,,,0.9258,50204.114,23.29,,,,,,,,,,4.6927,43946.365,1.31,4.714,67488.14,45.76,,,,,,,,,,4.7906,1478197.368,44.14,,,,0.9139,13951.154,9.99,,,,4.9003,1345900.587,40.19,,,,,,,,,,,,,5.0108,366466.652,22.79,,,,5.012,894775.313,11.77,5.1366,72171.599,4.49
234_2012_T_2n,,,,,,P1-E6,,1,,,,,,,,,,5.0297,109494.63,2.7,,,,,,,5.1147,21822.336,15.05,5.1616,30185.746,9.36,5.186,12503.187,9.55,5.2035,23467.162,1.85,5.1851,33912.924,4.9,1.2949,126585.665,19.98,,,,,,,5.1699,57053.74,12.07,5.2589,15197.677,0.87,5.2972,94532.345,2.95,5.3194,1010440.509,19.19,5.4605,36578.786,11.98,,,,,,,1.6455,70289.725,7.01,,,,5.4349,224071.951,5.95,5.4361,46391.216,3.32,5.4404,48884.122,11.77,5.4484,5302558.89,64.75,,,,,,,,,,,,,5.526,14901.269,4.62,1.6508,20285.905,16.52,5.5843,904972.649,87.93,5.5922,23542.948,10.74,5.4519,46453.178,1.58,,,,5.7808,24714.445,5.23,,,,5.6731,180083.108,5.61,5.6831,279516.065,23.52,5.7051,56031.152,4.05,,,,,,,5.728,140992.48,10.82,5.7267,12861.804,0.16,5.7363,18171.865,41.42,,,,5.8041,230643.263,5.69,,,,5.8303,86758.892,79.39,,,,6.0309,22463.675,2.77,,,,5.9875,262867.658,15.23,6.0205,202652.529,13.08,6.034,17298.61,3.66,6.0466,110585.103,10.6,,,,6.0836,201990.993,20.14,6.043,31143.299,21.91,6.1056,90631.381,9.94,6.133,373030.292,72.33,6.1324,14327.498,6.12,,,,6.1711,10738.952,0.73,,,,6.1947,97756.708,2.41,6.1958,274333.499,79.67,6.2525,490456.781,35.41,6.2526,408433.508,23.67,6.1957,18060.876,14.93,6.3008,579471.556,45.73,6.3338,12093.687,3.51,6.3675,20477.699,1.45,2.008,18645.317,21.91,,,,6.4039,987512.718,46.92,,,,,,,,,,,,,6.557,13679.432,1.43,6.5707,126363.475,54.43,,,,,,,2.1672,62631.351,12.72,,,,6.6223,44983.48,0.55,6.623,311866.195,24.61,6.6437,115395.657,45.81,,,,,,,,,,6.7508,293287.804,10.49,,,,,,,2.1735,154406.007,59.07,6.7593,892211.047,16.95,,,,,,,6.8826,159501.039,75.7,6.815,332480.375,6.32,6.8669,173003.829,61.68,6.9343,194966.653,79.73,,,,6.947,11863.937,17.41,6.9457,10342.937,0.82,,,,6.8793,28873.521,15.56,6.9936,28415.983,46.2,,,,,,,7.0822,18279.125,5.28,,,,7.0725,10366.594,0.37,,,,7.0894,86166.451,89.11,7.2622,12415.563,4.23,2.3981,16232.779,13.34,,,,7.1386,82436.443,6.33,,,,,,,7.1514,57897.952,7.84,,,,,,,7.2,143428.607,67.5,,,,7.2963,13363.415,1.06,,,,7.3634,56646.019,19.31,7.3703,89641.01,5.11,7.3847,26989.296,1.74,7.3768,12390.827,5.29,7.5379,79832.579,9.85,7.4175,258193.121,16.66,7.4492,1786166.558,55.67,,,,7.4835,33555.378,18.87,7.4767,118221.257,35.24,2.541,103059.69,65.92,7.4421,17789.399,54.74,,,,,,,7.4391,19259.226,1.1,,,,7.5666,95425.006,26.34,,,,7.6491,7387167.428,92.47,7.6991,12787.808,100,7.7169,53787.309,16.03,2.8086,334843.937,66.51,7.7344,43506.536,8.18,7.7494,12584.182,0.39,7.7349,106391.314,8.45,7.7432,31893.264,46.79,7.8088,3399350.506,97.41,7.9175,20368.848,2.13,7.9287,44624.2,1.1,7.9914,87626.098,100,,,,8.1674,12070.467,3.74,2.8219,55380.067,7.5,,,,8.0283,177980.378,18.73,,,,,,,7.8561,65977.526,5.06,8.0524,114676.997,40.65,8.0738,113676.565,42.76,,,,7.9322,44803.212,15.88,8.1338,12479.102,0.71,2.8468,20182.103,100,8.2746,83902.052,5.93,,,,,,,8.2563,40729.979,8.27,8.4866,44072.635,2.99,8.251,67305.983,76.15,8.3206,14024.794,0.44,,,,8.2829,112362.803,38.3,,,,,,,8.2289,12294.015,0.98,,,,8.3789,81207.696,20.8,8.4115,709698.368,9.69,8.4911,23040.173,1.83,,,,,,,8.5077,237141.433,5.85,8.5882,457065.96,81.86,2.9914,12657.888,36.55,8.6283,290690.24,22.17,8.5104,129485.477,20.76,8.7077,6589660.7,90.01,,,,8.7418,20761.573,1.68,8.7693,13182.286,1.05,8.8732,50852.051,5.35,8.815,652580.797,40.98,,,,8.2835,169163.47,9.64,8.8854,418075.65,78.57,2.9652,217941.123,44.94,8.8927,54216.705,3.68,8.8951,31635.776,0.78,,,,9.0253,13992.533,1.46,8.9555,430565.218,40.14,,,,9.0323,440030.452,41.03,,,,9.1114,13458.93,1.09,,,,3.1195,63055.152,20.88,9.0336,280216.066,22.25,,,,9.1999,561043.148,39.66,9.2024,678295.54,97.11,9.2056,663048.897,98.51,,,,9.2244,256038.48,73.92,9.2674,2142611.73,95.16,9.2744,2407866.126,100,9.2762,100921.19,13.66,3.1661,31204.547,33.21,9.2675,968504.817,65.78,,,,9.3544,153876.176,17.19,9.2656,99009.82,13.4,9.3919,14114.469,0.96,,,,9.4355,193885.366,49.66,9.538,31476.947,3.67,9.3593,11062.066,0.9,,,,,,,,,,3.3036,186380.117,20.44,3.2912,740641.902,91.81,3.3773,543364.146,55.45,3.3776,65196.756,15.52,3.4785,35784.631,1.28,3.4902,138402.726,13.8,3.5327,164485.305,79.25,,,,3.6323,158080.56,8.89,3.7017,1189982.61,87.48,,,,,,,3.8901,105507.731,17.29,3.9359,33618.323,19.31,,,,,,,4.0128,19377.909,1.86,4.1351,29514.422,4.86,4.0432,619097.647,64.8,,,,4.0893,258286.76,39.02,,,,4.1585,250601.797,21.08,4.1971,153867.183,4.8,4.1962,130137.688,27.53,4.1851,223469.226,12.74,4.1318,38396.346,14.37,4.2436,411259.753,76.57,4.3257,44112.627,4.23,4.3352,15030.317,0.85,4.3792,222438.878,10.57,,,,,,,4.4986,124601.021,15.38,4.4426,139525.968,43.25,4.4377,87076.714,1.09,4.4518,353425.564,58.18,4.4775,220764.405,6.88,4.4833,87971.137,100,4.562,341111.559,6.48,,,,,,,4.5737,913679.341,32.67,4.5734,15904.035,6.79,4.6046,35711.069,11.07,0.9106,25351.926,15.02,4.582,57434.75,6.01,,,,,,,4.6949,90885.158,2.42,4.7135,264987.172,70.58,4.8495,18144.268,2.24,4.757,18146.239,47.67,4.7509,105201.958,47.97,4.8063,1537166.963,40.85,,,,,,,4.8647,110940.069,1.35,4.9168,1464222.973,38.91,4.934,93330.029,5.32,,,,,,,,,,5.0118,152989.077,14.66,,,,,,,5.1502,36654.004,3.51
23_2021_T_4n,,,,,,P1-C6,,1,,,,,,,,,,5.0323,11160.751,0.33,4.9673,17879.382,0.11,5.3046,41056.616,12.91,5.1898,12535.142,4.07,5.1439,11366.172,0.45,,,,,,,5.1855,14379.453,4.07,1.2984,185015.121,24,5.2012,44767.411,3.01,,,,5.3438,12895.782,3.72,5.2699,15656.498,0.19,,,,5.3181,80878.153,2.95,,,,,,,5.3278,12382.816,6.46,1.6405,24304.505,1.86,,,,5.4231,113856.873,3.99,5.4351,379398.426,24.91,5.4299,387478.413,40.04,,,,,,,,,,,,,,,,5.5088,136378.101,5.41,,,,5.579,264341.621,100,,,,,,,5.675,1190238.852,14.51,5.7776,47923.928,13.81,,,,5.6776,35060.163,7.16,5.6769,109008.359,6.64,5.7758,37380.119,3,,,,,,,5.7274,63099.016,4.13,,,,,,,5.6765,231130.117,1.37,5.808,14787.854,0.44,,,,5.8247,46412.646,100,6.0076,5913144.385,34.93,5.9444,741248.321,61.62,,,,5.8981,14310.789,1.78,6.0144,90638.751,10.12,5.9465,13152.357,3.79,6.0546,77386.461,4.81,6.011,1977555.411,24.11,6.0853,179082.047,13.74,6.16,16341.646,1.61,6.0959,104868.23,20.67,,,,6.1577,150070.667,1.83,,,,6.1566,2369242.813,26.13,6.1657,42429.493,12.74,6.2023,28906.33,0.87,,,,6.0865,14729.485,1.18,6.2471,12642.456,1.57,,,,6.2912,317653.933,12.04,6.3403,88923.773,87.62,6.3551,161313.609,6.62,,,,6.3385,70681.634,0.86,6.3982,1033266.186,49.24,6.5664,20866.69,10.89,6.6702,12555.439,12.94,,,,,,,6.5441,1596395.716,9.43,6.5853,32183.623,71.32,6.5139,61780.721,1.91,6.5456,108895.733,1.23,2.1652,487620.565,71.25,6.5867,337235.307,4.19,,,,6.6245,1579733.123,59.88,,,,6.8498,10291.888,5.77,6.5962,33213.218,16.05,6.7169,1761465.651,10.4,6.7017,55117.602,3.52,6.7971,15170.372,6.59,6.7629,81150.251,23.39,2.1564,623235.545,74.38,,,,6.8254,314162.768,3.56,,,,,,,6.8536,854972.74,31.2,6.6875,10095.385,12.31,6.9246,20128.209,19.34,6.9622,164638.396,0.97,,,,6.9378,56216.823,2.13,,,,6.8549,10254.263,1.85,6.8334,15222.16,0.49,,,,7.0099,47245.454,30.25,7.0821,70606.932,27.62,,,,7.0728,10671.419,0.68,7.1341,164158.055,0.97,7.0836,15543.005,3.71,7.1119,15686.509,1.05,2.3851,24570.676,31.81,,,,7.0612,21569.673,1.41,7.1378,59069.221,56.76,7.2696,18677.092,0.23,7.1594,85639.245,2.65,7.2329,37240.127,38.38,7.095,15350.882,3.14,,,,,,,7.4072,31177.7,0.14,,,,7.4324,21589.359,1.44,7.4803,221293.798,2.75,7.363,136734.68,15.26,7.4789,248880.835,3.03,7.4527,66404.944,5.52,7.4205,322675.035,36.01,7.4273,26041.011,5.32,7.4809,689185.051,42.4,,,,7.4796,46206.395,0.52,2.564,76666.096,18.11,,,,7.5304,35420.51,100,7.5387,61668.858,19.79,7.5889,125284.744,1.56,7.6005,110467.336,1.25,7.567,124983.47,38.98,7.5938,50129.984,100,,,,,,,7.885,21188.971,0.24,2.8137,103917.528,71.97,7.7372,192662.929,57.01,7.7259,15737.132,3.22,,,,,,,7.8059,3849368.244,98.47,7.885,320965.61,1.9,7.9297,56665.597,1.7,,,,7.9667,172817.122,2.15,7.973,464985.934,18.45,,,,7.9734,143055.316,1.58,7.9323,12045.698,3.5,,,,8.0617,22041.715,0.68,8.0663,97033.491,6.35,7.8984,25572.862,14.16,8.1041,83584.851,1.28,8.0994,513947.173,3.04,,,,8.1484,15192.176,0.19,2.8321,103822.51,61.2,8.1532,29769.623,1.22,8.2736,133010.085,8.71,8.1441,46696.664,0.51,8.2535,17091.522,2.5,8.2775,64545.3,0.71,8.2366,51939.503,2.54,8.52,10658.855,2.18,8.2965,160061.752,1.81,8.3635,44937.356,3,,,,8.3469,44958.477,18.16,8.2676,11357.767,0.05,,,,8.381,164667.305,23.85,8.4107,90723.484,2.41,8.4914,214512.095,0.94,8.737,429544.387,42.25,8.5016,274738.691,18.34,8.4869,1861317.637,55.73,8.5926,459366.541,78.27,2.9935,10115.647,9.08,8.6196,37336.786,2.34,8.4913,448943.359,85.33,8.694,3487767.922,92.73,8.7345,9938566.105,97.65,8.7594,8627890.46,50.35,8.729,13117131.05,57.59,8.8574,18813.97,5.47,8.8096,66646.106,27.84,8.8362,11368.317,1.69,8.0755,127123.109,1.58,8.8756,19350.421,5.73,2.9682,13970.323,4.48,8.8703,886063.076,9.77,8.8763,50041.748,1.5,8.9294,3640896.455,55.72,8.919,4494137.438,26.55,8.9606,271672.816,18.27,,,,9.0283,306964.022,20.65,,,,9.1017,80026.674,0.47,9.1058,11871.427,1.17,,,,9.1878,44356.367,0.19,,,,9.201,11479.931,0.47,,,,8.9832,22592.424,100,,,,9.2247,43270.37,78.92,9.26,139322.052,51.8,9.27,10425.935,100,9.2663,264697.218,8.2,3.1647,13824.423,56.36,9.2717,1397660.005,15.41,9.2671,1871641.345,21.12,9.3589,15248.646,1.99,9.4168,951660.958,29.48,9.4092,1904780.486,21.01,9.411,2980045.897,33.63,9.428,21459.355,3.11,9.5146,18251.174,0.96,9.4881,107774.338,0.63,,,,,,,3.2037,10565.482,1.38,,,,3.2851,130179.378,32.76,3.3907,238211.066,45.66,3.3741,16733.034,5.49,3.456,98566.933,6.3,3.4844,251091.701,19.26,3.5265,16214.954,8.1,3.5462,11865.392,25.63,3.6262,15260.103,1.16,3.6971,626489.226,98.29,,,,3.8607,12511.535,0.95,,,,3.9426,21893.357,26.62,3.9302,372295.013,94.03,,,,3.9884,163340.781,10.16,,,,4.0392,27094.019,0.16,4.0656,24303.839,22.86,4.0886,160829.18,47.79,4.1093,148256.789,66.4,4.1674,126618.062,7.71,,,,,,,4.1819,10348.454,0.13,,,,4.2384,1329240.649,91.72,4.3161,183098.216,11.39,4.3256,109169.397,8.28,4.3783,248687.633,11.85,,,,4.3642,99335.528,0.59,4.4981,17954.632,1.49,4.4414,43990.033,1.75,4.4417,76041.53,19.03,,,,,,,,,,,,,,,,,,,4.5739,21459.754,1.37,4.5689,11188.846,0.14,4.6001,21698.735,0.86,,,,4.6451,57399.803,0.34,,,,4.672,171695.356,11.55,4.7039,50159.562,1.76,4.7119,73297.764,21.5,4.8664,10904.414,0.91,,,,4.7507,22145.355,11.55,4.7982,1306258.612,45.81,,,,,,,,,,4.9055,1149558.617,40.31,4.8444,21425.26,0.27,4.9592,10852.335,0.43,4.9765,14445.633,7.54,,,,5.0126,862091.698,53.61,5.0198,10477.496,1.9,5.1058,11232.57,0.35,5.1115,13803.754,0.86
244_2012_T_2n,,,,,,P2-B2,,1,,1.2784,69806.671,,31.43,,,,,5.0754,25315.994,0.89,,,,,,,5.1344,32003.816,12.64,5.2802,59197.66,12.87,5.1818,33393.323,11.99,5.2128,17427.368,0.69,5.183,94959.616,16.36,1.3069,417344.108,49.96,,,,,,,5.1656,89585.401,18.75,5.3655,31183.924,1.97,5.3199,49127.662,0.24,5.3229,454600.459,13.73,5.4627,11282.526,5.19,,,,,,,1.636,322632.757,14.12,,,,5.4428,299811.742,9.82,5.4284,381189.221,23.1,5.4452,307568.524,28.5,5.4552,4515598.609,78.82,,,,,,,,,,,,,5.5374,35321.59,7.68,1.6576,43771.656,22.11,5.5895,659194.649,87.84,,,,5.608,188036.024,9.68,,,,5.788,39955.443,8.36,5.5586,10301.094,1.63,5.6781,212169.341,1.03,5.6909,312606.709,22.02,5.6901,40600.948,4.73,,,,,,,5.7248,45733.487,3.23,5.8076,12299.619,0.21,,,,,,,5.8021,218470.618,7.71,,,,5.8344,105020.572,100,,,,5.9543,11209.046,1.45,,,,6.0025,76903.279,5.9,6.0192,160038.218,8.81,,,,6.0502,108360.704,12.11,,,,6.0904,414511.144,18.14,,,,6.1087,45761.186,5.38,6.1365,268924.895,65.54,,,,,,,6.1732,55129.648,2.99,,,,6.2005,81102.479,2.86,6.2001,157654.293,48.23,6.258,222533.044,25.93,6.252,213447.095,16.38,,,,6.3002,318152.213,12.54,6.345,142238.222,43.51,6.3609,92948.609,6.16,2.0187,139748.943,78.22,,,,6.411,1723932.082,63.8,,,,,,,,,,6.4351,15646.675,3.27,6.5546,19871.961,2.12,6.5761,77525.8,42.07,,,,,,,2.1711,47990.941,16.45,6.5805,11280.964,0.71,6.6122,422649.949,7.38,6.6317,1353141.965,53.34,6.6554,31399.178,21.13,,,,,,,,,,6.7115,517745.817,24.85,,,,6.9717,38965.004,8.15,2.1716,49761,36.9,6.7634,464796.833,14.04,6.8285,10528.658,2.91,,,,6.8989,50921.073,32.07,6.8609,304377.26,9.19,6.8873,25707.753,24.8,6.9432,92728.77,51.94,,,,6.9402,11593.027,30.11,6.9463,47461.316,1.87,,,,6.8823,18261.812,9.52,7.0011,45898.913,47.82,,,,7.0201,10898.187,5.18,,,,,,,7.0865,60988.421,2.93,,,,7.0948,465609.494,97.77,,,,2.4148,27594.873,31.76,,,,7.1275,114192.168,8.05,7.1474,71217.194,39.89,,,,7.159,34171.022,5.42,,,,7.2025,11981.251,0.06,7.0725,14143.462,14.75,7.1774,12746.963,2.67,7.3407,10342.509,1.16,,,,7.3719,30295.237,26.64,7.3827,71948.002,4.54,7.3076,1063741.369,58.55,7.3554,11949.884,5.55,7.5422,68692.667,8.87,7.4666,29265.265,1.61,7.4364,17101413.62,82.9,,,,7.487,16545.878,16.6,7.4803,69359.607,19.34,2.6053,27362.619,6.55,7.4353,542641.72,91.72,,,,7.5386,24476.249,3.55,7.5357,10497.295,0.66,,,,7.568,132131.343,37.42,,,,7.6527,3900110.789,93.19,,,,7.6968,11153.786,3.11,2.8105,26082.981,10.27,7.7471,21923.055,4.86,7.7306,78745.591,0.38,7.7328,42492.48,4.75,7.7581,14788.649,38.41,7.8046,3225304.35,93.71,,,,7.9339,22424.186,0.79,7.9967,44203.227,100,8.0972,11089.278,0.7,8.1743,53334.235,11.6,2.8639,25553.307,4.06,7.8745,11176.889,0.61,8.0274,66674.697,10.31,8.0399,42045.301,0.2,,,,8.0475,31147.742,2.2,8.0556,71327.569,19.31,8.0778,96469.381,59.7,,,,7.9171,64504.35,17.46,8.1366,18490.525,1.17,2.8403,43758.374,54.33,8.0452,13076.663,0.87,8.1454,30425.651,2.15,,,,8.2483,42599.551,14.6,8.5021,45369.723,2.46,8.2446,72769.323,39.8,8.2942,150153.363,0.73,,,,8.3358,19526.816,17.17,3,10574.58,2.3,,,,8.2326,12536.844,1.4,,,,8.3912,279032.715,35.83,8.4129,152317.702,1.97,8.4983,67975.689,7.6,,,,8.2899,10662.222,9.38,8.5053,199122.227,7.03,8.5758,419065.095,67.87,2.9834,28500.372,33.66,8.6298,358863.139,31.57,8.5968,10937.957,1.45,8.7082,7486704.489,96.82,,,,8.7551,19056.35,2.12,8.7675,10917.273,1.22,8.8689,102133.449,15.8,8.821,479632.565,59.12,9.086,10475.925,6.47,8.2667,23394.572,1.48,8.8839,415385.406,92.13,2.9738,367497.37,53.3,8.8887,22269.162,1.21,8.8918,242531.651,8.56,,,,9.0203,18176.805,1.94,8.9623,128990.013,37.57,,,,9.0328,156874.188,45.69,,,,8.8757,40148.645,4.47,,,,3.1224,533476.954,56.21,9.0408,103169.642,11.54,,,,9.2079,623301.072,41.28,,,,9.211,851697.457,97.7,9.2078,690418.138,96.28,9.2256,160004.102,85.55,9.2756,2200559.1,99.25,9.2758,3083415.932,100,9.2734,223647.988,35.49,3.1685,161896.397,88.75,9.268,1124112.279,60.95,9.0019,35102.096,9.79,9.3588,232278.857,25.89,,,,,,,,,,9.4339,367478.346,47.19,9.5216,37699.27,5.6,9.5844,12586.605,1.4,,,,,,,,,,3.2912,378407.704,44.5,3.2926,356690.056,49.42,3.38,79682.658,16.88,3.3724,67964.214,22.87,3.4862,130449.238,6.26,3.4847,451494.628,19.76,3.5267,91880.159,25.97,,,,3.6312,81862.944,4.76,3.6989,570216.804,85.24,,,,,,,3.8821,51927.065,8.62,3.9431,58051.543,21.73,,,,,,,4.0057,127559.542,14.25,4.1338,18592.93,2.49,4.0484,591519.5,63,4.0625,26155.422,8.52,4.0882,394982.03,52.15,,,,4.164,340051.662,23.95,4.1956,242369.924,1.17,4.1962,198602.953,41.56,4.1784,15823.899,1,4.1222,28241.995,14.97,4.2477,602076.392,73.75,4.3494,13473.249,1.51,4.3244,24064.496,1.4,4.3775,109213.868,4.04,,,,,,,,,,,,,4.4392,56534.636,1.35,4.4632,226554.949,30.38,4.5051,14280.399,0.07,,,,4.5748,397040.817,11.99,,,,,,,4.5781,452320.329,21.71,4.5883,19852.687,9.22,4.6025,106650.142,23.19,0.9171,129811.526,31.11,4.5759,44929.805,4.79,4.6123,12600.155,1.63,,,,4.6966,121885.88,3.99,4.7163,293885.874,60.64,,,,,,,4.7591,35373.409,7.68,4.7909,602917.626,19.75,,,,0.922,14712.762,6.63,4.9468,10030.179,0.18,4.9083,1070203.356,35.05,4.836,154484.327,9.74,,,,,,,4.9731,14456.486,22.76,5.0124,193693.117,21.64,5.1615,18898.33,9.86,,,,5.1602,51815.809,5.79
248_2012_T_2n,,,,,,P2-A2,,1,,1.2887,16389.915,,12.52,,,,,5.0755,26834.716,0.69,,,,,,,5.123,52720.869,19.04,5.2684,48763.949,25.63,5.1745,74467.2,20.8,5.2045,28888.961,1.22,5.1974,91411.884,9.81,1.2904,302136.332,23.24,,,,5.1955,21661.324,14.37,5.1675,29081.898,3.42,,,,5.1767,12244.729,0.12,5.3143,1088024.999,18.11,5.4572,10660.095,3.34,,,,5.4116,10642.502,2.64,1.6394,254525.405,9.88,,,,5.4339,402713.823,7.57,5.4468,134890.469,6.43,5.4374,39353.181,5.29,5.4452,9570071.853,89.75,,,,,,,,,,,,,5.5275,27440.014,14.42,1.6518,120497.189,26.62,5.5745,1761443.308,89.88,5.5894,21146.901,5.25,5.6027,58816.466,1.02,,,,5.7748,14538.086,1.71,,,,5.67,262086.611,2.54,5.6825,367895.396,18.34,5.7131,88529.797,4.13,,,,,,,5.7294,423447.091,13.88,5.8574,15694.604,0.15,5.7259,13939.601,10.26,,,,5.7958,348480.462,8.98,,,,5.8373,123878.368,59.11,,,,5.9513,42153.829,3.67,1.7597,12308.713,1.4,5.9749,307159.974,11.82,6.0119,220357.292,11.72,,,,6.0365,238229.135,15.28,,,,6.0834,686386.698,26.65,,,,6.1033,49235.312,7.53,6.1365,217050.345,57.92,,,,,,,6.1636,17998.121,0.88,,,,6.1852,149947.108,3.86,6.1935,276589.098,75.71,6.2438,593546.546,27.72,6.2374,484977.418,18.66,6.1817,23585.051,10.66,6.2957,934100.119,39.5,6.3371,11702.198,3.2,6.3554,74986.793,2.38,2.015,93217.288,31.63,,,,6.4022,1471173.152,51.42,,,,,,,,,,,,,,,,6.5667,66310.082,27.45,,,,,,,2.1607,392466.763,42.73,6.496,12615.733,0.71,6.6183,151837.289,1.42,6.6281,619293.251,26.19,6.6483,264286.377,56.67,6.6948,12643.416,4.13,6.8701,16851.412,3.88,,,,6.7588,507638.971,18.24,,,,6.9648,26675.346,3.14,2.186,222181.034,33.87,6.7587,1282044.641,21.33,,,,6.8357,14020.752,0.13,6.8755,254204.14,59.55,6.935,11908.171,0.2,6.8842,234592.362,57.9,6.9372,203637.519,55.45,,,,6.9518,38557.714,22.39,6.9423,29269.367,1.24,,,,6.8643,40538.544,11.42,6.9934,47206.55,31.24,,,,7.0162,19130.797,5.53,,,,,,,7.0736,72306.742,2.6,,,,7.0881,216699.992,86.87,7.1103,17524.488,4.84,,,,,,,7.141,339010.571,11.12,7.14,10365.697,2.82,7.2773,10627.781,3.81,7.1537,96537.503,11.16,7.2302,10373.298,25.39,7.1795,11512.353,0.11,,,,,,,,,,,,,7.3649,177972.428,49.15,7.3685,362007.366,20.38,7.3602,54863.857,2.92,7.3781,17665.726,6.34,7.5343,57993.072,5.04,7.4086,250156.447,13.3,7.4391,7924445.037,76.72,,,,7.4858,135457.985,42.74,7.4865,53225.051,19.61,2.5594,103705.909,34.5,7.4406,124294.272,75.53,,,,7.5353,25114.533,2.91,7.4383,92480.215,5.21,,,,7.5686,229411.524,37.77,7.6167,15925.814,15.61,7.6407,12637321.16,93.3,,,,,,,2.8199,178407.45,40.34,7.736,21572.753,4.27,7.7254,67691.557,0.66,7.7405,87218.876,7.32,7.7431,31365.079,18.21,7.7973,5860691.186,95.25,7.9048,22027.538,3.03,7.9457,19655.152,0.51,7.9877,13604.435,100,,,,8.1672,28535.71,15,2.843,25369.193,2.93,7.877,10116.059,0.5,,,,,,,,,,8.0303,27346.837,0.9,8.0524,157621.834,37.08,8.0759,88531.039,60.04,,,,7.9211,27533.935,6.48,8.144,39539.875,2.23,2.859,194628.221,71.6,8.0369,10241.795,0.33,8.1339,73079.379,2.4,8.1559,37374.921,1.83,8.2462,44796.768,4.88,8.4892,167363.394,8.21,8.2436,146393.548,47.19,8.2775,18591.761,0.18,,,,8.3307,40462.682,11.17,,,,,,,8.3141,11751.705,0.99,,,,8.3801,141736.636,21.48,,,,8.5018,54076.828,4.54,8.6411,13204.174,9.24,,,,8.4964,129922.189,3.35,8.5733,542655.151,82.17,3.0044,20321.699,27.11,8.6258,314818.818,27.79,8.4996,94559.607,5.91,8.7022,8394462.032,99.49,,,,8.7546,31951.239,13.96,8.6563,27712.728,2.33,8.8269,31642.159,6.63,8.8108,1066605.028,51.39,9.0862,19568.713,6.49,8.2702,52554.51,2.96,8.8865,433823.638,85.78,2.9721,448463.833,51.99,8.9031,170813.703,8.38,8.8903,57575.5,1.48,,,,9.0096,11010.481,1.51,8.9626,493536.992,36.45,,,,9.0336,544273.667,40.2,,,,9.1421,10335.413,4.51,,,,3.1137,966646.973,72.98,9.133,19570.801,1.64,,,,9.2033,1923465.476,61.13,9.1952,848682.536,47.9,9.2086,4892033.439,100,9.2087,802630.76,45.3,9.0085,10018.857,3.82,9.2703,1733331.404,93.72,9.2753,2500038.618,99.03,9.2708,213217.312,24.64,3.1567,164313.759,75.46,9.269,1014839.085,49.81,,,,9.3611,144410.996,9.6,9.3983,11606.478,1.34,9.3705,15609.948,0.77,,,,9.4344,305574.463,46.31,9.504,31893.074,3.75,,,,,,,3.2955,12471.24,1.71,,,,3.2904,179534.24,27.47,3.2827,383960.242,80.33,3.385,726369.191,65.12,3.3691,176755.499,29.61,3.4798,20457.6,0.74,3.4778,327735.316,12.72,3.5421,47342.815,22.16,,,,3.6317,138179.971,5.14,3.7067,236514.718,33.15,,,,3.8459,27131.856,1.01,3.8864,144021.94,15.76,3.9392,40293.809,18.53,3.9379,101180.96,68.56,,,,,,,4.1285,49909.657,5.23,4.0436,343423.803,47.22,4.0545,108349.712,16.93,4.0907,301995.295,44.5,,,,4.1604,343963.786,17.14,4.1863,631028.241,6.11,4.1817,607947.952,71.47,4.1908,16392.661,0.92,4.1192,67481.203,19.93,4.2331,1493724.213,84.36,4.3225,80757.82,5.18,4.3314,69918.393,2.6,4.3752,102375.288,3.58,,,,,,,,,,,,,4.4317,130965.752,0.97,4.4539,481200.167,50.4,4.4899,12837.584,0.12,,,,4.575,740917.762,12.33,4.4732,10692.183,2.65,,,,4.5677,1066752.584,38.33,,,,4.5944,26776.59,14.07,0.9246,62271.198,24.2,4.5717,23925.073,3.29,,,,,,,4.6969,147643.548,2.78,4.7111,238636.587,52.21,4.7397,24721.458,2.15,,,,4.751,58020.235,14.4,4.7964,2130224.845,40.06,,,,0.9407,29060.242,22.19,4.9462,12653.748,0.12,4.9024,1952821.507,36.72,5.0472,96383.353,5.43,,,,,,,4.9736,10151.467,18.21,5.014,208620.483,13.38,5.1358,11939.992,3.36,,,,5.12,15505.729,0.99
251_2012_T_2n,,,,,,P1-F6,,1,,,,,,,,,,,,,,,,,,,,,,,,,5.176,71873.259,20.29,,,,5.1949,18342.642,8.76,1.301,196020.315,34.25,,,,5.198,11814.623,24.78,,,,,,,5.2158,10046.309,0.05,5.3259,646740.58,15.73,,,,,,,,,,1.6254,137576.265,11.75,,,,5.438,126060.51,5.28,5.4546,180235.267,17.75,5.4502,158784.454,37.61,5.4703,15402.73,1.22,,,,,,,,,,,,,,,,1.6374,31834.825,30.99,5.5835,673186.773,83.6,,,,,,,,,,5.6324,22065.525,3.25,,,,5.6771,126303.717,0.67,5.6839,243002.653,28.73,5.6892,21222.696,2.2,,,,,,,5.7362,68752.363,7.65,5.8305,136347.259,10.84,5.735,14561.025,38.5,,,,5.7986,212350.027,7.58,,,,5.832,48114.617,100,,,,,,,,,,5.9945,288058.819,16.87,6.0172,144918.666,14.83,,,,6.0434,71262.974,11.39,,,,6.0876,224933.021,19.21,,,,6.1066,34785.914,4.5,,,,,,,,,,,,,6.1771,30372.857,31.77,6.1867,50543.924,1.81,6.1966,315353.279,83.91,6.2482,451585.28,46.79,6.2547,370200.365,21.68,6.1952,24077.168,46.32,6.3002,368977.285,39.88,6.3262,15295.944,4.07,6.3565,42840.988,1.75,,,,,,,6.4043,486630.91,32.61,,,,6.6592,26520.75,71.97,,,,6.553,50548.26,7.43,,,,,,,,,,,,,2.1726,19293.993,12.94,,,,6.6123,40981.482,3.26,6.6284,266007.566,28.75,,,,,,,,,,,,,6.749,246335.576,10.85,,,,,,,2.1803,25516.166,24.3,6.7709,774665.314,18.84,,,,,,,6.8798,82645.603,79.57,6.8413,156719.381,3.81,6.8723,103969.553,60.34,6.9336,186612.877,58.89,,,,,,,6.9443,17574.635,1.9,,,,6.8756,21696.821,25.13,6.9964,18214.169,28.19,,,,7.0206,10546.984,12,7.0697,49075.265,20.3,,,,7.0666,76247.414,3.36,,,,7.0907,81289.956,88.45,,,,2.3987,48430.517,46.08,,,,7.1549,110148.269,12.25,,,,,,,7.1645,27870.123,12.21,,,,7.1158,15732419.64,82.9,7.1953,15043.145,20.1,,,,7.2371,22324.116,5.9,,,,7.3782,204555.811,39.94,7.3778,372432.256,18.75,7.298,372251.757,38.09,7.3398,268501.979,69.4,7.2957,11378.337,2.7,7.4191,170067.717,17.4,7.4431,955995.898,5.04,,,,7.4815,84926.034,63.43,7.486,20323.044,17.02,2.5456,84365.564,72.1,7.3546,113694.486,18.19,,,,,,,,,,,,,7.5733,71745.407,30.52,,,,,,,,,,,,,2.8132,213049.464,63.27,7.7389,38177.803,13.41,7.7409,10336.537,0.05,7.7413,27049.071,7.14,,,,7.8022,3902527.693,97.8,,,,7.7371,267945.976,9.57,7.9961,14815.595,100,7.9915,33480.636,1.69,,,,2.8234,21335.272,9.35,,,,,,,8.0527,140057.164,0.74,,,,7.8587,21158.334,2.35,8.057,53766.705,31.86,8.0769,26709.429,29.43,,,,,,,8.0746,40104.336,2.02,2.8657,60695.43,32.07,8.1257,11109.024,0.45,8.1425,12163.225,1.35,,,,8.2508,49518.769,33.21,8.497,17441.545,1.45,8.2452,38426.119,14.44,8.3303,107004.621,0.56,8.3742,15860.995,13.29,8.3298,209926.731,40.99,,,,,,,8.4545,30118.031,7.96,,,,8.3826,105585.56,21.19,8.414,399636.275,7.45,8.4691,19253.507,5.09,,,,,,,8.5123,92338.231,3.3,8.5779,225157.886,55.09,2.9951,37491.541,32.78,8.626,115282.794,25.31,8.5113,49729.343,4.9,8.7075,4715182.736,87.88,,,,8.7615,15165.954,4.99,8.7707,19609.33,5.18,8.9992,11343.045,4.03,8.8157,236029.999,56.85,,,,8.3268,124106.033,6.25,8.8854,121328.112,42.62,2.9651,126928.437,53.04,8.9097,54149.177,4.51,8.8741,49892.604,1.78,,,,,,,,,,,,,9.0295,10123.669,50.07,,,,,,,,,,3.1177,254609.66,61.88,9.2635,73965.528,19.54,,,,9.2043,1571023.255,64.25,9.3051,56625.016,4.07,9.2093,2535133.003,99.59,9.2101,1334787.292,95.93,9.2228,286814.599,94.69,9.2729,84428.925,71.45,9.2793,14205.319,100,,,,3.1647,100711.924,70.64,9.2723,41592.206,3.46,,,,9.3562,91994.267,9.73,9.4819,33825.047,14.82,9.4016,435711.022,36.3,,,,9.4337,342056.651,68.65,9.5313,19788.536,4.12,,,,3.2233,15511.428,4.8,,,,3.2109,34300.74,3.63,3.2855,274187.293,35.51,3.2893,548749.505,93.26,3.3941,398202.278,82.95,3.3769,38462.602,17.52,,,,3.4845,394646.469,33.7,3.5289,114826.249,68.03,3.5562,186690.998,100,3.6244,100000.317,6.72,3.7077,673966.211,87.96,,,,,,,,,,3.9335,51638.824,53.17,,,,,,,4.0255,21726.994,3.47,,,,4.0479,13494.012,4.62,4.0598,74034.064,22.89,4.0839,381509.767,64.4,,,,4.1572,207934.538,24.58,4.1936,488946.912,2.58,4.2043,203212.002,29.89,4.0846,26319.373,1.33,4.1198,23821.588,16.31,4.2482,1162812.783,75.15,4.3138,26546.89,4.24,4.3297,10180.627,0.68,4.3757,82100.834,5.5,,,,,,,,,,,,,4.4355,59706.889,16.27,4.5446,17537.488,2.72,,,,,,,4.5764,966384.72,23.51,,,,,,,4.632,126772.758,5.58,,,,,,,0.9246,44539.879,29.08,,,,,,,,,,4.7019,54453.648,2.28,4.7196,232525.973,83.3,4.7353,46911.393,11.15,,,,4.7569,30305.491,9.38,4.8,1059283.514,44.39,,,,,,,4.751,13213.009,1.05,4.9103,981920.359,41.15,4.8394,48982.817,2.47,,,,,,,,,,5.0144,187182.987,29.93,,,,,,,5.1471,22575.171,3.61
252_2021_W_4n,,,,,,P1-B2,,1,,,,,,,5.0491,72610.018,40.58,5.0326,464229.969,7.69,,,,,,,5.1533,24410.184,11.88,,,,5.1662,166851.991,16.55,,,,5.266,13423.455,2.47,1.2795,271263.943,43.29,,,,,,,5.2955,38942.935,0.96,,,,5.2919,962098.994,10.81,5.3805,25431.935,0.91,5.3567,187163.019,60.06,,,,5.3608,10328.462,0.29,1.6272,106308.698,9.42,,,,5.4208,118913.171,3.29,5.4271,128761.225,19.67,5.4259,105178.203,13.5,5.437,24502.83,0.64,,,,,,,,,,5.6083,10259.097,4.03,,,,1.6369,33990.28,5.38,5.5666,1112495.998,87.23,5.56,246341.132,6.95,5.5529,50780.319,3.15,5.5979,40553.278,8.45,5.6449,156733.024,3.87,,,,5.6488,63131.908,0.71,5.6781,77178.905,10.03,5.6687,11259.526,1.87,5.6958,300823.55,11.31,,,,5.6794,11510.153,4.53,5.7344,294723.467,7.66,,,,5.6561,27876.382,7.53,5.9204,24750.109,0.41,5.9498,11110.565,2.31,5.8226,33640.778,36.23,6.0133,34431.33,9.3,6.0071,1503631.544,51.96,,,,5.9649,12574.648,2.01,6.0101,75067.616,12.12,6.0125,1480171.992,36.54,6.0434,87990.772,7.39,6.0647,11012.104,2.29,6.0746,97142.997,8.6,,,,6.0875,501742.873,29.51,,,,6.0919,16761.47,3.49,,,,6.1512,13945.935,2.08,6.1539,316588.253,11.9,6.1746,17504.384,0.29,,,,,,,,,,6.3252,11895.802,4.29,6.2898,75870.205,6.32,6.3281,171554.838,68.42,6.341,74012.498,1.47,,,,6.3162,13547.259,2.82,6.3954,620086.916,41.34,6.4232,105269.671,2.97,6.6485,41923.65,29.46,,,,6.4194,97148.606,2.4,6.5435,14760.532,3.99,,,,6.5404,12390.739,3.84,,,,2.1555,295487.475,58.66,6.5135,14211.845,0.37,6.5644,54829.311,1.43,6.6196,746619.21,62.16,,,,6.8469,15906.703,14.08,,,,,,,6.7078,124788.927,7.55,6.7961,64179.113,57.61,6.7441,29156.915,0.72,2.1601,376408.354,70.6,6.7644,121258.104,4.35,,,,6.8566,209842.437,5.46,6.7813,11923.726,11.98,6.8504,1016623.452,36.5,,,,6.9115,79256.654,38.3,,,,6.9311,54016.033,48.41,6.9358,26620.249,2.22,,,,6.8619,10140.588,6.09,6.9813,32053.712,44.82,6.9736,66813.455,28.06,6.9996,28227.616,15.71,7.0697,69809.201,11.07,7.2705,72662.733,1.89,7.074,11116.054,0.67,,,,7.0791,103604.076,91.06,7.0999,15559.136,0.73,,,,,,,7.0622,10271.401,4.04,7.1359,88432.266,42.74,,,,7.1482,86551.116,26.83,7.1484,66523.833,46.74,7.1756,1082358.976,12.16,7.186,48501.201,13.56,7.1456,10215.432,0.25,7.3835,15019.183,0.88,2.4277,37997.506,8.83,7.3646,374059.846,17.55,7.3591,670642.313,17.46,7.3548,25151.379,4.06,7.3609,85106.333,17.73,,,,7.4131,138046.647,22.28,7.5356,38430.967,0.43,,,,7.466,205802.383,49.03,7.462,12287.721,13.01,2.5454,184409.214,100,7.5207,49307.252,19.38,7.5206,16522.593,100,7.5349,33692.622,12.62,7.647,10156.891,0.26,,,,7.5488,83560.925,11.81,,,,7.6358,18271.759,12.31,,,,7.7005,28990.257,30.69,2.8203,416026.336,32.4,7.7282,82232.991,10.73,7.7153,13221.633,0.15,7.7217,15701.952,0.91,,,,7.7956,4804241.351,90.76,,,,7.9226,877286.563,14.53,7.9749,80491.162,100,8.0477,15482.473,0.4,7.8251,16143.481,3.75,,,,7.8646,15741.786,2.34,8.0388,93896.465,16.04,8.0392,1585212.247,17.8,8.2768,31955.72,9.91,,,,,,,8.06,37131.203,24.75,,,,,,,8.0974,34289.451,0.89,2.8385,208335.888,80.34,8.0295,20097.534,0.4,,,,,,,,,,8.2832,20593.22,3.06,8.2622,220611.321,32.44,8.3417,25348.629,0.28,8.2656,15031.017,15.91,8.2779,1080819.823,50.7,2.9737,19331.92,4.49,8.294,11521.423,4.53,8.3253,19582.891,1.14,,,,8.3689,182544.282,21.51,8.4007,26389.048,0.57,8.4854,531852.715,30.99,,,,8.3866,27605.47,1.29,8.4847,2481832.846,41.1,8.5604,403164.55,75.25,2.9769,230726.191,68.78,8.6192,372601.215,36.69,8.6632,1165972.579,31.15,8.6967,4570675.297,98.68,,,,8.7537,78552.653,4.5,8.7469,52995.458,3.09,8.8118,14330.157,2.45,8.8084,493824.118,66.26,9.0929,10042.038,2.64,8.2712,2238573.678,58.27,8.8729,470906.419,61.42,2.9713,40436.794,15.14,8.6499,10033.385,1.49,8.8848,129044.516,2.14,,,,,,,,,,9.0066,92742.698,41.85,,,,,,,9.101,28464.401,1.63,,,,3.1046,11068.575,6.69,9.1168,21298.75,1.24,,,,9.1952,1787478.681,35.39,9.2023,2077719.794,98.76,9.1988,4122480.648,98.5,,,,,,,9.2654,151716.191,35.22,9.2715,40159.86,100,9.2642,15675.827,4.86,3.1576,142002.852,28.87,9.2761,29476.478,4.39,,,,9.3517,59179.565,5.18,,,,9.249,19344.664,2.88,,,,9.4286,80804.087,9.52,9.6942,41309.058,4.35,9.4842,38569.073,2.21,3.1747,216240.705,6.1,,,,3.1947,41659.59,3.65,3.2778,222791.862,13.1,3.2802,553236.996,100,3.3779,131195.401,15.27,,,,3.4965,32552.698,1.97,3.4789,182233.45,16.14,3.5262,50556.397,41.37,,,,,,,3.694,1012669.779,80.36,,,,3.8465,18995.114,1.57,3.9295,35992.502,3.73,,,,3.9302,23780.498,23.85,4.0791,23289.436,0.57,3.9698,158910.538,13.35,4.0952,128004.791,7.92,4.0319,14956.716,4.04,4.0541,30325.102,8.88,4.0785,267180.735,39.3,,,,4.1576,87157.461,11.33,4.1809,625879.975,7.03,4.1829,631616.578,15.59,4.181,27930.985,0.73,,,,4.2262,1965918.597,85.9,4.3132,74070.487,6.22,4.3061,83155.143,6.86,4.3657,35149.878,2.34,,,,4.4417,18093.547,4.89,4.4408,208046.883,7.19,4.4083,10641.482,2.47,4.4162,20621.038,13.89,4.6027,84990.856,5.26,4.459,1403281.715,15.76,4.4654,987037.419,64.81,4.5738,35538.431,1.28,4.5613,67987.181,1.92,,,,4.5572,11084.911,0.67,,,,4.7434,47363.122,11.01,0.9132,220105.939,71.44,,,,,,,,,,4.6951,66398.612,1.84,4.6951,60440.33,39.22,4.8294,23439.11,0.81,4.7422,1866203.154,91.54,4.7375,2244296.146,63.32,4.7903,1563768.04,43.32,,,,0.9242,118226.551,46.18,4.8509,2108435.392,54.83,4.8897,1524659.207,42.23,5.0574,10961.722,0.29,,,,5.0588,41914.188,1.18,,,,5.011,621599.96,52.24,,,,5.1004,16581.769,5.14,,,
25_2021_T_2n,,,,,,P1-C3,,1,,,,,,,,,,5.0651,10240.081,0.13,,,,,,,5.1679,11531.306,1.65,5.1641,24556.247,3.74,5.1672,50772.951,12.15,5.2034,41699.097,1.91,5.1857,50117.364,5.63,1.3032,281932.081,18.76,,,,,,,5.1644,26334.386,4.23,,,,5.2966,52692.377,0.23,5.3121,2708224.782,36.87,5.3625,18408.809,25.39,,,,5.4118,14418.138,1.98,1.6241,67343.141,4.06,,,,5.422,127405.939,4.18,5.4341,172611.135,12.48,5.4527,264954.879,28.38,5.4452,171959.612,7.6,,,,,,,,,,,,,5.5189,25725.814,3.91,1.6396,23505.49,7.94,5.5668,1109975.898,83.16,5.5592,60168.072,8.28,5.5932,365075.454,23.46,,,,5.7714,19931.642,3.2,5.7964,28197.236,1.96,5.6634,57670.691,0.25,5.6793,185954.974,11.32,5.6825,12162.752,0.53,5.8651,10077.648,2.1,,,,5.7439,14988.045,1.58,5.6548,271360.577,12,,,,,,,5.7974,137815.955,1.81,,,,,,,,,,6.0166,24488.325,4.68,1.7943,17311.231,2.45,5.9934,101474.239,6.54,6.0126,361057.55,29.17,6.0211,41080.224,6.6,6.0399,140155.028,11.36,,,,6.0776,431271.796,25.99,,,,6.0954,136864.777,11.91,,,,6.2054,84857.587,15.71,,,,6.1501,20096.717,2.42,,,,6.1897,177394.67,2.34,6.1828,351127.903,82.39,6.2358,197662.728,8.6,6.248,159902.645,10.31,6.1818,28136.916,37.33,6.2857,1111772.328,50.83,6.3338,28940.956,6.79,6.3541,59585.543,4.86,2.0144,10379.787,100,6.3168,31429.944,5.82,6.3984,1353430.053,56.44,6.5747,13742.557,1.89,6.6569,14496.712,20.41,6.5354,14077.283,3.78,6.4202,15407.582,2.48,6.5499,10415.438,3.59,,,,6.6401,206918.494,14.38,,,,2.1638,238666.483,33.01,6.6939,114270.122,5.13,6.6102,868300.909,38.4,6.621,416764.154,19.05,,,,,,,,,,6.5318,11315.91,3.91,6.7676,600228.705,30.28,6.7974,124165.409,79.08,6.7633,27458.89,4.41,2.1633,318719.785,44.18,6.7547,1219586.384,16.6,6.8847,14146.021,6.53,,,,6.8664,183041.668,50.16,6.9107,41959.002,0.57,6.8974,63626.369,21.47,6.9239,399784.751,74.13,,,,,,,6.9356,17127.124,0.78,,,,6.9819,13035.186,1.53,6.9813,134858.95,82.85,6.9792,37949.644,16.68,7.0071,54404.927,36.79,7.2778,30761.47,14.24,,,,7.0634,17139.102,0.86,,,,7.075,66655.125,75.35,,,,2.3774,30831.761,26.76,,,,7.1341,92576.733,9.75,7.1305,11755.039,2.18,,,,7.1463,549475.72,38.2,7.228,16314.667,22.97,,,,7.1901,86833.167,76.45,,,,7.3603,19457.344,1.2,,,,7.365,161042.697,38.6,7.3627,251885.887,11.31,7.3699,131926.028,10.66,7.3563,38642.537,7.15,7.2796,21143.201,4.04,7.4935,32087.776,2.59,7.4244,21078494.04,91.34,,,,7.4916,10684.368,17.29,7.4786,63301.49,29.18,2.5519,32176.641,43.33,7.5191,16498.934,2.11,7.5285,37931.086,63.03,7.5336,131226.23,29.52,7.5314,11376.602,0.51,,,,7.5546,31883.456,10.94,,,,7.6455,61511.821,25.79,7.6895,34797.942,100,7.7155,40695.811,18.76,2.8021,269533.455,54.57,7.7288,111315.652,31.16,7.731,64454.173,0.28,7.7405,33692.757,2.07,,,,7.7961,2622166.912,97.44,,,,7.9249,83727.95,1.1,,,,8.0954,36840.743,1.65,8.093,19231.657,2.93,,,,7.8423,20230.78,2.43,,,,8.0464,159132.946,0.69,,,,7.9959,13005.673,1.37,8.048,184986.786,62.37,,,,,,,7.9088,64683.677,21.81,8.1151,23431.11,1.05,2.8659,12367.702,27.65,8.2767,123543.186,10.09,8.1364,16595.675,1.75,,,,8.0131,14683.78,2.03,8.4659,12604.622,1.52,8.2709,52231.01,12.64,8.283,224743.229,0.97,,,,8.3192,130921.656,31.38,2.9919,54862.748,8.35,,,,8.329,16491.718,1.02,,,,8.3727,29049.787,4.76,8.4068,108005.756,1.39,8.5026,516092.196,31.78,,,,8.2772,56057.062,13.44,8.5072,4354549.592,57.32,8.583,829703.883,90.37,2.9846,100325.632,73.15,8.6223,10613.454,2.12,8.737,32465.512,1.37,8.7016,7598237.785,97.64,,,,8.7432,20122.51,1.54,8.7615,26852.616,1.65,8.8143,22800.771,6.04,8.8162,220293.956,36.41,,,,8.2775,270043.313,12.12,9.0173,11758.08,3.29,,,,8.91,47244.22,5.68,8.9305,12060.336,0.16,,,,9.0134,10308.518,3.56,8.9533,45054.741,22.86,9.0036,11000.611,3.16,9.03,57876.633,29.37,9.1927,19763.762,12.44,,,,,,,,,,9.2463,69319.878,4.27,,,,9.1841,513714.913,41.94,,,,,,,9.2055,19253.781,100,9.2169,152982.414,51.01,9.2602,11263.844,100,,,,,,,3.1437,162550.376,70.48,9.2697,18762.26,2.26,,,,9.354,24315.752,3.55,9.4761,14165.535,0.98,9.3921,116215.78,13.98,,,,9.4256,138456.416,22.69,9.5093,10194.312,2.22,9.4806,29756.782,2.27,,,,,,,3.1989,54467.513,7.95,,,,3.268,13352.418,5.94,3.3676,312934.006,78.92,3.3465,12658.264,6.04,3.4517,89064.18,4.49,3.4795,301976.819,18.2,3.493,45721.611,30.64,3.546,243965.944,48.08,3.6071,71163.221,3.01,3.6899,753301.507,90.95,,,,,,,,,,3.9353,54025.346,78.35,,,,,,,4.045,54664.791,4.43,,,,4.0279,142706.685,49.25,4.0531,79994.672,17.55,4.0788,365827.817,48.13,,,,4.1598,123779.614,7.53,4.1823,329181.012,1.43,4.1875,329757.896,53.01,4.186,13208.148,0.59,4.191,13174.597,4.59,4.2283,915554.22,82.23,4.3308,37433.868,3.03,4.3296,97337.548,4.12,4.3677,42738.41,1.78,,,,,,,4.4829,53871.183,10.29,4.4249,155649.904,23.68,4.4296,39556.024,16.58,4.481,188695.658,25.45,4.4712,103044.39,0.45,4.4714,31584.28,66.5,4.5605,268458.775,3.65,,,,,,,4.5617,381679.253,19.25,,,,4.5969,89588.202,13.63,0.9052,10272.459,5.12,,,,4.5883,19614.92,3.75,,,,4.6875,32327.02,1.06,4.7066,92487.336,38.95,,,,4.7497,148525.223,100,4.7439,575278.412,79.17,4.7945,1340791.017,44.03,,,,0.9332,51352.336,30.14,4.859,119468.027,5.28,4.8997,1236891.005,40.62,4.9194,28142.519,1.26,,,,,,,5.0058,305082.876,87.19,5.016,75379.946,6.11,4.999,235796.563,27.74,5.0872,18865.483,1.31,5.1465,123315.951,10
262_2021_W_4n,,,,,,P1-B10,,1,,1.268,76134.447,,26.86,,4.9983,11466.606,10.2,5.0477,19926.848,0.89,,,,5.1395,344850.647,23.33,5.1253,13045.958,2.8,,,,,,,5.176,14666.947,1.05,5.1766,16104.062,3.92,1.2996,402136.806,32.64,5.1382,31789.948,2.44,,,,,,,5.135,131464.388,8.66,,,,5.3202,218972.287,8.78,,,,,,,,,,1.6516,146569.673,8.14,5.3982,691902.77,37.68,5.424,322303.456,6.54,5.3878,17775.227,0.5,5.4485,54234.569,14.16,,,,5.5092,18043.336,100,5.504,620386.712,18.34,5.506,602017.836,22.08,,,,,,,1.6351,146347.688,51.08,5.5715,503473.515,90.34,,,,,,,5.6549,22399.201,8.44,,,,5.6505,1125642.182,24.85,,,,5.6912,111358.408,9.44,5.6827,27080.057,1.72,,,,,,,5.7319,33283.705,2.71,,,,5.7618,239613.215,71.73,,,,5.8024,137042.815,6.1,,,,5.8203,32186.295,67.33,,,,,,,,,,5.9791,124411.753,10.48,6.0143,114486.984,13.06,,,,6.0317,86391.949,12.48,,,,6.0761,247614.046,13.75,6.1109,491021.981,17.62,6.0909,23905.63,6.52,,,,,,,,,,6.1901,25739.286,0.76,,,,6.1905,233205.21,10.38,6.1839,320079.807,70.03,6.2368,318477.215,20.25,6.2464,118350.772,9.97,6.1863,12266.549,100,6.2891,246758.055,17.64,6.3371,103794.892,22.71,,,,2.0025,52439.444,45.55,6.3194,14604.71,5.5,6.4033,1196629.063,59,,,,,,,,,,,,,,,,,,,6.6019,12363.731,0.27,,,,2.1649,73969.131,15.45,6.5093,16551.684,1.09,,,,6.6195,673660.852,48.17,,,,6.5883,14048.227,0.77,6.8686,11363.933,22.25,,,,6.7221,63580.926,4.02,,,,,,,2.1552,72404.832,48.53,6.7552,325504.923,13.06,6.8405,11100.895,3.12,,,,6.8722,229919.149,71.24,6.8409,44121.247,1.77,6.8649,84212.429,26.46,6.9308,283625.822,56.6,,,,,,,6.9739,39040.284,2.79,,,,6.8551,37254.924,11.78,6.9805,221523.54,60.92,,,,7.0085,18900.372,22.71,7.0729,15479.517,2.93,,,,7.0788,33764.284,2.13,,,,7.0789,194745.108,82.31,,,,2.3784,19757.644,11.84,7.1182,88931.474,6.02,7.1412,26556.412,2.16,7.144,80045.375,15.97,7.2468,10416.002,3.92,7.1373,41910.685,0.93,,,,,,,,,,,,,7.3427,258227.853,3.35,,,,,,,,,,7.3651,49168.949,5.61,,,,,,,7.4243,335007.792,38.2,7.424,13045.604,3.01,7.5512,33987.021,40.38,,,,,,,2.5449,263980.111,82.57,,,,7.5192,10186.885,17.38,7.5451,54595.81,24.21,7.5728,14267.306,0.94,,,,7.5574,51425.274,20.69,,,,,,,,,,,,,2.8077,19098.686,10.88,7.7329,27739.275,3.08,,,,7.7364,29052.472,0.38,7.7819,30716.976,100,7.796,1251373.958,97.85,,,,7.9285,141373.225,6.29,7.9843,549898.25,92.36,,,,8.1622,25771.483,32.88,,,,7.8542,53421.9,1.58,7.9364,39246.737,3.18,,,,7.9375,58819.456,1.3,7.846,23543.365,1.92,7.9103,30666.659,4.37,8.0663,75033.296,84.72,,,,8.1147,13610.582,1.94,,,,,,,,,,8.1413,33642.617,2.74,8.1432,13866.241,0.41,,,,8.2473,297060.114,8.78,8.2388,46361.672,8.93,8.2582,28233.325,6.5,8.2343,16192.247,4.55,8.3094,11174.618,41.59,,,,8.4854,20325.615,43.75,8.3766,3384941.663,43.88,,,,8.381,91841.625,29.92,8.4103,114878.647,1.16,8.4649,1642412.986,21.29,8.4764,158070.214,5.67,,,,8.5098,323533.391,14.4,8.5934,1264738.094,97.37,2.9791,68804.924,60.55,8.6238,425572.311,38.26,8.5114,209844.439,73.14,8.6939,9727522.969,98.58,,,,8.7665,39639.819,1.15,8.7502,25484.337,0.33,8.8115,88628.34,7.19,8.8131,785738.215,68.63,8.8681,1074793.331,53.66,8.3101,26242.328,1.73,8.8808,670571.726,74.37,2.9644,33483.498,14.85,8.9761,24090.723,0.71,8.9318,17949.42,0.8,8.782,13531.132,15.28,,,,8.9498,472499.369,36.31,,,,9.0289,400387.536,30.77,9.0502,101259.81,21.02,9.0882,11271.853,0.33,9.1195,104784.754,3.76,3.1359,15774.335,7.24,9.1209,58717.582,0.76,,,,,,,,,,,,,,,,9.2179,1105060.428,75.63,,,,,,,9.0239,34214.271,0.76,3.1525,130873.402,69.42,,,,,,,9.3529,14884.473,4.29,9.5396,11420.173,0.25,9.5337,10022.8,0.3,,,,9.4242,146027.383,47.57,9.4521,211290.715,43.78,9.488,33002.371,0.95,,,,,,,3.2025,30299.854,8.74,3.2844,237880.143,64.86,3.2811,332386.97,46.7,3.3667,352124.459,57.88,3.3651,41493.792,25.57,3.4867,23413.682,1.48,3.4719,216730.499,12.04,3.525,105574.537,75.12,3.5441,20104.972,41.84,3.611,57315.4,3.83,3.6953,1020893.975,90.2,,,,3.8395,40950.412,2.74,,,,3.9242,15273.788,43.18,3.9305,129306.818,90.73,,,,3.9785,21053.168,3.04,,,,,,,4.0455,32058.47,9.16,4.0829,42501.165,11.42,,,,4.159,224908.471,19.06,,,,,,,,,,4.1273,19480.779,5.67,4.2347,429444.682,51.51,4.3217,123525.198,17.84,4.3243,185896.554,12.43,4.373,131412.949,6.48,,,,,,,,,,,,,4.4265,41930.72,31.95,,,,,,,,,,4.5661,361160.455,14.49,,,,,,,4.5779,447561.982,28.29,,,,4.7059,13367.918,17.05,0.9221,33015.43,19.65,,,,,,,,,,4.6819,75093.3,1.52,4.7096,97060.228,63.02,,,,,,,,,,4.7853,2070969.777,42.02,,,,0.9302,28894.373,10.2,4.8557,10044.886,26.58,4.8931,1890502.923,38.36,,,,,,,,,,,,,4.9959,66511.564,9.6,5.1276,15980.827,5.05,5.0181,902467.805,19.92,,,
268_2021_T_4n,,,,,,P1-C8,,1,,,,,,,,,,5.028,47991.091,1.37,,,,,,,5.123,156021.88,41.69,5.2743,59369.19,11.58,5.1747,76427.852,17.34,,,,5.1524,193813.729,29.19,1.3055,558588.084,45.82,,,,,,,5.1581,41819.435,5.59,5.3416,11370.023,0.72,5.3183,131715.379,0.47,5.3258,64890.586,2.23,,,,,,,5.2977,10766.331,3.06,1.6341,112936.478,6.37,,,,5.427,210714.106,5.67,5.4288,642723.89,31.01,5.4381,584158.248,37.41,5.4526,43605.055,2.46,,,,,,,,,,,,,5.5278,24559.467,4.79,1.6596,54467.279,20.54,5.5788,615786.741,74.04,,,,5.5923,694501.944,54.91,,,,5.7774,23236.247,3.11,,,,5.6651,138553.633,0.49,5.6887,249627.175,15.53,5.6866,39164.697,3.08,5.8678,14597.633,2.82,,,,5.6808,14494.465,1.32,5.8041,33382.956,1.88,,,,,,,5.7959,88289.754,2.52,,,,5.8263,42856.592,100,5.9464,12925.931,2.4,,,,,,,6.0509,12434.281,1.18,6.0161,325480.952,25.34,,,,6.0429,166774.663,12.6,,,,6.0883,205168.586,11.57,6.0371,15018.567,7.62,6.1002,13310.719,1.4,6.1267,112398.915,56.73,,,,,,,6.1655,29234.815,2.07,,,,6.19,119112.724,3.4,,,,6.2491,45608.718,3.59,6.2594,26057.142,2.46,,,,6.2881,123590.429,3.2,6.3393,138844.291,48.36,6.3527,41331.609,2.4,2.0155,40712.097,14.58,,,,6.3988,1798185.224,63.7,6.5761,58491.969,16.6,,,,,,,6.4184,41983.708,5.61,6.5372,17043.833,3.17,6.5646,76427.325,14.2,6.5014,31300.031,3.15,,,,2.1535,231861.057,54.52,6.5544,11233.213,0.71,6.6125,531802.813,29.96,6.6263,2275959.638,58.87,,,,,,,,,,,,,6.7099,175792.604,12.59,6.8005,79346.359,61.9,6.7433,15899.57,2.12,2.1628,151757.263,43.73,6.7758,16402.958,0.56,6.8132,21302.631,7.38,6.7149,10540.878,0.59,,,,6.8543,406674.859,13.98,,,,6.9124,59533.61,21.79,,,,6.9405,16730.187,100,6.942,126876.658,3.28,,,,,,,6.9888,71871.318,60.28,6.9819,146717.746,100,7.017,20256.668,100,7.2848,19577.65,5.37,,,,6.9503,48799.529,3.49,,,,7.0889,204517.931,90.76,7.1046,17356.277,5.61,2.3855,183820.166,85.12,,,,7.1488,11914.867,1.08,7.1395,213632.765,78.21,,,,7.1558,66387.648,6.68,7.2122,11048.544,17.12,7.1409,17873.487,0.06,7.1885,274599.387,70.16,,,,7.3455,19526.23,1.12,,,,7.3569,144997.643,46.9,7.3602,247143.135,15.67,7.2968,447968.81,34.88,7.3517,34822.822,11.59,7.5276,11338.799,1.84,7.4712,64748.924,5.04,7.4229,25926600.65,91.63,7.6019,11502.225,3.53,,,,7.4778,45421.405,16.29,2.5401,525218.802,92.75,7.424,892507.191,98.54,7.533,25260.139,55.21,7.5373,50854.94,10.4,7.4084,410886.255,26.05,,,,7.5596,136047.925,26.9,,,,,,,,,,,,,2.7944,44737.014,38.06,7.7337,32044.016,2.9,7.8513,15400.94,0.05,7.7473,28905.821,1.66,,,,7.8053,3661789.297,85.43,,,,7.9279,66678.87,1.9,7.9872,62756.12,84.71,,,,8.1634,38440.106,7.5,2.8433,13944.836,1.4,7.8531,10124.653,0.72,8.0264,145259.282,12.97,8.0348,169439.092,0.6,7.9078,15716.734,1.58,8.0347,56902.791,5.17,8.0748,15643.071,4.51,8.0673,125678.394,64.21,,,,8.1983,11512.666,3.32,8.1164,58457.895,3.71,2.8711,11609.572,37.28,8.0395,24039.208,1.4,8.2714,18284.287,1.66,,,,8.2447,11759.821,2.77,8.493,105585.714,7.46,8.2392,58467.092,19.47,8.2851,344436.219,1.22,,,,8.3038,40528.811,13.11,3.0123,117101.465,22.84,,,,8.5056,103658.643,5.95,,,,8.4059,21827.588,3.87,8.4033,65642.092,0.98,8.4806,99541.735,5.71,8.6391,10279.067,5.22,8.4697,20029.174,6.48,8.4877,1180656.395,33.67,8.5639,855988.016,89.05,2.9957,85000.23,25.59,8.6247,306936.827,17.74,8.6085,19932.716,1.66,8.6958,6532823.572,97.08,,,,8.7484,46773.668,2.23,8.751,35539.662,2.04,8.8823,73144.151,6.53,8.8077,335966.8,47.09,8.8317,15138.548,3.36,8.2627,29267.966,1.86,8.8815,862663.33,78.1,2.9572,105195.802,21.5,8.9067,102805.845,7.27,8.89,137807.023,3.93,9.0082,35515.168,18.15,9.0195,12039.378,2.24,8.9593,321652.675,26.91,,,,9.0247,351413.028,29.4,,,,9.0948,16214.467,0.77,,,,3.1141,104437.947,25.28,9.2193,10736.937,0.62,,,,9.2013,1149389.84,66.86,9.1865,570258.522,48.89,9.2042,2063650.004,98.74,9.2152,563054.343,48.27,9.2214,51627.162,41.54,9.2708,1613114.545,98.51,9.2708,1556844.573,98.85,9.269,141702.162,14.26,3.1523,256867.935,45.52,9.2666,666946.464,47.14,,,,,,,,,,9.5095,10125.969,0.72,,,,9.4385,69435.625,12.3,9.4909,12531.157,1.3,9.4819,62070.498,2.97,,,,,,,,,,3.2867,430014.202,45.13,3.2781,733753.401,100,3.3764,438405.785,74.47,3.3644,33895.04,7.03,3.4759,87123.77,6.24,3.4892,77905.195,4.39,3.5281,54923.11,12.03,,,,3.6088,55469.046,3.55,3.696,966951.919,85.41,,,,3.8451,24960.601,1.6,3.9961,14228.882,1.55,3.9347,79387.227,53.88,3.9308,40124.613,77.62,,,,3.9987,20448.28,1.54,,,,4.0447,329446.273,61.22,4.0493,19592.891,6.2,4.0776,39468.434,10.93,,,,4.1507,219381.214,13.65,4.1861,432094.956,1.53,4.1877,459323.565,61.38,4.1738,11363.196,0.72,4.189,17260.681,4.02,4.2337,579048.928,84.84,4.3171,126875.931,9.58,4.3129,91334.937,5.84,4.3753,60551.633,2.15,,,,,,,4.3448,32201.656,5.24,4.4403,12005.875,2.34,4.4283,61840.819,41.72,4.4829,151353.164,17.35,,,,,,,4.5724,20647.921,0.71,,,,,,,4.5686,41429.138,2.97,,,,4.5924,119221.915,23.26,0.9244,12787.204,3.65,4.5719,22426.171,4.17,4.5966,24788.104,4.03,,,,4.6904,83794.463,2.25,4.7082,100849.083,28.57,4.735,17555.981,2.86,,,,4.7482,176587.295,50.12,4.7978,1560634.581,41.99,,,,0.9446,88863.332,55.13,4.9477,46383.684,2.61,4.9038,1439190.206,38.72,5.0446,21325.73,1.35,,,,,,,4.9468,41584.389,51.36,5.0073,508511.78,38.42,,,,5.113,25250.297,2.54,,,
269*_2012_T_2n,,,,,,P1-E5,,1,,,,,,,,,,5.0524,15665.998,0.25,,,,,,,5.1552,30756.83,8.62,5.2774,11665.048,6.76,5.1786,86226.36,35.86,5.2,22598.791,1,5.1652,79933.883,9.48,1.295,277905.095,22.84,,,,,,,5.1678,39795.006,4.47,,,,,,,5.3251,2128320.653,24.55,5.4483,52446.644,14.84,5.4981,16666.801,2.43,,,,1.6418,28155.784,1.76,,,,5.4366,272030.514,8.05,5.4493,15228.274,0.72,5.4668,10832.408,1.56,5.4456,12171857.76,93.72,,,,,,,,,,,,,5.5293,16259.836,9.42,1.6569,56641.92,20.48,5.5845,1070464.132,80.54,5.5946,13010.565,3.56,5.5986,27674.361,0.73,,,,5.6184,10090.441,1.13,5.5367,13647.959,1.28,5.6581,103811.019,1.94,5.6802,345098.908,20.04,5.7034,57229.58,2.42,,,,,,,5.7227,264936.404,11.61,,,,5.7303,22950.998,18.06,,,,5.7982,379583.968,6,,,,5.8296,129265.047,83.1,,,,5.9496,14906.409,1.47,,,,5.9834,310684.811,10.77,6.0167,609675.355,25.23,6.0221,10629.868,1.19,6.0424,140384.979,7.57,,,,6.0823,490792.945,30.6,6.0508,27906.429,9.48,,,,6.1312,53283.085,64.97,,,,,,,,,,,,,6.1911,203421.207,3.21,6.1904,486580.727,80.67,6.2412,687890.494,29.04,6.2539,549495.72,19.05,6.1969,30632.045,39.57,6.2942,877755.016,38.71,6.3367,25910.933,4.3,6.3799,23248.145,1.23,2.0086,29240.771,25.27,,,,6.4022,935679.864,43.31,,,,,,,,,,,,,6.5685,23534.335,3.43,6.572,77359.177,49.15,6.635,10615.187,0.99,,,,2.167,140008.416,26.09,6.5163,10159.368,0.66,6.6215,79174.47,0.61,6.6259,624378.879,27.54,6.6433,128733.464,42.09,6.6892,26373.91,6.51,6.6962,21354.327,7.83,,,,6.7498,831014.732,20.03,,,,6.9674,82008.806,9.2,2.1738,54645.493,29.58,6.7628,2047261.377,23.61,6.818,14649.296,2.23,6.8427,13457.667,0.1,6.8779,213984.607,62.58,7.08,26340.479,0.3,6.894,59406.498,22.15,6.9374,287731.332,61.94,,,,6.9433,10378.526,10.33,6.9446,25566.243,1.13,,,,6.8915,15921.383,2.79,6.9899,88431.011,50.13,,,,,,,,,,,,,7.0729,127543.302,3.07,,,,7.09,232034.577,92.79,7.2595,10410.833,1.86,2.3809,22665.839,13.65,7.0247,10019.667,9.99,7.1296,282281.689,12.37,7.1411,14749.316,3.17,,,,7.1431,128266.166,12.01,,,,7.1752,17267.86,0.32,,,,7.1517,18671.456,2.1,7.2661,12769.842,0.47,,,,7.372,424964.786,76.05,7.367,803167.614,52.27,7.302,663726.054,27.46,7.3711,73685.676,26.16,7.535,39840.334,3.94,7.4183,469567.017,19.43,7.4373,4036429.003,75.28,,,,7.4821,108124.122,37.12,7.4841,133396.315,18.64,2.5515,312902.346,92.88,7.4399,43941.17,59.66,,,,7.5477,23796.898,5.2,7.5334,17513.162,1.14,7.5846,18035.948,2.52,7.5713,122093.716,21.13,,,,7.644,9516610.257,93.16,,,,,,,2.8016,17136.146,6.07,,,,7.633,21613.807,0.4,7.7385,175473.769,6.53,7.7448,23355.171,23.25,7.8082,4338092.2,95.66,7.9172,20339.757,2.97,7.9073,28920.871,0.46,7.9769,12382.861,100,,,,8.1585,12720.173,7.37,2.8236,60060.048,5.62,7.8566,16174.29,1.4,8.0291,217612.163,24.47,,,,8.2557,10208.598,0.96,8.0402,20304.439,0.89,8.0512,114780.065,32.57,8.0761,22612.431,29.28,,,,8.2008,19412.733,5.51,8.1372,14134.087,0.92,2.8673,20878.184,56.79,,,,8.1325,36914.405,1.62,8.1479,19904.292,1.72,8.2457,16966.674,3.16,8.498,25876.005,2.24,8.2426,120569.54,28.2,8.3326,33907.827,0.63,,,,8.3312,21130.872,3.78,,,,,,,8.3274,11358.608,0.42,,,,8.38,171303.781,34.65,8.412,258457.293,2.39,8.4967,157401.59,5.85,8.6399,14406.869,4.9,8.2787,14157.09,2.53,8.4994,873688.183,13.8,8.5882,893972.228,90,,,,8.6266,112343.151,12.21,8.5087,428882.358,34,8.7064,10555919.25,97.61,,,,8.7558,136202.344,5.46,8.7596,33159.387,1.23,8.8713,94231.487,10.59,8.815,910422.884,60.14,,,,8.5173,14148.941,0.92,8.8859,136573.313,90.43,2.9715,43018.842,9.39,8.8849,31951.192,2.76,8.8831,151943.139,2.4,,,,9.1458,10622.141,1.55,8.9562,441707.301,36.79,,,,9.0308,538853.272,44.89,,,,9.1071,24342.228,0.98,,,,3.1214,232232.852,34,9.0368,392678.473,14.6,,,,9.2006,810050.045,42.9,,,,9.2074,1200289.674,100,9.2055,919005.704,96.02,9.2253,620987.33,71.15,9.2703,1145419.166,93.01,9.2747,899980.766,96.59,9.2714,124215.053,11.63,3.1557,141750.143,70.46,9.2678,539960.472,46.65,9.0946,13228.667,1.85,9.3562,199950.168,16.78,,,,,,,,,,9.4314,126539.574,25.6,9.5051,20036.47,3.18,,,,,,,,,,,,,3.2908,979182.124,87.24,3.2893,594583.696,55.42,3.3945,221547.022,39.04,3.3612,126948.383,16.11,3.4889,44283.906,1.07,3.4809,193309.327,12.05,3.5251,85058.572,44.61,,,,3.6185,293428.812,10.62,3.7015,1674249.483,89.05,,,,3.849,13369.082,0.48,3.895,123615.082,17.88,3.9374,59042.139,33.59,3.9473,23712.743,49.25,,,,4.0632,190088.525,10.25,4.1272,38682.91,4.92,4.0488,265710.053,38.78,4.0576,24296.106,7.21,4.0838,228499.792,35.68,,,,4.1531,310973.049,18.06,4.1896,526744.416,9.82,4.1867,524887.586,58.91,4.1812,17243.613,1.12,4.1921,11101.537,3.16,4.2416,472444.16,76.74,4.3214,96769.892,5.22,4.3323,27625.922,1,4.3786,63458.186,2.94,,,,,,,,,,,,,4.4421,78322.729,0.77,4.4489,448542.138,57.05,,,,,,,4.5691,930892.151,10.74,,,,,,,4.5796,1292177.853,31.14,,,,4.5968,34899.923,20.21,0.9092,39611.002,12.88,4.5824,30174.106,4.4,,,,,,,4.692,101152.023,2.99,4.7141,233562.692,61.83,4.747,32567.081,3.22,,,,4.7526,95594.378,26.15,4.8047,1418858.43,41.96,,,,,,,4.9467,19579.865,0.15,4.9079,1288213.169,38.1,5.0461,41399.588,2.69,,,,,,,5.0142,28641.013,28.53,5.005,180820.307,9.75,5.0189,31824.99,5.58,,,,5.1544,97874.807,5.28
269_2021_T_2n,,,,,,P1-A9,,1,,1.2505,15227.427,,9.29,,,,,5.0533,29992.406,0.26,,,,,,,5.1709,21164.621,2.46,5.2574,16259.494,6.99,5.1611,55609.915,32.88,5.1969,28707.762,1.13,5.1773,151110.598,13.88,1.2979,221726.686,11.91,,,,5.1825,66629.796,54.87,5.1564,26957.918,5.33,,,,,,,5.3192,1270625.134,14.96,5.4746,22205.437,9.77,,,,,,,1.6247,53965.712,3.32,,,,5.4196,266184.861,6.8,5.4401,50670.53,2.91,5.4564,69886.961,7.83,5.4425,8082831.455,91.96,,,,,,,,,,5.5117,19402.444,28.47,5.5131,20145.56,8.66,1.638,60963.743,21.05,5.5691,729606.945,84.33,,,,5.5923,21941.946,0.43,,,,,,,5.7981,26533.684,1.85,5.6535,101390.406,2.66,5.6814,192374.595,9.74,5.7326,12755.751,0.55,,,,,,,5.7159,484053.482,18.16,5.6865,39902.743,0.45,5.7099,13266.617,13.06,,,,5.7846,155042.899,1.36,,,,5.8173,83115.304,76.06,,,,,,,,,,5.976,161940.321,8.88,6.0053,265752.509,12.97,,,,6.0323,144127.041,10.97,,,,6.0719,597109.033,36.75,,,,6.0894,22440.836,2.62,6.117,247085.453,76.36,6.1969,50176.474,14.51,,,,6.1371,12408.431,0.99,,,,6.1785,192618.964,1.68,6.1749,289955.562,74.17,6.2401,330429.103,14.32,6.2415,117531.796,6.44,6.1745,21595.317,47.5,6.2903,788613.195,31.04,6.3303,12709.125,3.25,6.3546,15797.765,0.78,2.0041,104437.763,42.79,6.3031,36545.892,10.57,6.3902,983357.666,52.6,,,,,,,,,,,,,,,,6.5704,111037.577,38.6,6.6273,143306.18,10.02,,,,2.1538,153282.78,27.14,6.689,56085.678,5.91,6.6094,29409.924,0.33,6.6129,906623.322,35.69,6.6363,114328.33,30.59,6.7503,10458.998,3.27,6.8588,10301.707,3.33,,,,6.7494,768649.715,25.54,,,,6.9559,82802.418,16.38,2.1643,170060.155,32.15,6.7529,1700414.94,20.02,6.837,11284.842,3.39,6.8178,34769.509,0.4,6.8582,147357.016,45.69,6.9024,32063.147,0.38,6.859,232091.409,56.17,6.9184,224975.624,78.04,,,,6.9365,56517.86,43.9,6.9369,15768.516,0.62,,,,6.8712,89960.743,12.79,6.9759,53381.717,100,,,,,,,7.0319,19951.847,7.65,,,,7.0689,133194.454,4.43,,,,7.0768,162159.558,92.86,6.9485,14559.457,10.95,2.38,10183.886,8.51,,,,7.1152,154837.062,5.81,7.1409,13402.159,4.65,,,,7.1364,384560.717,26.88,,,,,,,,,,7.1504,15758.66,3.12,7.2488,12394.256,0.43,,,,7.3687,13121.468,9.87,7.3565,57522.69,6.06,7.2895,368046.749,17.96,7.4779,26786.072,7.75,7.515,33629.42,5.17,7.4056,859061.556,41.92,7.4306,2807793.032,73.74,7.5394,33552.829,20.18,7.4677,108227.393,29.32,7.4668,14570.687,4.63,2.5385,148151.013,62.1,7.4349,27901.77,40.95,,,,7.5339,117475.653,15.93,7.4329,39199.367,4.13,7.5525,12194.864,3.87,7.5596,48808.937,19.78,,,,7.6351,12527657.2,96.7,,,,,,,2.7919,34395.994,20.87,7.7232,63608.296,16.44,7.7324,13501.926,0.35,7.7218,111346.142,3.83,7.7405,40468.467,31.44,7.7933,3901288.133,95.05,,,,7.9104,17047.831,0.15,,,,,,,8.1578,61727.279,26.53,2.8164,83572.12,5.84,7.8443,32248.346,2.57,8.0181,65584.556,15.79,,,,8.2582,14000.313,0.98,8.0343,99344.203,3.73,8.0483,164873.747,39.87,8.0593,28302.866,31.51,,,,8.1736,11997.13,2.9,8.1305,37616.553,3.96,2.802,10745.75,30.48,8.0399,18173.549,0.9,8.1339,355011.77,13.32,8.1464,19864.172,1.58,,,,8.1232,28807.907,2.29,8.2476,35930.569,10.03,,,,,,,,,,,,,,,,8.3076,15233.193,0.52,,,,8.3728,88676.053,27.15,8.4061,243511.469,2.87,8.4877,849097.011,29.23,8.6321,11354.809,6.25,,,,8.487,7171903.452,62.73,8.5805,715966.317,90.39,2.9789,18991.622,29.44,8.6157,103756.093,10.43,8.7434,86279.465,1.83,8.6922,8246265.175,97.13,,,,8.7479,133214.005,3.01,8.7525,75000.584,2.58,8.8536,32000.606,7.7,8.8081,572504.93,50.2,8.8257,12743.359,4.26,8.2563,27689.905,2.92,8.8733,148832.27,38.46,2.9616,134202.389,18.2,8.9018,54997.885,4.38,8.9146,44046.128,0.39,,,,9.0266,11615.064,4.44,8.9478,231241.843,30.62,,,,9.0241,291094.378,38.55,9.0863,13346.236,13.18,9.1114,38671.532,0.87,,,,3.1026,197147.129,49.7,9.1162,13820.276,0.48,,,,9.1991,1603681.968,79.43,9.1971,1771916.126,94.84,9.2006,3726248.642,99.71,9.3179,53366.38,2.86,9.2166,350301.005,61.64,9.2631,1653891.073,97.44,9.2673,1542934.622,98.57,9.2615,171444.706,11.98,3.1504,282292.157,79.74,9.2611,728773.132,58.05,,,,9.3465,20032.212,2.32,9.3903,13705.38,0.96,9.3515,10151.348,0.81,,,,9.4268,87991.787,26.94,9.6603,234347.905,29.94,9.4768,71786.517,1.62,,,,,,,3.2059,10172.835,1.18,3.2827,675487.621,78.75,3.272,1024244.771,90.82,3.3791,152884.347,27.9,3.3675,30174.059,4.79,3.4749,83769.713,2.78,3.4742,68433.144,4.21,3.5207,103720.158,42.33,3.5416,25448.492,11.69,3.6024,87955.532,3.48,3.6949,1635502.928,90.74,,,,3.8329,23532.478,0.93,3.8732,139654.524,21.67,3.9267,64794.924,73.22,3.9234,93345.259,66.71,,,,4.0152,29120.321,2.22,4.122,20467.276,3.11,4.0372,87784.45,33.52,4.0475,473184.26,73.3,4.0788,38316.069,12.15,,,,4.1506,123506.542,6.26,4.1776,321399.044,8.44,4.175,300917.868,59.51,,,,4.203,12458.308,6.01,4.2278,437438.526,68.58,4.3142,138962.662,10.58,4.3196,182209.472,7.22,4.3719,41644.778,2.23,,,,,,,,,,,,,4.4208,95156.285,0.73,4.4381,325878.905,49.54,4.5837,11576.998,0.3,,,,4.5713,424085.487,4.99,,,,,,,4.5682,583890.833,19.4,,,,4.5967,57685.14,24.79,0.9044,12065.096,5.6,,,,4.5965,11349.319,1.74,,,,4.6799,77311.584,1.98,4.7057,105654.239,28.39,4.8301,15125.999,2.32,,,,4.7416,151035.626,71.3,4.7859,1481096.199,37.86,,,,0.9315,39920.728,24.36,4.9343,16289.696,0.19,4.889,1558402.303,39.84,5.0401,15763.003,1.66,,,,,,,5.0068,201420.245,69.3,4.997,125581.031,9.56,4.9975,184746.521,26.27,,,,5.1422,82444.872,6.28
273_2012_T_2n,,,,,,P2-A6,,1,,,,,,,,,,,,,,,,,,,5.1323,16787.247,7.3,,,,5.1747,40966.511,19.24,5.1985,18676.625,0.91,5.1951,13526.015,1.69,1.3132,448718.93,38.12,,,,,,,5.1769,28399.927,4.75,,,,5.3147,14863.183,0.18,5.322,704994.228,12.79,5.4419,16137.715,4.36,,,,,,,1.6435,75887.878,4.55,,,,5.4342,410600.18,6.94,5.454,44480.445,2.6,5.4681,61982.575,9.51,5.451,8830171.371,92.21,,,,,,,,,,,,,,,,1.662,22738.565,21.74,5.5849,971717.422,84.92,5.5984,12586.367,1.89,5.5979,34983.679,0.73,,,,5.7792,11966.688,2,5.5548,12043.644,1.59,5.6726,54444.336,0.65,5.6848,333840.094,19.14,5.7134,33166.411,2.02,,,,,,,5.7252,258547.951,11.15,5.7169,13315.481,0.14,,,,,,,5.7983,308269.56,7.21,,,,5.8359,64636.75,72.63,,,,5.9642,11696.009,1.55,,,,5.9849,402231.872,15.54,6.0328,72536.347,3.88,,,,6.0421,185856.016,10.76,,,,6.0865,602331.12,36.09,6.0453,15475.6,21.99,6.1003,36661.065,2.72,6.1346,70604.988,40.8,,,,,,,,,,,,,6.1949,125886.808,2.94,6.1936,386557.806,79.55,6.247,429415.828,26.21,6.2491,412876.05,15.95,,,,6.2964,903954.126,43.82,6.3332,24151.536,4.97,6.3968,16367.92,0.61,2.0419,29681.095,19.35,,,,6.4055,1248240.734,50.12,,,,,,,6.5115,10970.392,2.59,,,,6.5754,11128.477,1.87,6.5715,22286.925,21.45,,,,,,,2.1734,69890.834,21.79,6.5101,27380.91,1.69,6.6263,75254.275,0.79,6.6235,466352.167,22.61,6.6499,159608.67,47.65,6.6955,18034.201,7.26,6.6908,15445.599,4.34,,,,6.7577,467158.776,12.75,,,,,,,2.1829,29531.73,28.79,6.7601,1239644.963,22.49,,,,,,,6.8816,210142.465,70.97,6.9386,12017.324,0.22,6.8827,102305.847,32,6.9384,192884.073,68.04,,,,6.9504,16728.609,16.94,7.0173,15242.085,0.74,,,,6.8784,46590.306,15.65,6.993,59692.394,64.62,,,,,,,7.0769,10076.418,4.31,,,,7.078,292287.87,7.97,,,,7.0933,342332.391,90.98,,,,2.4068,14387.409,8.96,,,,7.147,286050.395,12.34,,,,,,,7.161,48058.531,6.36,,,,,,,,,,,,,7.5538,12794.903,0.81,,,,7.3784,196493.433,56.97,7.3717,374577.994,23.15,7.3085,649384.721,34.76,7.377,40814.828,20.14,7.5356,45337.778,6,7.4265,374245.109,20.04,7.4427,5191654.717,61.53,7.6559,11524.046,6.56,7.4823,82732.116,47.71,7.4825,89870.337,27.85,2.5562,357403.847,93.26,7.4428,71902.316,71.49,,,,7.5407,35432.134,4.38,7.4328,85247.053,5.27,,,,7.5738,240406.859,56.05,7.6083,10288.6,9.03,7.6454,11743698.02,93.1,,,,7.7243,18293.278,5.67,2.7989,119876.664,21.56,,,,7.7315,29564.188,0.35,7.7431,106632.954,6.79,7.7424,22669.172,22.96,7.8026,4814332.224,96.83,,,,7.9375,10830.454,0.25,7.999,40675.835,100,,,,8.1709,22577.665,9.74,2.8229,69298.801,9.17,,,,8.0248,180658.616,22.31,8.0708,21252.709,0.25,,,,8.0357,16466.815,0.71,8.0556,82052.647,31.67,8.0751,38979.39,41.27,,,,7.9097,14045.458,5.42,8.3236,55361.751,3.42,2.8458,43847.309,35.51,8.3253,28470.801,1.06,8.1381,30020.546,1.29,8.1609,23001.87,1.58,8.2512,33439.234,10.43,8.5002,22985.192,1.58,8.2463,174246.582,39.42,8.2867,12549.025,0.15,,,,8.3314,106849.038,30.98,,,,,,,8.3235,11518.64,0.73,,,,8.387,325361.736,49.11,,,,8.5146,74425.344,4.74,,,,,,,8.5062,190810.667,4.46,8.5804,624982.744,83.36,2.9832,18264.671,58.5,8.6283,130496.227,10.49,8.512,115849.657,7.85,8.7108,9156729.046,99.67,,,,8.7718,65640.752,2.8,8.7627,22080.589,1.41,8.8717,35547.788,4.39,8.8164,826602.151,57.41,9.0888,23247.696,19.14,8.2727,10332.421,0.64,8.8899,143769.648,85.4,3.0178,23735.761,2.94,8.9027,55210.181,3.79,8.8895,75921.317,1.78,,,,8.9564,11130.347,1.87,8.9614,127837.682,32.53,,,,9.0356,143239.372,36.44,,,,9.0845,24300.55,1.04,,,,3.1194,91108.131,12.05,9.1442,15460.564,0.98,,,,9.2047,1859911.205,69.37,9.1869,515615.045,33.98,9.2116,3383838.61,99.6,9.2135,935265.92,61.63,8.9997,16997.612,11.51,9.2694,1501130.21,96.83,9.2781,1849115.372,97.75,9.2735,168772.782,22.34,3.1635,217232.74,76.24,9.2698,793086.271,54.51,9.0055,15259.22,4.73,9.3585,410277.432,23.61,9.4836,38479.966,5.09,9.4015,214380.505,14.73,,,,9.4351,174208.207,26.3,9.5227,19130.62,1.84,9.3706,14553.549,0.62,,,,,,,,,,3.2947,786125.733,58.38,3.2891,473242.186,45.07,3.3802,207690.08,38.85,3.3684,52239.501,14.55,3.465,61225.594,1.67,3.4837,202507.881,12.13,3.5283,176492.336,52.87,,,,3.6282,100401.069,4.5,3.6964,860454.284,71.55,,,,3.8398,19639.323,0.88,3.8949,97866.211,9.55,3.9353,64484.742,32.37,3.9485,24965.693,100,,,,4.0291,63774.687,3.69,4.1302,36860.033,5.97,4.0477,210149.507,35.24,4.1794,25309.651,7.46,4.089,433566.259,53.12,,,,4.1622,316319.296,18.14,4.2005,361039.165,4.28,4.1889,397460.508,66.46,4.1854,10692.312,0.66,4.1443,13472.641,4.42,4.2501,736378.419,80.72,4.3217,87232.541,5.05,4.3159,59293.393,2.66,4.3709,51609.08,2.07,,,,,,,,,,,,,4.4336,96540.086,0.77,4.4481,310519.263,50.29,4.5611,11529.122,0.14,,,,4.5765,946655.515,17.18,,,,,,,4.579,1270450.507,34.66,,,,4.5984,28882.894,12.46,0.9257,184379.969,45.92,4.5705,15014.44,2.52,,,,,,,4.6916,365256.724,6.17,4.7168,319366.146,72.1,4.7313,13739.751,1.82,,,,4.7578,50014.775,7.53,4.8032,2434067.474,41.13,,,,,,,4.7546,17293.606,0.18,4.9103,2143536.182,36.22,5.0491,32594.06,2.01,,,,,,,4.965,15426.096,20.45,5.0112,275349.697,15.94,,,,,,,5.1478,62356.069,3.61
273_2021_T_2n,,,,,,P1-D6,,1,,1.2687,29923.045,,22.06,,,,,,,,,,,,,,5.1566,14091.669,4.36,5.2858,12075.755,12.75,5.1735,27370.629,24.28,5.1261,10433.573,0.57,5.1879,120959.985,15.53,1.2837,438076.11,32.22,,,,5.193,35073.47,42.96,5.162,16112.202,4.07,5.3567,10417.854,1.07,5.3975,10064.14,0.22,5.3204,687042.601,12.94,5.4475,12878.902,7.1,,,,5.2542,14390.722,18.71,1.6575,31174.648,2.42,,,,5.4275,204778.351,5.81,5.4293,71334.041,5.77,5.4441,173841.163,27.68,5.4458,7117103.165,93.66,,,,,,,,,,,,,,,,1.6453,40626.038,23.13,5.5799,322820.948,77.15,,,,5.4445,40377.644,1.07,,,,,,,,,,5.6444,47072.464,1.03,5.6859,156281.806,11.03,5.6952,23512.816,1.85,,,,,,,5.7223,252865.153,16.89,5.7196,20333.316,0.27,,,,,,,5.803,148758.427,2.32,,,,5.8236,24630.556,54.95,,,,,,,,,,5.9859,148695.411,8.78,6.0167,164869.674,15.94,,,,6.0433,118320.049,14.29,,,,6.085,235568.407,18.32,,,,,,,6.1286,156349.852,71.19,,,,,,,,,,,,,6.1872,111614.521,1.74,6.1922,194869.107,74.52,6.2433,334124.95,26.31,6.2446,324970.087,19.19,6.1899,10567.969,50.47,6.2973,1112636.124,61.13,6.3326,17236.296,6.59,6.3656,11842.403,0.65,2.0092,104512.086,44.18,,,,6.3977,823872.652,54.76,,,,,,,,,,,,,6.567,11226.781,4.29,6.5692,65676.027,41.12,6.6298,11657.414,1.92,,,,2.1656,76615.93,25.76,6.5179,21456.105,2.19,6.6151,50900.306,0.67,6.6218,255332.814,14.03,6.642,120598.145,39.2,6.6752,10257.894,4.5,6.6829,21943.184,11.44,,,,6.7561,360459.576,15.36,,,,,,,2.1679,74205.702,35.3,6.7569,980110.319,18.46,,,,6.8362,10890.665,0.14,6.8696,306388.215,79.02,6.9301,15878.312,0.3,6.8699,210129.625,51.7,6.9296,285468.232,87.25,,,,6.9333,20177.48,41.02,6.9426,11328.84,0.62,,,,6.8871,24079.477,7.43,6.9883,68798.965,100,,,,,,,7.0767,14999.477,14.43,,,,7.0723,233988.83,9.97,,,,7.0876,124865.121,81.88,,,,2.4206,10234.298,8.95,,,,7.1341,136855.567,9.14,7.1412,10890.942,3.33,,,,7.1467,135772.165,22.33,,,,,,,7.0684,10310.756,24.26,,,,,,,,,,7.3609,76017.494,32.65,7.3636,113032.616,11.56,7.3033,267269.464,25.84,7.3666,13032.96,12.68,7.5339,28712.446,7.79,7.4153,263507.116,25.47,7.4338,3579063.703,78.29,7.5751,11074.072,7.91,7.4756,76035.775,48.58,7.4727,31391.072,41.07,2.5571,143178.864,67.98,7.4372,41454.396,100,,,,7.5421,73722.186,15.1,7.4385,42006.48,4.29,,,,7.5672,65143.09,45.4,,,,7.642,9913816.017,97.31,,,,,,,,,,7.6247,20236.182,12.58,7.7488,15867.985,0.35,7.7314,90276.927,8.2,,,,7.7992,2825226.575,96.37,,,,7.9165,70167.426,1.09,7.9855,14891.933,100,,,,8.1694,51670.17,54.56,2.813,69752.678,11.47,7.841,11491.519,0.94,8.0195,40520.535,10.76,8.0719,13060.873,0.29,,,,7.8557,66320.395,4.43,8.0445,116754.778,54.97,8.0731,14790.256,57.28,,,,7.9072,71943.61,33.87,,,,,,,8.3088,18547.797,1.02,8.1405,190609.241,12.74,8.1528,31261.59,2.56,,,,8.1316,31088.696,2.54,8.2402,41251.519,34.64,8.2859,11643.528,0.25,,,,8.3169,53470.371,22.97,,,,,,,8.4113,14311.893,1.3,,,,8.3806,115078.225,37.42,,,,8.5091,433110.072,39.33,,,,,,,8.4973,3459235.436,53.91,8.5812,389382.377,92.46,2.9888,39748.597,66.6,8.6222,56040.128,6.34,8.717,13422.103,0.53,8.7058,6354563.871,99.78,,,,8.7554,10413.45,4.4,8.8487,17155.094,1.56,8.8624,16217.238,4.3,8.8136,330017.117,47.22,,,,,,,8.8815,121500.884,75.51,2.9716,78143.39,16,8.9048,41076.975,3.36,8.8696,10948.148,0.17,,,,8.9441,12725.007,4.86,8.9579,62849.48,29.18,,,,9.0325,79392.078,36.86,,,,,,,,,,3.1261,31694.129,12.81,9.2582,37092.166,3.37,,,,9.2006,1528205.929,83.83,9.2003,1466019.385,92.67,9.206,2612011.63,100,9.3151,63310.112,4,,,,9.2696,1451288.581,97.44,9.2703,1277781.654,100,9.2688,149071.162,24.52,3.1529,181751.024,59.17,9.2692,644998.296,52.73,,,,9.3616,19620.013,2.54,9.4838,15456.186,2.54,9.3957,125671.407,10.27,,,,9.4303,91182.503,29.65,9.6578,400075.108,57.27,9.478,46371.775,19.6,,,,,,,,,,3.2851,512162.03,92.37,3.282,784410.489,92.48,3.3709,440139.991,68.41,3.3683,41518.657,11.79,3.4867,24707.372,1.05,3.4839,60406.529,4.7,3.5259,104292.936,52.69,,,,3.6341,37305.068,2.5,3.7015,769161.953,90.26,,,,,,,3.8817,109694.219,15.19,3.9414,43209.429,55.29,3.9299,59204.105,59.12,,,,4.0409,21778.018,2.63,4.1201,21703.086,4.48,4.0404,120276.016,45.93,4.0489,171698.7,45.88,4.0889,110917.981,39.69,,,,4.1543,148473.122,10.48,4.1917,148888.063,3.26,4.1872,274240.614,69.21,,,,4.1244,117851.358,38.98,4.2423,365402.282,80.57,4.3217,47141.337,5.69,4.3223,69182.212,4.63,4.3735,55135.17,3.66,,,,,,,,,,,,,4.4289,38017.59,0.37,4.4443,245794.38,50.7,,,,,,,4.5689,428186.713,8.06,,,,,,,4.5786,560698.063,23.89,,,,4.5986,30957.762,32.69,0.9195,47173.634,21.07,4.5745,14357.243,5.48,,,,,,,4.6887,69729.653,1.98,4.7104,90163.122,47.92,,,,,,,4.7458,62525.223,81.29,4.792,1507444.231,42.77,,,,0.9363,27978.519,20.62,4.9436,32974.924,0.43,4.9027,1395574.765,39.6,4.832,11004.066,1.13,,,,,,,5.0067,11044.415,27.09,5.0137,58106.221,7.02,5.0018,19414.562,5.99,,,,5.1509,33748.729,4.08
282_2012_T_4n,,,,,,P1-F2,,1,,,,,,,,,,5.038,162253.736,3.94,,,,,,,5.1125,186744.975,47.15,5.2787,24318.457,13.84,5.1748,51540.962,23.52,5.1863,447393.708,11.43,5.1995,22052.426,3.33,1.2946,145913.431,29.99,,,,,,,5.1753,21408.814,3.58,5.359,23473.16,0.76,5.3191,173880.126,0.65,5.3194,94660.062,2.82,,,,5.5101,11083.787,1.5,,,,1.6286,51495.05,3.95,,,,5.4342,164656.689,5.66,5.4412,720073.467,32.15,5.4367,583325.668,39.54,5.4579,116289.736,5.69,,,,,,,,,,,,,5.5286,14956.798,8.51,,,,5.5884,553609.274,80.14,5.6033,41340.358,33.9,5.6067,575510.223,53.69,5.5439,11737.134,3.94,5.7812,63250.703,10.57,,,,5.6698,325548.871,1.22,5.6941,357378.326,25.99,5.6819,47949.009,5.15,,,,,,,5.7225,27700.78,1.75,5.8553,211873.906,10.37,,,,,,,5.8021,220577.897,5.35,,,,,,,,,,5.956,73138.308,10.74,,,,6.0113,12268.673,0.78,6.0138,268834.614,18.83,,,,6.0416,172740.466,9.99,,,,6.0873,256706.27,19.68,6.0522,25056.094,10.82,,,,6.1324,43079.573,40.63,,,,,,,6.3165,11137.7,0.54,,,,6.1981,79399.515,1.93,6.2453,13755.633,3.58,6.2514,49517.027,5.31,6.2587,63606.343,4.06,6.3346,22856.149,100,6.2925,170131.2,4.34,6.3395,370672.382,96.42,6.2814,12599.07,0.51,,,,,,,6.3975,829352.752,51.77,,,,,,,,,,6.4258,11745.969,1.96,,,,6.5811,30818.17,8.47,,,,,,,2.1775,60154.848,17.49,,,,6.6121,582987.395,28.54,6.6233,1767706.659,45.14,,,,6.7146,12974.004,7.31,,,,,,,6.7148,1055520.717,36.24,6.8153,18735.094,35.28,6.9681,12118.519,2.03,2.1735,217908.091,70.42,6.7697,103227.248,3.07,6.8263,15380.965,4.18,,,,,,,6.8588,688195.822,20.49,,,,6.9241,73475.414,23.41,,,,,,,6.9431,24543.242,0.63,,,,,,,6.9908,45324.514,22.97,,,,7.0222,13032.861,26.26,,,,,,,,,,,,,7.0921,124851.44,90.44,,,,2.3802,42738.334,44.38,,,,7.0549,55911.308,3.53,7.1453,164092.938,52.28,,,,7.1574,15547.447,3.31,7.221,14010.868,17.6,6.9921,11870.646,0.04,7.194,26945.5,18.02,,,,7.3698,45567.669,1.84,,,,7.3669,250851.043,37.51,7.3637,544737.506,17.66,7.3009,742184.578,51.99,7.3601,47466.25,15.94,,,,7.4809,143314.124,10.04,7.4238,24109920.55,90.57,,,,,,,7.5,21181.629,5.78,2.5533,114606.189,49.52,7.4245,869742.438,93.04,,,,,,,7.5563,13806.049,0.45,7.4731,48342.74,13.19,7.5645,80705.611,13.98,,,,,,,,,,,,,2.8294,10454.585,6.74,7.7362,24400.759,5.56,7.7292,83818.211,0.31,7.7677,12141.044,0.49,,,,7.8107,1643303.537,84.88,,,,7.9287,72814.704,1.77,7.9923,337048.667,100,,,,8.1712,11163.287,6.35,,,,,,,8.0297,171491.415,11.71,8.0528,120104.105,0.45,,,,7.9374,12393.041,0.78,8.0757,22216.97,4.01,8.0723,84804.928,87.21,,,,7.933,156203.658,28.18,8.1013,85768.718,2.78,2.8407,25991.613,68.86,8.0919,17123.96,0.69,8.264,12751.1,0.81,,,,8.2454,37650.892,10.95,8.4875,11307.38,0.54,8.2413,20982.596,2.89,8.2913,142126.805,0.53,,,,8.3233,267471.66,39.99,2.9885,28840.438,16.42,,,,8.5644,15275.619,0.62,,,,8.3816,153438.293,41.41,8.413,25685.698,0.33,8.5001,110886.918,4.48,,,,8.4277,12011.786,1.8,8.4905,305315.372,7.41,8.5932,253175.524,30.46,,,,8.6293,342480.661,20.64,8.6012,11052.925,2.1,8.7012,7585274.012,98.69,,,,8.757,55990.068,1.54,8.7686,18849.165,0.76,8.8666,208248.835,14.22,8.8146,579592.638,60.31,,,,8.2528,11856.573,0.38,8.8888,359073.311,81.81,2.9897,24068.865,16.37,8.8888,57034.514,2.75,8.8912,508477.709,12.34,9.0107,12438.359,12.79,9.0181,24292.008,3.29,8.9574,842275.404,34.14,,,,9.0261,1090885.366,44.22,9.1801,10700.716,12.08,9.1055,34220.072,0.94,,,,3.1141,512116.672,68.95,9.2422,55767.579,2.25,,,,9.1965,1036800.14,41.66,,,,9.2096,440185.908,100,9.2054,441879.415,100,9.2229,97278.502,67.52,9.2658,713374.522,100,9.2742,428737.656,97.47,9.2696,50598.73,10.78,3.1685,22464.326,38.54,9.2701,368480.029,17.74,,,,9.3539,66830.006,11.74,9.3997,15192.497,3.24,9.4032,849432.399,40.88,9.5486,40253.112,10.98,9.4364,77290.787,20.86,9.5098,36265.941,3.72,9.4652,11535.682,0.32,,,,,,,,,,3.2949,395355.107,40.9,3.2869,424151.132,57.89,3.3686,293725.565,96.69,3.3722,275995.958,55.56,3.4614,197432.586,6.78,3.4821,178383.031,13.68,3.5235,128624.774,28.71,,,,3.6265,153933.872,8.15,3.7022,995570.217,93.3,,,,,,,,,,3.935,998512.063,94.42,,,,,,,4.0052,162438.667,9.39,,,,4.0484,204542.442,27.72,4.0605,17370.148,8.33,4.0822,359059.123,59.26,,,,4.1546,364579.217,26.51,4.1882,366250.601,1.38,4.1849,365718.803,61.14,4.1633,10403.242,0.34,,,,4.2401,620626.77,81.7,4.3164,146156.791,8.45,4.305,13918.308,0.74,4.3762,190956.389,11.92,,,,4.4642,11660.269,1.58,,,,,,,4.4332,18755.745,6.99,4.4882,63511.25,13.82,,,,,,,4.5779,80343.783,2.39,,,,,,,4.5787,58828.912,2.02,,,,4.6012,11608.393,6.61,0.9141,38260.168,9.57,4.5754,21131.994,2.86,,,,,,,4.691,61635.491,2.12,4.7218,174870.403,54.17,,,,,,,4.7509,37775.61,30.97,4.7971,1290299.176,44.33,4.8664,1212637.412,64.75,,,,4.949,46876.046,2.29,4.9084,1178271.827,40.48,5.0558,114900.675,3.73,,,,,,,4.9429,31382.635,47.15,5.0081,490748.98,28.38,,,,,,,,,
296_2021_W_4n,,,,,,P1-D2,,1,,,,,,,5.0567,77080.971,37.52,5.0348,127332.766,8.18,,,,,,,5.113,68406.122,53.18,,,,5.1735,71059.226,32.8,,,,5.1144,15771.984,2.34,1.2835,74249.314,29.64,,,,,,,5.3075,166652.85,4.91,5.2919,29440.396,0.82,5.3054,1883449.605,19.99,5.3362,24335.901,2.51,5.3609,56085.086,43.87,,,,5.3746,34048.076,1.25,1.6439,25416.992,5.55,,,,5.4258,122002.87,4.73,5.4257,133121.288,44.53,5.4341,124982.444,22.27,5.4501,69979.581,2.43,,,,,,,,,,,,,5.5626,11160.411,1.54,1.6417,20718.406,4.7,5.578,766163.775,94.53,5.5599,394419.987,14.53,5.5611,56172.966,14.22,5.604,36254.152,3.87,5.7708,82320.43,2.42,,,,5.6042,116351.713,1.24,5.6858,84794.991,24.34,5.6854,11049.806,4,5.7182,89460.344,37.38,1.7022,405723.477,86.12,,,,5.7162,10291.448,0.36,,,,,,,5.7963,30421.509,1.95,5.8168,88194.055,9.41,5.8211,23478.828,33.13,6.02,41019.554,18.66,6.0191,1675285.882,64.75,,,,5.9735,14034.011,6.25,5.9997,26861.569,7.63,6.0235,1554260.335,45.78,6.0497,105986.368,26.83,6.0443,168083.337,17.94,6.0782,19365.331,4.23,,,,6.1,136295.676,18.32,,,,6.1312,100743.418,10.75,,,,,,,,,,6.1951,15810.708,1.02,,,,6.3807,23106.502,8.36,6.3338,11457.251,5.1,,,,6.2897,29471.981,3.9,6.3328,61420.087,73.74,6.359,27068.57,0.92,2.0055,69446.925,24.43,6.3831,197284.694,21.06,6.4047,241957.554,27.59,,,,6.4375,53743.154,18.46,,,,6.4208,70350.651,2.07,,,,,,,,,,,,,2.1653,255887.891,71.44,,,,6.5101,14294.998,0.5,6.6264,472059.66,62.46,,,,,,,,,,,,,6.7109,85640.227,14.49,,,,6.6376,10997.344,0.32,2.1726,93782.27,31.53,6.752,40507.996,4.17,,,,6.8659,174493.311,6.06,,,,6.8566,353058.165,36.37,,,,6.921,31980.206,11.58,,,,6.946,17920.28,59.29,6.9446,26500.882,3.51,2.2524,10047.709,4.07,,,,,,,6.9821,11969.548,16.7,,,,7.0789,47143.091,17.9,7.2424,10858.915,0.38,6.9019,37691.814,6.38,,,,,,,7.2475,15767.618,0.93,2.4011,35376.087,72.22,,,,7.2834,14714.813,5.91,7.1486,45556.578,16.49,,,,7.15,11410.902,0.72,7.1633,207407.09,71.24,7.1326,94537.991,1,,,,7.1316,18667.636,0.55,7.399,10386.256,1.75,2.4112,139205.791,19.23,7.3649,244115.733,14.39,7.3672,425100.742,11.82,7.3006,125771.447,35.74,7.3667,53400.371,5.7,,,,7.4145,71392.896,20.29,7.4371,67904.448,0.72,,,,7.4765,52132.911,42.12,7.471,13337.549,4.35,2.5563,247341.764,100,7.526,122794.752,62.8,,,,,,,,,,,,,7.5651,87933.256,10.8,,,,,,,,,,7.712,92368.469,30.15,2.8067,232927.552,87.36,7.7363,20606.477,5.29,7.5583,11219.373,0.12,7.7388,126343.485,21.34,,,,7.7966,3653221.88,94.89,,,,7.9283,79877.933,5.13,7.9876,13948.899,100,,,,,,,,,,,,,8.0409,43354.693,5.32,8.0442,783947.394,8.32,8.0395,91329.359,5.79,,,,7.8417,72509.966,21.97,8.0775,38317.184,16.69,,,,8.1551,29653.395,8.98,8.1257,10954.479,0.3,2.8588,17087.486,22.58,8.2761,1396976.436,47.29,,,,,,,8.3848,20188.123,5.64,8.4884,19378.359,4.28,8.2747,343486.988,65.2,8.3267,28792.751,0.31,8.2788,21881.426,7.14,8.2743,1091320.721,64.31,2.9701,127702.041,17.64,8.2889,18399.497,9.41,8.4044,10686.318,1.81,,,,8.3762,319757.746,53.87,8.4103,173426.392,13.29,8.486,229632.241,38.79,8.4786,419855.449,61.93,8.3887,15017.102,0.88,8.4884,399464.907,25.65,8.5669,645073.87,90.87,2.9896,144120.46,44.4,8.6259,158610.678,20.35,8.6614,10965.712,0.84,8.6967,1102411.854,84.5,,,,8.7558,54293.897,10.42,8.7582,22152.08,3.74,8.885,17817.599,2.19,8.811,195566.913,43.41,8.9188,16090.082,4.22,8.2785,2506172.647,69.66,8.8869,287976.155,73.98,2.9751,11131.634,20.33,8.8993,16045.095,3.54,8.8893,82554.135,5.3,,,,8.7622,11912.268,5.42,8.9557,38660.253,14.76,8.9965,37277.942,58.08,9.0456,17828.266,6.81,,,,9.1208,16141.62,3.1,9.1235,22196.943,3.27,3.1068,18431.854,19.56,9.1291,34443.988,5.82,,,,9.2003,1060699.165,35.91,9.2037,1229502.227,97.37,9.205,1691737.122,98.13,,,,9.2279,28522.77,50.76,9.2676,98251.444,69.9,9.2776,17040.404,100,9.2892,292673.896,18.54,3.1515,44059.596,23.3,9.2662,51918.195,11.46,,,,9.3478,29800.027,3.69,9.3993,273289.83,17.31,9.3867,41037.792,9.06,,,,9.4298,28829.668,4.86,9.4964,23219.88,2.69,9.3396,10432.787,2,3.2058,63444.21,2.34,,,,3.1982,53267.641,6.59,3.2904,17911.478,2.41,3.2977,120865.441,82.77,3.391,81088.536,13.47,,,,3.4691,105890.618,17.91,3.4801,153527.02,33.5,3.5341,48352.293,55.73,3.5533,34390.183,17.4,,,,3.6922,474901.758,90.37,,,,,,,,,,3.9353,36066.068,100,,,,,,,3.9761,59018.855,14.94,,,,4.0465,21663.49,9.86,4.0575,25931.975,11.3,4.0805,217718.869,45.36,,,,4.1583,70408.251,20.21,4.1856,487846.368,5.18,4.1858,505218.626,14.88,4.1845,40275.179,1.12,4.2026,94254.774,52.5,4.2307,698041.338,86.69,4.3061,24758.525,6.27,,,,4.3715,370724.252,42.27,,,,4.4712,11459.055,5.21,4.4985,55886.116,2.16,4.424,42186.857,5.83,4.4212,19175.008,21.61,,,,4.4771,1315835.31,13.97,4.4769,1218236.394,55.64,4.589,42385.869,4.37,4.5685,90904.74,3.35,4.5931,151184.305,68.25,4.582,27922.735,4.72,,,,4.7407,20987.371,2.9,0.9246,24407.874,27.23,,,,,,,,,,4.6957,58446.297,2.26,4.7059,46295.433,61.68,4.7235,16481.545,0.64,4.7509,1539091.753,91.72,4.751,1815949.572,66.91,4.7993,1089864.791,42.23,,,,,,,4.8613,1836360.254,63.8,4.8995,1072575.318,41.56,4.9331,43791.178,1.22,,,,5.0656,41654.741,1.53,,,,5.0133,124011.067,31.39,,,,,,,,,
300*_2012_T_4n,,,,,,P1-E4,,1,,,,,,,,,,5.0383,23981.998,0.67,5.0655,587323.005,4.64,,,,5.1553,11895.032,5.03,5.1472,102569.611,2.49,,,,,,,5.1724,34099.728,5.23,1.2855,166725.678,19.68,5.1979,18268.87,1.01,5.1989,14550.184,6.52,5.2412,16135.878,2.59,5.2533,5451974.638,47.18,5.3462,37938.17,2.78,5.3178,584185.603,12.34,,,,5.3714,2405878.72,19.01,,,,1.6249,119724.87,9.49,,,,5.4292,231869.001,5.99,5.434,130390.365,9.94,5.4368,121269.447,29.37,5.4667,16696.972,13.4,,,,5.6076,13823.666,0.11,,,,5.3738,156941.804,31.17,5.5365,900069.993,21.83,,,,5.5756,1051371.275,92.27,5.5048,21576.003,20.9,,,,5.527,41560.505,0.72,5.6254,11244.075,1.8,5.5405,20688.999,0.15,5.7016,14779.797,1.08,5.6812,433719.653,22,5.6768,67985.511,4.33,,,,1.7037,1690114.145,83.1,5.7197,115428.007,8.06,5.8795,10960.801,8.8,,,,5.8049,856570.783,6.77,5.7942,288932.436,8.09,5.8048,422721.179,7.28,5.8289,66838.4,85.94,6.0164,2741117.675,21.66,5.9456,186808.274,4.18,,,,5.9751,107868.288,6.27,6.0149,71736.796,5.25,6.1925,15600.218,2.5,6.0542,46360.928,3.71,6.0124,843703.926,14.53,6.0778,68621.953,5.44,6.2175,26603.31,0.54,6.1019,97212.486,10.97,6.137,158247.174,14.59,6.1348,250419.21,4.31,,,,6.16,459176.307,3.52,,,,6.1945,41879.7,1.17,6.1895,195166.044,49.92,6.2489,324610.487,20.69,6.2488,351558.407,20.45,6.2914,79668.968,10.56,6.2962,62477.892,4.94,6.3334,167130.459,42.75,6.3518,51583.839,1.94,,,,6.3866,338483.153,5.83,6.4008,1037581.17,51.09,,,,6.5019,190606.821,62.17,6.5019,28425.904,5.49,6.6248,90836.261,14.56,6.55,28279.807,0.22,6.5734,15833.41,6.05,6.6173,17042.337,0.12,,,,2.1731,463536.67,47,6.5931,32891.51,0.28,,,,6.6258,830434.881,65.62,,,,,,,,,,6.7197,684501.003,5.41,6.7345,360280.76,13.38,6.8285,501228.914,24.3,6.817,19363.611,3.1,2.1556,421040.882,48.15,6.762,891751.813,18.84,6.8183,4266293.514,31.27,,,,,,,6.8629,426059.13,9,6.8908,18772.475,23.51,6.9284,312366.33,51.28,,,,,,,6.9332,17392.967,1.37,,,,6.9641,118072.903,3.31,6.9867,25728.091,0.48,,,,7.0152,91769.588,18.59,6.9831,19534.088,3.55,,,,6.9537,18424.364,0.68,7.0939,1242377.631,9.81,7.0888,37310.937,11.84,7.095,53953.476,2.51,2.3884,79195.947,61.5,,,,7.1269,13118.307,0.92,7.1383,80593.285,13.23,7.0937,92440.813,1.59,7.1557,67180.915,0.48,7.2383,38297.767,12.49,7.3165,21908.792,1.6,7.1956,16064.724,5.55,,,,7.3883,26747.054,0.17,,,,7.4279,11659.685,0.54,7.3479,18388.766,0.16,7.2989,715389.423,52.37,7.4862,83844.076,1.44,7.419,14014.705,0.31,7.419,195082.188,14.28,7.4408,43993.635,3.22,7.4802,86524.964,35.12,,,,7.5795,1896564.47,13.86,2.5622,135836.803,32.66,,,,7.5311,65893.219,81.78,7.5329,11464.304,20.75,,,,7.5961,2572685.141,18.8,7.5669,379064.916,50.25,,,,7.6402,29000.819,4.08,7.5797,10010.198,10.2,7.8939,13405.022,0.1,2.8236,44023.354,19.27,7.7322,132608.867,9.59,,,,7.7496,812568.983,5.22,,,,7.8026,5269535.81,91.5,7.8861,65711.135,0.52,7.9255,37556.309,1.05,,,,7.9786,28501.094,0.25,7.9732,47469.597,1.15,,,,7.972,188560.745,1.45,8.0324,78874.086,4.5,8.1504,13326.73,0.98,8.0497,53534.505,0.38,8.043,14265.999,1,7.9688,14711.192,1.45,8.0722,88601.584,2.14,8.102,85154.85,0.67,8.1506,153443.903,15.12,8.0782,29608.7,0.26,2.853,186794.938,84.26,8.0967,113984.753,4.29,8.2664,12049.552,0.84,8.1451,157058.699,1.21,8.2492,107122.595,10.86,8.2945,19357.868,0.15,8.2453,82457.189,3.45,8.3217,21137.9,1.55,8.2852,113791.099,0.83,8.3624,14439.574,0.67,,,,8.3491,44095.331,8.76,8.2961,42371.777,0.27,8.377,128787.265,100,8.3788,394873.593,36.55,8.4097,55352.664,1.48,8.4702,935236.795,6.01,8.4709,2731940.153,55.66,8.5067,20481.406,0.95,8.5055,423277.557,11.86,8.5633,613977.53,71.17,2.9845,22698.556,24.06,8.6213,412616.454,16.65,8.5069,193555.473,59.25,8.6963,3490763.216,93.06,8.7398,5986363.697,97.38,8.7461,11197668.89,89.5,8.7419,10171939.93,65.38,8.8561,90999.376,5.19,8.8124,299668.398,71.96,8.7375,140281.22,9.72,,,,8.8815,882887.696,63.86,,,,8.8779,742394.843,5.7,8.8891,191964.126,5.38,8.9307,30736.291,0.74,8.9212,269913.932,2.13,8.9542,172969.085,9.59,,,,9.0275,204036.04,11.32,9.2434,10107.359,2.33,9.1176,18768.959,0.15,9.1264,155962.333,3.18,,,,9.1235,133281.08,0.86,,,,9.2007,12338.485,0.46,,,,,,,,,,,,,9.2629,477131.208,36.84,9.2705,157293.306,61.58,9.3003,1455978.788,10.34,3.1545,94821.838,89.35,9.269,1038370.767,7.97,9.2675,975074.125,7.13,9.3536,129324.095,9.34,9.4066,1432082.602,10.17,9.399,2515630.321,19.3,9.4139,2016005.552,14.73,,,,9.5359,68859.042,4.25,9.4662,14218.509,0.11,,,,,,,3.2066,171431.969,12.39,3.2867,315976.651,35.64,3.2875,568713.032,71.46,3.3784,304293.832,36.84,3.3749,48320.044,20.87,3.467,217978.468,8.09,3.4796,368292.803,29.2,3.5336,97788.671,43.63,3.5548,268983.329,79.63,3.622,202037.695,8.89,3.7024,1607323.641,93.59,,,,,,,,,,3.9342,27361.468,17.22,,,,,,,3.9898,223498.293,17.86,,,,4.0496,277998.582,2.2,4.062,28491.221,6.18,4.0836,558446.213,63.69,4.1073,227968.658,95.74,4.1695,184019.256,9.33,,,,4.188,10814.492,1.73,,,,4.1961,523135.44,65.01,4.2374,951460.375,69.28,4.3313,54338.559,4.34,4.3205,53207.212,2.34,4.3758,143502.599,7.07,,,,4.3084,56617.759,0.45,4.3258,217464.695,4.86,4.3204,337253.519,8.18,4.4269,43501.841,6.12,,,,,,,,,,4.5698,409338.631,8.65,4.4809,23477.877,22.74,4.5837,216205.828,41.19,4.5688,512124.425,19.02,4.5746,38770.153,0.67,4.6983,10198.411,0.25,0.9164,21902.071,14.67,4.5729,117679.281,0.93,4.6155,39347.414,0.88,4.6678,1015442.966,56.31,4.6902,82993.3,2.15,4.722,61465.082,57.29,4.717,14841.103,0.33,,,,,,,4.8007,1332344.633,34.44,4.7214,15163.075,3.17,0.9327,15827.85,34.59,,,,4.905,1347711.72,34.84,4.8336,249894.493,2.16,4.9671,19640.176,0.48,,,,,,,5.0086,393258.877,31.43,,,,,,,5.1499,17107.934,1.37
302_2012_T_2n,,,,,,P1-E7,,1,,,,,,,,,,5.0266,156008.249,4.29,5.1206,22017.748,1.9,,,,5.1478,14316.296,5.16,5.1623,43134.708,8.2,5.1769,66962.063,17.74,5.0446,13058.445,0.42,5.1915,30333.277,4.52,1.283,162951.974,25.82,,,,5.199,179174.552,53.09,5.1731,53548.84,3.82,5.2555,43758.384,1.22,5.3078,684583.166,2.57,5.3196,54686.751,2.42,,,,5.2913,21000.081,1.81,5.3824,11271.088,2.85,1.6521,97614.646,4.44,,,,5.4322,183964.5,5.32,5.4391,943414.531,45.51,5.446,791556.062,58.26,5.4558,115034.609,5.26,,,,,,,,,,,,,,,,1.6555,157412.663,41.91,5.5857,439908.345,75.82,5.5735,29749.057,7.52,5.599,496043.441,57.19,5.6083,15972.979,4.08,5.7624,25551.897,1.82,,,,5.6677,81045.229,0.3,5.682,378228.759,28.69,5.6888,60571.436,8.51,5.8707,12227.965,3.17,,,,5.6905,18233.198,1.44,5.659,290027.833,13.27,,,,,,,5.803,258932.346,7.12,,,,5.8367,49516.173,100,5.9416,27919.563,2.41,6.0234,83100.062,8.7,,,,5.9952,42419.047,4.88,6.0198,237051.358,15.07,6.0229,77612.814,5.54,6.0484,121276.82,11.58,,,,6.0909,153737.153,7,6.0437,66128.28,14.29,6.1052,27349.4,2.73,6.135,17180.809,29.06,,,,,,,6.1619,22206.742,1.46,6.1645,17592.858,4.56,6.1959,64029.687,1.76,,,,6.2722,22104.743,3.11,6.2464,24515.456,2.82,,,,6.2978,87626.596,2.79,6.3406,136853.771,100,6.3523,46353.473,2.49,2.0189,42335.644,42.42,,,,6.4081,1408252.151,58.96,,,,,,,,,,6.4266,35960.803,2.57,6.5353,25795.638,2.22,,,,6.4644,14965.038,1.52,,,,2.1515,18036.15,4.57,,,,6.6176,604151.715,27.64,6.6294,1692195.845,53.89,,,,,,,,,,,,,6.7166,676207.877,23.46,,,,6.6476,13149.158,0.94,2.172,104859.883,51.73,6.7728,15113.882,0.67,,,,6.8823,13273.471,0.61,6.6825,14469.142,23.01,6.8634,240748.066,10.64,,,,6.9302,97386.25,34.52,,,,,,,6.9472,76467.073,2.44,2.2508,10696.589,1.74,,,,6.99,117649.075,37.25,,,,,,,6.9932,10684.212,4.35,7.1834,11540.411,0.53,7.0241,13999.152,0.49,,,,7.1014,159295.325,100,7.1143,16871.079,1.95,2.3863,22588.262,42.4,,,,7.0773,25202.888,2,7.1419,108185.734,38.35,,,,7.3602,14628.194,1.49,,,,7.1274,10457.147,0.04,7.1999,31868.44,44.52,,,,7.279,10524.451,0.93,,,,7.3667,259194.815,29.92,7.3648,465661.22,12.96,7.3075,818447.989,52.01,7.3645,53449.873,13.65,,,,7.4771,73103.403,4.65,7.4309,22909780.03,86.08,,,,,,,7.4821,210813.849,42.57,2.553,127909.464,24.17,7.5325,27508.457,3.67,,,,,,,7.6046,15481.839,0.43,,,,7.5658,85089.472,10.67,,,,7.4695,10614.893,3.33,,,,7.7099,78157.285,15.78,2.8087,123061.838,53.53,7.7385,64503.417,10.34,7.7608,23133.107,0.09,7.739,77606.653,6.86,,,,7.8084,1780084.011,90.63,,,,7.935,66868.717,1.84,7.9873,25656.539,100,,,,8.1649,26634.46,5.06,2.8306,14157.231,1.44,7.8303,92536.82,6.09,8.0304,386873.271,20.46,8.0458,205647.975,0.77,,,,,,,8.0845,32892.613,6.8,8.0712,57840.061,20.3,,,,8.1952,10780.318,2.23,8.1029,136360.706,3.8,2.8484,20699.116,48.68,8.045,15665.619,0.84,,,,8.1831,12602.76,0.83,8.2449,26685.163,6.76,,,,8.2729,88948.378,21.4,8.2815,184229.494,0.69,8.3624,15072.428,3.04,8.2903,316217.207,36.5,2.995,16920.661,3.22,,,,8.2062,35570.763,3.15,,,,8.3796,123080.351,23.86,8.2141,19265.877,0.23,8.4926,79041.772,6.99,,,,,,,8.4877,127974.885,3.52,8.5864,544477.742,79.28,2.9885,18670.688,100,8.6293,168069.332,8.59,8.4949,40566.322,15.56,8.7063,8222992.322,98.68,,,,8.7572,49825.613,6.86,8.7521,18741.922,1.66,8.8568,173445.568,9.17,8.8139,441818.061,50.77,,,,8.2804,461456.424,12.85,8.883,418308.205,67.09,2.9587,79133.575,51.09,8.9095,62403.362,4.11,8.8846,359309.424,9.87,,,,,,,8.9539,241830.628,36.67,9.0152,15972.7,14.99,9.0316,264731.971,40.14,9.1743,19928.075,8.05,8.8801,31605.658,4.35,9.0713,33191.64,7.17,3.1153,123695.284,33.15,9.153,11375.426,1.01,9.0417,27041.01,14.18,9.1903,554193.62,29.81,,,,,,,9.2082,11371.677,100,9.2225,43407.622,58.59,9.2663,21530.746,68.24,,,,9.4743,51130.154,5.2,3.1535,132408.478,100,9.468,35867.151,2.36,,,,9.3542,123397.858,21.57,9.4074,16974.561,1.73,9.4019,303641.894,19.99,,,,9.4345,188772.963,36.6,9.4979,42694.757,3.56,9.367,21944.175,3.02,3.1968,25859.529,6.53,,,,,,,3.2951,297118.585,29.62,3.2789,548429.42,85.24,3.3692,357062.85,70.77,3.3632,261711.816,56.6,3.464,136366.643,4.73,3.483,396432.54,18.04,3.5371,152278.873,32.41,,,,3.6214,165255.047,10.76,3.7055,690866.703,90.69,,,,,,,,,,3.9213,16215.136,14.63,,,,,,,3.9906,105881.844,10.11,,,,4.0351,543716.212,46.87,4.0664,838492.534,82.98,4.086,494240.168,55.17,,,,4.1891,52986.14,4.02,4.194,624223.656,2.35,4.2045,341633.676,24.4,4.1822,371647.019,10.35,4.2031,16110.043,3.08,4.2479,426384.318,76.47,4.3138,36039.858,3.44,4.3257,16126.768,1.05,4.3843,92131.679,3.86,,,,,,,4.5014,218540.848,22.87,4.44,177136.427,33.68,4.4379,35639.206,11.19,4.4931,100056.86,16.3,4.476,533931.702,2.01,4.4826,313000.851,69.11,4.5743,67340.661,2.98,,,,4.7164,13146.62,9.84,4.5732,85819.366,2.98,4.5789,26595.772,6.79,4.6038,36124.096,6.87,0.9163,98177.676,25.51,4.5718,59461.855,5.13,,,,,,,4.6973,115804.615,3.35,4.7174,194682.962,38.2,4.7387,16101.701,1.68,4.7567,45588.715,78.61,4.7555,241253.745,60.95,4.7999,1504524.609,43.52,,,,,,,4.8665,295811.843,13.53,4.9101,1346514.087,38.95,4.9343,238150.981,6.63,,,,,,,4.947,25260.35,47.54,5.0178,192699.867,18.41,,,,,,,,,
306_2021_T_2n,,,,,,P1-C1,,1,,1.2808,29179.652,,18.83,,,,,5.0717,39443.809,0.56,,,,,,,5.1722,10414.984,1.47,5.2687,77705.585,19.94,5.1741,55551.267,35.47,,,,5.1746,124344.052,22.57,1.2906,754721.398,45.71,,,,5.1852,36667.677,29.34,,,,,,,5.2688,16282.2,0.18,5.324,811246.836,15.27,5.4323,11536.767,6.06,,,,,,,1.6431,63201.693,3.33,,,,5.433,178863.217,5.26,5.4242,308956.536,16.56,5.432,293036.471,29.54,5.4502,7122345.712,89.54,,,,,,,,,,,,,5.5327,38636.624,9.91,1.6398,67267.388,42.82,5.5738,362712.655,80.96,,,,5.5956,49547.362,0.97,,,,5.7753,37776.036,5.81,5.812,33827.403,3.33,5.6647,213634.871,2.32,5.6768,286150.525,8.72,5.685,45840.393,2.69,,,,,,,5.7287,79255.585,3.25,5.7081,24267.081,0.31,,,,,,,5.7993,123836.404,1.77,,,,5.8262,60498.54,66.6,,,,,,,,,,5.9775,122135.63,7.63,6.0131,155656.134,15.02,6.0638,23594.736,3.63,6.04,116111.304,10.27,,,,6.0843,379436.747,20,,,,6.0954,43528.999,8.85,6.1261,139822.001,71,,,,,,,,,,,,,6.1914,175651.254,2.51,6.1883,197782.664,48.64,6.2416,246249.306,14.44,6.243,219343.036,13.69,,,,6.2901,635387.821,20.28,6.3393,125838.006,30.95,6.3844,15865.231,0.69,2.0182,38141.455,23.72,6.3186,15730.947,10.09,6.3997,1684297.021,59.69,,,,,,,,,,,,,,,,6.5698,92916.572,49.31,6.6449,32046.463,3.15,,,,2.1655,451884.874,69.48,6.5469,12729.762,1.11,6.61,106408.931,1.34,6.6179,1609506.964,51.36,6.6427,157951.53,42.02,,,,,,,,,,6.7521,443273.839,19.25,,,,6.9616,77281.108,11.89,2.1673,315284.445,51.61,6.7631,668256.651,12.58,,,,6.8262,12177.658,0.15,6.8798,132554.564,53.81,6.8357,278730.759,5.25,6.8845,77039.744,26.58,6.9315,191575.418,52.51,,,,6.9365,31588.931,25.53,6.951,60540.701,1.93,,,,6.872,44056.543,10.2,6.9825,96829.602,73.81,,,,,,,,,,,,,7.0935,26718.218,1.16,,,,7.0798,226344.618,100,6.9712,15253.672,8.88,2.3753,42834.153,30.61,,,,7.1303,80267.556,3.29,7.1438,125853.806,34.5,,,,7.1496,203573.232,20.02,7.2179,10658.774,28.71,7.1661,12097.868,0.13,,,,7.1562,16850.535,2.59,7.4773,12592.34,0.5,,,,7.3694,77585.573,45.18,7.3656,117554.255,10.28,7.4096,118581.243,11.45,7.3674,11340.41,7.27,7.5258,13993.664,2.11,7.4238,104123.596,10.05,7.4353,7792547.926,84.51,7.5582,20512.592,5.8,7.4831,85578.648,30.9,7.4812,19404.858,7.02,2.5472,153526.454,61.38,7.437,142737.574,70.58,,,,7.5459,196943.085,21.5,7.5281,18413.549,1.61,,,,7.5713,57455.757,19.07,,,,7.6384,12763529.75,94.43,,,,,,,2.8146,76075.769,25.61,,,,7.7423,24930.707,0.27,7.7287,90990.787,3.58,7.7437,47086.859,38.05,7.8021,3374910.258,98.96,,,,7.9376,13023.752,0.19,7.9932,38182.339,100,7.9845,27717.708,2.42,8.0841,27566.201,7.07,2.8469,16536.225,1.63,7.8663,78712.598,6.88,8.0255,58228.871,13.08,,,,8.2571,15517.12,1.53,8.0689,96361.295,3.95,8.0523,112350.563,23.5,,,,,,,7.9167,115289.594,24.11,8.1402,18535.314,1.62,2.8429,25588.218,46.36,,,,8.1438,210732.282,8.65,8.1305,23041.785,2.01,,,,8.2727,24920.099,2.18,8.2338,11405.7,3.92,8.2943,34347.206,0.37,,,,8.289,11700.011,6.81,,,,,,,8.3191,20033.81,0.79,,,,8.3825,73228.898,20.8,8.4094,184736.98,2.1,8.5132,564671.319,22.2,8.6461,11881.674,4.85,,,,8.4936,4049793.325,57.8,8.5908,691865.033,88.73,2.989,38789.524,35.54,8.6243,75029.359,6.18,8.7377,12468.881,0.39,8.6974,8607065.943,97.75,,,,8.7529,57267.035,1.71,8.7495,19298.796,0.76,8.8675,32576.461,7.32,8.8147,774776.621,57.34,9.1,17354.906,9.85,8.2571,31322.388,2.74,8.8841,128001.139,55.5,2.9687,68389.695,7.47,8.9033,76306.536,6.67,8.8815,142501.466,2.03,,,,9.0186,33495.115,11.94,8.96,208372.34,31.16,,,,9.0304,237829.647,35.56,,,,9.0726,83251.005,2.48,,,,3.1254,37035.802,16.01,9.1472,12077.714,0.47,,,,9.2001,1734717.703,75.62,9.1959,1876526.962,94.84,9.2038,3905935.484,99.66,9.3107,59786.495,3.02,9.2246,356779.917,74.36,9.2684,1298196.023,100,9.2713,1069100.771,100,9.2677,121858.162,11.98,3.1559,327472.887,90.15,9.2677,589060.661,51.48,,,,9.3585,10426.722,1.09,,,,9.5536,19383.277,1.69,,,,9.427,144360.088,41.01,9.6568,250938.832,28.2,9.4849,167436.952,4.99,,,,,,,3.2064,133301.59,13.9,3.2875,101427.79,20.62,3.28,336776.308,85.72,3.3788,612971.888,79.29,3.3748,63446.821,12.82,3.4952,19308.703,0.84,3.4825,39132.838,2.06,3.529,128077.24,34.96,3.5349,80065.212,43.01,3.6364,10984.097,0.46,3.6965,1076106.624,88.18,,,,3.8555,18373.114,0.78,3.8795,105179.28,14.53,3.9413,27862.913,32.64,3.9232,27087.118,60.71,,,,3.9807,52350.455,4.63,4.1116,26458.069,3.87,4.0337,128620.468,45.85,4.0529,79874.044,28.86,4.0795,26932.711,9,4.1783,16489.185,6.98,4.1594,286010.021,8.72,4.1851,378133.118,4.1,4.1851,394768.232,60.74,,,,4.1903,16230.847,5.05,4.237,344932.546,71.44,4.3208,83775.28,7.41,4.317,122164.311,5.15,4.3789,46168.277,1.64,,,,,,,,,,,,,4.4582,18898.3,0.14,4.4518,288553.881,42.21,,,,,,,4.5692,381168.069,7.17,,,,,,,4.5758,509804.469,22.14,,,,4.5971,54424.167,13.96,0.9295,13464.407,3.94,,,,,,,,,,4.6867,51709.775,1.52,4.7141,94128.975,29.73,4.8452,10875.963,1.64,,,,4.7516,148636.673,79.75,4.7984,1515873.889,44.57,,,,0.9095,36487.833,23.55,4.9459,26528.938,0.33,4.9051,1352326.297,39.76,5.0454,52435.256,4.58,5.0623,10130.226,2.6,,,,4.9371,20213.679,41.04,5.0107,231435.743,20.48,5.0162,16344.028,3.78,,,,5.152,43028.569,3.81
311_2021_T_2n,,,,,,P1-C10,,1,,1.2813,13853.593,,7.42,,,,,5.0313,13773.492,0.47,,,,,,,,,,5.274,11766.781,3.59,5.1708,47747.134,8.51,5.2024,12911.561,1.02,5.1748,22897.591,6.03,1.2904,145866.889,21.94,,,,5.1956,446146.586,82.47,5.1722,24501.428,3.36,5.2008,21386.432,1.79,5.3093,41339.979,0.18,5.32,1215796.659,37.93,,,,,,,,,,1.6507,106024.752,6.12,,,,5.4289,123381.361,3.77,5.4411,242494.764,31.33,5.4455,253566.853,43.48,5.4498,67385.074,4.1,,,,,,,,,,,,,,,,1.6478,225323.147,36.6,5.5708,571510.561,83.89,,,,5.5965,503035.798,38.28,,,,,,,,,,5.6537,18648.555,0.08,5.6838,110594.757,14.69,,,,5.8656,14115.644,3.58,,,,5.7281,112300.581,18.27,5.7986,17428.112,1.06,,,,,,,5.8014,113680.25,3.88,,,,5.8205,38459.357,100,,,,5.8466,11088.82,3.03,,,,5.9827,84540.458,10.25,6.0242,184771.598,26.22,,,,6.0361,52422.838,8.63,,,,6.0829,147588.951,8.52,,,,6.1014,37475.266,6.35,,,,6.2146,16085.204,12.83,,,,6.1458,50151.428,7.17,,,,6.1928,91483.326,3.12,6.1899,167197.183,65.46,6.2395,192135.589,22.8,6.2447,193755.149,23.49,6.1886,14845.161,32.36,6.2916,596319.543,47.25,,,,6.349,119339.904,17.47,2.0307,60515.663,21.05,,,,6.4002,636198.634,41.56,6.5784,20727.558,10.82,,,,,,,6.629,10165.457,1.4,6.5475,14712.329,5.19,,,,6.644,92081.648,16.66,,,,2.1499,110416.482,20.2,6.7029,20953.923,1.75,6.6193,631914.153,38.47,6.6248,247309.747,19.59,,,,6.6195,11603.136,8.43,,,,,,,6.7569,380290.655,23.43,6.7965,43974.939,45.66,6.7579,28851.617,3.96,2.1968,79869.506,15.7,6.7685,438051.884,13.67,6.8191,16471.268,6.23,,,,6.8793,174747.27,64.25,6.7517,309703.698,9.66,6.8841,106063.947,46.04,6.9291,215648.983,78.04,,,,,,,6.9446,17887.553,1.42,,,,6.8878,20220.011,7.94,,,,6.9878,11756.43,100,7.0203,16301.432,17.03,6.9919,14612.19,3.58,,,,7.0732,20697.56,1.28,,,,,,,,,,,,,,,,7.1349,98532.134,16.03,,,,,,,7.1442,129779.125,23.49,7.2227,10896.136,46.18,,,,7.193,50326.714,75.43,,,,7.3008,12630.742,1.29,,,,7.3609,191064.573,60.43,7.3625,356039.947,29.79,7.2948,223416.781,31.71,7.3543,49015.825,39.1,,,,7.5991,47499.766,6.74,7.4343,20945527.34,92.71,,,,,,,7.4827,69757.385,25,,,,7.4276,735820.654,100,7.5346,10324.193,100,7.5462,28708.789,19.24,7.4317,278558.684,23.3,,,,7.5614,28304.114,6.48,,,,7.6559,13333.161,6.58,,,,,,,2.8195,34698.216,19.79,7.7312,101081.659,13.98,7.7308,17455.267,0.08,7.7407,13729.672,1.4,,,,7.8043,2458228.491,96.21,,,,7.9211,25433.329,0.87,7.9904,149484.57,100,,,,8.1666,35496.171,10.82,2.8253,10486.511,1.9,7.826,41726.107,5.97,8.0331,73933.75,11.54,8.0351,80369.966,0.36,8.2715,10686.087,1.93,8.2637,15629.927,2.54,8.0511,70282.375,39.12,8.0709,40950.42,67.94,,,,7.9217,34679.24,19.3,8.1004,29556.32,2.47,2.8475,10578.05,100,,,,8.134,30178.43,4.91,8.1501,11153.216,1.6,8.2427,11097.58,2.03,8.1177,10640.455,1.52,8.2398,15109.284,6.26,8.2807,187571.559,0.83,,,,8.329,33093.309,10.47,3.0046,118677.937,36.19,,,,8.2452,15211.473,1.55,,,,8.386,52416.86,21.65,8.4049,56853.937,16.09,8.4426,14402.314,1.47,,,,,,,8.5037,1247912.594,42.55,8.5675,73758.33,61.16,2.9753,100075.773,88.78,8.6249,185657.544,16.01,8.6626,11123.968,1.57,8.6959,230275.879,65.17,,,,8.7541,31126.647,3.17,8.7491,11802.019,1.2,8.8311,21476.539,3.35,8.8084,256273.82,38.1,,,,8.3222,22350.279,1.87,8.8782,367340.087,50.8,2.9645,38160.239,25.58,,,,9.0145,10226.153,0.35,,,,9.155,16698.323,5.89,8.9527,89101.14,43.96,,,,9.0309,61355.569,30.27,,,,,,,9.012,15003.27,6.46,3.1123,274947.751,95.75,9.254,55332.463,5.64,9.0424,28967.52,19.97,9.1894,135218.954,19.79,,,,,,,,,,,,,,,,,,,,,,3.1555,164540.237,69.42,,,,9.048,66213.349,23.73,,,,9.4782,19672.208,3.56,9.4049,64202.917,9.19,,,,9.4296,90318.99,37.31,9.3308,12708.005,1.17,,,,,,,,,,,,,,,,,,,3.3769,480597.697,86.68,3.3651,20490.258,22.42,3.4467,170421.974,10.5,3.4807,130222.675,7.52,3.525,113095.968,67.49,,,,3.6293,59712.355,5.67,3.6959,639607.073,98.4,3.8309,13635.811,28.79,,,,,,,3.9349,19616.654,48.67,,,,,,,4.0575,61817.786,10.18,,,,4.0409,170160.956,59.97,4.0572,858726.111,81.03,4.0822,138466.641,31.91,,,,4.1514,109262.73,14.52,4.1835,362088.238,1.6,4.1867,459949.018,63.14,,,,4.1302,48681.658,18.29,4.2375,389185.839,69.15,4.329,33287.393,5.48,4.3193,41258.594,3.92,4.3761,192404.696,12.57,,,,,,,,,,,,,4.4232,52540.356,25.94,4.4892,137800.785,22.26,,,,,,,4.5746,213750.922,6.67,4.4803,10362.757,5.41,,,,4.5734,275670.94,16.98,,,,4.5972,45895.765,14,0.9181,26939.141,19.63,4.5808,10614.223,3.74,,,,,,,4.6982,68263.111,2.08,4.7171,83042.431,29.94,,,,,,,4.7492,116353.548,60.71,4.7938,1420418.082,43.35,,,,0.9311,78575.277,42.06,4.9511,18666.605,1.14,4.9023,1296008.891,39.56,,,,,,,,,,5.0165,12020.008,21.18,5.0073,94719.195,15.6,5.0048,32897.534,12.92,,,,5.1466,34597.107,5.7
321*_2012_T_2n,,,,,,P1-F10,,1,,1.2834,119192.35,,35.41,,,,,5.0432,156453.724,1.33,5.1331,10284.573,0.53,,,,,,,5.1594,71053.083,8.5,5.1753,10463.113,3.31,5.1961,18280.303,0.35,5.1866,19090.904,1.47,1.3042,493747.513,30.59,,,,5.1898,17632.562,11.61,5.2772,25169.017,3.54,5.2449,47405.803,1,5.3118,327368.858,0.89,5.3129,322062.985,4.87,5.3663,19598.514,17.71,5.28,27309.596,1.41,,,,1.66,48828.387,1.44,,,,5.4275,527911.534,7.53,5.4285,830854.954,26.23,5.4328,662646.899,38.16,5.4567,125080.761,6.16,,,,,,,,,,,,,,,,1.6619,31803.8,8.96,5.5826,1329775.521,81.42,5.572,15294.804,2.29,5.5966,524980.055,48.79,5.6168,21860.253,2.64,5.6238,29699.879,4.18,5.8008,15317.011,0.64,5.6661,54090.783,0.15,5.6847,686322.722,17.86,5.6843,122873.409,5.44,,,,,,,5.7192,52246.601,1.57,5.8519,147079.62,7.24,,,,,,,5.7988,371697.323,3.17,5.9416,19518.66,2.36,5.8335,259772.326,93.88,5.9307,41179.797,2.12,6.0204,54005.824,3.74,1.7969,14183.096,1.25,5.9841,95730.705,3.8,6.0167,281450.111,10.77,6.0187,42095.971,5.93,6.0393,127040.045,2.91,,,,6.0794,873315.112,25.73,6.0437,12387.49,6.13,6.1039,140872.598,4.71,6.1341,280772.583,44.37,,,,,,,6.1555,24710.626,0.54,,,,6.1927,162789.008,1.39,6.1914,16606.202,2.11,6.2535,111664.932,4.94,6.2731,27152.065,1.08,6.3278,39177.676,22.4,6.287,343328.233,6.58,6.3384,647812.192,82.45,6.3473,14544.923,0.69,,,,6.4814,17576.022,2.12,6.402,2178544.961,52.34,6.58,19357.772,2.9,6.6621,14979.487,6.92,6.5498,10135.424,1.61,6.4269,56758.463,7.99,6.5344,26047.853,1.34,6.5661,135071.951,40.09,6.5172,54869.273,2.29,,,,2.1758,244371.29,21.49,6.6146,14915.173,0.31,6.6285,596222.625,29.35,6.6196,2608023.372,50.02,,,,6.5637,28392.047,8.37,,,,,,,6.7022,1544088.825,31.23,6.805,49610.403,9.35,,,,2.1636,493725.626,53.36,6.7613,30554.5,0.46,,,,6.7937,12483.998,0.61,,,,6.8438,1041943.509,15.75,6.9981,27310.281,29.94,6.9232,286369.608,33.36,,,,,,,6.9486,58047.364,1.11,,,,7.0164,22781.35,3.98,6.9952,82573.037,8.6,6.9852,51386.126,22.86,,,,7.2852,16017.658,3.95,7.2555,14632.421,0.72,7.0948,24958.851,0.5,,,,7.0873,538327.496,94.52,7.252,10084.981,1.08,2.4222,11861.638,6.95,,,,7.1453,65153.255,1.96,7.1332,381918.981,44.49,,,,7.1568,150435.772,6.29,,,,,,,7.1932,246407.405,75.14,,,,7.2632,40005.77,2.9,,,,7.3563,44242.436,4.76,7.3829,223658.255,4.71,7.2992,1332035.42,50.97,7.4887,21519.496,2.6,7.5366,140094.72,9.7,7.4737,133387.037,5.1,7.4065,32132203.86,87.46,,,,,,,7.4646,421336.84,34.59,2.5559,262536.913,89.46,7.4003,866563.297,89.48,,,,7.53,39442.655,6.7,7.5105,79943.898,1.68,7.5745,23904.994,1.96,7.5661,158202.474,40.48,7.6267,11029.18,5.39,7.6503,99318.235,12.83,7.6977,24313.648,43.07,7.7046,468663.606,38.48,2.8191,292794.606,29.37,,,,7.713,167109.525,0.45,7.7276,74692.685,5.42,,,,7.8003,6237840.133,94.79,7.9466,10924.603,0.56,7.9062,142050.558,1.21,7.9921,78924.135,71.89,7.992,22961.31,0.48,8.0833,11441.715,1.37,2.7905,148088.597,6.19,8.0834,20341.117,0.45,8.0208,241218.733,15.57,8.0386,297869.45,0.81,7.8999,14409.939,0.6,8.04,224524.263,6.75,8.0685,29200.117,7.12,8.0707,60057.784,14.05,,,,8.2052,10002.571,2.44,8.1018,436089.991,9.18,2.8487,152868.952,68.09,8.1012,57992.359,2.75,8.2631,121708.765,3.66,8.1381,23148.204,0.51,8.2401,39047.761,3.43,8.2726,21152.682,0.46,8.2475,198934.566,51.51,8.2829,130426.831,0.36,,,,8.279,382318.267,41.09,3.0174,98826.164,11.82,,,,8.21,29603.202,2.15,,,,8.3822,275805.2,31.68,8.4086,99056.762,0.72,8.4881,354251.2,25.68,,,,8.4392,11902.912,1.28,8.4865,2945476.168,25.1,8.5926,1190040.505,79.28,2.9842,87617.034,59.6,8.6232,275701.978,9.96,8.6077,46611.495,3.56,8.6973,7078153.926,51.37,,,,8.757,17711.869,2.34,8.6442,15986.691,1.16,8.8276,22741.155,1.47,8.812,1347250.28,60.58,8.832,11450.985,4.17,8.2761,815500.536,17.17,8.8834,494307.802,66.29,2.9802,208267.388,35.35,8.9139,54003.558,1.19,8.8853,1663904.934,14.18,,,,9.0218,16208.687,0.83,8.9558,167372.672,34.42,,,,9.03,214415.538,44.09,,,,8.8748,27621.17,3.65,,,,3.123,47899.236,9.42,9.2307,25399.035,1.84,,,,9.1941,581924.224,27.58,9.1984,440396.89,94.57,9.2027,440618.222,92.45,9.3318,13555.368,2.91,9.2212,141870.684,45.93,9.2454,1784763.736,39.15,9.2658,11535817.35,99.47,9.2678,611249.541,25.55,3.1498,180236.203,80.25,9.2646,2890855.31,63.51,,,,9.3511,137593.934,9.16,9.416,11267.108,0.47,9.3963,219851.406,4.83,,,,9.4306,255023.574,29.29,9.2955,33659.235,1.79,9.4849,261834.658,34.58,3.1707,19950.479,2.99,,,,3.1944,12161.713,0.81,3.2702,1439361.366,48.14,3.2914,644146.074,47.69,3.3911,619269.008,35.89,3.3742,254418.859,38.78,3.4951,16594.213,0.34,3.4823,394088.93,11.61,3.5282,13558.031,2.27,3.5454,35858.593,34.18,3.6293,207153.363,5.13,3.7013,2120537.415,82.9,,,,,,,,,,3.9356,195340.766,43.67,,,,,,,3.9935,399884.214,9.16,,,,4.0397,990892.596,51,4.0579,38921.043,7.58,4.088,613341.615,53.82,,,,4.1518,552155.978,14.37,4.1897,59487.631,0.16,4.2025,60206.207,8.48,4.1856,584061.891,12.3,4.2077,30156.065,6.27,4.2422,1105944.974,57.2,4.3138,469433.664,10.75,4.3176,185012.728,4.58,4.3797,21507.149,0.52,,,,4.3823,15674.256,0.81,4.5002,496794.225,34.41,4.4378,387793.387,46.4,4.4358,210257.631,27.15,4.4894,121060.554,10.55,4.4761,289149.94,0.79,4.4796,102057.63,36.77,4.5695,147698.909,2.23,,,,,,,4.5753,179554.984,3.63,4.5727,56431.304,6.82,4.6055,127694.325,15.28,0.918,77625.777,12.25,4.5747,122632.957,6.31,4.6019,46979.072,3.25,4.6561,14652.955,3.01,4.691,226723.917,3.23,4.7145,390312.736,47.58,,,,4.7539,33361.568,100,4.7511,165147.98,24.72,4.7963,2478528.621,35.34,4.8674,37375.002,6.69,0.9364,11427.205,3.39,4.858,182694.698,8.99,4.9035,2423682.642,34.56,4.9334,206228.919,4.34,,,,4.8842,12600.232,1.89,4.9452,12140.474,51.36,5.0172,1801355.886,41.25,5.0416,12020.89,2.1,5.1118,16815.284,0.7,5.1341,31050.596,0.71
322_2012_T_2n,,,,,,P1-E9,,1,,1.2709,41477.136,,48.43,,,,,,,,,,,,,,5.1215,92142.397,26.56,5.2747,10912.478,11.76,5.1795,55114.897,21.18,5.2019,15905.069,0.94,5.177,33041.218,3.47,1.3039,420894.72,31.6,,,,,,,5.1714,24921.646,3.86,5.3661,10157.018,0.59,5.378,14257.67,0.17,5.3212,1192054.307,18.71,5.4723,10036.287,5.86,,,,,,,1.6104,88775.868,4.83,,,,5.4335,257702.97,5.39,5.4377,58819.858,3.08,5.4666,61495.848,8.42,5.45,9754599.673,92.94,,,,,,,,,,5.4466,15738.225,14.82,5.5338,14220.622,15.32,1.635,10537.74,11.92,5.5806,1086536.524,85.07,5.6055,10900.594,7.34,5.6002,32214.481,0.63,,,,5.7819,13065.862,2.02,,,,5.6665,169293.383,2.01,5.6867,406981.399,20.96,5.7279,33708.529,1.63,,,,,,,5.7262,382160.071,17.13,5.7478,19269.813,0.18,5.7166,17118.457,31.61,,,,5.8004,322018.705,6.67,,,,5.8344,170846.561,89.29,,,,5.9579,17349.278,1.97,,,,5.9835,333960.375,13.02,6.0186,355545.918,22.03,,,,6.0438,161014.397,11.58,,,,6.0835,344884.913,18.76,,,,6.1065,89243.706,6.73,6.1331,235962.224,77.97,,,,,,,,,,,,,6.1899,156694.089,3.25,6.1937,252872.471,85.95,6.2575,372412.422,17.99,6.2431,560104.105,21.84,6.1818,28397.447,17,6.2992,760295.81,45.16,,,,6.3619,40876.275,1.51,,,,,,,6.4031,1562999.863,52.04,,,,,,,,,,,,,6.5576,11781.743,2.02,6.5725,100563.185,41.68,,,,,,,2.1596,70383.106,14.93,6.4982,26213.504,1.52,6.6218,84355.419,0.8,6.6249,384419.769,22.83,6.6431,152154.658,46.83,6.694,14880.515,3.84,6.6915,19343.008,5.85,,,,6.7553,555492.907,17.11,,,,,,,2.1764,111841.337,39.9,6.7563,1273579.04,19.99,,,,6.837,18425.653,0.18,6.886,304971.991,57.34,6.9458,19835.67,0.31,6.8816,279140.547,60.5,6.9316,185858.142,60.04,,,,6.9463,39722.116,37.58,,,,,,,7.0111,10375.141,2.6,6.9948,21169.025,39.09,,,,,,,,,,,,,7.0887,31099.689,0.96,,,,7.0908,89473.017,67.89,7.1119,10835.874,2.78,2.3971,10350.854,6.37,,,,7.1313,322730.105,14.46,,,,,,,7.1568,87912.767,15.37,,,,6.9822,11076.177,0.13,7.2014,14842.609,31.03,,,,7.5233,10378.796,0.8,,,,7.3731,175309.486,45.03,7.3703,361216.174,20.93,7.4037,33780.521,2.09,7.371,35611.674,10.06,7.5301,23667.242,2.69,7.431,69487.257,4.31,7.438,6017475.203,71.59,,,,7.4831,113024.445,34.33,7.4814,70096.75,34.46,2.5553,236442.889,94.74,7.4418,90474.24,85.18,,,,7.5316,10775.633,1.39,7.4331,104317.73,6.04,,,,7.5747,180024.775,35.05,,,,7.643,12323376.34,94.85,,,,,,,2.8128,275055.225,44.51,7.7374,32331.705,44.19,7.7349,45880.466,0.55,7.7383,90405.375,6.99,7.7459,27282.477,25.81,7.8129,6012226.601,97.14,7.912,16034.714,2.75,7.9273,31099.923,0.64,,,,,,,8.1647,20670.227,22.27,2.8313,87061.367,15.22,7.8535,10899.302,0.69,,,,,,,,,,8.0311,20163.101,0.9,8.0483,109347.981,40.63,,,,,,,7.9279,31802.314,11.82,,,,2.849,61035.369,44.62,,,,8.1447,59019.888,2.65,8.1249,11713.595,0.74,8.245,47270.246,10.03,8.2161,10087.663,0.64,8.2499,134708.698,59.37,8.2802,26923.633,0.32,,,,8.3262,134267.49,34.49,,,,,,,8.3029,10458.761,0.81,,,,8.3819,191858.532,36.72,8.4141,335250.461,5.68,8.4967,103354.304,8,8.6363,12897.889,7.53,,,,8.501,330374.764,6.84,8.5722,730095.908,94.36,,,,8.631,10382.759,2.07,8.5063,191177.263,13.22,8.7037,5568845.472,94.32,,,,8.7549,33228.658,8.92,8.8651,103798.384,8.03,8.7472,68834.583,16.53,8.813,823283.223,39.13,9.0994,10099.26,6.02,8.3262,61280.43,3.55,,,,2.9655,312170.389,40.24,8.8936,48949.787,3.11,8.8929,89666.466,1.86,,,,8.9406,12421.167,2.13,8.9554,371532.887,37.03,,,,9.0339,447905.323,44.64,,,,8.8787,72745.71,19.54,,,,3.1186,447862.701,69.28,9.25,20137.836,1.56,,,,9.2012,1848158.308,68.44,9.2029,1706237.632,92.3,9.2081,3591597.017,99.66,9.3009,30433.831,1.65,9.2267,259801.764,59.06,9.2713,1763984.382,95.18,9.2747,1767941.368,99.39,9.2698,163147.119,28.53,3.1707,120147.33,65,9.2695,796979.415,50.67,,,,9.3581,100133.974,7.93,9.4885,11324.656,1.98,9.4006,231819.72,14.74,,,,9.4347,162166.554,31.04,9.5368,23204.295,4.59,,,,,,,,,,,,,3.2867,658712.644,49.67,3.2774,912101.632,90.66,3.3876,206960.862,28.88,3.3724,166047.641,24.38,3.4755,99816.847,3.08,3.4808,331291.623,18.02,3.5325,91501.24,55.25,,,,3.6276,249126.386,9.73,3.7016,1190058.098,95.23,,,,,,,3.8912,150325.869,24.11,3.9431,29425.946,30.73,,,,,,,4.0501,13322.428,0.96,4.1204,31172.1,5.14,4.0447,259614.828,44.49,4.0617,31198.19,9.24,4.0851,348734.622,49.78,,,,4.1584,387508.237,19.96,4.1895,479961.813,5.71,4.1981,227440.6,35.22,4.1915,14031.756,0.81,4.1284,83285.64,23.03,4.2402,756049.778,80.71,4.3255,73169.592,5.26,4.3335,67925.933,2.65,4.387,101897.037,3.39,,,,,,,,,,,,,4.4351,133990.079,1.03,4.4552,305527.125,50.35,4.4769,12661.87,0.15,,,,4.5759,1099227.436,17.25,,,,,,,4.5785,1301967.005,40.11,,,,4.5955,18638.292,20.08,0.9099,31453.673,14.35,4.5709,22296.482,3.82,,,,,,,4.6951,233652.235,4.89,4.7137,203514.956,54.67,4.7416,19585.958,2.23,,,,4.7539,44523.197,29.98,4.7988,2050095.114,42.88,,,,,,,4.9507,12576.256,0.12,4.9077,1826206.44,38.2,5.0519,53679.158,3.11,,,,,,,4.948,10994.936,15.89,5.0118,184044.3,13.23,,,,,,,5.1541,46386.344,3.34
322_2021_T_2n,,,,,,P1-A6,,1,,1.2593,106400.4,,31.34,,,,,,,,5.0434,10841.052,4.34,,,,5.1386,23411.202,4.07,5.2625,35794.753,18.5,5.1632,49334.976,28.18,5.1977,16931.841,0.91,5.2034,96843.851,11.17,1.2973,627924.315,38.13,,,,5.1891,56775.38,54.33,5.1567,21951.31,4.85,,,,,,,5.3111,1150367.056,24.23,5.4436,16890.118,8.35,,,,,,,1.6608,18299.095,1.14,,,,5.422,233132.382,5.89,5.455,25447.873,1.61,5.4417,48895.673,8.05,5.444,7817645.303,92.37,,,,,,,,,,,,,5.5189,24336.167,12.58,1.6271,47197.352,22.11,5.5746,672750.876,88.55,,,,5.5933,24562.16,0.58,,,,5.7623,15866.671,3.5,5.7885,11596.181,2.42,5.6584,110626.367,1.8,5.6733,211473.796,12.54,5.7101,13384.256,0.87,,,,,,,5.724,289123.037,17.74,5.7103,23402.901,0.28,,,,,,,5.7945,132291.016,2.73,,,,5.8194,94253.9,81.83,,,,,,,,,,5.9735,186765.359,12.99,6.0086,170984.065,12.53,,,,6.0376,99810.197,13.62,,,,6.0689,373574.579,23.3,,,,6.0875,16198.364,2.49,6.1183,288070.686,91.9,,,,,,,,,,,,,6.1804,175270.716,3.61,6.1824,308982.923,82.34,6.2426,267104.251,17.43,6.2372,252812.149,17.59,6.1788,18918.283,22.17,6.2848,582774.973,31.25,6.3336,13496.063,3.6,6.3819,10062.482,0.54,1.987,10393.065,12.93,6.3029,16446.354,6.47,6.3941,1052267.007,52.69,,,,,,,,,,,,,,,,6.556,146102.109,70.17,6.6345,46269.276,9.66,,,,2.1538,210540.258,50.1,6.4985,67494.141,5.34,6.6103,62024.772,0.73,6.6179,692140.916,37.11,6.6288,160607.538,47.52,,,,,,,,,,6.7536,469888.511,21.07,6.7972,34460.549,73.17,6.7445,10566.672,2.33,2.1561,282256.133,77.52,6.7466,950122.321,20.02,,,,6.8197,22502.951,0.27,6.8602,262911.073,57.38,6.9158,11738.716,0.25,6.8754,118690.513,30.2,6.9218,241486.882,74.36,,,,6.9341,58920.858,51.39,6.9341,10617.827,0.57,,,,6.8803,53343.566,16.86,6.9732,24709.57,48.39,,,,,,,6.9784,13838.098,6.74,,,,7.0684,134582.876,6.04,,,,7.07,84297.259,62.18,,,,,,,,,,7.1197,159186.821,9.77,7.1265,11931.472,3.67,,,,7.1407,135044.163,28.2,,,,,,,7.1811,22775.057,37.81,,,,7.261,11817.898,1.18,,,,7.354,48797.105,30.13,7.3622,62814.44,4.97,7.34,73606.778,5.39,7.4691,29173.726,11.48,7.5246,35356.404,6.56,7.4104,427024.43,31.28,7.4259,4545613.902,73.91,7.5432,19934.936,15.82,7.4716,84736.087,30.37,7.476,19091.601,13.13,2.5375,110539.965,58.72,7.4309,66720.754,100,,,,7.5329,92106.249,10.7,7.5178,17895.033,1.42,,,,7.5614,80506.13,29.21,,,,7.634,11501999.24,97.03,,,,,,,2.8069,91037.277,37.78,7.7236,76239.73,46.55,7.6285,10850.978,0.18,7.7283,29889.498,2.98,7.7341,23831.032,20.78,7.7944,4079194.111,97.3,,,,7.9128,42841.095,0.88,,,,,,,8.1591,83112.695,42.96,2.812,33151.462,6.92,7.8541,21364.872,1.9,,,,8.0441,11177.154,0.18,,,,7.8539,76157.918,4.67,8.0431,128630.195,69.03,,,,,,,7.9036,34968.951,18.77,8.1411,10956.863,0.87,2.8546,16324.463,29.4,8.3191,20212.441,1.09,8.1411,101588.325,6.23,8.1342,36852.707,3.28,,,,8.4859,28966.875,2.58,8.2334,80596.379,54.49,8.2586,15209.279,0.25,,,,8.3193,102388.61,63.23,,,,,,,8.2196,17566.716,1.75,,,,8.3698,148810.551,35.46,8.406,238625.727,5.93,8.4893,343658.05,34.27,,,,,,,8.5021,2044477.023,42.12,8.5649,518951.072,89.4,2.9697,35050.617,57.32,8.6357,11702.044,4.28,8.7324,12965.911,0.6,8.6867,3782577.332,94.07,,,,8.7429,34631.071,12.79,8.8571,53139.767,5.3,8.8764,63949.677,27.08,8.8041,487883.597,44.19,,,,8.26,15926.347,1.26,,,,2.9527,310719.799,36.11,8.8935,33984.909,3.02,9.1325,22054.845,0.45,9.0162,11647.002,22.76,8.944,10436.488,4.17,8.9483,320061.281,35.93,8.9485,11379.815,7.22,9.0255,315191.497,35.39,,,,8.8706,44032.647,16.27,,,,3.1069,375624.942,86.86,9.2431,54918.499,5.48,,,,9.1943,1387470.099,74.61,9.199,1369603.776,94.65,9.1987,2082828.523,100,9.3013,21125.976,1.46,9.2133,195808.293,49.49,9.2603,1235385.994,99.19,9.2659,861509.376,100,9.2589,93187.993,19.46,3.1481,231371.789,79.38,9.2622,504172.854,44.85,,,,9.3488,10164.971,1.26,9.4702,17495.427,3.65,9.3859,210250.041,18.7,,,,9.4268,160462.618,38.23,9.1899,130794.618,45.87,9.4794,49670.071,18.35,,,,,,,,,,3.2806,469546.223,72.3,3.2797,809919.386,91.7,3.3604,366448.905,59.93,3.3564,35109.299,9.65,3.4663,140273.91,6.29,3.4705,300309.239,18.73,3.5239,73924.823,44.45,,,,3.6163,86120.631,4.72,3.6913,1117694.595,93.83,,,,,,,3.8777,125378.553,27.7,3.9347,22558.233,44.31,3.9205,40148.632,48.21,,,,4.0517,43863.795,5.98,4.1161,14434.628,2.65,4.0295,107570.474,43.02,4.0486,378647.179,65.41,4.0727,267347.256,67.14,,,,4.1465,157666.792,9.35,4.1813,311267.26,5.06,4.1816,319698.719,70.6,,,,4.1228,50081.701,28.31,4.2245,622193.36,72.82,4.3181,89766.947,12.25,4.3136,129640.233,7.1,4.3771,106581.652,5.34,,,,,,,,,,,,,4.4243,60952.32,0.51,4.4393,264941.684,48.55,,,,,,,4.5599,552216.083,11.63,,,,,,,4.5713,662197.277,29.69,,,,4.5974,20013.147,10.35,0.9294,31114.191,16.53,,,,,,,,,,4.6827,68367.358,1.73,4.706,103925.147,37.27,4.8369,10951.191,2.03,,,,4.7393,110078.134,62.54,4.7871,1695849.222,42.81,,,,0.9298,64494.721,19,4.9347,21458.149,0.25,4.8945,1561134.052,39.41,5.0394,29000.409,2.3,,,,,,,4.9984,32009.143,41.19,5.0022,89696.019,12.24,5.0056,44839.374,14.17,,,,5.1384,30336.823,4.14
333_2021_T_2n,,,,,,P1-D1,,1,,,,,,,,,,5.0448,15353.628,0.46,,,,,,,5.1571,29881.601,9.14,5.2717,33996.659,11.27,5.1727,56314.815,11.68,5.2069,22408.25,1.2,5.1962,76736.606,13.39,1.2955,165953.64,16.67,,,,,,,5.1642,15207.936,2.97,,,,5.3119,84288.729,0.4,5.3167,1032139.933,25.07,,,,,,,5.4077,10527.331,5.44,1.652,18195.906,1.71,,,,5.4288,156521.34,5.05,5.4419,347975.505,29.45,5.4498,399498.486,42.44,5.4426,93290.675,4.32,,,,,,,,,,,,,5.5318,15471.335,5.13,1.6299,16284.965,15.17,5.5812,897723.891,88.16,,,,5.597,474149.492,47.23,,,,5.7779,25205.606,4.93,,,,5.6714,98348.682,0.46,5.6842,143349.716,13.32,5.7784,32899.176,2.84,5.8696,12789.326,3.19,,,,5.7247,107052.829,8.48,5.655,250377.003,11.58,,,,,,,5.803,143601.763,4.27,,,,,,,,,,5.8532,10813.907,2.66,,,,5.983,105744.269,8.81,6.0153,198179.173,15.3,,,,6.0471,84731.267,12.32,,,,6.0824,140568.525,13.23,6.053,16173.61,8.26,6.0999,48000.923,6.37,6.1279,95513.448,90.02,,,,,,,,,,,,,6.1918,100287.784,2.98,6.1936,136803.62,72.98,6.2493,335757.908,29.02,6.2443,277090.075,23.09,,,,6.2951,995869.315,53.22,,,,6.3429,12865.489,1.35,2.0298,23051.918,18.32,,,,6.4022,751701.866,52.68,,,,,,,,,,6.4285,14347.624,2.81,,,,6.5701,32588.024,35.85,6.6463,29067.871,5.47,,,,2.1667,61980.513,19.88,6.6977,11722.119,1.09,6.6136,1102872.51,51.03,6.6271,294076.858,15.72,,,,6.6067,15800.09,9.69,6.8577,12826.916,6.52,,,,6.7435,114570.836,8.16,6.7971,30278.272,41.6,,,,2.1745,134940.499,40.87,6.7648,798365.242,19.39,,,,,,,6.871,244320.54,69.36,6.9037,15389.773,0.37,6.8802,148863.779,53.79,6.9259,191692.884,62.42,,,,6.9364,14766.49,100,,,,,,,6.8705,47741.578,14,6.991,95211.98,100,6.9874,19532.179,16.14,7.0133,31066.561,15.59,7.286,19518.003,13.12,,,,7.0668,55351.134,3.94,,,,7.0809,44357.073,72.24,,,,,,,,,,7.1291,188413.147,14.93,7.1387,11584.039,3.77,,,,7.1502,152246.551,28.63,,,,7.0743,13811.43,0.07,7.1938,61245.473,66.12,,,,7.3498,12450.578,1.76,,,,7.36,94503.383,42.9,7.3697,182499.384,16.92,7.368,122662.93,9.47,7.3498,28467.684,22,7.5347,25115.977,6.18,7.4762,30818.885,2.38,7.4285,18376925.87,86.58,,,,7.486,42987.779,46.9,7.4817,24386.974,26.46,2.5319,98152.15,100,7.4281,621800.429,96.45,7.5342,27157.818,66.07,7.544,57285.711,16.73,7.4295,227129.42,21.05,,,,7.5837,19496.66,9.35,,,,7.6407,12454.678,9.52,7.7025,17902.072,100,,,,2.8064,102149.565,49.43,7.7335,74440.125,25.08,7.7182,10080.362,0.05,7.7478,39546.682,5.58,,,,7.8056,2978715.914,94.65,,,,7.9215,28520.589,0.85,,,,,,,8.1636,67273.654,22.3,2.8384,16825.747,3.16,7.8772,10850.936,1.2,8.0302,66692.274,13.91,8.0484,99113.054,0.47,,,,8.0302,48045.271,3.81,8.0523,194149.389,72.46,8.069,58189.044,30.83,,,,7.9106,51501.336,19.22,8.1097,38293.207,3.55,2.8301,37542.139,74.05,,,,8.1435,74249.391,5.88,8.1447,26559.457,2.94,8.0821,16669.15,5.35,8.189,12129.596,1.34,,,,8.282,262764.487,1.24,,,,8.1049,17143.187,7.78,2.9969,58334.122,19.33,,,,8.2251,12605.492,1.78,,,,8.3842,45802.91,13.48,8.4066,371553.429,5.85,8.5077,262095.807,36.98,,,,,,,8.5077,1218351.068,36.26,8.5747,410961.209,87.6,2.9889,234570.827,65.55,8.6237,22522.876,2.95,8.5087,793145.495,66.18,8.6986,5645175.703,88.94,8.4946,14559.188,100,8.7454,21075.499,2.83,8.7477,16319.311,2.3,,,,8.8166,101894.765,35.02,,,,8.2625,21314.718,1.98,8.8843,52011.151,17.52,2.944,44711.638,13.06,8.903,20982.776,2.33,8.94,10912.639,0.32,,,,8.9478,16148.266,5.95,8.962,31795.363,14.04,,,,9.0183,39564.766,17.47,,,,9.329,12170.199,1.64,,,,3.1121,12338.178,10.28,9.0325,20561.22,2.9,,,,9.2005,482518.785,50.73,9.2041,606249.626,100,9.2071,523059.543,94,,,,9.2223,549111.316,85.9,9.2719,485506.241,100,9.2755,201236.346,100,9.271,42782.745,8.04,3.1526,337403.496,69.83,9.2698,186336.237,20.65,,,,9.3557,14106.367,1.96,9.3237,14845.233,2.79,,,,,,,9.4328,98986.766,29.14,9.2903,18036.8,3.46,9.4919,47135.989,6.33,,,,,,,3.1914,67669.122,9.38,3.2903,62960.403,8.36,3.2806,245904.757,82.7,3.3819,166305.889,46.64,3.3526,12749.958,4.47,3.4728,75029.76,5.35,3.4766,238487.257,22.44,3.5281,72812.891,42.92,3.5487,250830.273,78.63,3.6424,12025.352,1,3.6965,442352.845,91.54,,,,,,,,,,3.9331,204571.354,92.54,,,,,,,4.0509,33173.558,4.82,,,,4.0309,148801.976,54.85,4.0759,18561.635,5.09,4.079,421355.689,63.72,,,,4.165,106848.983,9.93,4.1834,320746.844,1.51,4.1905,361545.128,70.7,4.18,13226.436,1.23,4.2109,22715.938,8.49,4.234,718194.603,79.73,4.3222,28064.957,4.08,4.3208,38375.502,3.21,4.3803,79158.844,5.55,,,,,,,,,,4.4418,12857.286,4.26,4.4408,19866.748,15.18,4.4847,144873.074,21.88,4.4672,18064.855,0.09,,,,4.5754,256870.216,6.24,4.4778,13977.631,7.22,,,,4.5802,319418.188,22.76,,,,4.5999,27562.574,9.14,0.9139,10563.968,5.95,,,,,,,,,,4.6974,47966.185,1.55,4.7102,98492.57,36.24,,,,,,,4.7451,135341.175,69.9,4.7895,1394313.937,45.01,,,,0.917,16413.561,16.29,4.8534,23105.955,1.07,4.9045,1247694.383,40.28,5.0598,19371.916,1.8,,,,,,,5.0077,17328.17,32.38,5.0101,92766.59,13.49,5.0138,37847.992,11.1,,,,5.146,25825.146,3.76
338_2012_T_2n,,,,,,P2-A9,,1,,,,,,,,,,5.0278,30821.44,1.08,,,,,,,5.1262,55447.347,28.04,,,,5.1816,46304.05,10.27,5.2038,16864.275,1.14,5.1662,32493.313,7.25,1.2899,220761.055,33.29,,,,,,,,,,,,,5.321,116530.653,0.48,5.3258,1029111.9,21.78,,,,,,,,,,1.6354,25158.275,1.95,,,,5.4321,207381.549,6.27,5.4526,194023.678,17.41,5.45,161316.351,29.44,5.4538,117453.871,4.33,,,,,,,,,,,,,,,,1.6414,11171.534,17.67,5.5839,1381742.264,88.66,,,,5.6058,546517.354,38.3,,,,5.7887,38436.419,6.19,,,,5.6756,108802.698,0.45,5.6884,322019.066,24.63,5.6887,39957.262,3.05,,,,,,,5.7269,111199.439,7.79,5.6578,265339.332,9.78,5.7365,37820.713,46.04,,,,5.7992,270402.097,9.51,5.9798,14029.924,5.09,,,,6.0044,115983.801,20.51,5.9526,30010.917,4.69,,,,5.9873,207612.323,11.31,6.0202,185571.495,11.4,5.9346,11816.148,1.9,6.0487,83617.543,8.5,6.0055,19608.894,7.12,6.0841,356383.5,27.69,,,,6.1018,133531.59,9.61,6.1385,32154.499,26.29,,,,,,,6.1573,14795.753,0.87,6.1679,14800.727,4.81,6.1917,75402.333,2.65,6.1984,273014.569,83.12,6.248,483451.876,36.93,6.2513,402814.795,21.95,6.2038,11322.3,4.96,6.3033,579803.919,39.11,6.3361,20263.139,6.17,6.3529,70432.803,4.27,,,,,,,6.4112,1112622.202,53.24,6.5831,26942.8,5.53,6.6633,19968.445,62.95,,,,6.4326,72102.117,11.62,,,,,,,6.6634,23221.113,3.15,,,,2.1646,162217.744,20.3,,,,6.6242,1723303.305,63.49,6.6326,388213.565,26.19,,,,6.6148,18404.469,11.28,,,,6.7239,45764.193,8.09,6.7616,326642.648,14.64,,,,,,,2.1895,222539.743,27.23,6.767,829072.485,17.55,,,,,,,6.8821,182640.578,60.56,,,,6.8802,61125.78,37.83,6.9395,183610.476,66.31,,,,6.949,10679.294,46.08,6.9906,10485.793,0.71,,,,6.8688,19310.471,27.73,6.9952,14297.841,9.73,,,,,,,,,,,,,7.0848,249803.693,11.19,,,,,,,,,,2.4007,20112.759,25.64,,,,7.1355,315128.682,22.07,,,,,,,7.167,65222.227,8.84,,,,,,,7.1979,21055.53,14.1,,,,7.3265,20715.306,1.07,,,,7.3658,131470.761,39.33,7.3664,279555.373,20.94,7.3043,806829.812,49.55,7.3637,33159.736,12.04,7.5458,12408.156,1.94,7.501,20334.893,1.25,7.4208,22367186.05,91.55,,,,7.4913,44901.185,79.82,7.4868,24616.199,2.95,2.568,17412.763,49.11,7.44,818204.479,97.27,,,,,,,7.5864,44812.5,3.36,7.5503,12033.465,1.44,7.566,109199.523,42.52,,,,7.6649,13800.625,4.18,,,,7.6608,10487.517,1.26,2.8091,1583545.3,89.24,7.7476,22736.176,4.65,7.8664,12539.29,0.05,7.7376,53466.159,2.76,,,,7.8074,4441442.24,92.33,7.9056,19256.218,3.41,7.9094,33370.853,1.17,7.9985,35070.177,100,7.9721,21765.976,1.63,8.1749,12090.302,5.31,,,,7.978,11109.925,0.65,7.9856,37276.667,9.74,8.0482,125128.454,0.51,,,,7.9626,15423.413,1.08,8.0596,100401.521,49.19,8.078,101613.557,78.19,,,,,,,8.0888,67907.57,5.09,2.8747,72027.022,26.5,8.0467,22484.982,1.36,8.1531,11534.452,0.81,8.1455,43406.648,2.56,8.2484,34441.03,4.31,8.3821,372762.819,21.94,8.2409,44303.881,8.63,8.2892,200033.744,0.82,,,,8.3291,15444.297,4.62,3.0256,98580.137,43.28,,,,8.496,15090.184,0.78,8.3861,802032.181,100,8.3868,69633.678,21.75,8.4159,175740.045,22.01,8.4541,18153.431,0.94,,,,,,,8.5167,138852.849,4.88,8.5748,263217.034,64.62,2.9839,16899.943,35.79,8.6276,351575.283,25.39,8.516,52929.509,6.29,8.7019,479160.151,60,8.7597,99411.083,100,8.7581,1944352.228,69.92,8.7552,1262613.939,65.22,9.0023,11732.224,3.07,8.8212,359344.915,59.48,8.7587,14146.27,8.67,8.2818,20136.317,1.51,8.8848,398568.766,81.56,2.973,305546.859,57.2,8.8935,84993.234,5,8.8881,34332.542,1.21,,,,8.9365,38168.645,6.75,8.9555,45765.033,31.07,,,,9.0355,52569.485,35.68,,,,9.1103,10504.83,0.38,,,,3.1207,74867.791,23.36,9.2543,14932.035,0.77,,,,9.2085,880090.273,53.41,,,,9.2101,1494219.691,98.28,9.2074,951804.913,100,9.2228,17722.053,21.52,9.2775,449990.147,94.16,9.2782,206804.802,94.2,9.2723,54387.451,7.37,3.1716,116235.949,65.71,9.2726,253117.789,14.9,9.2788,74859.82,8.97,9.3576,137279.792,11.1,9.424,66206.673,8.97,9.4159,108025.093,6.36,9.4191,217081.786,26.02,9.432,161676.247,50.51,9.544,54040.318,7.06,9.5566,10692.259,0.38,3.1353,11912.195,2.44,,,,3.2223,10206.292,0.83,,,,,,,3.4005,333873.978,39.14,3.3732,66820.066,32.31,,,,3.4846,522320.54,40.58,3.5376,78761.011,49.72,3.5502,123590.391,71.96,3.6314,151668.976,8.68,3.7065,939275.802,83.87,,,,,,,,,,,,,,,,,,,4.0503,60472.405,6.15,,,,4.0505,94177.294,16.66,4.068,17952.371,3.95,4.0795,298658.271,31.86,4.1176,10687.748,100,4.1586,217984.273,16.67,4.1827,407640.897,1.67,4.1785,394316.297,63.54,,,,4.1212,20557.876,9.7,4.2434,1650424.325,79.28,4.321,45593.977,4.64,4.3233,27902.815,1.6,4.382,41611.538,1.99,,,,,,,,,,4.4767,15388.317,6.76,4.4331,52402.999,15.89,4.478,87665.439,12.54,4.4771,11733.535,0.05,,,,4.576,737771.765,15.61,,,,,,,4.5805,807369.822,36.18,,,,,,,0.9244,72396.717,34.71,,,,,,,,,,4.6906,73064.823,2.21,4.7124,323470.952,85.68,,,,,,,4.7564,30833.682,6.32,4.8027,1433455.858,43.31,,,,,,,4.9466,13760.123,0.51,4.8995,1209653.689,36.55,5.0533,38826.086,2.91,,,,,,,,,,5.0095,225702.327,22.95,,,,5.1341,12499.576,1.69,5.1504,27186.322,2.76
349_2012_T_2n,,,,,,P1-F3,,1,,,,,,,,,,5.0394,49215.507,0.83,,,,,,,5.15,91036.177,17.44,5.2625,15642.587,9.93,5.175,47488.309,16.78,5.2055,30885.223,1.24,5.1868,86660.77,8.38,1.293,285635.794,23.68,,,,,,,5.1616,46942.324,7.14,5.3633,16556.317,1.16,5.3709,11942.214,0.19,5.3393,432154.938,6.7,,,,,,,,,,1.6391,121264.437,6.33,,,,5.4343,328184.307,7.05,5.4478,65638.945,3.09,5.4269,159533.263,16.83,5.4428,9785648.448,91.53,,,,,,,,,,,,,5.5308,14331.936,9.1,1.6564,42975.557,21.99,5.5806,1045019.286,86.18,5.5994,20830.418,5.97,5.5931,23714.189,0.58,,,,5.7751,28840.451,4.39,5.8161,16120.461,2.08,5.6591,181023.404,2.82,5.6872,403016.384,19.41,5.7211,39003.151,1.91,,,,,,,5.7241,398181.901,16.15,5.7337,32785.116,0.31,5.7241,20822.085,28.23,,,,5.7967,291712.845,4.93,,,,5.8253,28105.368,37.68,,,,5.954,28480.63,3.09,,,,6.0569,13302.375,0.53,6.018,376693.792,13.74,,,,6.0418,148279.708,10.05,,,,6.0833,584776.822,30.51,,,,6.1154,18102.3,2.19,6.1302,97898.302,61.72,,,,,,,,,,,,,6.1872,138887.068,2.35,6.1919,148306.54,66.02,6.2522,665146.899,32.62,6.2479,540792.886,21.54,6.1814,11968.739,9.09,6.2948,922841.606,37.12,6.3711,10253.914,4.56,6.3705,34480.519,1.71,2.0208,40371.411,20.99,,,,6.3989,1949508.62,61.87,,,,,,,6.6955,12552.164,3.37,,,,6.5558,10743.326,1.49,6.5739,32838.484,18.87,6.6351,32595.582,4.2,,,,2.1639,175770.396,27.8,6.4966,32877.079,2.3,6.6224,77808.815,0.73,6.625,706795.468,28.43,6.6462,197005.582,53.85,6.6893,15142.456,3.57,6.6996,18308.199,6.35,,,,6.7595,560099.214,17.91,6.8013,25304.731,31.7,,,,2.1637,120666.075,47.06,6.7716,702157.576,10.89,,,,,,,6.8781,274376.673,63.1,6.7484,530127.508,8.22,6.8959,138632.946,32.98,6.9342,74575.218,60.12,,,,6.9414,15093.565,16.27,6.9462,50269.661,2.02,,,,6.9319,12738.925,3.56,6.9894,78220.549,62.01,6.9922,13334.401,10.46,,,,7.2877,12015.133,4.48,,,,7.0727,188260.126,6.02,,,,7.0908,504956.363,93.94,,,,2.4106,13050.94,5.09,,,,7.1308,285941.096,11.6,,,,,,,7.1552,157255.136,20.28,,,,7.2732,10771.98,0.17,7.1971,102767.536,44.17,,,,7.2633,15660.839,1.11,,,,7.3687,238486.801,58.33,7.3709,476203.896,33.33,7.3024,864535.149,31.54,7.3706,39381.428,18.46,7.3103,12794.16,1.39,7.4117,618053.196,22.55,7.4388,4173563.805,65.12,,,,7.4826,117174.98,42.74,7.4795,101246.487,32.55,2.5535,416092.237,52.52,7.4419,47031.918,40.57,,,,7.5413,22347.363,4.83,,,,,,,7.5651,60671.447,18.73,,,,7.6479,9496552.295,91.83,7.6878,14469.745,21.51,7.7098,11774.21,3.79,2.8133,82133.739,37.48,7.7413,20115.68,6.69,7.7455,17148.039,0.27,7.7465,84439.39,6,7.7473,15633.69,16.85,7.8077,4044719.082,96.59,7.9136,25380.171,3.53,7.9255,101328.464,1.71,7.9988,17613.682,100,,,,8.165,30507.417,19.37,2.8172,14151.573,1.83,7.8621,17052.053,1.26,7.9654,30713.601,7.34,,,,8.2528,10561.919,1.36,7.9684,16479.284,0.67,8.049,238315.808,55.61,8.0773,37340.919,47.93,,,,7.9284,60308.733,14.07,,,,2.8693,15409.336,19.44,,,,8.1385,91050.56,3.69,8.1485,41848.152,3.09,8.2476,37690.114,5.96,8.4872,45391.023,3.35,8.2495,30715.687,21.74,8.2872,29184.192,0.46,,,,8.3243,31926.5,7.81,,,,,,,8.3035,29908.089,2.13,,,,8.3833,115245.785,27.82,8.4114,16663.501,0.16,8.495,23748.809,1.69,,,,,,,8.5028,509138.035,8.6,8.5834,1012043.225,91.6,2.9844,115261.141,78.87,8.6277,209844.705,22.09,8.504,213343.847,17.04,8.7033,10269337.64,98.87,,,,8.7541,81246.867,7.71,8.7583,17525.958,1.25,8.8645,140029.083,33.44,8.8137,958967.122,58.8,9.0662,13272.402,4.83,8.2577,16991.987,1.19,8.8854,238023.153,79.19,2.9915,36549.771,7.89,8.8877,26737.441,1.97,8.8888,182615.235,3.08,,,,8.934,17428.217,2.42,8.9562,352009.09,33.46,,,,9.0322,462757.942,43.98,8.8712,35132.94,34.14,9.1154,15030.583,1.43,,,,3.1072,231587.93,42.98,9.2468,18078.337,1.28,,,,9.2007,1081895.377,53.64,9.1995,1060922.928,95.85,9.2075,1766394.306,99.37,9.3066,10244.35,0.93,9.2204,51568.867,21.04,9.2674,1533530.627,94.82,9.2763,1466248.443,97.99,9.2665,153906.244,19.85,3.1604,338169.042,85.64,9.2675,793103.785,58.54,,,,9.3584,82290.219,9.32,,,,,,,,,,9.4324,115115.797,27.79,9.4998,33523.199,6.69,9.3571,11317.257,1.07,,,,,,,,,,3.2823,518411.265,62.66,3.2878,753563.208,86.73,3.3884,278773.563,36.89,3.3621,241236.01,28.45,3.5134,24151.874,0.77,3.4817,148854.271,7.77,3.5336,106621.425,38.22,,,,3.6282,198758.848,6.64,3.7001,842455.664,86.44,,,,,,,3.889,170916.798,23.12,3.9465,27027.586,23.26,,,,,,,4.0553,129184.755,8.76,4.1292,47734.61,5.34,4.0428,348438.347,48.46,4.056,30720.791,7.23,4.0817,206005.658,45.64,,,,4.1804,110314.353,5.31,4.1897,425976.499,6.65,4.197,406782.079,61.9,4.1923,20670.543,1.45,4.1222,60056.824,24.21,4.2444,914505.003,78.1,4.3296,67686.625,4.59,4.3271,58231.81,1.94,4.3856,43783.405,1.39,,,,4.3878,13160.12,1.83,,,,,,,4.4368,73276.831,0.71,4.4495,498730.356,55.83,4.459,13141.888,0.21,,,,4.5753,913766.026,14.17,,,,4.7202,15802.122,4.88,4.5777,1082043.16,34.6,4.5787,11610.991,5.44,4.6076,21150.483,13.43,0.9149,28453.457,10.79,4.5731,34067.37,4.74,,,,,,,4.6908,127210.416,2.73,4.7173,205412.542,49.59,4.7407,18238.74,1.98,,,,4.7474,38713.881,11.1,4.798,1892585.625,40.64,,,,0.9377,14737.224,53.78,4.7531,10206.667,0.1,4.9086,1778122.095,38.18,5.0508,63912.856,4.47,,,,,,,,,,5.0125,273654.219,18.55,5.1249,19170.101,5.36,,,,5.1443,53465.673,3.62
349_2021_T_2n,,,,,,P1-B1,,1,,1.2729,61658.401,,24.18,,,,,5.0201,37787.181,0.41,,,,,,,5.1865,14386.66,2.97,5.2577,16725.536,10.6,5.166,26569.914,23.8,5.1948,21282.722,1.09,5.1883,28024.894,4.81,1.298,722343.935,43.59,,,,5.1896,56182.78,62.07,5.1587,21875.144,6.04,,,,,,,5.3149,1347786.978,22.6,5.4236,12326.344,4.78,,,,,,,1.6299,63333.388,5.29,,,,5.4234,247361.345,5.48,5.4216,140008.175,11.44,5.4498,91310.464,12.48,5.4379,6238641.351,91.28,,,,,,,,,,,,,5.5234,10988.811,6.96,1.648,50633.41,23.02,5.5684,882013.087,88.77,,,,5.4366,21886.674,0.57,,,,5.7672,22228.356,6.14,5.7902,25029.808,2.84,5.6622,84495.072,2.02,5.6749,161362.534,10.54,5.6851,18886.488,1.19,,,,,,,5.7185,81152.211,5.22,5.697,11119.581,0.16,,,,,,,5.7904,110728.773,1.2,,,,5.8123,17237.131,34.59,,,,,,,,,,5.9732,136341.636,9.92,6.0092,164980.601,12.35,6.057,10505.906,2.9,6.04,117846.718,14.49,,,,6.0755,283191.732,23.64,,,,6.0923,32339.773,4.08,6.1201,145204.969,76.21,6.2087,11448.869,9.57,,,,,,,,,,6.1786,113019.965,1.23,6.1811,112521.183,64.6,6.2362,335277.672,21.08,6.2421,240239.795,17.49,,,,6.2842,828562.014,42.61,,,,6.3771,39359.729,2.5,2.0142,86932.872,33.97,6.3006,15017.955,12.56,6.3945,1059388.323,53.83,,,,,,,,,,,,,,,,6.5589,67734.812,45.82,6.6371,69416.394,7.88,,,,2.1578,85740.582,19.31,6.6923,30247.025,4.03,6.6112,39367.411,0.58,6.6159,596560.927,30.68,6.6327,142437.738,35.31,,,,,,,,,,6.7619,555481.179,23.83,6.7895,49583.678,82.99,6.7283,13061.976,3.61,2.1649,89595.678,34.87,6.7538,1162833.825,19.5,,,,,,,6.8741,248550.802,65.77,6.9647,10712.726,0.18,6.8781,159044.737,38.55,6.917,80372.277,100,,,,6.9379,22191.164,24.43,6.9502,12562.993,0.65,,,,6.8667,54167.96,14.75,6.9743,130071.237,100,6.9666,19261.704,21.46,7.0122,17179.499,6.59,,,,,,,7.0673,128764.095,5.52,,,,7.0725,206642.845,90.71,,,,2.3767,22967.903,47.43,,,,7.1308,174061.026,11.2,,,,,,,7.1533,278994.479,31.68,,,,,,,7.1866,103702.027,41.41,,,,7.3606,13390.215,0.75,,,,7.3533,64214.89,68.23,7.3625,82874.548,11.04,7.296,300263.413,22.48,,,,7.528,11953.683,3.24,7.4152,482658.269,36.14,7.4336,2793944.81,66.79,,,,7.4712,51752.371,38.38,7.4698,14388.862,9.58,2.5453,483924.495,97.27,7.4342,28984.595,62.39,,,,7.5362,75283.429,16.72,7.4258,44517.694,5.93,,,,7.5601,34530.212,25.56,,,,7.6363,9772938.783,96.86,7.6785,12315.965,48.43,,,,2.8047,101857.852,38.59,7.727,24085.926,8.07,7.6186,50314.68,1.2,7.7264,46670.331,2.6,7.7398,26628.874,29.31,7.7948,3074533.907,99.67,,,,7.9237,71443.29,0.78,7.9871,12590.862,100,,,,8.1642,68875.352,43.65,2.8281,55745.325,6.33,7.8508,29136.049,2.81,,,,8.2562,10783.068,0.26,8.2563,12585.368,1.43,7.8479,76903.563,4.95,8.0429,217016.688,59.07,8.0603,42539.691,76.94,,,,8.1318,14588.16,3.97,8.1251,13730.099,1.83,2.8436,13529.809,32.82,,,,8.1403,143452.77,9.23,8.1376,55486.986,5.36,8.0054,25388.631,5.72,,,,8.0345,16061.436,4.87,8.2979,19590.536,0.47,,,,,,,,,,,,,8.3045,10743.229,0.6,,,,8.3726,69266.097,27.81,8.3981,20271.023,0.27,8.4735,108032.249,6.02,,,,,,,8.5,5868732.68,63.76,8.5783,573411.435,91.99,2.9777,176791.566,100,8.6219,162824.097,31.29,8.7372,35034.019,0.92,8.6924,7583879.359,99.55,,,,8.7777,67185.662,3.08,8.7578,21178.12,1.18,8.8481,14565.56,8.84,8.8106,503900.272,56.62,9.1033,16673.591,5.61,8.2572,22573.841,3.01,8.8754,229266.202,76.79,2.9589,89068.268,19.78,8.9016,36590.329,3.53,8.8768,19004.651,0.21,,,,9.0233,12143.406,5.02,8.9489,87052.577,34.52,,,,9.0241,112015.122,44.42,,,,9.0792,25443.219,1.17,,,,3.1049,119719.388,51.29,9.1225,29628.175,1.65,,,,9.1949,1189957.283,75.69,9.1951,1260593.42,97.68,9.1999,2040683.307,98.66,,,,9.2136,30278.294,18.37,9.2679,1475372.809,99.26,9.2669,1295085.313,99.22,9.2622,132874.382,15.09,3.1393,376769.479,86.2,9.2626,643162.596,62.13,,,,9.3542,14008.011,2.25,,,,,,,,,,9.4227,76368.753,30.67,9.1885,89438.375,50.64,9.4838,13693.097,0.63,,,,,,,,,,3.2803,369577.42,46.63,3.2653,710412.524,89.54,3.3724,263419.925,38.5,3.366,37324.443,8.6,3.4586,52858.284,2.27,3.4683,43114.026,3.6,3.5226,120889.972,53.71,,,,3.6114,39454.578,2.59,3.6875,820453.613,90.15,,,,,,,3.8763,111228.338,28.26,3.9196,17714.646,32.55,,,,,,,4.0461,45223.278,5.56,,,,4.03,156629.995,64.72,4.0515,151320.476,33.43,4.0753,57702.383,17.4,,,,4.1611,148421.891,9.69,4.1772,211836.756,5.06,4.1855,227691.276,62.86,,,,4.1741,12490.088,5.26,4.2315,689532.476,72.13,4.3199,61540.956,7.57,4.3261,60568.041,3.97,4.3743,27347.806,1.39,,,,,,,,,,,,,4.4286,61273.062,0.61,4.4442,287744.763,55.93,,,,,,,4.5779,476463.974,7.99,,,,4.7131,12706.935,5.96,4.657,49689.835,2.13,,,,4.5921,39468.303,25.01,0.9105,78284.714,30.33,,,,,,,,,,4.6809,66815.515,1.48,4.7059,92290.262,40.3,,,,,,,4.7389,47905.765,51.63,4.7828,1877251.014,41.61,,,,0.9181,16648.277,6.53,4.9414,18618.404,0.27,4.8869,1813292.982,40.19,5.045,20006.715,2.66,,,,,,,5.002,35907.514,60.2,5.0051,122430.034,15.06,5.0001,45635.722,12.43,,,,5.13,14208.655,1.75
356_2021_W_4n,,,,,,P1-A11,,1,,,,,,,,,,5.0297,155614.092,3.46,,,,,,,5.2033,20368.239,5.22,5.2619,93197.037,22.34,5.1636,52342.219,17.73,,,,5.2054,16372.499,2.7,1.3015,414803.182,35.73,,,,,,,5.1615,10790.596,2.18,,,,5.306,94061.263,0.38,5.3138,123051.357,3.25,,,,,,,,,,1.6314,35042.279,2.09,,,,5.4152,215157.775,5.02,5.425,654427.625,30.91,5.423,569590.795,37.26,5.4329,108855.68,6.38,,,,,,,,,,,,,5.518,55162.255,13.23,1.6266,12384.906,16.53,5.57,505461.142,82.34,5.5755,21296.334,7.32,5.5847,397244.715,32.6,,,,5.7688,52581.436,10.64,,,,5.6606,299929.789,1.21,5.6721,222601.519,17.35,5.6791,28399.449,2.44,,,,,,,5.7696,13983.503,2.69,5.8443,223974.456,13.13,,,,,,,5.7949,103524.592,2.3,,,,5.8245,32948.993,100,,,,5.9449,17419.965,3.3,,,,5.9967,13568.97,1.2,6.0034,257760.467,29.44,6.054,33594.541,6.8,6.0285,118668.421,5.21,6.0834,29543.397,4.67,6.0758,309339.477,18.43,,,,,,,6.122,16737.035,46.7,,,,,,,,,,,,,6.1849,157354.469,3.5,,,,6.2396,21663.874,1.86,6.247,17432.461,1.54,6.324,10071.033,100,6.2804,262271.286,7.26,6.3265,258757.877,93.34,6.3564,11813.979,0.31,,,,,,,6.3906,1264602.353,54.93,6.4368,17487.174,6.01,,,,,,,6.417,13835.528,2.8,,,,6.5572,21097.875,35.94,6.5066,38049.355,5.48,,,,2.1582,23286.879,10.13,,,,6.6094,307306.096,18.02,6.6182,2211954.669,61.24,,,,,,,,,,,,,6.7458,34551.719,1.5,6.7877,329276.716,84.7,,,,2.1668,152952.799,66.75,6.7569,153216.702,4.05,6.8184,14550.577,3.31,,,,,,,6.8465,1171189.254,30.93,,,,6.8945,61346.909,21.93,,,,,,,6.9484,64477.637,1.79,,,,,,,6.9708,114818.12,81.38,6.972,119814.309,47.01,7.0126,20351.876,45.61,6.9724,10946.918,2.07,,,,7.0701,25257.204,1.1,7.2639,12264.851,2.52,7.074,220258.456,95.27,,,,,,,,,,7.2818,25466.246,4.89,7.1311,218379.984,78.07,,,,7.1444,100407.046,14.46,7.217,25145.275,100,,,,7.1797,239808.87,62.18,,,,7.3374,37899.625,1.12,,,,7.3538,246102.216,22.85,7.3538,409269.758,8.44,7.3781,57269.764,6.54,7.3554,46048.012,7.28,7.4878,12508.694,2.37,7.4602,51227.444,5.85,7.4185,22787242.97,91.89,,,,,,,7.4769,65983.585,15.32,2.538,174147.572,100,7.418,749036.241,90.47,7.5237,14819.217,53.67,7.5272,39976.678,12.08,7.6062,16312.28,0.34,,,,7.5487,29194.486,8.81,,,,,,,7.6859,11285.952,100,,,,,,,7.7231,74905.757,9.24,7.852,23901.282,0.1,7.7255,23441.727,0.69,,,,7.794,953634.621,96.2,,,,7.9253,158339.7,3.52,7.9799,138097.211,93.03,,,,8.1615,40145.47,9.63,,,,7.9661,11881.398,0.62,8.0222,72918.132,11.32,8.0421,148498.033,0.6,7.9277,13813.829,1.99,8.0074,60403.328,11.6,8.0688,10379.885,3.33,8.0639,92531.299,65.63,,,,7.9234,24116.66,7.73,8.0706,84662.997,1.75,2.8334,60915.018,74.09,8.0645,52749.758,1.38,,,,7.927,17873.498,0.94,,,,,,,8.3134,62079.024,5.38,8.2761,117393,0.47,8.3668,30537.908,7.09,8.3204,744804.897,69.16,3.0106,69221.904,16.6,,,,8.3881,29738.655,0.88,,,,8.3754,51389.528,20.34,,,,8.4816,402171.295,11.89,,,,,,,8.4793,1523529.681,33.85,8.5845,793799.345,91.79,2.9891,30364.613,38.06,8.6139,451795.126,28.62,8.6219,12615.046,1.3,8.6919,9177626.161,99.41,,,,8.7494,141206.367,2.24,8.7492,40404.152,1.19,8.8699,88163.427,13.69,8.8056,172749.139,51.98,9.1094,12793.316,6.15,8.3184,478955.655,9.87,8.872,618374.5,76.31,2.9564,108971.2,32.92,8.8863,16401.765,0.86,8.88,167645.242,3.73,,,,9.0144,67156.691,13.77,8.9494,599601.426,36.86,,,,9.0206,648131.653,39.85,9.1708,59399.545,35.48,9.1068,15743.679,0.25,9.0883,10349.518,5.49,3.1085,96019.633,32.55,9.2408,103922.616,3.07,,,,9.1816,2561080.966,67,9.2022,746605.705,98.51,9.1999,977056.965,100,9.2907,11305.52,1.49,9.4517,27885.46,24.29,9.2606,578573.145,100,9.2656,298507.158,89.29,9.2605,43516.154,6.27,3.1512,18113.715,23.01,9.2632,219714.964,11.51,,,,9.3442,19958.157,5.59,9.3887,22672.438,3.26,9.3847,906407.088,47.48,,,,9.4238,74895.12,29.65,9.6537,154628.902,16.94,9.5958,23275.156,0.37,,,,,,,3.1745,20792.599,5.82,3.2716,791734.034,63.6,3.2764,749024.166,67.81,3.3762,306729.771,48.35,3.3587,75644.715,15.97,3.4548,157586.157,6.86,3.4718,320060.442,19.06,3.5181,20526.71,5.9,3.5425,25628.777,32.54,3.6144,48774.069,2.31,3.6918,1944918.382,90.48,,,,,,,,,,,,,3.9232,22795.081,63.91,,,,3.9785,37916.329,1.67,,,,4.0273,86312.258,17.7,4.0532,11605.812,3.97,4.0734,132091.158,34.67,,,,4.156,210814.426,16.43,4.1721,273714.352,1.1,4.1782,287762.847,58.24,,,,4.1951,14013.142,6.73,4.2297,663912.711,78.33,4.3062,269070.352,11.82,4.3126,157615.861,7.46,4.3673,39213.131,1.7,,,,,,,,,,,,,4.4268,28700.453,20.21,4.4803,97352.004,15.84,,,,,,,4.5661,51043.514,1.35,,,,,,,4.5738,49474.87,2.15,,,,4.5952,40126.523,9.62,0.917,35423.303,9.01,,,,4.5973,15050.201,2.85,,,,4.6809,241199.185,5.63,4.7101,107327.871,47.91,4.7345,19200.432,3.63,,,,4.7413,124160.193,42.66,4.7852,1794201.415,41.89,,,,0.9327,37049.629,31.27,4.9406,24046.122,1.41,4.8939,1582077.493,36.94,5.0478,35772.159,0.74,,,,,,,4.9311,32440.079,25.06,5.0012,1357601.176,59.64,5.0038,10421.94,2.84,,,,5.1121,38594.178,1.7
372_2021_W_4n,,,,,,P1-D9,,1,,,,,,,,,,,,,,,,5.1293,128935.608,11.32,,,,,,,,,,5.1284,13083.168,1.49,5.2027,16858.903,4.16,1.2936,41565.935,10.63,,,,5.1881,20300.509,100,,,,5.1384,49966.429,3.69,,,,5.318,741499.398,29.68,,,,,,,,,,1.6307,141898.877,13.11,5.3998,538497.588,20.09,5.4288,154594.984,4.7,5.5097,573623.824,25.55,5.4503,42547.204,19.14,,,,,,,5.5068,704587.634,22.79,5.5091,707853.805,38.92,,,,,,,1.6459,152583.815,42.26,5.574,315392.252,91.41,,,,,,,,,,5.6095,11339.68,21.47,5.6599,606310.591,11.04,5.5591,10582.961,2.62,5.6836,142995.841,16,5.7218,59381.859,4.18,,,,1.7192,224887.742,33.47,5.7221,373651.782,24.31,,,,5.7612,49995.78,24.47,,,,5.7978,122429.657,8.96,5.8135,228800.187,8.99,5.8276,22486.782,100,,,,,,,,,,5.9935,14186.785,1.35,6.0131,46392.387,6.45,,,,6.0428,31475.312,5.9,6.0488,397306.855,15.62,6.0806,81919.884,7.57,6.1122,35054.643,0.44,6.0906,25855.092,4.92,,,,6.1327,336510.322,13.23,,,,6.278,10848.124,0.35,6.0088,15184.135,100,6.1806,69071.609,5.06,6.1936,220259.97,79.24,6.2425,346167.854,24.35,6.2496,227402.209,21.72,6.2802,12490.171,10.8,6.2901,211794.503,24.08,6.3394,41958.848,15.1,6.2861,12269.22,5.84,2.0005,25427.476,54.94,6.3819,523373.233,20.57,6.4029,501186.322,55.16,,,,6.659,33523.527,100,6.5019,25233.543,5.23,,,,,,,,,,6.6076,76359.885,1.39,,,,2.1557,320474.837,70.83,6.6193,36047.663,2.66,,,,6.6219,402926.564,45.82,,,,6.6904,38792.516,1.45,6.6973,34963.592,36.64,,,,6.7587,208346.767,19.17,,,,,,,2.1671,401350.724,90.62,6.7568,363099.766,14.54,7.0039,23707.889,5.74,,,,6.8776,35268.326,41.79,6.8105,188777.356,7.56,6.8663,67739.708,39.87,6.9267,181827.226,50.05,,,,,,,7.005,11969.934,1.36,,,,6.9648,81127.462,1.83,6.9894,81897.353,80.39,,,,,,,,,,,,,,,,,,,7.081,57465.032,77.34,,,,2.3913,24851.375,39.62,7.123,54729.69,4.8,7.1265,145140.166,9.44,7.1451,25890.267,7.13,7.2558,11550.257,0.45,7.1431,30767.505,0.56,,,,,,,,,,,,,7.3504,440504.714,4.27,,,,,,,,,,7.2942,244393.075,34,7.3809,14516.191,0.57,,,,7.4201,216060.142,30.06,7.4332,31332.283,7.76,7.6318,11264.564,11.11,,,,,,,2.5493,53516.336,27.66,,,,,,,,,,7.5873,21552.341,1.59,,,,7.559,75336.104,60.32,,,,7.6599,17539.729,11.38,,,,,,,2.8134,74271.258,34.61,7.7344,19688.966,6.66,,,,7.7502,2675923.797,25.96,,,,7.8022,1272322.036,98.77,,,,7.7453,11767.598,0.86,7.9894,163986.277,87.56,,,,,,,,,,8.0391,25499.027,0.82,8.0255,12875.715,0.29,,,,8.04,676592.557,12.32,8.0425,30431.102,1.98,7.9499,24482.984,1.92,8.0625,14052.974,32.02,,,,8.149,153700.027,12.08,8.327,46213.052,3.41,2.8462,17585.049,100,,,,8.2675,20799.774,1.35,8.3142,13746.772,0.44,8.3742,33517.375,7.41,8.2674,59961.951,1.94,8.249,32640.73,4.91,8.2509,12777.845,3.17,,,,,,,,,,8.1311,10457.081,100,8.3708,1914056.139,18.57,,,,8.377,203361.366,69.36,8.411,596325.087,9.55,8.4753,1288531.715,12.5,8.483,3109039.178,39.25,,,,8.5137,293041.617,21.45,8.599,839826.728,97.55,2.9794,53890.419,46.45,8.6271,114845.055,8.06,8.5183,113159.809,71.45,8.7059,5636019.538,90.28,,,,8.7407,42357.726,2.73,8.7231,26537.33,0.26,8.8037,694062.825,15.84,8.8121,178912.593,55.22,8.8712,33455.134,1.88,8.2477,39600.846,2.92,8.8837,163974.266,55.44,2.9661,14775.674,33.2,,,,8.9956,24138.743,1.77,,,,,,,8.9504,39398.435,10.05,,,,9.0266,50476.529,12.87,9.0401,45622.631,6.85,9.1697,823308.903,53.07,9.1774,1780908.299,22.48,3.1176,48440.87,43.38,9.1724,1054324.858,10.23,9.0947,10513.699,5.35,,,,9.332,19953.825,8.91,,,,9.2766,14652.471,6.54,9.2221,1081600.413,91.01,,,,,,,9.2952,297980.879,5.42,3.1445,105050.723,100,,,,9.2818,17280.233,4.14,9.3543,12775.935,3.46,9.4072,219762.106,4,9.3827,562757.119,18.2,9.4438,57301.007,13.74,,,,9.4592,44781.996,9.11,9.4629,19313.922,1.25,,,,,,,3.2052,32586.193,8.83,3.2884,320510.344,60.98,3.2912,629078.059,79.27,3.3738,488991.057,93.25,,,,3.4719,107558.329,9.9,3.4834,181240.442,16.75,3.5255,18933.333,32.55,3.5376,36839.615,100,3.6269,123450.252,9.34,3.7023,1637024.837,94.62,,,,3.8488,32819.709,2.48,,,,,,,3.9309,71855.235,54,,,,3.9981,26062.36,4.89,,,,,,,4.0543,129669.007,25.89,4.0781,27450.076,7.17,,,,4.1564,162656.481,18.2,,,,,,,4.0897,16664.008,1.23,4.2031,282152.021,58.76,4.2416,290206.982,79.57,4.3246,66808.867,12.53,4.3332,32075.631,2.43,4.3793,26358.826,2.9,,,,,,,,,,,,,4.4345,61662.951,40.02,,,,4.4905,13459.023,3.33,,,,4.5748,124976.537,5,,,,4.5763,158682.466,49.94,4.5724,128621.034,11.84,,,,4.6987,14627.858,26,0.9075,11124.088,14.29,,,,,,,,,,4.6947,68367.563,2.08,4.7193,99230.897,65.06,,,,,,,,,,4.7986,1442795.318,43.88,,,,0.9347,83638.879,45.84,,,,4.9048,1246336.659,37.91,,,,,,,,,,,,,5.0049,39845.835,7.47,,,,5.0152,802227.643,14.6,,,
379_2021_V_4n,,,,,,P1-B7,,1,,,,,,,5.0505,145284.162,24.54,5.0255,468840.053,7.69,4.9604,10155.987,2.97,,,,5.1223,77773.97,31.2,5.1556,22435.669,4.78,5.1552,170657.795,13.86,,,,5.1556,11028.976,2.89,1.3026,175127.684,28.17,,,,,,,5.3184,57500.255,1.34,,,,5.3012,896286.886,9.83,5.322,192859.227,6.66,5.362,148997.466,72.23,,,,5.3614,37126.726,0.8,1.6323,56179.222,5.67,,,,5.4228,179571.496,5.03,5.4286,69330.451,9.68,5.4416,83813.445,13.91,5.5124,53156.89,1.16,,,,,,,,,,,,,5.5503,16541.717,3.52,1.6431,24280.906,3.11,5.5734,757366.967,83.2,5.5613,510547.944,11.07,5.5557,88520.249,5.7,5.6052,26620.307,4.61,5.652,291865.474,6.8,,,,5.6448,386028.84,4.23,5.6875,102330.457,11.07,5.6883,11877.626,1.76,5.6949,240420.476,36.3,,,,5.7178,14565.661,3.9,5.7413,597078.838,13.08,,,,5.6703,50682.899,14.81,5.803,20120.534,0.33,,,,5.8212,41589.61,61.36,6.0139,23086.348,6.74,6.0187,1002147.321,33.13,,,,5.981,41275.838,6.5,6.012,71732.109,11.39,6.0143,947940.618,22.07,6.048,213324.468,22.64,6.0141,11568.815,2,6.0832,81485.582,8.22,,,,6.1034,14771.792,4.37,,,,,,,,,,6.144,17466.341,0.86,6.1576,211880.832,31.99,6.201,57334.225,0.94,6.1897,124953.196,22.46,,,,6.233,36626.787,5.77,6.3376,39411.152,50.62,6.29,75589.079,7.2,6.3371,382520.709,68.75,6.3539,348148.908,3.54,2.0078,23792.112,11.36,6.3463,25482.557,4.42,6.4014,583054.468,41.92,6.4345,249969.597,5.42,6.433,267622.441,31.84,,,,6.4234,81111.43,1.89,6.5249,39183.062,11.45,6.5856,11650.974,6.82,6.5167,26557.972,5.39,,,,2.1602,723543.38,81.09,6.5351,17974.984,0.28,6.5778,222574.17,4.88,6.6216,605571.235,57.72,,,,6.867,10039.138,9.3,6.7522,10028.734,0.89,,,,6.7611,109931.511,5.73,6.8004,291271.44,88.26,6.7587,163086.226,3.8,2.1701,462345.568,45.82,6.7611,372240.742,12.86,,,,6.8676,165481.555,3.63,,,,6.8589,679622.111,23.48,6.8679,24307.203,14.31,6.9235,267292.66,47.67,,,,6.9422,50730.323,3.96,6.9551,12786.164,1.22,,,,7.0174,11428.467,6.41,6.9805,27278.067,63.56,6.986,91091.682,45.81,7.0033,20786.264,7,7.0709,54284.181,14.42,7.2745,74772.761,1.64,6.982,12096.51,0.63,7.2866,10064.186,2.94,7.0789,11703.466,29.13,7.1094,94487.297,2.82,2.3976,39130.137,39.26,,,,7.2937,22468.476,6.02,7.1435,276351.873,49.28,7.1115,18568.013,3.22,7.1621,13010.612,2.64,7.1547,457184.042,54.39,7.1855,724853.912,7.95,7.1888,184883.784,49.62,7.1248,15235.968,0.35,7.4029,18956.087,1.15,2.4125,51263.36,10.91,7.3616,490639.485,14.66,7.3643,816961.507,12.81,7.3705,44927.966,7.14,7.3582,84446.694,14.63,,,,7.4215,96771.722,15.37,7.4311,53868.072,0.59,,,,7.4723,204659.435,28.92,7.4693,19267.351,6.88,2.5491,297659.274,91.65,7.5255,322224.718,41.3,7.5287,11560.325,13.1,7.5453,22040.66,14.62,7.655,74431.535,1.17,,,,7.5606,130024.241,13.58,,,,7.7509,651190.016,87.64,7.685,14143.085,12.24,7.7117,138962.794,49.65,2.8073,11228.746,3.63,7.7343,20464.019,3.8,7.7513,17072.643,0.19,7.7302,22319.771,1.35,7.7416,1146793.331,89.52,7.7962,4256705.642,97.58,,,,7.928,537935.272,8.82,7.985,249472.607,93.67,8.0348,10884.759,0.17,7.8383,11436.971,2.43,,,,,,,8.0294,79893.939,14.42,8.0407,834052.297,9.15,8.2714,62974.292,12.77,,,,7.8223,16248.185,8.68,8.0674,21148.744,19.24,,,,,,,8.0964,39714.136,0.62,2.8428,35808.469,31.98,8.2742,1890380.639,19.24,,,,,,,,,,8.2735,16933.501,0.84,8.2744,461651.47,41.39,8.1756,14213.509,0.16,8.2607,35001.444,12.51,8.2744,1651811.522,49.36,2.9738,13099.738,2.79,8.2886,40413.229,5.18,8.3356,25472.951,1.54,,,,8.374,257788.189,53.44,8.4085,685103.646,23.05,8.4805,314933.801,19.07,,,,8.3951,48133.376,1.44,8.4882,2522682.962,41.37,8.5515,472306.724,90.78,2.9736,114110.488,77.75,8.6204,271278.238,17.42,8.6669,3324545.94,44.61,8.6982,2286608.804,76.95,,,,8.7495,33034.092,1.99,8.7476,18914.809,1.15,8.8457,28833.127,5.2,8.8156,494059.749,63.25,8.9371,10267.732,2.66,8.2751,3570175.369,56,8.88,398992.319,74,2.9529,10722.351,7.11,8.8077,43560.002,2.15,8.89,128573.737,2.11,,,,,,,8.9554,128849.813,38.21,9.0028,169526.608,43.37,9.033,136722.262,40.54,,,,9.0877,71903.538,4.34,,,,3.1124,28130.245,42.59,9.2561,37882.455,2.29,,,,9.1972,2950147.916,30.02,9.199,2896919.26,97.59,9.2051,7870184.076,98.79,,,,9.221,93871.149,88.15,9.27,318173.352,74.2,9.2743,128295.143,65.6,9.2668,28913.351,5.87,3.1489,166852.084,100,9.2661,133859.843,6.62,,,,,,,,,,9.2002,10553.513,0.52,,,,,,,9.662,160437.118,9.48,9.486,78329.389,4.73,3.1891,212271.25,4.6,,,,3.1922,24650.909,2.75,3.2948,10712.934,3.17,3.2772,83722.379,84.01,3.3788,281701.38,19.42,,,,3.4624,317476.49,16.54,3.4788,245621.439,24.79,3.5192,26683.421,28.65,3.5386,18147.862,6.3,,,,3.6958,1138916.914,87.22,,,,,,,3.9967,13017.272,3.38,3.9346,16098.485,35.55,3.9475,11132.822,6.28,4.0779,29923.055,0.7,3.9911,106669.425,11.32,,,,4.0391,24075.472,7.03,4.0653,20186.468,7.17,4.0809,200506.007,57.22,4.1458,93350.123,41.53,4.1571,116533.733,12.6,4.1879,768755.105,8.43,4.178,842019.641,19.61,4.1677,41119.88,0.64,,,,4.2346,868769.758,81.31,4.3267,85259.85,9.05,4.3224,35533.972,4.28,4.3721,30783.632,2.21,,,,4.4439,19919.501,5.82,4.4446,205034.118,6.78,4.4307,72374.164,15.4,4.4335,25191.366,3.39,,,,4.458,1590499.416,17.44,4.4673,1085833.417,65.43,4.5674,116080.321,4.01,4.5654,99030.245,2.15,,,,4.5762,156558.725,8.16,,,,4.6003,13377.946,2.85,0.9179,32294.316,26.64,,,,,,,,,,4.6835,71354.951,2,4.7009,34821.195,37.93,4.7296,23824.78,0.79,4.7494,1992273.011,73.4,4.743,2270772.364,49.22,4.797,1456437.752,40.76,4.8992,34663.084,15.88,0.9278,85662.738,30.72,4.8563,1810859.878,39.68,4.9171,463274.82,12.97,4.9287,23158.924,0.36,,,,5.0595,22943.985,0.5,,,,5.0127,316083.154,33.54,5.0045,16748.585,9.39,,,,,,
387_2021_W_4n,,,,,,P1-A4,,1,,1.2758,11560.59,,6.45,,5.1129,14156.435,12.95,5.036,103082.392,1.56,,,,5.1506,401278.531,21.56,5.1525,20012.288,3.25,,,,,,,5.1304,15196.912,0.62,5.2002,188106.945,21.72,1.2926,198314.727,14.64,5.1403,21188.408,1.81,,,,,,,5.1338,179115.902,10.79,,,,5.314,1590359.382,25.62,,,,,,,,,,1.6114,259576.401,11.41,5.3989,502946.323,28.06,5.424,226623.148,4.44,5.501,316293.42,8.61,5.4439,87140.135,11.37,5.4553,12023.417,8.88,,,,5.5065,443531.047,15.02,5.5064,376735.321,15.14,,,,,,,1.645,101844.786,23.23,5.5744,444913.473,80.78,,,,,,,5.6527,24670.974,4.59,,,,5.6502,1171998.231,29.55,,,,5.6912,85941.438,7.29,5.7241,51456.083,2.03,,,,,,,5.7191,617628.418,24.67,,,,5.7631,244107.067,46.07,,,,5.7926,117403.413,1.77,,,,5.8245,31047.365,48.41,,,,,,,,,,5.9817,198355.781,9.92,6.0086,198957.526,12.54,,,,6.0373,130899.423,8.3,,,,6.0717,633626.35,27.85,6.1124,115054.586,5.34,6.0937,23270.247,6.01,,,,,,,,,,6.185,15683.415,0.53,,,,6.1819,228552.512,3.45,6.1836,612485.658,89.1,6.2374,534480.815,21.1,6.235,196801.652,9.84,6.1878,24303.528,65.9,6.2884,803620.436,32.66,6.3366,34416.222,5.01,,,,,,,6.3166,21927.879,4.08,6.3967,1162944.423,49.17,,,,,,,,,,,,,,,,,,,6.6102,76217.738,1.92,,,,2.159,207706.099,31.36,6.6838,25151.636,1.52,,,,6.6197,970698.512,39.45,,,,6.6955,12290.616,0.69,6.688,10409.309,12.1,,,,6.7509,571894.685,19.15,,,,,,,2.1764,92588.237,35.08,6.7529,1233958.247,19.88,,,,,,,6.862,253274.916,46.49,6.8611,45397.691,0.73,6.8585,273349.856,44.11,6.9224,519022.443,76.68,,,,,,,6.9975,77813.598,3.16,,,,7.0881,14109.256,2.22,6.9792,144205.273,75.95,,,,7.0038,18931.69,11.02,,,,,,,7.0747,188998.049,6.33,7.2518,18604.357,19.35,7.0778,343462.648,86.56,,,,2.3882,29841.268,12.92,7.1143,294939.921,15.85,7.1555,57788.995,2.31,7.1277,24707.066,3.65,7.1268,18662.218,3.48,7.1524,195481.867,4.93,,,,7.2031,10207.65,1.27,7.347,12393.041,13.29,,,,7.3334,468116.531,7.7,,,,,,,7.2538,24339.893,1.47,7.2932,151281.191,9.54,7.2521,40247.114,7.5,,,,7.42,679783.527,42.86,7.4415,10570.316,1.32,7.5571,10313.883,7.7,,,,,,,2.5427,183842.678,65.81,,,,,,,7.5467,23732.441,8.84,7.5746,48119.775,2.9,,,,7.5571,51203.79,23.09,,,,7.6387,12254.408,3.59,,,,,,,2.8067,69243.318,21.4,7.7308,51525.8,6.91,7.7248,25404.055,3.17,7.7406,30924.097,0.51,,,,7.7981,2560739.204,95.85,,,,7.9243,129922.96,1.96,7.9826,203732.174,76.43,7.794,40584.9,2.45,,,,2.8366,14183.223,0.36,7.8493,25543.009,0.87,7.9483,50622.668,2.57,,,,7.9338,45274.652,1.14,7.8537,90979.182,3.63,8.0546,33014.226,2.43,8.0683,70575.007,57.69,,,,8.1098,101059.504,7.44,8.3173,27040.162,1.63,2.8315,14813.361,55,,,,8.1426,137479.638,5.49,8.153,40531.778,1.37,,,,8.2645,112942.762,3.83,8.2365,71731.711,22.69,8.2681,20829.736,2.6,,,,8.3081,22713.709,68.72,,,,8.4617,17808.815,19.65,8.369,1920832.759,31.6,,,,8.3763,73272.192,38.51,8.4067,845964.994,7.91,8.4725,1571280.857,25.85,8.4671,206254.322,9.57,8.2594,10341.005,31.28,8.5057,2902466.562,43.85,8.5768,876901.264,93.76,2.9819,56416.881,40.59,8.6186,392566.196,34.03,8.7653,10386.448,0.74,8.707,9810089.28,91.78,,,,,,,8.7094,234950.565,3.87,8.8104,279125.532,14.16,8.8107,284122.536,38.71,8.8654,656144.539,37.8,8.2653,15518.479,0.94,8.8785,506590.807,67.97,2.949,22939.649,8.55,8.8763,12499.093,0.42,8.8106,16991.206,0.26,,,,8.9454,11873.929,12.35,8.955,302611.71,25.81,,,,9.0323,306409.225,26.13,9.0471,117638.244,17.32,,,,9.1058,155213.298,7.2,3.1262,64054.803,17.76,9.1158,67055.579,1.1,,,,9.1881,11595.117,1.68,,,,,,,,,,9.2173,1631194.354,82.69,,,,9.0266,10819.761,23.02,9.0267,14566.284,0.37,3.1525,191409.509,54.93,9.1771,14823.131,0.5,,,,9.3418,18918.512,2.14,9.5241,97487.126,2.46,9.3851,19169.425,0.65,,,,9.4286,54460.829,28.62,9.4542,231596.915,31.09,9.4724,34325.353,3.57,,,,,,,,,,3.2932,179650.592,46.41,3.2794,451140.333,77.35,3.3885,203596.101,38.53,3.3579,11573.44,6.23,3.4663,39841.509,1.33,3.4836,164718.833,7.24,3.531,13597.062,6,,,,3.6219,43871.045,2.07,3.7037,710271.211,39.21,,,,3.8402,63622.581,3.01,,,,3.9244,25965.578,55.59,3.9339,155253.741,61.48,,,,4.0601,101691.254,6.45,,,,,,,4.036,27108.558,6.59,,,,,,,4.1536,166659.574,14.14,,,,,,,,,,4.1312,65393.486,11.12,4.2393,479737.182,59.22,4.3252,162043.828,10.27,4.3199,203853.214,9.63,4.3809,14278.165,0.6,,,,,,,,,,,,,4.4299,96817.735,28.38,,,,,,,,,,4.5651,560496.137,9.03,,,,,,,4.5781,738748.038,24.73,,,,4.699,11514.977,11.89,0.909,24494.824,9.91,,,,,,,,,,4.6931,276682.872,5.43,4.7086,71802.756,29.35,,,,,,,,,,4.7914,2111830.688,41.41,,,,0.9266,57053.183,31.81,4.8461,25462.236,18.8,4.8952,2011622.084,39.45,,,,,,,,,,5.011,144600.85,53.44,5.0284,21659.323,1.37,5.0053,93506.155,14.7,5.0104,739319.107,18.64,4.9987,40269.851,2.55
388_2021_T_2n,,,,,,P1-B5,,1,,1.273,12056.366,,7.83,,,,,,,,,,,,,,5.1603,12090.62,2.58,5.2572,19835.853,8.89,5.1731,63270.381,21.45,5.2036,17266.74,0.7,5.1906,103114.534,11.04,1.3051,415386.597,32.68,,,,5.1877,30931.771,33.03,5.1514,15678.655,3.04,,,,,,,5.3153,1641385.123,30.61,5.4347,13720.49,7.61,,,,5.4147,16774.358,7,1.6286,182453.341,9.84,,,,5.4262,331691.98,6.48,5.4433,148196.528,9.55,5.4569,131335.779,13.23,5.4487,6533685.198,89.48,,,,,,,,,,,,,5.5277,15132.798,6.79,1.6482,90562.152,21.95,5.5714,713881.463,82.22,,,,5.5914,111587.132,3.39,,,,5.7807,13597.091,2.64,5.7963,20027.694,2.29,5.6694,95775.468,0.86,5.6843,231963.506,13.39,5.6991,38745.096,2.26,,,,,,,5.726,287198.07,18.17,5.845,52107.731,0.71,5.7276,12152.743,34.66,,,,5.7923,119891.523,2.08,,,,5.8193,106862.11,100,,,,,,,1.7821,10166.109,1.64,5.9836,155344.471,10.39,6.0185,244370.912,16.91,,,,6.037,132330.704,13.99,,,,6.0773,672091.444,36.23,6.0361,13888.325,6.47,6.101,38721.296,13.6,6.1245,149216.515,80.47,6.2065,11851.456,4.94,,,,6.1556,19900.237,1.25,,,,6.1853,109361.372,1.9,6.1866,247230.599,81.89,6.2465,359131.287,20.9,6.2461,271797.374,18.18,6.1779,19702.85,47.49,6.2919,825741.301,33.48,,,,6.3472,62286.096,2.92,2.0042,75192.287,58.24,6.3134,15257.433,6.36,6.4007,1347511.122,52.73,,,,,,,,,,,,,,,,6.5659,77785.529,54.96,6.6392,102533.859,11.73,,,,2.1554,292975.674,33.37,6.6967,31312.917,2.12,6.6124,170963.752,2.34,6.6201,804837.977,32.63,6.6366,45720.103,22.68,,,,,,,,,,6.7523,457229.532,20.27,,,,6.7469,17658.505,3.43,2.1619,378858.328,45.04,6.7526,817754.189,15.25,6.8367,15784.45,4.84,6.8306,10357.931,0.14,6.876,247903.984,53.38,,,,6.877,217268.517,57.62,6.9272,149139.608,66.33,,,,6.9399,30961.946,56.49,6.9516,20426.945,0.83,,,,6.8634,62602.968,13.16,6.9811,41293.921,53.99,,,,7.0087,23740.734,8.28,6.985,19175.395,9.18,,,,7.0659,120130.99,5.33,,,,7.0777,160148.367,93.87,,,,2.3911,14106.329,11.55,,,,7.1258,175798.908,11.12,,,,7.3506,11027.12,4.6,7.1412,315570.032,36.1,,,,7.0158,10480.34,0.09,,,,,,,7.4002,11003.43,0.33,,,,7.3606,115904.598,42.12,7.3622,194981.831,13.21,7.2975,297983.742,20.61,7.3681,11078.287,4.62,7.5246,40757.761,7.94,7.4047,322538.124,22.31,7.4297,9824485.735,88.61,,,,7.4754,69499.053,36.76,7.4698,56507.175,15.99,2.5442,58122.459,57.77,7.4335,188964.534,91.77,,,,7.5421,77710.202,13.23,7.5468,15634.836,1.06,,,,7.5604,70503.719,27.42,,,,7.6416,8436685.784,96.97,,,,,,,2.8066,63665.144,29.78,7.7218,70682.863,29.66,7.7294,34683.494,0.31,7.7238,96837.49,2.88,7.7397,23848.563,43.51,7.7944,3490445.188,99.32,,,,7.9128,35543.058,0.62,,,,7.9849,11355.577,0.77,8.1636,63707.672,28.57,,,,7.8774,12569.588,0.79,8.0245,45602.923,11.32,8.0538,13567.543,0.12,,,,7.8551,77442.333,4.9,8.0483,186627.239,57.21,8.0636,18238.508,21.34,,,,7.9157,71567.228,21.94,8.1108,12214.746,0.83,2.8473,69018.505,78.79,8.3261,20052.814,0.94,8.1366,186049.903,11.77,8.1455,66494.157,4.17,8.0019,23058.478,2.63,,,,8.241,89959.62,14.47,8.2709,41315.906,0.37,,,,8.3286,90391.87,32.84,2.9997,28838.178,12.93,,,,8.3091,12495.701,0.37,,,,8.3739,145543.652,43.29,8.4043,529139.59,8.27,8.5008,481113.051,14.33,8.6418,11251.389,5.24,,,,8.5016,3185416.248,55.29,8.586,272823.47,88.8,2.9726,176207.382,100,8.624,36450.094,3.77,8.7413,11089.347,0.45,8.6974,5861782.394,91.56,,,,8.7547,100603.196,2.18,8.7522,60067.57,1.79,8.8627,30289.625,7.52,8.8138,530423.583,50.72,9.0795,11671.012,5.25,8.3223,57818.641,3.92,8.8761,40892.779,17.16,2.9541,133135.149,22.67,8.9035,13240.235,0.83,8.8749,13498.968,0.23,,,,9.0102,10991.016,2.6,8.953,314362.739,36.26,,,,9.0278,301949.479,34.83,,,,9.1131,18409.516,0.4,,,,,,,9.2502,71761.416,2.14,,,,9.1971,1515315.382,70.98,9.1953,1342912.789,94.92,9.2051,2315981.956,98.85,9.3002,33156.232,2.34,9.219,365015.065,64.62,9.2647,1237587.499,97.76,9.2701,938590.088,100,9.2665,105437.957,12.06,3.1564,186781.265,73.07,9.2637,496782.821,31.18,9.0937,11860.759,3.36,9.349,24853.51,3.26,9.401,16280.173,1.86,9.3849,182571.383,11.46,,,,9.427,92665.58,27.56,9.6579,171115.759,22.29,9.4802,33470.118,0.72,,,,,,,,,,,,,3.2845,37044.798,32.72,3.3607,750110.713,79.59,3.3621,44000.284,11.28,3.4712,35505.639,1.57,3.4885,38665.5,2.08,3.516,65494.606,27.72,3.5497,29631.371,21.4,3.6232,53691.509,2.84,3.6919,985459.758,91.4,,,,,,,3.8787,117228.811,18.13,3.9346,54888.533,67.93,,,,,,,4.048,79363.553,8.39,4.1129,11300.432,1.56,4.0353,172910.908,40.93,4.0508,172762.405,45.54,4.0831,53730.07,23.23,,,,4.1542,178383.501,10.3,4.1767,353755.713,3.19,4.1738,369363.883,71.65,4.1784,12417.016,0.84,4.2012,14542.165,10.62,4.2315,861524.894,82.94,4.318,67645.849,7.15,4.3241,87055.072,4.61,4.3787,180123.641,7.05,,,,,,,,,,,,,4.4245,87460.545,1.01,4.4436,214847.927,29.68,,,,,,,4.5679,449145.052,8.38,,,,,,,4.5694,532533.015,23.61,,,,4.5957,46970.951,21.06,0.9285,11526.468,5.03,,,,,,,,,,4.6853,289130.363,5.65,4.7068,77656.493,35.42,4.8399,12144.804,2.37,,,,4.7482,124444.82,51.9,4.7869,2170718.713,42.42,,,,0.9216,64659.467,41.99,4.7481,29536.226,0.4,4.8956,1860229.807,36.35,5.0406,19596.258,1.33,,,,,,,5.0044,34224.876,31.76,5.0072,119937.192,12.68,5.002,41416.492,8.7,,,,5.1461,61630.653,6.52
391_2012_T_2n,,,,,,P1-E3,,1,,,,,,,,,,5.0368,66980.696,1.63,5.0544,10547.097,2.41,,,,,,,5.2789,33344.473,24.71,5.1738,45776.36,18.09,5.1944,31950.634,1.58,5.1665,57346.712,16.99,1.279,111504.404,16.68,,,,,,,5.1715,25207.49,3.48,5.3585,13302.645,0.81,5.3188,83189.7,0.38,5.3233,265942.513,7.73,,,,5.4765,14403.175,3.28,,,,1.6299,76902.267,5.16,,,,5.4296,150866.867,4.94,5.4316,345499.78,21.42,5.4274,309943.318,43.88,5.4535,2429237.156,67.89,,,,,,,,,,,,,,,,,,,5.5822,1244519.163,93.55,5.5998,17852.201,13.44,5.5984,225025.333,12.95,,,,5.7872,29510.746,4.07,,,,5.6678,166610.689,0.77,5.6854,302295.877,26.93,5.6855,45758.529,4.6,,,,,,,5.7281,96012.591,8.79,5.6546,109702.142,3.07,5.7317,11308.635,22.87,,,,5.8035,245288.792,5.98,,,,5.83,121834.242,100,,,,5.9596,22422.749,4.28,,,,5.9841,161203.169,11.09,6.0155,190591.907,14.62,,,,6.046,66152.899,8.26,,,,6.0815,176858.743,11.87,6.0481,15360.555,13.67,6.1038,210064.203,13.19,6.1265,98915.446,73.19,,,,,,,6.1533,16077.062,0.91,,,,6.1926,136258.384,3.32,6.1932,107774.919,35.71,6.2511,222332.901,22.37,6.2486,242291.939,16.67,,,,6.2912,241946.703,11.94,6.3328,119283.429,39.52,6.3506,66033.656,2.78,,,,,,,6.4036,1254690.667,55.2,,,,,,,6.6894,28926.377,9.62,6.4393,14837.704,2.05,6.5454,11435.806,2.61,6.5775,31170.258,27.15,,,,,,,2.1747,53651.329,21.17,,,,6.6149,547090.091,15.29,6.6234,1119298.266,55.24,6.6333,16303.831,26.78,6.7114,14505.39,11.81,,,,,,,6.7085,977406.34,33.83,6.8096,14789.617,55.52,,,,2.1596,136511.866,72.07,6.7613,410772.573,11.93,,,,,,,6.8931,23842.394,21.47,6.8567,339360.459,9.86,6.8771,67907.74,83.97,6.9285,95632.983,47.65,,,,6.9368,26942.775,51.67,6.9485,32392.459,1.6,,,,6.8758,15879.253,7.65,6.9824,15396.143,53.68,,,,,,,,,,,,,7.0493,10973.528,0.38,,,,7.0877,78553.691,84.36,7.1067,31769.97,8.38,2.3831,11599.106,25.23,,,,7.1356,72188.184,6.61,7.146,51787.91,25.8,,,,7.152,19679.163,4.36,,,,,,,7.1961,46911.98,46.88,,,,7.2762,14589.579,1.28,,,,7.3643,271659.403,71.63,7.3648,514972.758,31.43,7.3002,612160.063,46.97,7.3627,54773.456,40.72,7.5401,16194.511,3.09,7.4745,110675.139,8.49,7.4234,19691959.47,90.87,,,,7.4825,36605.558,31.77,7.4817,49371.599,22.91,2.5487,267595.356,94.3,7.5159,10016.793,1.59,,,,,,,7.4273,238883.322,14.58,,,,7.569,156920.357,32.49,,,,7.6485,2748685.969,89.99,7.6948,14403.057,100,,,,2.8176,603378.926,38.05,7.7383,14172.167,6.61,7.723,90771.337,0.42,7.7375,91197.048,8.01,7.742,14108.053,27.05,7.8071,4252015.911,97.99,,,,7.9462,10149.353,0.25,7.9915,40970.55,100,,,,8.1653,16059.448,11.9,2.8194,85116.873,18.86,,,,8.0321,207346.392,18.36,8.0464,65569.411,0.3,,,,7.8514,16452.676,1.51,8.0615,62986.217,19.97,8.0665,14911.5,100,,,,7.9226,39756.122,12.6,8.1181,27008.216,1.65,2.8683,54721.475,62.16,8.2779,12993.862,0.55,,,,,,,8.2448,18842.282,7.44,8.493,50469.026,2.86,8.2422,71757.801,33.54,8.2897,164905.346,0.76,,,,8.2695,10591.659,2.79,3.0157,27330.39,20.25,,,,8.2259,13256.511,1.16,,,,8.3773,90524.583,18.86,8.4101,528681.636,7.88,8.5018,57394.63,5.04,,,,,,,8.4951,207154.741,5.05,8.5695,458324.844,74.49,,,,8.6162,40248.459,3.09,8.504,77160.726,6.07,8.7014,6132313.514,91.38,,,,8.7542,32932.543,7.1,8.8577,105044.223,9.22,8.8683,46990.361,4.16,8.811,528980.7,41,,,,8.2716,28270.492,1.73,8.8863,143493.625,66.9,2.9659,206087.016,49.5,8.9018,40198.738,2.28,8.8898,383738.655,9.36,,,,9.0214,19211.694,4.38,8.956,315488.043,36.63,,,,9.0261,413306.899,47.98,,,,8.904,12605.18,2.72,,,,3.1077,195760.631,59.09,9.2676,11237.207,0.99,9.4289,11480.493,16.12,9.1989,1448697.894,61.05,9.3106,24502.311,1.44,9.2054,3176675.285,99.62,9.2054,1652185.768,97.36,9.2237,346215.281,90.23,9.2704,1245365.294,98.15,9.2734,1035475.283,100,9.2697,107952.929,23.92,3.1566,47335.298,77.11,9.2697,595769.665,33.73,,,,9.353,76542.033,8.25,,,,9.549,17281.55,0.98,9.5704,10579.401,4.91,9.4309,313282.804,65.28,9.5095,14779.689,1.26,9.375,13783.027,2.97,,,,,,,,,,3.2928,195536.989,12.28,3.2849,463107.598,88.8,3.3737,649812.742,92.66,3.3647,69559.983,21.84,3.4736,105308.673,3.64,3.4882,522421.616,35.06,3.527,85159.332,39.53,,,,3.6218,183654.135,11.56,3.6955,457952.026,78.85,,,,,,,3.8949,12514.261,1.71,3.9392,79799.587,67.23,,,,,,,3.9998,91329.953,11.4,,,,4.0482,176851.284,40.33,4.0635,19862.126,5.92,4.0849,836390.564,49.35,,,,4.1607,243263.068,21.67,4.1923,429465.35,1.98,4.1897,509872.344,70.37,,,,4.1968,10447.363,4.74,4.2398,662054.718,82.25,4.3165,37660.058,4.7,4.3209,34868.563,2.19,4.3718,210711.438,9.27,,,,,,,,,,,,,4.4306,126288.2,4.13,4.4614,94660.727,23.16,,,,,,,4.5689,226569.208,6.58,,,,,,,4.5702,629424.242,21.79,,,,4.5981,17546.856,13,0.9096,19623.444,8.23,4.5686,13536.762,3.09,,,,,,,4.6966,56858.073,1.86,4.7132,271299.563,81.17,4.736,21322.053,4.07,,,,4.7458,60152.681,45.29,4.804,1382349.125,45.3,,,,,,,,,,4.9033,1150705.489,37.71,4.831,148971.38,9.09,,,,,,,,,,5.0056,164463.808,20.53,,,,,,,,,
392_2021_W_4n,,,,,,P1-C7,,1,,1.2672,56117.053,,29.53,,,,,5.0436,81236.369,2.75,,,,5.1361,197197.607,17.23,5.1138,18220.411,3.6,,,,,,,5.2014,13551.494,0.89,5.1915,38386.169,9.33,1.2946,163918.196,21.48,5.1475,11609.187,0.84,,,,,,,5.14,83504.515,12.29,,,,5.3197,317636.732,13.08,,,,,,,,,,1.6439,39832.874,3.04,5.3986,306211.011,28.03,5.4253,230280.921,5.65,5.5092,300490.1,11.66,5.4581,121101.283,28.87,,,,,,,5.5111,297072.513,15.27,5.5043,277071.208,14.25,,,,,,,1.652,52917.079,31.24,5.5788,517725.939,100,,,,,,,5.4969,32710.711,15.89,5.6071,13793.902,28.49,5.654,663266.825,27.49,,,,5.7245,106214.834,10.32,5.7177,107170.465,7.09,,,,,,,5.732,836203.597,31.46,,,,5.7698,131683.347,54,,,,5.803,99417.174,3.36,,,,,,,,,,,,,,,,5.9874,85734.554,6.87,6.0184,82822.791,6.35,,,,6.0393,45410.21,5.72,,,,6.0848,248849.903,18.99,6.1158,242384.195,10.33,6.0971,22617.244,6.32,,,,,,,,,,6.2763,45199.702,2.32,,,,6.1861,214733.888,7.26,6.1923,301810.944,87.48,6.2414,401296.053,26.56,6.2559,91637.996,7.35,6.1882,22540.879,100,6.2979,550151.95,35.94,6.3551,11008.489,3.19,,,,2.019,26315.319,43.06,6.314,11893.82,5.78,6.4022,446525.789,38.8,,,,,,,,,,,,,,,,,,,6.5947,25527.954,1.06,,,,2.161,117332.719,17.78,6.5089,13469.996,1.98,6.5381,12155.521,28.56,6.6293,551521.083,36.03,,,,6.6058,21455.011,1.96,6.6872,11669.721,24.06,,,,6.7607,149977.632,11.1,,,,,,,2.1754,140790.737,36.75,6.7591,218609.618,9,,,,,,,6.8736,165989.411,46.67,6.8392,36085.105,1.49,6.8765,190556.836,49.39,6.9313,248534.308,73.28,,,,,,,6.9886,25612.569,1.67,,,,6.8784,36195.266,7.98,6.9862,129661.15,83.66,,,,,,,6.978,11415.011,5.83,,,,,,,,,,7.0809,59805.057,74.69,,,,2.3955,23422.356,11.33,7.1259,272107.17,23.77,7.1454,166587.511,6.27,7.154,10674.981,3.15,7.2477,11030.251,5.36,7.1305,79074.823,3.28,,,,,,,7.3525,11318.323,19.12,,,,7.3475,279718.228,3.33,,,,,,,,,,7.3012,122081.53,9.37,,,,,,,7.4229,612370.927,46.98,,,,7.5522,22985.172,17.45,,,,,,,2.5497,433025.454,81.53,,,,,,,7.5464,34940.89,17.37,7.5582,28352.223,4.17,,,,7.5642,80214.691,26.23,,,,7.7749,14171.703,16.08,,,,,,,2.8205,22978.205,8.87,7.7332,13026.301,3.64,7.7303,11662.897,3.15,7.7406,18539.15,0.22,7.7799,45556.35,100,7.7997,1525637.135,97.78,,,,7.933,268595.383,9.08,7.9904,65375.691,77.02,7.9686,12216.419,1.8,8.1676,10796.798,10.22,2.8293,79504.183,3.3,,,,7.9541,21804.261,1.46,8.2491,13850.339,3.75,8.0167,24799.167,1.03,7.8485,142743.147,5.37,8.0478,72703.743,4.65,8.0716,117284.347,83.55,,,,8.111,16666.425,1.07,8.0014,10532.353,1.55,,,,,,,8.1385,325340.64,12.24,8.1484,82028.043,4.22,,,,8.2604,86019.881,4.42,8.2468,41776.146,7.36,8.3091,13957.663,3.77,8.2396,10105.247,5.66,8.3134,10662.971,8.32,,,,8.4693,20112.619,100,8.3735,3530310.931,41.99,,,,8.3775,164997.591,45.35,8.4108,451048.248,4.96,8.4777,1252534.82,14.9,8.473,211454.774,9.01,,,,8.5055,884078.266,29.89,8.5914,1263197.926,95.53,2.9793,141700.098,69.75,8.6261,200255.246,30.47,8.5062,307670.743,87.67,8.7001,8606205.319,94.71,,,,8.7631,85303.408,1.99,8.7185,148972.427,1.77,8.8072,444668.147,29.7,8.8043,532277.067,30.46,8.865,1709687.742,58.36,,,,8.8835,258881.516,72.26,2.9651,78226.3,38.89,8.9839,25640.627,1.32,8.9343,37744.417,1.28,,,,9.1382,10037.063,5.95,8.9553,399547.968,28.89,,,,9.0303,458751.471,33.17,9.0422,94604.566,12.84,9.1254,12929.9,0.3,9.1239,35671.629,1.52,3.116,46425.452,25.31,9.1093,37101.412,0.44,,,,,,,,,,,,,,,,9.2178,1748736.769,88.61,,,,,,,9.0316,31546.49,1.31,3.1534,143776.417,65.41,9.1614,13984.115,0.72,,,,9.3502,16666.204,3.56,9.5168,41620.082,1.73,9.5379,11292.397,0.58,,,,9.4282,96957.138,26.65,9.4606,81058.802,33.53,9.4876,24122.597,0.56,,,,,,,,,,3.2883,176817.665,49.42,3.2878,216190.372,35.27,3.3665,650677.619,94.39,3.4812,11429.814,10.87,3.479,48686.777,3.6,3.4809,147315.784,11.24,3.522,74644.728,52.59,,,,3.6283,68988.334,4.15,3.688,848751.082,94.73,,,,3.8358,50230.017,3.02,,,,3.9372,17210.112,47.08,3.9248,45928.608,100,,,,3.9943,15866.433,2,,,,,,,4.0732,11812.107,5.2,4.0803,76443.474,25.72,,,,4.1633,97700.49,9.49,,,,,,,4.08,13856.643,2.04,4.1369,24540.012,8.42,4.2382,450147.102,72.94,4.3263,154324.475,19.45,4.3183,228079.519,13.72,4.3743,120392.754,10.46,,,,,,,,,,,,,4.4315,24668.85,27.99,,,,,,,,,,4.5719,253711.133,10.45,,,,,,,4.5661,319154.67,23.62,,,,4.6963,10432.239,9.87,0.9064,26877.645,16.42,,,,,,,,,,4.6907,78264.117,1.92,4.7113,67785.457,23.73,,,,,,,,,,4.7958,1735100.055,42.59,,,,0.9276,52765.171,27.76,,,,4.9018,1585735.511,38.92,,,,,,,,,,,,,5.0291,14937.918,1.88,,,,5.0133,422938.783,17.53,,,
394_2021_T_2n,,,,,,P2-B5,,1,,1.2806,11904.402,,7.88,,,,,5.0338,28157.732,0.91,,,,,,,5.1376,18276.05,5.92,5.2739,15125.668,7.26,5.1802,45258.481,14.61,5.198,13134.324,0.93,5.2094,85272.175,18.6,1.3019,339691.714,33.52,,,,5.1981,25106.154,70.5,5.1761,18353.162,4.78,,,,5.3135,14908.589,0.08,5.3293,1020712.808,32.73,,,,,,,,,,1.642,116057.626,10.29,,,,5.4376,276783.703,6.76,5.4471,116437.064,11.73,5.4559,166301.139,29.25,5.4577,3204158.476,69.27,,,,,,,,,,,,,5.5476,11260.439,5.4,1.6509,107880.968,37.93,5.585,384397.617,79.03,,,,5.6062,320625.171,20.77,,,,5.776,21432.226,5.58,,,,5.6714,123936.828,0.67,5.6871,183177.469,20.81,5.6944,30150.237,2.35,,,,,,,5.7817,84339.739,12.12,5.6624,153493.53,3.32,,,,,,,5.7969,85323.546,2.75,,,,5.8305,49640.203,100,,,,,,,,,,5.9907,161548.008,17.18,6.0223,242754.42,29.88,6.0711,12577.153,3.27,6.0472,83090.065,12.57,,,,6.0906,280089.697,24.82,6.0654,10109.348,10.4,6.0972,52013.657,6.67,6.1348,86445.337,63.59,,,,,,,6.1644,39407.494,4.79,,,,6.2013,173423.254,5.58,6.1915,182667.013,89.56,6.2493,96709.67,7.53,6.2546,36271.657,3.86,6.201,10726.227,100,6.2972,690962.551,49.19,,,,6.357,106089.771,9.16,2.0227,43338.482,30.36,,,,6.4063,1562750.216,65.64,,,,,,,,,,,,,6.5602,11962.423,6.08,6.5737,63499.26,72.53,6.6503,18671.784,3.78,,,,2.1667,92991.188,38.56,6.5125,53373.631,6.42,6.623,503562.522,10.89,6.63,350814.245,24.97,6.6456,20442.717,32.42,,,,,,,,,,6.7675,232128.623,14.97,6.8054,48124.474,81.39,6.7564,32837.334,8.55,2.1704,86051.294,43.21,6.7646,545629.271,17.5,,,,,,,6.8682,213160.449,72.4,,,,6.8887,84313.182,30.97,6.9281,89799.169,89.15,,,,6.9424,18234.636,100,,,,,,,6.8758,58739.207,17.99,6.9896,50353.62,79.8,6.9924,11816.133,53.34,,,,7.0587,15859.328,10.8,,,,7.2149,10812.596,0.7,,,,7.0931,99021.053,87.86,7.1127,21439.297,21.77,2.3847,14047.397,56.96,,,,7.139,88354.709,12.7,,,,,,,7.1494,116972.102,23.67,7.232,10220.698,100,7.0337,11015.543,0.06,7.2001,71395.536,34.79,,,,7.3648,11799.973,0.86,,,,7.3666,14975.862,15.21,7.4405,274654.222,33.06,7.3874,71070.701,8.75,,,,,,,7.343,25682.989,3.16,7.4392,15575529.22,84.11,7.5546,10241.831,6.43,,,,7.4886,10883.914,8.42,2.5639,59018.492,45.56,7.4361,534971.668,97.75,,,,7.5419,61027.351,14.83,7.5112,11508.207,1.39,,,,7.5621,48625.521,24.73,,,,7.6503,2567552.485,92.89,7.6939,12150.284,100,,,,2.8091,18980.024,14.11,7.7345,22321.244,12.22,7.7482,35045.033,0.19,7.7435,41905.39,3.05,,,,7.8026,1866410.417,95.01,,,,7.9217,45091.095,1.45,,,,7.9815,11278.453,1.36,8.1707,37265.169,17.88,2.8231,17124.33,3.47,,,,,,,8.0572,26129.863,0.14,,,,7.8538,53576.292,7.7,8.0557,90215.905,48.47,8.0729,31701.111,68.25,,,,7.9249,26209.503,14.08,8.1505,17973.593,2.16,2.7993,12487.509,100,,,,,,,,,,,,,8.4883,34262.945,4.16,8.2473,74794.477,48.18,8.2843,166758.933,0.9,,,,8.3277,10205.364,10.36,3.0188,60850.211,29.2,,,,8.4189,12777.34,0.93,,,,8.3838,94321.391,39.67,8.4148,82794.525,1.27,8.5186,246480.886,17.92,8.633,11487.695,11.82,,,,8.5121,1105410.295,35.6,8.6017,575377.085,93.2,2.9971,31852.793,100,8.6322,137948.861,19.92,8.6392,24320.918,2.17,8.7047,6418299.434,98.57,,,,8.7603,67033.442,2.62,8.7666,23027.558,1.67,8.7559,14683.652,3.78,8.8181,147992.912,35.8,9.0954,16201.411,13.18,8.2632,10285.188,1.24,8.8874,120716.471,66.11,2.9773,90445.707,21.98,8.9107,46916.35,5.7,8.9478,18883.52,0.61,,,,,,,8.9635,225320.308,38.21,,,,9.0326,211485.065,35.87,,,,9.1137,27985.734,1.1,,,,3.1155,76849.395,39.03,9.2574,11385.983,0.83,,,,9.2072,805151.461,69.55,9.3107,20104.722,2.29,9.2119,1275112.377,100,9.2107,858180.729,97.71,9.2292,41434.977,26.55,9.275,677582.024,96.86,9.2798,439735.409,100,9.2725,67150.75,13.59,3.1682,45807.485,27.67,9.2715,280971.554,34.13,,,,9.3617,29361.05,7.53,,,,,,,,,,9.4379,61874.625,26.02,9.6653,35998.99,7.86,9.3402,13271.031,0.52,,,,,,,,,,3.2862,428910.194,55,3.2828,650565.405,92.83,3.3867,264104.269,58.87,,,,3.4808,63261.221,4.08,3.4829,135099.848,11.97,3.5263,35206.812,30.2,3.5359,10422.924,35.52,3.6164,19132.952,1.4,3.71,376194.038,45.94,,,,,,,3.8907,64078.921,11.37,3.9438,20451.642,58.92,,,,,,,3.9983,13108.78,1.98,,,,4.0382,115705.929,58.81,4.0606,216779.679,64.91,4.0861,113743.97,38.32,,,,4.1632,104331.856,11.85,4.1952,274027.469,1.48,4.1863,223152.035,58.1,,,,4.1359,77654.882,37.56,4.2435,436482.296,82.48,4.3318,51054.377,7.73,4.3332,64214.573,4.7,4.381,228251.23,9.59,,,,,,,,,,,,,4.4292,75476.23,2.73,4.4752,202468.652,31.69,4.4309,21987.05,0.12,,,,4.5736,344644.613,11.05,,,,,,,4.5842,455650.004,29.38,,,,4.6061,53497.573,25.67,0.9312,40995.001,21.45,4.5933,12391.92,6.3,4.6057,11000.905,2.89,,,,4.7058,120574.551,2.94,4.7171,56390.159,31.96,,,,,,,4.7566,115427.965,100,4.7946,1670413.455,40.79,,,,0.9089,12322.245,8.16,4.9548,21140.648,0.46,4.9102,1581811.605,38.62,4.8374,26319.38,3.17,,,,,,,5.016,40713.399,70.82,5.0226,144153.037,21.82,5.0194,33883.809,10.38,,,,5.1582,31964.181,4.84
405_2021_W_4n,,,,,,P1-D5,,1,,,,,,,5.0533,418391.881,54.31,5.0298,237111.067,17.29,,,,,,,5.1165,155318.648,70.13,,,,5.1727,142936.742,17.37,,,,5.1299,80712.272,12.32,1.2789,53505.683,16.15,,,,5.1984,12275.582,29.04,5.3177,129268.53,2.41,5.2875,12682.789,0.32,5.3003,1383105.078,12.64,5.3353,18304.003,2.21,5.3626,145633.502,74.67,,,,5.3622,71474.307,1.62,1.6397,20533.806,2.23,,,,5.4298,107351.686,3.71,5.4353,144726.498,34.38,5.4385,121683.984,14.21,5.3648,15948.692,0.38,,,,,,,,,,,,,5.5579,11932.846,2.57,,,,5.5776,658852.918,86.59,5.5611,663119.724,15.07,5.5562,161432.456,16.22,5.6065,74279.337,15.73,5.652,130693.25,2.44,,,,5.6464,149743.646,1.37,5.6832,80309.391,16.26,5.7867,26512.246,7.06,5.7119,215772.981,21.97,,,,5.701,18243.481,7.03,5.7418,344142.438,8.17,,,,,,,5.8056,15355.4,1.12,5.9393,11941.117,2.53,5.8222,18159.958,56.77,6.0195,66200.867,22.96,6.0135,2818041.078,67.94,,,,,,,6.003,34790.65,6.62,6.0211,2489129.783,46.39,6.0505,100525.827,21.25,6.0215,54881.063,11.62,6.0896,19658.561,2.13,,,,6.0938,29852.509,7.73,6.13,14059.831,51.82,,,,,,,6.1583,18441.863,1.76,6.1611,420693.667,42.84,6.1986,25831.766,1.88,,,,6.2328,11639.653,3.1,,,,6.3247,15977.37,55.34,6.289,43576.284,4.48,6.3337,187638.127,75.14,6.3551,55153.166,1.28,,,,,,,6.4051,436701.269,55.65,6.4327,87441.409,1.99,6.4377,103991.038,14.73,,,,6.4223,83169.093,1.55,,,,,,,6.4277,13609.851,4.11,,,,2.1714,189862.115,50.92,,,,6.5733,73212.376,1.74,6.6239,594649.121,61.18,,,,,,,,,,,,,6.7053,77819.276,14.23,6.8018,61286.042,60.64,6.7564,19090.904,0.36,2.1676,208950.945,40.89,6.7343,26742.262,3.23,,,,6.8719,257126.232,6.1,,,,6.8611,216231.36,26.08,6.8836,11806.289,7.97,6.9235,111678.147,35,,,,6.9365,49737.842,100,6.9467,13726.788,1.41,2.2582,29936.964,3.64,,,,6.9774,30520.16,53.49,6.9887,58872.763,51.17,7.0122,28188.496,20.45,7.0774,53251.983,6.89,7.2763,63040.391,1.5,,,,,,,,,,7.1006,13959.425,0.65,2.3975,19340.159,24.07,,,,7.0651,15973.096,6.16,7.1452,126314.969,39.59,,,,,,,7.1578,492668.813,69.79,7.1839,887387.768,8.11,7.1792,36226.173,15.28,,,,,,,2.4279,54079.917,11.65,7.3684,234489.036,10.85,7.3665,421957.933,10.74,7.3629,24185.181,4.6,7.3604,49419.641,10.47,,,,7.424,62443.947,11.88,7.4299,13010.59,0.12,,,,7.4727,216029.659,41.55,7.4735,12093.187,8.3,2.5534,79926.239,100,7.5296,489641.229,68.78,7.5271,10051.241,45.34,7.5472,10498.537,13.96,7.6469,15289.578,0.39,,,,7.5651,21761.57,2.4,,,,,,,,,,7.7097,96673.898,66.31,2.8085,11050.877,10.94,7.7345,100859.193,8.1,7.7326,16775.178,0.15,7.9322,47881.252,10.82,,,,7.7988,1759786.778,86.11,,,,7.926,133307.772,9.72,7.9874,91726.077,100,8.0344,16807.615,0.43,,,,,,,,,,8.0342,110331.034,8.56,8.0438,2127169.206,19.44,8.2698,47777.452,14.41,,,,,,,8.0648,103863.56,61.23,,,,,,,8.1028,73789.375,1.88,2.835,83274.335,63.21,8.0388,12144.657,0.28,8.276,17755.569,6.84,8.1414,528643.708,50.39,8.2443,13528.826,3.63,8.273,12544.189,1.2,8.2681,332653.585,64.1,8.3447,21611.05,0.2,8.2647,11007.569,7.55,8.3692,17528.941,0.81,2.9696,116399.286,25.07,8.2985,10928.479,1.54,8.3569,12936.343,2.92,,,,8.3777,177766.641,43.84,8.4088,64839.355,1.3,8.4902,105461.584,23.83,,,,8.6715,104272.39,4.83,8.4852,227941.891,16.62,8.5663,372548.908,79.92,2.9874,46550.038,53.93,8.6248,610606.228,44.27,8.6692,809939.79,32.3,8.7006,4885517.117,98.28,,,,8.7493,24460.079,10.53,8.7663,17129.538,3.87,,,,8.8146,111338.279,47.47,8.9246,17873.431,2.43,8.2794,2605982.898,66.32,8.886,931174.616,74.77,2.964,19883.827,26.43,8.8074,21248.728,2.03,8.881,66465.106,4.85,,,,,,,8.9549,61335.136,27.02,9.0112,126774.024,37.8,9.0258,73468.285,32.36,,,,9.1309,16513.485,7.11,,,,3.1041,26467.481,28.59,9.2645,31442.503,7.11,,,,9.1992,1634383.948,38.06,9.2029,1944692.633,100,9.2068,3548084.681,98.28,,,,9.2252,86262.174,41.86,9.2691,137651.727,57.66,9.2719,36574.694,59.26,9.2761,14760.664,4.45,3.153,38738.455,79.24,9.27,53108.726,5.06,,,,9.3458,10921.949,2.56,,,,,,,,,,,,,9.2788,12837.888,1.2,9.4846,27480.236,11.83,3.1746,254673.654,5.79,,,,3.1958,36177.984,8.47,3.2902,127791.653,33.09,3.288,349632.283,100,3.3719,217670.694,17.17,3.3908,10504.327,3.12,3.4556,106804.361,19.54,3.4792,471881.865,51.14,3.5251,127305.072,71.93,3.5424,64552.438,25.41,,,,3.699,836235.361,96.89,,,,,,,,,,3.9409,24276.955,17.49,,,,,,,3.9854,66261.066,14.01,4.111,10924.186,1.33,4.041,17550.766,6.09,4.0598,27555.547,10.19,4.0838,273251.439,53.1,,,,4.1533,72541.498,14.69,4.1888,657043.87,6,4.1911,381696.429,7.11,4.1755,46382.865,1.18,,,,4.2328,1261675.555,95.79,4.3242,48471.649,10.25,4.317,46872.305,8.1,4.3749,53660.821,6.84,,,,4.4621,16375.699,5.68,4.4508,136238.371,3.28,4.4209,43246.476,9.32,4.4256,19416.697,18.82,,,,4.4644,1371645.651,12.53,4.474,1232631.134,53.09,4.5686,14485.686,1.75,4.5591,108207.541,2.46,,,,4.5699,15554.017,2.85,,,,4.752,46326.931,9.98,0.9198,14948.772,15.2,,,,4.5533,12417.079,0.3,,,,4.686,115923.469,4.01,4.7068,62217.887,47.58,4.7355,10799.591,0.26,4.7539,2520170.517,86.63,4.7543,2559872.824,58.19,4.7982,1185825.803,40.98,,,,0.9388,24154.921,31.87,4.8597,2210863.034,52.49,4.8981,1274435.936,44.04,4.93,21221.166,0.54,,,,5.0713,40353.64,0.92,,,,5.0157,176046.619,37.22,,,,,,,,,
409_2012_T_2n,,,,,,P1-E1,,1,,,,,,,,,,5.0303,46491.313,2.29,,,,,,,5.1282,91421.704,46.6,5.1617,13085.005,4.15,5.1756,45257.727,11.68,5.1963,23718.401,2.14,5.1988,39699.467,8.13,1.2987,154217.193,32.7,,,,,,,5.1594,18905.714,2.81,,,,5.3038,142935.419,0.77,5.3276,907838.489,28.37,,,,,,,,,,1.6413,28381.207,2.39,,,,5.431,101640.371,3.99,5.4494,189436.131,24.25,5.4354,100248.611,16.94,5.4501,96329.684,4.81,,,,,,,,,,,,,,,,,,,5.5798,1178296.292,90.98,,,,5.5999,376771.938,43.86,,,,5.6355,11880.58,1.77,,,,5.6116,20202.145,0.11,5.6871,215365.873,25.5,5.6865,27508.581,2.77,,,,,,,5.7274,58748.662,6.65,5.6652,184153.759,9.2,,,,,,,5.7973,186591.674,9.2,,,,,,,6.0139,152724.812,19.5,,,,,,,5.9876,121413.94,12.2,6.0182,174408.264,13.74,6.0309,10197.491,1.52,6.0443,50105.758,7.27,6.009,27586.061,16.44,6.0857,203904.773,17.14,6.0447,10413.435,6.76,6.1022,127802.505,8.2,,,,,,,,,,6.1576,64221.565,4.66,6.1595,17427.297,6.91,6.1925,42327.69,2.09,6.1945,115824.389,90.09,6.2521,394849.175,39.75,6.2489,294158.225,29.56,6.1903,11006.766,5.37,6.2916,492166.859,44.42,,,,6.3504,304361.638,35.26,,,,6.3532,20683.81,12.33,6.4059,726283.601,48.35,,,,6.6584,11822.756,36.94,,,,6.6478,11005.043,1.64,6.5536,22048.802,2.81,,,,6.65,21867.385,5.15,,,,2.1658,84358.679,37.82,6.7169,11063.065,0.77,6.6193,1267607.152,63.34,6.6222,205811.508,18.57,,,,6.6039,20244.124,16.03,,,,6.7235,37177.557,4.75,6.7608,184422.207,15.96,,,,6.7716,16593.915,2.47,2.1752,62706.651,33.05,6.765,582515.166,18.21,6.8294,15692.145,2.99,,,,6.8762,137593.153,66.44,6.9429,14755.73,0.46,6.8866,158948.394,66.31,6.9297,89619.141,45.66,,,,,,,6.9556,11993.872,1.08,,,,6.8765,28171.394,12.51,,,,6.9826,12005.926,10.06,7.0125,25906.498,35.92,7.0901,23524.505,18.15,,,,7.0649,16670.18,1.44,,,,7.079,12767.829,42.74,7.1056,27199.357,5.35,,,,,,,7.1218,181503.577,20.54,,,,,,,7.1519,70761.94,16.66,,,,,,,7.1947,31932.754,37.6,,,,7.2842,15839.072,1.68,,,,7.3626,178422.818,35.12,7.3666,306255.116,21.21,7.2975,535027.235,42.16,7.3621,34800.11,20.74,,,,7.4656,16869.668,1.33,7.4259,17159526.08,92.07,,,,,,,7.4822,108273.348,20.13,,,,7.4333,504238.746,97.73,7.5324,14851.187,30.69,,,,7.5825,141035.311,9.77,,,,7.5645,150335.387,58.01,,,,,,,,,,7.7094,27302.45,5.08,2.8148,1280090.561,92.36,7.7342,53569.695,38.25,7.723,55816.589,0.3,7.747,22052.245,2.33,,,,7.8033,3700136.123,99.04,7.9023,11840.95,1.51,7.9189,26421.678,1.3,,,,7.9777,20488.674,1.42,8.1645,30044.39,9.52,2.8375,15419.434,3.63,,,,8.0418,37380.04,11.67,8.0473,140288.625,0.75,,,,7.852,39946.474,4.52,8.0494,113375.859,62.86,,,,,,,7.9177,11189.024,6.2,8.1099,37907.859,2.63,2.8409,199150.19,87,8.2806,72137.952,8.36,,,,8.1412,40960.053,2.97,8.2461,27396.473,12.28,,,,8.249,114333.282,28.42,8.2869,119111.506,0.64,,,,8.2806,95101.183,18.72,2.9993,33687.187,10.68,,,,8.3288,15087.856,1.6,,,,8.3798,115835.328,35.95,8.4102,146480.826,13,8.4329,14706.879,1.56,,,,,,,8.5039,93233.44,4.6,8.5665,306157.89,75.7,2.9848,18815.691,37.37,,,,8.5057,54517.217,18.77,8.7046,932761.434,82.8,8.7516,11799.22,100,8.7544,475077.735,36.09,8.7528,267416.084,28.3,,,,8.8138,157029.187,56.77,,,,8.28,134710.556,9.33,,,,2.9595,186714.929,54.27,8.8811,54458.193,3.95,8.8978,10723.333,0.53,,,,8.9322,74693.787,9.53,8.9558,26574.884,43.8,,,,9.0376,23427.014,38.61,,,,8.8905,14761.917,1.12,,,,3.1205,21640.042,6.79,9.2506,21201.683,2.24,,,,9.1917,50735.358,5.88,,,,,,,,,,9.2177,26590.514,67.36,,,,,,,9.2628,13886.696,3.27,3.1575,75756.153,51.3,9.2724,56653.736,4.11,9.2716,78109.258,14.52,9.3522,169505.967,17.34,9.4256,54820.954,12.91,9.4102,100366.113,7.28,9.4113,171334.434,31.85,9.4296,148875.018,46.21,9.5332,13777.112,2.92,,,,3.1269,13908.938,3.38,,,,3.1996,54353.441,5.56,3.2866,273675.507,17.55,3.2914,535898.111,84.44,3.3901,93406.742,54.95,3.3724,23030.013,26.03,3.4648,25132.649,2.18,3.4781,509373.117,42.82,3.5363,15624.007,33.28,3.5506,223462.287,94.37,3.6153,107091.025,7.63,3.7059,687934.07,91.18,3.8221,13975.456,100,,,,,,,3.9337,57065.822,100,,,,,,,4.0505,63110.574,9.16,,,,4.0416,248583.145,31.73,4.0534,15729.503,4.77,4.0815,505611.527,54.64,,,,4.1663,137999.384,16.34,4.187,333840.732,1.79,4.1899,389833.544,58,4.1852,66679.349,4.62,4.122,25398.57,13.04,4.2363,859982.178,81.28,4.3174,25054.076,3.64,4.3138,24669.845,1.76,4.3808,229677.739,15.29,,,,,,,4.4942,35701.065,7.41,4.4357,55988.093,17.74,4.4327,58202.268,32.92,4.4879,50687.679,16.85,4.4727,113035.213,0.61,4.4805,54896.898,73.16,4.5691,387190.34,12.1,,,,,,,4.5799,430108.808,37.23,,,,4.6006,38132.02,12.08,0.9317,64593.883,37.57,4.5665,16767.303,2.14,,,,,,,4.701,133756.974,5.25,4.7194,265039.716,82.1,,,,4.7551,20020.093,100,4.753,170957.142,41.6,4.8005,1129391.109,44.35,,,,,,,4.865,76568.265,3.83,4.9033,991651.319,38.94,4.9237,39071.023,2.71,,,,,,,,,,5.0157,161953.951,23.51,,,,,,,5.1565,38966.486,5.66
423_2012_T_4n,,,,,,P1-E10,,1,,,,,,,,,,5.0382,57808.748,1.24,5.0674,674833.38,11.16,,,,5.1327,43357.435,36.46,5.1555,46831.067,0.81,,,,5.2038,14513.065,0.79,5.1858,46933.299,10.72,1.2871,102000.243,14.37,5.0709,12349.617,1.22,,,,5.1885,68289.775,8.98,5.2592,3654354.239,51.94,5.3555,43390.403,2.83,5.3202,456600.596,11.04,,,,5.3731,1711683.693,28.3,,,,1.6557,128090.221,7.89,,,,5.4274,247981.833,10.54,5.4398,292462.098,19.41,5.4426,280960.362,35.52,,,,5.4972,29229.876,7.51,,,,,,,5.377,82126.087,28.29,5.5385,1013591.259,17.56,1.6411,215121.269,94.59,5.5779,1096704.984,92.36,5.5038,58423.819,34.98,,,,5.5405,62327.825,2.61,5.5275,12387.946,1.63,5.5563,11216.43,0.15,5.6562,12010.624,0.78,5.6834,318131.921,24.06,5.6848,28745.287,2.43,,,,,,,5.7212,67618.512,4.85,,,,,,,5.7861,97825.526,1.62,5.8038,146316.051,3.15,5.7883,57738.393,2.42,5.8397,19907.256,59.31,,,,5.9183,13736.762,0.32,,,,5.9941,338019.85,20.17,6.018,183108.555,11.49,,,,6.0434,116071.001,10.26,,,,6.0845,186482.779,11.49,,,,6.0981,242952.988,16.4,6.134,224671.343,23.57,,,,1.9491,10461.439,0.18,6.1618,51182.496,0.76,,,,6.1937,107301.057,2.31,6.1959,161890.083,61.19,6.2478,298378.738,25.26,6.2529,163299.703,9.74,,,,6.2948,531915.243,28.83,6.3386,69706.503,26.35,,,,2.012,278861.79,72.41,,,,6.402,1102458.257,46.43,,,,6.4993,193298.792,49.66,,,,6.6205,182606.241,24,6.5512,14515.082,0.24,6.5722,109126.288,15.45,6.5983,908347.517,12.24,6.6005,592390.94,6.91,2.1686,181386.822,20.47,6.6857,19174.098,0.27,,,,6.6272,742890.449,40.26,,,,,,,,,,6.7502,34416.16,0.57,6.7399,346532.167,12.2,6.8317,404382.086,24.33,,,,2.1592,604464.527,77.75,6.7558,828333.476,20.02,6.8182,3611425.863,42.22,,,,6.8863,48170.797,25.5,6.8693,268514.613,6.49,6.8738,73029.799,43.52,6.9293,214152.584,58.9,,,,,,,6.9475,45761.012,2.48,,,,6.8928,16996.098,6.04,6.9861,12042.798,0.36,,,,7.0222,40553.192,18.32,7.0828,29444.238,14.98,,,,7.0745,18163.066,0.64,7.0831,67180.425,1.11,6.909,22714.981,68.3,7.1121,140163.74,7.55,2.4086,31466.177,30.65,,,,7.1376,162980.333,11.69,7.149,29133.099,8.01,7.1088,27526.153,1.15,7.1683,28524.087,0.38,,,,7.3193,16951.158,1.1,7.1989,17959.599,26.6,,,,,,,,,,7.3768,14493.09,0.78,7.3655,29668.006,0.42,7.3049,508864.204,31.93,,,,,,,7.4216,454864.203,28.54,7.4362,41733.345,2.72,,,,,,,7.5861,2347927.901,27.37,2.5515,539718.265,100,,,,7.5338,19851.496,38.98,,,,,,,7.6149,1455746.237,16.97,7.5683,150618.298,32.89,,,,,,,7.6986,12194.787,40.41,7.7483,12236.748,0.14,2.8141,1393007.787,85.89,7.7384,66600.658,24.39,7.7118,12639.471,0.82,7.7343,50778.148,7.17,,,,7.8112,3399893.319,98.06,,,,7.9212,91291.02,1.97,,,,7.841,53328.29,0.76,8.166,33762.779,0.59,2.8484,10549.069,0.14,7.8781,10317.506,0.15,8.0168,32159.154,7.56,8.0396,29230.92,1.9,,,,7.8482,74991.46,5.38,8.0564,149318.142,43.35,,,,,,,7.9275,57911.914,16.81,8.1072,16584.149,0.24,2.8743,75336.107,27.51,8.0988,93210.995,4.17,,,,,,,8.253,62550.427,7.06,,,,8.2473,106322.51,52.38,8.3281,28124.521,1.83,,,,8.3412,19149.289,1.03,,,,,,,8.326,16229.916,2.29,,,,8.3764,437898.39,31.03,8.4118,102094.124,1.84,8.4967,84249.034,11.9,,,,,,,8.5056,317809.691,6.84,8.5707,358814.935,37.57,2.9904,158990.022,82.01,8.6322,15380.699,1.2,8.4976,116170.731,34.03,8.7002,5371840.98,96.84,8.7984,20550.511,10.75,8.7463,23381.626,4.45,8.8673,35395.281,5,8.8795,14165.601,3.33,8.8145,284203.144,42.26,,,,,,,8.8865,12840.526,4.7,2.9721,13228.033,12.04,8.8131,262919.683,3.88,8.8946,251330.647,5.41,,,,9.0144,13554.709,0.22,8.9589,212398.727,21.06,9.1107,13913.899,22.97,9.0336,217285.273,21.55,,,,8.8804,27735.824,5.27,,,,3.1259,96587.41,45.25,9.0342,140718.355,19.87,,,,9.2003,140101.922,6.26,,,,9.2083,66313.146,69.94,9.2049,184736.922,92.19,9.2265,103412.781,62.89,9.2719,1023550.643,45.41,9.2761,793294.209,85.06,9.2656,90058.605,1.21,3.1644,50391.546,37.61,9.268,461613.77,6.81,,,,9.3517,45024.354,5.52,9.5906,21759.387,0.29,9.4,147708.682,2.18,,,,9.4329,43687.263,3.1,9.5412,33189.617,2.95,9.5416,10010.603,1.9,,,,3.1912,41263.501,0.68,3.2181,29671.67,3.64,3.2935,55780.403,3.76,3.2887,218421.719,73.37,3.3812,407737.734,34.06,3.3669,91442.715,26.99,3.477,74195.57,2.61,3.4838,366212.485,22.56,3.5281,149378.36,60.62,3.559,37617.382,16.18,3.6312,70500.845,5.02,3.7009,1062509.853,93.83,,,,,,,,,,,,,,,,3.9711,26727.364,3.51,3.9923,69994.307,6.19,,,,4.0421,379288.441,6.27,4.0648,37749.974,5.64,4.0881,299213.624,26.73,,,,4.1594,282013.473,21.32,4.1955,42014.577,2.74,4.1838,45878.879,6.03,4.1665,20782.663,0.3,4.122,59949.723,26.29,4.2407,1180474.29,80.17,4.3352,14095.927,1.25,4.3275,29217.399,2.08,4.3783,146357.359,6.16,4.4039,145401.503,7.19,4.3916,502158.675,8.3,4.3209,353553.48,8.27,4.3433,160066.758,2.77,4.4411,67957.079,8.18,,,,4.5995,10885.036,0.71,,,,4.571,780388.797,18.86,4.4933,12075.229,7.23,,,,4.6506,121625.142,4.28,4.6283,556595.602,23.32,4.6046,46925.055,0.81,0.9321,14288.538,8.45,4.6319,575792.648,9.52,4.6217,64944.343,1.52,4.6735,428739.108,42.52,4.6894,38936.932,1.65,4.7207,168433.808,51.31,4.7128,20325.819,0.48,,,,4.7563,18794.587,11.25,4.7924,860575.604,36.57,,,,0.9153,34419.141,34.54,,,,4.9074,787685.851,33.47,4.8315,331383.94,4.71,4.9806,229220.57,3.97,5.0696,26402.602,15.81,,,,5.0141,195475.753,17.28,5.017,19585.885,6.97,,,,5.1392,82151.877,7.26
429_2012_T_2n,,,,,,P1-F11,,1,,,,,,,,,,5.0372,17021.225,0.42,,,,,,,5.1728,12610.445,5.79,5.3012,11819.071,12.06,5.1799,70534.111,33.92,,,,5.2498,12741.397,3.26,1.2974,49783.349,7.34,,,,5.19,20506.654,39.27,5.1696,30407.55,5,,,,5.3666,24597.203,0.27,5.3196,1390488.697,25.24,5.4291,12928.778,4.35,,,,5.4245,13022.204,10.11,1.6324,83568.922,7.05,,,,5.4264,171478.94,5.98,5.434,16517.62,1.2,5.4319,29539.995,7.51,5.4469,8380069.484,92.18,,,,,,,,,,,,,5.5407,15839.291,16.16,1.6348,39945.209,26.07,5.5815,714965.675,78.99,5.5987,26145.577,20.29,5.6001,59382.406,1.76,,,,5.7811,22258.275,3.66,,,,5.6631,220218.349,2.39,5.6713,147923.559,11.2,5.6967,13241.002,0.88,,,,,,,5.7254,109316.175,9.29,5.7205,33501.331,0.37,,,,,,,5.7946,201836.837,4.92,,,,5.8293,132396.101,90.06,,,,5.9573,17766.15,2.55,,,,5.9863,261097.032,13.35,6.0167,328078.355,22.28,,,,6.0398,73464.905,7.85,,,,6.0866,318705.17,26.89,6.0504,37390.543,31.35,6.0974,30720.943,4.1,6.1316,37019.391,71.75,,,,,,,,,,,,,6.187,82935.316,2.02,6.1926,447569.524,74.11,6.2483,444395.138,29.58,6.2454,247110.752,12.64,6.201,17369.994,23.41,6.2932,474218.201,38.99,6.3295,17108.785,2.83,6.3587,51325.084,2.47,2.006,14413.854,18.23,,,,6.4001,868252.522,40.6,,,,,,,,,,,,,,,,6.5708,17286.901,15.83,6.6306,13845.094,2.22,,,,2.1646,121953.171,29.08,,,,6.6202,115027.951,1.27,6.625,279600.889,22.99,6.6409,128107.916,50.24,,,,,,,,,,6.7506,627598.808,19.77,6.7998,15614.862,12.83,,,,2.1873,44276.483,17.14,6.7686,1326547.91,24.08,,,,,,,6.8805,149416.047,65.12,6.916,11390.565,0.21,6.8856,66786.106,30.17,6.9316,291422.704,66.71,,,,,,,6.9589,10584.754,0.87,,,,6.8865,19799.385,7.07,6.9937,13534.152,14.24,6.9896,10428.937,16.1,,,,,,,,,,7.0774,343043.691,10.81,,,,,,,,,,,,,,,,7.1292,158106.982,13.44,,,,,,,7.1503,87036.986,13.97,,,,7.2343,12009.805,0.13,7.1985,86964.226,100,,,,7.286,22549.55,2.25,,,,7.364,381329.234,84.74,7.3693,790887.233,53.77,7.3059,488116.897,33.15,7.3664,64595.612,27.74,7.5402,47620.567,6.83,7.412,181258.824,12.31,7.4399,5415414.138,58.79,,,,7.4804,113502.559,43.56,7.4789,119715.502,50.56,2.5667,29426.213,36.94,7.4408,68014.849,75.51,,,,,,,,,,,,,7.5658,102005.875,25.67,,,,7.647,8162899.283,92.71,7.6897,19396.789,100,,,,2.8141,99186.276,28.71,,,,7.746,25316.748,0.27,7.7452,86897.858,8.68,7.741,24183.483,31.89,7.8021,4633072.035,96.83,7.9306,14609.899,2.77,7.9331,12438.72,0.3,7.9896,43063.88,100,,,,8.1618,13489.724,13.76,2.806,58088.093,9.32,7.8593,14519.486,1.31,8.0249,206015.949,20.16,7.9883,14648.065,0.16,7.9443,10333.931,1.66,8.0189,10619.693,0.9,8.0595,81887.526,28.96,8.0727,32692.798,75.44,,,,,,,,,,2.8585,13329.577,31.61,,,,8.1311,10959.83,0.93,,,,8.2396,22577.947,5.38,,,,8.2445,66673.404,34.24,8.2851,22555.592,0.24,,,,,,,,,,,,,8.2205,12706.109,1.27,,,,8.3819,149257.008,34.49,8.4163,37593.233,3.55,8.5013,117979.953,11.79,,,,,,,8.5027,386062.542,9.42,8.5713,339872.391,71.52,2.9916,17540.454,51.24,8.6261,209058.963,13.88,8.5905,13089.211,1.13,8.6975,1012140.365,95.51,,,,8.747,36414.986,11.68,8.6666,34548.223,3.45,8.8169,15688.539,1.54,8.814,673848.314,52.95,8.943,10500.078,10.1,8.2703,15269.242,1.04,8.8827,238718.251,90.39,2.9845,50157.952,19.34,8.8897,77666.169,7,8.8869,71465.827,1.74,,,,9.0174,15984.96,3.03,8.9603,254377.669,36.25,,,,9.0325,347854.251,49.57,,,,8.9,17374.77,5.57,,,,3.1211,38096.777,11.33,9.0381,198871.178,19.87,,,,9.2027,925732.562,44.62,9.2019,995327.678,94.58,9.207,1542616.94,100,9.2964,16821.41,1.6,,,,9.2715,1160390.387,90.29,9.2733,919676.229,100,9.267,107763.247,17.29,3.1537,126828.405,73.61,9.2714,563434.904,50.79,,,,9.3576,188360.579,13.98,,,,9.5647,17191.317,1.55,,,,9.4309,164044.039,37.91,9.5238,27535.747,2.59,9.3641,13914.269,4.46,,,,,,,,,,3.2922,375982.08,50.18,3.2841,667081.368,96.14,3.3676,471803.291,81.7,3.3716,109731.057,19.05,3.4666,69072.668,2.18,3.4696,147113.66,12.41,3.5297,70382.204,51.71,,,,3.6274,144915.835,7.16,3.7102,276585.081,28.1,,,,,,,3.887,108900.857,12.74,3.9365,28410.122,22.47,,,,,,,4.0337,33287.602,3.56,4.1196,26480.527,5.15,4.0486,263995.493,50,4.056,55765.788,16.69,4.0808,202602.069,41.61,,,,4.1516,235546.988,17.83,4.1856,489340.528,5.31,4.2047,212767.695,34.99,,,,4.2026,27147.515,9.84,4.2427,448638.833,85.97,4.3118,44886.585,4.8,4.3114,46382.256,2.29,4.379,205169.743,9.59,,,,,,,,,,,,,4.436,50264.138,0.57,4.4463,311558.814,60.56,4.4712,16835.65,0.18,,,,4.5744,769967.594,13.98,,,,,,,4.5688,932959.518,29.39,,,,4.5923,16678.437,17.02,0.9352,54355.225,34.17,4.5714,21922.253,4.15,,,,,,,4.6878,33218.801,1.16,4.7149,200910.622,77.81,4.7343,17131.045,2.46,,,,4.7486,38937.706,30.22,4.8007,1266398.299,44.14,,,,,,,4.9414,37742.586,0.42,4.9027,1136305.62,39.61,5.0462,69234.397,4.71,,,,,,,4.9448,32912.064,38.8,5.0097,169397.086,18.1,5.0032,11655.611,4.16,,,,5.1389,42420.79,4.53
42_2012_T_2n,,,,,,P1-E2,,1,,,,,,,,,,,,,,,,,,,5.1294,18676.101,15.11,5.2659,53537.801,34.36,5.1936,10689.971,7.5,5.2075,12545.274,1.12,5.1752,32426.263,9.47,1.303,146286.616,37.25,,,,,,,5.1601,15615.812,3.14,,,,,,,5.3216,960962.366,26.69,5.4288,11282.422,4.1,5.4926,12201.128,2.72,,,,1.6362,81467.399,7.99,,,,5.4329,142615.641,5.09,5.4312,119877.16,16.56,5.4427,122166.382,30.83,5.4542,6738947.704,91.82,,,,,,,,,,,,,5.5256,27234.649,17.48,1.6494,65008.136,43.85,5.5748,756870.41,88.69,5.5969,22739.688,13.22,5.6017,30596.123,1,,,,5.6224,12063.785,2.43,,,,5.669,195938.403,2.79,5.6819,175335.191,20.28,5.6984,12567.309,1.48,,,,,,,5.7279,87792.54,8.13,5.7208,24710.271,0.34,,,,,,,5.7979,211982.985,9.9,,,,5.8276,85937.77,79.27,,,,5.9556,33213.896,6.58,,,,5.9846,146330.171,12.54,6.0168,148657.337,12.89,6.0569,11346.529,2.28,6.0458,71975.22,11.31,,,,6.0841,212586.308,20.86,,,,,,,6.1297,60948.606,67.2,,,,,,,6.1498,10591.468,1.11,,,,6.1942,74315.812,3.47,6.192,248673.54,79.12,6.2561,341216.271,40.18,6.2438,264131.886,22.64,6.1909,15293.377,35.46,6.296,482544.262,43.27,6.335,13643.9,4.34,6.3609,41518.846,2.38,2.0119,19835.261,31.74,,,,6.3998,604135.133,45.33,,,,,,,,,,,,,,,,6.5813,31903.664,31.33,,,,,,,2.1612,62019.993,24.38,,,,6.6183,139675.322,1.9,6.6269,266669.085,23.91,6.6435,163819.807,61.81,,,,,,,,,,6.7589,399484.234,25.27,,,,6.9703,10676.081,2.15,2.1805,44718.252,24.05,6.7632,839611.14,23.32,,,,,,,6.8674,73927.525,46.74,6.9019,11240.438,0.31,6.8716,108152.522,53.23,6.9312,164556.88,73.38,,,,,,,6.9399,19625.957,1.76,,,,6.8852,16032.917,8.77,6.9852,27481.977,69.88,,,,7.027,15306.533,8.46,7.0836,25383.065,7.4,,,,7.0676,12671.724,0.8,,,,7.0845,66463.662,100,7.2565,16434.728,7.44,2.3852,13263.021,42.48,,,,7.1257,190231.11,17.62,,,,,,,7.1505,76360.981,22.51,,,,,,,,,,,,,,,,,,,7.3658,178080.971,80.6,7.3661,305461.117,26.56,7.2955,534792.846,46.37,7.3642,30674.259,27.65,7.5271,20711.243,4.11,7.4124,152390.41,13.21,7.4354,5592470.247,79.73,,,,7.4797,73909.011,37.93,7.4823,75358.778,43.4,2.5593,116420.96,100,7.4415,84725.323,88.8,,,,7.5454,14993.779,9.5,7.4377,88016.831,7.65,,,,7.567,118274.839,44.62,,,,7.6472,8034077.529,96.75,,,,,,,2.8164,30354.997,13.3,7.7398,25275.529,4.83,7.7341,12762.32,0.18,7.7365,52423.328,9.38,7.7467,19843.335,25.58,7.8051,3161627.164,92.31,,,,7.7352,152010.497,7.1,7.9889,24499.574,100,,,,8.1642,23121.878,14.84,2.8353,34566.526,10.19,,,,8.0306,37107.887,8.31,8.0589,10234.497,0.15,,,,7.8632,45773,4.24,8.0535,120377.732,62.88,8.0733,148601.314,84.27,,,,7.9205,19136.876,10,,,,2.8512,27591.561,47.48,,,,8.1414,11497.803,1.06,,,,8.2522,31877.616,12.53,8.4943,24725.415,2.6,8.2451,89944.354,59.58,8.2865,21980.393,0.31,,,,8.3306,12787.654,5.79,,,,,,,8.2299,10814.577,1.93,,,,8.3796,129219.433,29.8,8.4107,88877.678,1.54,8.5027,44638.317,7.98,,,,,,,8.5021,145032.127,6.78,8.5693,494210.659,84.91,2.9864,13291.336,100,8.6267,350309.687,32.84,8.5142,78064.399,9.18,8.7015,5639931.828,97.87,,,,8.8609,11253.142,2.45,8.8528,16847.031,3.01,8.8276,13454.584,3.01,8.8115,571567.735,55.32,9.0918,10015.418,9.62,8.2741,11037.322,0.96,8.8805,468693.582,89.58,2.9448,16609.959,10.52,8.8856,78880.265,8.3,8.6686,28054.393,1.31,,,,9.016,18752.032,4.19,8.9569,90459.602,32.83,,,,9.0319,102177.997,37.08,,,,9.1406,12755.429,2.77,,,,3.1258,41883.23,10.07,9.0395,51330.586,9.18,,,,9.1964,895170.781,51.22,9.3,19920.395,1.74,9.2085,1428741.364,100,9.2072,1086479.386,94.87,9.2177,34030.336,38.38,9.2684,1063437.111,100,9.2735,777361.115,100,9.2661,87973.765,25.94,3.1514,50769.839,62.86,9.2717,489689.547,51.53,,,,9.3552,184303.608,20.59,,,,9.5539,22977.866,2.42,9.5508,11981.647,6.9,9.4309,236573.521,54.56,9.515,11014.516,2.49,,,,,,,,,,,,,3.2893,148736.631,37.1,3.2891,443104.318,89.29,3.396,109921.452,37.22,3.3646,31083.625,11.3,3.476,23338.96,1.48,3.482,267973.119,26.3,3.5345,58104.292,33.82,,,,3.6185,106917.453,9.34,3.699,666928.768,95.68,,,,,,,3.8932,63492.233,12.41,3.9427,52862.183,43.31,,,,,,,4.0526,48384.794,7.6,4.1203,23875.105,4.99,4.0495,172176.053,38.45,4.0467,15386.093,5.3,4.0892,290859.767,55.82,,,,4.1576,177253.389,20.5,4.1908,279029.038,3.98,4.1983,209719.677,42.17,,,,4.1248,13872.296,11.83,4.239,402776.564,83.43,4.3162,19671.755,3.09,4.3159,22216.376,1.94,4.3749,152667.736,11.46,,,,,,,,,,,,,4.4347,67977.938,0.82,4.4445,291671.698,61,,,,,,,4.5673,470142.991,13.06,,,,,,,4.5716,466907.686,29.53,,,,4.5994,35271.077,22.63,0.9054,42466.977,23.04,,,,,,,,,,4.6878,121530.211,4.34,4.713,342341.426,86.81,,,,,,,4.7506,54056.134,31.43,4.7989,1266061.831,45.17,4.8742,15346.687,9.27,,,,4.7518,14366.364,0.2,4.9045,1080068.104,38.53,5.0438,94804.359,8.24,,,,,,,,,,5.0172,118961.087,18.7,5.0051,14593.78,7.99,,,,5.148,52991.748,8.33
441_2012_T_2n,,,,,,P2-A5,,1,,,,,,,,,,5.0308,99029.397,2.17,5.0405,18260.531,2.43,,,,5.1938,11320.088,2.38,5.2741,95048.433,23.5,5.1757,79440.792,17.41,5.1201,10136.658,0.48,5.1924,34112.532,4.02,1.2872,197532.49,19.77,,,,5.2013,13074.598,7.88,5.1642,12252.878,1.34,5.3598,12325.12,0.32,5.314,174837.429,0.61,5.3204,352380.975,7.69,5.4395,10927.828,5.73,,,,5.4286,14576.248,3.09,1.6391,66376.197,3.97,,,,5.4388,364514.661,7.46,5.4405,153134.125,8.51,5.4315,87747.104,11.73,5.4545,4590521.35,64.33,,,,5.5678,11036.126,0.38,5.5837,13546.005,5.87,,,,5.5297,50940.211,12.59,1.6511,47476.575,39.02,5.5795,830943.18,75.88,5.5992,39103.74,8.29,5.5978,422009.015,15.63,,,,5.7816,65781.329,7.19,5.7949,12926.33,1.87,5.6663,498138.748,1.75,5.6828,357956.976,20.92,5.7244,10508.639,0.58,,,,,,,5.7227,327620.348,16.37,5.6531,150660.285,2.11,5.7391,37997.683,20.96,,,,5.8022,310006.728,6.8,,,,5.8371,145561.816,100,,,,5.9499,90459.033,7.71,1.8063,19824.625,2.01,5.9878,316265.697,12.95,6.0151,204689.248,11.71,6.0658,16290.66,1.78,6.0418,110083.024,9.86,,,,6.0852,592338.475,35.43,6.0477,51408.226,13.14,6.1025,43349.138,2.38,6.1377,70340.354,37.67,,,,,,,6.1607,27555.797,0.94,6.1724,10295.721,3.08,6.1988,84001.51,1.84,6.1902,326913.678,61.26,6.2501,615088.404,33.87,6.2421,602827.502,24.68,6.185,23695.137,44.75,6.2945,737238.93,34.8,6.3283,12524.547,2.35,6.3601,42128.384,0.99,2.0153,106082.256,31.87,,,,6.4045,921107.054,43.15,6.5735,10314.26,2.19,6.6621,12564.095,16.95,6.5104,16660.163,3.73,6.4346,25770.273,2.82,,,,6.568,29714.73,19.21,,,,,,,2.1653,562835.762,57.09,6.4953,24164.003,0.62,6.6247,1134162.179,15.89,6.6285,517094.873,24.41,6.6411,31782.375,28.7,6.6938,15156.521,4.67,6.6943,17085.029,3.97,,,,6.7583,379780.585,11.52,6.8062,25760.149,38.72,,,,2.1747,281628.083,36.9,6.754,877308.124,19.15,6.8195,13049.635,2.5,,,,6.8792,271625.896,66.83,7.0666,29060.081,0.63,6.8799,168282.718,49.23,6.9351,245616.235,62.21,,,,6.9441,25826.213,100,6.9668,31934.36,1.51,,,,6.8748,59074.193,13.48,6.9927,116233.581,41.31,6.999,23792.293,8.78,,,,,,,,,,7.0763,85109.437,2.58,,,,7.0951,238877.341,100,7.1193,14190.442,2.02,2.4033,18275.817,7.76,,,,7.1371,327846.065,16.38,,,,,,,7.1528,23178.511,3.35,7.2315,27369.077,36.92,7.1226,11373.81,0.04,7.1948,198514.234,47.4,,,,7.3611,14041.325,0.45,,,,7.3653,188301.752,26.87,7.3677,448658.369,11.5,7.302,834160.727,47.71,7.358,49883.622,8.82,7.5458,22702.629,1.93,7.4891,29307.849,1.68,7.42,24278123.19,85.24,,,,7.485,34148.868,29.22,7.4836,46741.966,8.73,2.5408,179705.627,49.63,7.4292,857999.738,94.48,,,,7.5418,19020.112,7.88,7.5483,16627.816,0.43,,,,7.5665,112437.247,23.62,,,,7.6479,3818040.969,86.16,7.6927,35621.214,72.31,7.9108,14087.005,2.63,2.8205,56920.436,15.73,7.7393,18895.166,11.53,7.6606,263166.721,0.92,7.7349,132591.23,4.24,,,,7.8019,5008285.91,95.5,7.9102,23996.319,3.2,7.9211,62227.483,1.36,7.9965,10385.128,100,,,,,,,2.8026,140764.655,20.35,7.9627,16676.466,0.57,8.0279,336204.679,23.97,8.0438,75176.359,0.26,8.2369,22790.166,3.29,7.9851,15092.879,0.75,8.0571,107827.383,27.23,8.0737,31387.262,43.45,,,,7.9226,22996.659,5.81,8.0875,65702.909,1.68,2.8378,48618.951,50.18,8.0693,31098.901,0.73,8.14,50574.689,2.53,8.1319,20736.219,0.71,8.2545,13789.691,1.4,8.1931,14257.852,0.49,8.2422,118027.245,12.29,8.2877,226423.458,0.79,,,,8.3294,344527.674,49.16,3.0053,57337.372,14.18,,,,8.2377,25691.696,0.82,,,,8.3809,205150.836,40.59,8.4088,36213.05,0.38,8.6461,42333.593,1.35,8.64,12025.145,3.07,,,,8.5011,140268.281,3.08,8.6081,205217.908,28.05,2.9818,60255.455,51.82,8.6282,90457.838,4.47,8.5055,53691.662,3.3,8.7074,9320317.517,98.36,,,,8.758,25340.337,0.41,8.7663,36319.245,1.16,8.8568,31795.476,2.27,8.8158,1127974.139,60.96,9.0864,15497.936,8.7,8.2417,23815.136,0.61,8.8869,114437.427,69.85,2.9777,85763.962,35.52,8.8853,141589.759,4.82,8.8999,49592.768,1.09,,,,8.9465,12747.984,1.7,8.9563,155121.171,29.76,,,,9.0345,169151.298,32.45,9.1777,15443.497,4.48,9.0868,31602.011,0.51,,,,3.1097,202234.024,34.55,9.112,15293.759,0.49,,,,9.1978,2563108.361,60.16,9.3195,61401.498,3.98,9.2101,4558077.983,99.37,9.2126,1482395.311,96.02,9.2308,31247.41,15.84,9.2754,1058378.282,96.75,9.2762,948261.269,94.47,9.2723,98529.109,14.24,3.159,210539.395,60.32,9.2698,597361.475,20.34,9.5467,25941.273,4.85,9.3584,120747.083,9.36,9.4848,75070.806,10.85,9.3981,705015.024,24,9.4968,12367.869,2.31,9.4338,151094.329,29.89,9.3068,25737.267,1.64,9.4687,13327.107,0.21,,,,,,,,,,3.2898,963412.633,52.78,3.2868,996970.915,93.11,3.3852,842565.074,75.08,3.3619,125725.549,25.04,3.4802,54633.449,1.66,3.4771,125597.775,7.51,3.5282,226597.309,60.54,,,,3.6331,193111.179,7.44,3.7053,1788046.732,80.76,3.8375,13027.76,12.9,,,,3.8902,46119.537,5.2,,,,,,,,,,3.9869,12814.863,1.15,4.118,12545.93,1.54,4.0407,197009.594,26.26,4.0641,47892.298,13.41,4.0866,270048.92,37.68,4.1849,10896.016,20.82,4.1556,290821.718,17,4.1896,544318.451,1.91,4.1922,553088.067,60.44,4.1902,13091.712,0.34,4.1134,20244.79,5.66,4.2407,699379.201,76.1,4.323,58677.044,5.25,4.3395,48370.657,1.86,4.3806,186083.863,8.72,,,,,,,,,,,,,4.4371,122464.603,2.76,4.4615,213283.675,26.18,,,,,,,4.5782,801939.965,17.5,,,,,,,4.5669,1049148.782,31.82,,,,4.5988,21761.999,5.38,0.9346,72881.65,30.95,4.5772,16620.597,2.22,,,,,,,4.6959,135967.893,2.78,4.7165,303755.198,68.54,4.741,25099.884,2.14,,,,4.7435,74006.837,15.68,4.8116,1928158.449,39.44,,,,,,,4.9438,49787.948,0.7,4.9113,1810637.238,37.04,5.0521,204157.495,5.23,,,,,,,4.9563,38226.916,27.25,5.0148,224633.915,20.12,,,,5.0423,11485.981,1.66,,,
441_21_T_2n,,,,,,P1-A3,,1,,1.2529,25763.43,,27.27,,,,,5.0255,59628.403,1.65,,,,,,,5.1273,22989.129,5.33,5.2632,107666.311,33.47,5.169,54793.082,19.1,,,,5.1945,18437.563,3.51,1.2872,266579.208,20.86,,,,5.1941,102143.342,55.22,5.1635,14762.439,2.35,,,,5.3068,94590.787,0.41,5.3181,231155.761,8.17,,,,,,,,,,1.6358,61702.262,4.73,,,,5.4284,268214.677,5.67,5.4353,107313.072,7.2,5.4442,192114.165,24.4,5.4492,3128085.42,60.52,,,,,,,,,,,,,5.5293,65937.937,20.5,1.6745,12334.663,9.33,5.5794,430956.768,84.12,,,,5.5889,323360.714,13.72,,,,5.7709,51617.318,8.23,5.7853,10495.074,1.8,5.665,276345.684,1.18,5.6887,195005.312,14.21,5.7323,73267.918,5.14,,,,,,,5.7257,529263.222,25.37,5.8482,116270.148,2.25,5.7197,10926.289,5.79,,,,5.8015,135094.254,3.75,,,,5.8219,67391.302,100,,,,,,,1.816,12961.027,1.75,5.9855,176651.654,11.2,6.0112,111137.191,10.02,6.0604,23223.854,3.7,6.0377,91565.531,15.14,,,,6.0928,169789.228,13.02,6.0415,18262.774,6.76,6.095,10879.522,1.48,6.1228,145426.106,75.45,,,,,,,6.1539,14593.21,0.69,,,,6.1875,157703.686,4.38,6.1873,182724.339,69.79,6.2553,450449.387,31.61,6.2491,434006.267,27.52,6.1721,23837.149,63.56,6.2918,687588.336,32.84,,,,6.3518,48784.525,1.5,2.021,59815.859,29.21,,,,6.3981,782204.904,50.6,6.4469,14237.61,5.28,,,,,,,6.4347,11668.92,1.86,6.5461,11773.914,4.09,6.56,110083.274,59.97,,,,,,,2.1807,224900.79,29.75,6.5671,14909.68,0.66,6.6138,807215.78,15.62,6.6204,827417.6,39.52,6.6403,12622.16,12.41,6.6192,14628.709,4.85,6.6778,11212.845,3.4,,,,6.7588,165640.008,8.62,6.7958,39234.162,65.84,6.7449,26846.665,4.28,2.18,136202.532,22.51,6.7542,283205.288,10.01,,,,6.8318,26283.342,0.51,6.8732,335799.856,55.29,6.8336,43478.293,1.54,6.8702,225935.033,46.94,6.9233,134117.948,81.34,,,,6.9328,44469.323,74.67,6.9617,23177.268,1.11,,,,6.8631,72484.614,15.63,6.9757,54863.703,52.28,6.9841,16476.965,14.7,,,,6.9835,27447.626,9.5,,,,7.0764,185599.077,9.66,,,,7.0815,143761.063,100,,,,,,,,,,7.1299,189810.228,9.1,,,,,,,7.1498,26955.821,4.62,7.2334,25021.07,100,,,,7.1858,118952.578,79.61,,,,7.5388,18336.125,3.08,,,,7.3599,52602.988,14.68,7.4309,439921.195,19.36,7.3873,208457.871,18.79,7.4742,70293.485,30.24,7.5291,18598.661,2.57,7.5066,10891.884,0.98,7.4236,21327128.75,91.39,,,,7.4849,45461.746,18.86,7.4788,21695.46,31.38,2.5621,29631.341,22.17,7.4261,851170.804,94.3,,,,7.542,65951.863,15.23,7.5156,13997.411,0.62,,,,7.5666,62143.21,19.45,,,,7.6452,3879729.407,92.42,7.6847,23911.166,100,,,,2.7712,11493.437,10.19,7.724,69608.294,19.91,7.7097,30498.265,0.13,7.7307,83264.144,14,7.7406,15086.482,25.33,7.7978,3436816.389,93.95,,,,7.9216,88849.013,2.46,,,,,,,8.169,40957.435,12.73,2.8253,26305.062,4.51,7.9562,15092.027,0.72,8.023,100478.034,16.44,8.0322,124935.362,0.54,7.9537,15443.863,2.65,8.0747,10448.971,0.5,8.0556,154482.681,51.01,,,,,,,7.9108,62996.708,20.8,8.0825,11005.323,0.48,2.8457,38603.716,52.86,8.0736,11586.648,0.36,8.1425,305964.862,14.67,8.1398,90361.492,4.3,8.0855,19574.268,2.59,8.486,41932.492,1.99,8.2454,50591.954,22.22,8.2856,165435.049,0.71,,,,8.3264,241789.174,67.46,3.0085,50964.767,15.84,8.35,14679.604,1.63,8.2166,18012.402,3.03,,,,8.3777,102735.879,33.46,8.4074,42906.482,0.61,8.5044,65270.208,10.97,,,,,,,8.5034,318108.2,8.83,8.5776,494310.404,87.13,2.9748,39479.112,40.8,8.621,108291.327,6.82,8.5025,96705.914,6.78,8.6959,6798336.446,97.03,,,,8.7507,44018.445,8,8.7556,18687.081,3.14,8.8114,13812.135,2.26,8.8125,742725.597,55.24,9.1281,11509.452,8.95,8.325,120604.495,5.31,8.8802,125977.61,36.03,2.9581,54115.021,12.5,8.8896,13838.584,0.66,8.8952,20243.304,0.56,,,,9.0174,45457.232,15.8,8.9486,148085.992,28.71,,,,9.0355,159862.18,31,9.1738,12319.215,13.39,8.8572,28108.887,5.11,,,,3.1423,16859.594,6,9.2551,72715.848,12.22,,,,9.1952,2372902.893,73.16,9.2022,1873896.529,96.64,9.2025,4206615.354,99.76,9.3002,31362.673,1.62,9.2241,27156.519,10.28,9.2645,1266347.122,98.87,9.2697,942364.429,98.46,9.2709,130944.49,22.46,3.155,272024.44,70.88,9.2642,580342.978,27.6,,,,,,,9.3719,23580.93,4.05,9.3913,695144.266,33.05,,,,9.4273,107189.796,34.91,9.6578,452799.104,39.35,9.48,41099.459,7.47,,,,,,,3.1864,34808.775,4.47,3.2912,431546.664,58.61,3.2769,735033.352,89.74,3.3799,594517.159,78.85,3.3625,36197.886,13.51,3.4727,60502.065,3.15,3.4796,55524.092,4.26,3.5223,145526.18,51.61,3.5261,10976.513,50.82,3.6216,67976.518,4.17,3.6952,1261442.824,90.49,,,,,,,3.8762,45950.93,5.61,,,,,,,,,,3.9815,10080.181,1.67,,,,4.0458,99727.622,34.67,4.0544,304572.943,66.63,4.0895,68514.338,19.36,,,,4.1549,160521.717,11.7,4.1855,365512.267,1.57,4.1815,391177.394,62.37,4.1807,12169.082,0.54,4.1294,10376.83,4.74,4.2308,504277.461,73.38,4.3268,71990.107,11.91,4.3288,126858.659,7.78,4.3801,109014.553,7.05,,,,,,,,,,,,,4.4325,85721.315,2.04,4.464,187036.602,29.92,,,,,,,4.5675,516112.705,18.25,,,,,,,4.6552,37065.179,1.93,,,,4.597,45528.607,14.15,0.9209,18277.407,8.49,,,,,,,,,,4.6915,93665.834,1.98,4.7084,82424.044,37.27,,,,,,,4.745,160400.288,59.49,4.8029,2064874.846,43.62,,,,0.9171,28893.732,30.58,4.9419,30227.396,0.58,4.8977,1813476.643,38.31,5.0449,65592.404,2.89,,,,,,,4.9505,13571.133,54.65,5.0099,91407.378,15.12,,,,,,,,,
450*_2012_T_2n,,,,,,P1-F9,,1,,1.269,31630.108,,21.42,,,,,5.0324,62775.801,1.04,5.1178,11656.001,0.65,,,,5.1361,35713.806,5.59,5.1653,15797.269,5.03,5.183,29814.036,11.72,5.2028,21294.122,1.13,5.1866,10581.89,0.9,1.2848,242206.32,17.79,,,,5.1999,10091.252,12.68,5.164,162611.908,26.21,5.3426,75541.03,2.32,5.3006,24625.007,0.33,5.3206,488167.021,7.57,5.4291,10122.344,1.8,5.2777,21959.301,1.22,,,,1.6421,145499.126,6.06,,,,5.4271,458692.588,8.57,5.478,16804.178,0.71,5.4675,36294.003,4.84,5.4387,10274962.76,87.26,,,,5.3583,12492.864,0.22,5.5792,12615.71,4.21,,,,5.5255,24138.511,7.69,1.6487,114401.164,50.19,5.5823,1079212.222,85.9,5.601,24941.694,5.35,5.5958,32509.253,0.44,,,,5.7763,32789.82,5.29,5.5714,17555.995,0.97,5.6641,225617.466,3.04,5.6802,440849.732,20.62,5.7058,49803.024,2.08,,,,,,,5.7213,418622.305,13.8,5.7132,12867.786,0.11,5.72,21776.643,7.66,,,,5.7983,451831.538,7.5,,,,5.8327,207381.825,70.48,6.1762,14569.939,0.81,5.9489,27170.468,2.27,1.8187,13489.642,1.18,5.9761,382674.116,13.23,6.0144,218334.413,10.68,,,,6.035,199623.651,12.67,,,,6.079,642007.962,26.74,6.0492,45600.719,12.46,6.1038,69445.235,2.71,6.1324,654892.45,44.97,,,,,,,6.1637,84811.472,1.47,,,,6.1839,224843.184,3.73,6.1903,333825.722,83.08,6.2472,732969.079,30.57,6.2399,632991.066,21.89,6.1766,17631.278,5.29,6.2931,643375.578,34.17,,,,6.3499,88186.237,2.76,2.0196,32054.723,13.2,6.4829,29354.873,3.91,6.4084,987557.205,40.41,,,,,,,,,,,,,6.5477,48852.942,2.71,6.572,353765.205,54.44,,,,,,,2.1666,391357.09,34.14,6.6002,11411.508,0.35,6.6194,74146.529,0.63,6.6214,463117.005,24.6,6.6436,302281.188,47.21,6.6858,37152.705,8.13,6.691,20339.964,4.77,,,,6.7447,481767.246,12.06,6.831,11252.913,8.84,6.9647,10187.327,1.64,2.1639,395490.901,45.44,6.757,1322971.564,20.51,6.8323,68306.197,7.79,,,,6.8792,232863.062,59.99,6.9547,49039.541,0.76,6.8856,89824.371,29.08,6.9279,243948.495,60.81,,,,6.9398,18528.433,8.54,6.9549,15917.352,0.85,,,,6.8776,26812.748,6.18,6.9915,35602.738,13.35,,,,6.9421,18619.082,4.63,,,,,,,7.0748,157200.342,3.94,,,,7.0922,283228.481,77.11,7.1086,36623.836,7.27,2.3888,14927.187,6.68,,,,7.1325,331726.636,10.93,,,,,,,7.15,55175.387,3.04,,,,,,,7.1953,30991.483,26.37,,,,7.2853,13504.889,0.42,,,,7.3632,127496.52,25.32,7.3672,261644.776,8.05,7.3656,83441.004,4.08,7.3624,30421.567,4.05,7.5349,185228.565,15.49,7.4138,280201.318,13.71,7.4318,5601063.938,75.53,,,,7.4788,14670.478,4.48,7.4841,464058.419,52.53,2.5504,44770.561,48,7.4351,51636.414,36.19,,,,7.54,40973.134,4.51,7.435,130476.092,4.01,,,,7.5752,205152.997,33.74,,,,7.6372,17662195.91,92.55,,,,7.7037,11740.282,1.33,2.8245,185954.976,29.88,7.7344,56999.961,5.21,7.7449,10347.772,0.14,7.7301,130134.828,4.06,7.7447,35247.385,16.25,7.7991,4582229.065,70.49,7.9008,24097.419,1.34,7.9206,25642.588,0.43,7.9891,80662.419,100,8.0655,14211.79,0.44,8.1631,18695.718,5.96,2.8102,84317.097,4.64,7.8737,13215.316,0.23,8.0125,402556.01,22.54,8.2578,12010.527,0.16,7.9198,11793.326,0.65,8.0384,12924.942,0.43,8.047,180386.749,31.26,8.0724,363851.395,60.42,,,,7.9065,48574.036,8.42,8.1233,13337.907,0.41,2.8551,133759.921,75.95,8.0433,12479.039,0.39,8.1394,74674.097,2.46,8.1371,36308.541,0.63,8.241,48227.249,4.21,8.4919,34286.805,0.59,8.2463,171361.658,45.4,8.2885,91196.21,1.23,,,,8.3185,142951.744,28.39,,,,,,,8.3164,15960.552,0.5,,,,8.3766,200901.683,28.47,8.4093,473469.5,4.83,8.4909,30411.396,0.95,,,,,,,8.4864,257003.184,4.27,8.58,684537.379,75.59,2.9886,20086.287,31.72,8.625,615126.706,18.62,8.496,86348.405,7.19,8.6992,9293020.59,94.76,,,,8.7529,15944.5,3.4,8.8536,59726.119,1.86,8.8815,174531.534,9.77,8.8108,1511820.764,68.33,9.1085,13437.751,3.56,8.3048,65826.992,2.03,8.8809,842924.811,77.12,2.9763,404130.037,44.44,8.8945,101045.757,1.75,8.8959,50984.691,0.85,,,,9.0181,14169.283,0.79,8.9528,516325.095,36.24,,,,9.0306,557749.815,39.15,,,,9.1485,10252.297,2.19,,,,3.1201,120180.335,14.25,9.2394,47341.191,1.48,,,,9.1978,1470786.889,46.05,9.1956,1079984.582,84.63,9.2004,2303892.091,99.49,9.3273,35751.588,2.8,9.2206,354112.413,56.6,9.2466,1438758.216,33.84,9.2694,12097514.75,99.4,9.266,587044.227,32.34,3.1605,147380.878,58.75,9.2689,3020465.79,52.38,,,,9.3551,228737.259,13.67,9.3792,18239.796,1,9.3917,666072.611,11.55,,,,9.4287,319100.451,45.22,9.3096,23083.102,1.33,9.6092,34485.25,7.36,,,,,,,,,,3.2804,1766602.319,69.06,3.2814,1483857.441,86.46,3.3803,1003646.723,60.7,3.3685,134903.684,17.92,3.4787,36741.569,0.92,3.4774,314995.094,13.12,3.5293,155887.907,49.64,3.5609,13336.432,14.26,3.6172,243946.099,7.46,3.7,2560028.381,86.29,,,,3.8454,21495.894,0.66,3.8843,172219.411,14.24,4.0004,22653.179,4.28,3.9309,22153.894,22.39,,,,3.99,19201.796,1.22,4.1257,63715.803,6.89,4.0404,1158834.523,64.31,4.1836,15776.249,4.34,4.0837,410693.82,41.42,,,,4.1643,421064.451,19.69,4.1933,282704.908,3.81,4.1868,239917.995,38.67,4.1797,18252.28,0.56,4.1931,12333.902,3.03,4.2291,833334.732,75.78,4.3149,78098.273,4.96,4.3273,90635.829,2.77,4.3802,277699.692,11.36,,,,4.4519,10476.39,0.58,,,,,,,4.4358,166517.399,0.87,4.4516,580752.001,62.81,,,,,,,4.5638,1049356.152,16.27,,,,4.7118,11740.475,4.46,4.5698,1449476.939,36.29,4.5706,18462.144,2.46,4.5995,135693.006,43.22,0.9101,77602.118,23.58,4.5779,102361.268,5.68,4.6032,25353.023,2.12,4.6706,37031.015,2.6,4.6858,157311.093,2.94,4.7145,465356.513,66.25,,,,,,,4.7442,35757.864,7.67,4.8004,2004995.499,37.46,,,,,,,4.9427,14667.554,0.12,4.9015,1972880.393,36.86,5.0539,81593.237,2.51,,,,4.8952,13127.096,2.81,4.9492,10273.413,14.34,5.0096,289417.908,18.38,,,,,,,5.143,23292.919,1.48
450_2021_T_2n,,,,,,P1-D8,,1,,1.2758,71765.328,,34.79,,,,,5.0277,23216.331,0.93,5.1239,13914.676,1.73,,,,5.1258,54886.261,16.15,5.2812,33538.945,8.89,5.1822,18810.319,15.95,,,,5.2022,18324.509,3.77,1.2837,168934.646,20.09,,,,,,,5.164,84509.532,29.08,5.3592,26320.623,1.64,5.1642,22182.16,0.52,5.3159,221756.145,8.67,5.438,19125.882,11.48,,,,,,,1.6326,126327.682,10.59,,,,5.4312,181271.137,5.08,5.4449,20373.082,2.03,5.4598,22895.352,8.89,5.4512,8316959.841,94.68,,,,,,,,,,,,,5.5269,23373.109,6.2,1.6383,90489.037,40.31,5.5816,334135.049,83.5,,,,5.5885,14925.002,0.35,,,,5.7831,11321.859,3.9,,,,5.6658,116557.675,2.73,5.6887,169624.804,14.76,5.7125,54159.593,4.44,,,,,,,5.724,423285.481,25.97,,,,,,,,,,5.8033,124554.331,4.99,,,,5.8261,34923.259,59.46,,,,,,,,,,5.9839,115365.958,9.89,6.0127,117765.322,9.5,,,,6.0437,52549.648,12.18,,,,6.0803,115504.596,9.68,6.0479,14511.06,14.45,6.1482,11337.64,2.42,6.1254,663224.134,76.48,6.1249,17108.366,6.42,,,,6.1594,64466.962,1.96,,,,6.1851,123032.06,4.93,6.1933,119281.081,79.13,6.2447,420611.712,34.45,6.2433,373566.937,32.02,,,,6.2947,530450.505,49.04,,,,6.3568,77136.34,4.97,2.0151,42377.506,24.47,6.4792,10238.785,3.84,6.3996,634442.782,50.03,,,,,,,,,,,,,6.5431,42560.647,5.29,6.5659,403385.549,69.46,,,,,,,2.1742,103249.133,22.85,6.5961,13546.82,0.84,6.6226,50788.013,0.58,6.6229,302263.271,27.94,6.6423,210358.781,46.7,,,,6.6882,10569.958,6.48,,,,6.7503,123301.556,8.95,,,,6.7524,29036.905,9.99,2.183,81919.694,26.5,6.7598,202530.851,7.92,6.8279,29979.496,12.06,,,,6.875,318687.782,73.77,6.8,154147.605,6.03,6.8847,231416.164,47.92,6.9253,108772.157,75.3,,,,6.936,13994.701,17.03,,,,,,,6.8585,54989.341,15.63,6.9825,26088.914,62.4,,,,7.026,11225.589,3.43,7.2838,12275.913,3.05,,,,7.0894,27684.317,2.01,,,,7.0844,96369.389,72.5,7.1036,10332.42,4.08,,,,,,,7.13,141507.8,8.68,,,,,,,7.1543,23684.795,2.97,,,,,,,7.1898,15237.762,48.95,,,,,,,,,,7.3616,37709.072,14.9,7.3709,62001.482,3.86,7.3012,283573.158,22.88,7.4844,21933.162,8.23,7.5302,148917.473,23.19,7.4147,408663.368,32.97,7.4383,3379123.037,79.21,,,,7.4775,35545.813,16.43,7.4785,109610.196,40.43,2.5298,14626.338,100,7.4361,48068.493,79.34,7.5338,12608.629,100,7.5357,63251.311,10.5,7.4374,53388.866,3.32,,,,7.563,40632.732,24.24,,,,7.6469,11430470.79,98.12,,,,,,,2.8213,14747.554,14.95,7.7286,16239.11,3.15,7.749,11532.312,0.27,7.7383,79445.087,4.82,7.7462,29807.7,36.27,7.802,2954191.491,97.77,,,,7.9172,20413.891,0.82,7.9971,22331.144,100,,,,8.1622,44718.352,11.85,2.8457,12026.181,1.51,,,,8.0271,83022.806,14.81,,,,8.2551,11243.358,1.41,7.8557,80694.439,4.95,8.0416,99355.886,60.67,8.0675,195035.327,74.76,,,,7.9138,38013.471,23.21,,,,2.852,52468.901,57.66,8.3298,15455.019,1,8.1383,192962.697,11.84,8.1353,54562.014,1.66,8.0135,21309.437,4.72,8.4844,15633.779,0.47,8.2404,74622.913,55.5,8.2996,23373.443,0.55,,,,8.3253,70404.341,27.81,,,,,,,8.2394,13593.918,0.82,,,,8.3799,131715.003,33.95,8.4092,165267.161,3.22,8.4967,96669.424,5.86,,,,,,,8.4995,356482.609,14.29,8.582,344412.578,75.69,,,,8.6239,350112.289,24.06,8.6393,14332.138,1.87,8.7034,4951350.172,96.55,,,,8.7612,18907.219,5.47,8.7489,17919.605,1.09,8.739,27312.711,4.87,8.8119,418031.638,56.04,,,,8.3289,39392.553,2.45,8.8806,475179.885,92.2,2.9905,46068.796,7.65,8.9006,41444.792,1.26,8.8693,11704.024,0.47,,,,9.0163,11885.698,1.48,8.9541,222789.388,30.21,,,,9.0324,200996.834,27.25,,,,8.867,15043.059,4.35,,,,3.1081,110240.608,55.2,9.2601,38747.292,2.35,,,,9.1961,852572.549,54.95,9.1989,827843.493,82.61,9.2022,979746.96,100,9.325,14229.331,1.42,9.2183,143412.252,44.5,9.2626,3335282.974,99.07,9.2733,5058279.073,99.38,9.2636,339135.923,42.57,3.1587,54116.257,27.36,9.2657,1624428,49.28,,,,9.3634,12317.226,2.09,9.3456,14532.787,1.82,9.3918,288296.342,8.75,,,,9.4283,120683.985,31.1,9.66,393717.161,48.17,9.4863,40761.381,11.79,,,,,,,,,,3.2817,412681.21,88.17,3.2842,364773.148,51.44,3.3631,641716.637,86.99,3.3668,46586.084,14.22,3.4711,104025.073,7.55,3.4794,158598.022,13.3,3.5281,58457.682,82.2,,,,3.6189,69250.249,5.17,3.7039,1155257.844,93,,,,,,,3.8826,140645.745,17.33,,,,3.9349,34650.828,75.23,,,,,,,4.1267,17303.928,3.52,4.043,618563.886,76.9,,,,4.0841,113039.002,37.98,,,,4.1613,95974.966,8.35,4.1872,123292.749,2.89,4.1939,120754.775,41.55,,,,4.1267,125569.329,51.61,4.2327,339106.711,85.51,4.3317,61254.582,14.2,4.3242,95163.864,7.11,4.3772,156092.555,12.31,,,,,,,,,,,,,4.4306,59302.575,0.51,4.4474,262844.168,53.4,4.5913,15688.955,0.37,,,,4.5703,234131.263,9.16,,,,,,,4.5737,346133.925,25.11,4.5694,14011.078,5.26,4.5969,260428.372,69.03,0.9167,13599.253,13.22,4.5717,36959.077,4.59,4.5951,47226.652,7.35,4.6785,17985.141,2.44,4.6938,154091.358,4.32,4.7101,101505.499,38.3,,,,,,,4.7523,42026.932,100,4.8018,1533376.63,42.95,,,,0.9472,12974.611,6.29,4.9492,23299.667,0.27,4.8999,1395411.413,39.09,5.0485,25330.268,1.58,,,,,,,4.9353,22822.209,26.82,5.0165,56619.866,13.13,5.0127,12041.964,3.42,,,,,,
466_2012_T_2n,,,,,,P1-F5,,1,,,,,,,,,,5.0318,144685.141,6.01,5.1139,37364.589,2.37,,,,5.1405,13546.04,13.31,5.1649,50379.96,9.3,,,,5.2116,12050.788,1.9,5.1968,11010.898,3.21,1.3057,209415.209,48.3,,,,5.1967,89522.914,70.43,5.1678,106483.647,19.54,5.2497,16676.872,0.47,5.3056,327065.01,1.57,5.3187,459808.258,16.18,5.3657,11925.244,13.07,5.3465,10124.811,0.64,,,,1.6157,100477.949,8.62,,,,5.4329,139321.45,4.18,5.4401,136653.363,17.85,5.4511,134935.281,37.65,5.4621,39380.914,2.39,,,,,,,,,,,,,,,,1.6437,14749.952,20.79,5.5801,717570.307,93.95,5.5658,28507.25,14.69,5.5984,343440.044,58.62,5.6036,17050.801,3.83,5.6235,11777.524,2.16,,,,5.6666,51739.102,0.25,5.6862,138160.73,19.35,5.6877,18491.759,2.69,,,,,,,5.7257,36961.176,7.43,5.6629,202634.771,12.3,,,,,,,5.8034,165419.859,6.87,,,,5.8348,26993.471,100,5.9406,32402.059,2.05,6.0221,30787.461,6.02,,,,5.9939,176153.782,17.58,6.0168,94098.255,11.66,6.0267,26344.265,4.83,6.0325,34581.134,5.67,5.9517,17801.125,4,6.0929,52185.113,4.48,,,,6.0976,17404.42,5.25,6.1305,29637.901,70.85,,,,1.9421,12347.049,2.28,6.1595,37617.28,2.52,6.183,13089.53,5.94,6.1861,45975.249,1.91,6.1928,284871.829,84.12,6.2491,258331.596,37.62,6.2488,240080.16,23.96,6.1882,22570.725,66.58,6.2923,216048.705,34.14,,,,6.3512,34079.122,1.98,,,,,,,6.4023,408562.027,33.77,,,,,,,,,,6.4259,43162.943,7.92,6.5413,30172.085,1.91,,,,6.6469,13101.415,1.03,,,,2.1536,186824.09,37.83,6.6134,11056.225,0.31,6.6191,705312.244,42.83,6.6285,173170.948,27.37,,,,6.6082,15717.349,28.69,,,,,,,6.7626,305607.758,15.57,6.8069,73780.13,37.42,,,,2.182,167107.497,35.23,6.7582,729958.612,25.69,6.8198,19007.568,1.6,,,,6.8715,72752.448,83.76,7.0726,46068.574,1.62,6.8746,127328.072,82.37,6.9319,171073.219,73.33,,,,,,,,,,,,,6.8712,19338.015,34.01,6.9938,17835.919,2.33,,,,,,,7.0402,12698.519,3.77,,,,7.0727,57484.162,2.93,,,,7.0917,47774.558,100,7.2539,13602.71,1.36,2.3974,15424.158,26.69,,,,7.153,18819.196,3.78,,,,,,,7.1541,32896.637,2.59,,,,7.0113,13720.097,0.07,7.1965,85340.564,78.74,,,,7.5079,18353.108,4.01,,,,7.3655,60469.13,6.06,7.3662,79861.167,2.23,7.3034,409139.965,50.68,7.4825,14088.143,3.16,,,,7.4892,22394.877,2.77,7.4279,18627401.78,89.31,,,,,,,7.4809,698009.336,59.98,2.5517,17202.676,3.17,7.5329,19240.237,3.32,,,,,,,7.4162,252110.811,7.04,,,,7.5668,80307.138,18.06,,,,7.6421,22476.002,8.05,7.6925,30713.984,55.75,7.7132,339552.63,29.18,2.8086,100379.125,48.04,7.7273,58051.236,14.84,7.714,25041.423,0.12,7.7558,12385.646,2.7,,,,7.8053,1015417.123,76.67,,,,7.9297,38875.697,1.62,7.9983,109266.396,100,,,,8.1553,28926.916,5.34,,,,7.8255,43067.164,2.89,8.0218,32142.655,7.31,8.0428,149060.604,0.71,,,,,,,8.0483,68350.291,37.65,8.0742,38979.66,11.16,,,,7.919,21349.485,11.76,8.1016,123984.875,3.46,2.8846,10775.223,18.25,8.103,17382.841,1.01,,,,,,,8.2467,18596.02,3.77,,,,8.2831,189619.29,52.7,8.2875,48296.547,0.23,,,,8.2874,641763.26,64.27,3.0073,36255.699,6.69,,,,8.2307,23895.914,5.22,,,,8.3845,73689.292,21.26,8.2158,14657.983,0.24,,,,,,,8.5145,10342.997,1.04,8.507,31646.826,1.32,8.5814,181413.962,72.17,,,,8.6276,157958.42,16.64,8.5076,30414.75,9.26,8.7032,5756479.711,95.26,,,,8.7591,29209.345,9.78,8.7571,10202.645,2.23,8.8512,23121.571,5.26,8.8153,838075.276,68.91,,,,8.2803,1226325.603,34.24,8.8858,207632.779,53.08,2.9614,35851.141,44.11,8.8914,27674.976,1.86,8.8978,12336.408,0.51,,,,,,,8.9543,85843.558,39.14,,,,9.0373,81594.096,37.2,,,,8.895,12073.352,4.04,9.0311,14975.012,14.67,3.1139,775613.729,79.16,9.2526,34182.657,7.46,9.0458,13053.641,14.28,9.1931,190913.779,11.07,,,,,,,,,,,,,9.272,103024.101,89.4,9.276,19670.041,100,,,,3.1559,49251.585,60.24,9.2695,62556.766,4.2,,,,9.3502,117203.834,24.05,9.4738,19693.569,1.55,9.4002,75609.255,5.07,,,,9.4305,214077.944,61.76,9.529,19885.987,2.29,9.5539,12159.775,4.07,,,,,,,,,,3.2881,13849.009,4.18,3.293,106112.856,62,3.3682,495804.795,71.81,3.3773,37459.644,29.88,3.4555,104417.867,5.32,3.4852,366810.254,31.47,3.5262,92348.826,79.17,,,,3.6258,89699.534,8.36,3.695,879186.079,95.48,,,,,,,,,,3.9389,35267.677,38.01,,,,,,,,,,,,,4.0373,916120.556,58.08,4.0622,400165.036,65.02,4.0888,451741.049,70.32,,,,4.1633,107845.172,15.1,4.182,23660.972,0.11,4.1966,30242.953,5.55,4.1828,343182.679,9.58,4.1264,12601.905,6.9,4.2394,564676.349,78.35,4.3146,25342.388,4.15,,,,4.3734,65063.331,5.38,,,,,,,4.5003,173318.293,33.87,4.4387,179534.129,33.15,4.4301,37163.633,13.31,4.4889,57421.03,14.95,4.4722,346947.202,1.66,4.4767,164991.159,74.76,4.5715,463313.084,16.31,,,,,,,4.5677,583320.377,29.72,4.5686,33299.799,7.48,4.5973,82446.054,15.22,0.9223,42502.046,46.42,4.5789,78449.022,4.97,4.6087,16453.587,3.22,,,,4.6959,176741.63,5.31,4.7118,257469.724,76.35,,,,4.7548,38203.617,100,4.7547,154463.637,79.57,4.8004,1459702.057,43.82,,,,,,,4.863,114191.881,6.93,4.9091,1319097.013,39.6,4.9317,218169.128,6.09,,,,,,,,,,5.016,147497.459,24.16,,,,,,,5.1498,16536.311,2.71
466_2021_T_2n,,,,,,P1-B6,,1,,1.2752,27313.189,,7.29,,,,,5.031,77870.815,2.57,5.1157,29467.558,2.03,,,,5.1459,11198.596,3.61,5.1545,133808.792,8.45,,,,5.1979,16486.818,1.3,5.1847,22941.965,4.82,1.2773,246479.101,32.89,,,,5.189,144658.891,83.46,5.2467,11268.789,1.85,5.2462,24350.098,0.77,5.3,222057.578,0.95,5.3242,692231.829,27.82,5.3593,24086.931,22.96,5.2738,13209.104,0.91,,,,1.6473,80654.395,4.11,,,,5.4262,238995.153,5.05,5.4405,208771.468,22.1,5.4501,229937.56,38.97,5.4664,26992.274,1.28,,,,,,,,,,5.5501,23718.806,3.32,5.542,10377.943,0.66,1.6615,42607.534,12.08,5.5684,522544.03,88.55,5.5617,73160.502,12.33,5.5959,524462.357,68.54,5.6059,27683.519,5.75,,,,,,,5.6652,90019.264,0.39,5.6878,118988.62,12.54,5.7232,29244.851,3.43,5.8618,10789.288,2.35,,,,5.7199,200120.277,24.31,5.6581,345837.095,16.44,,,,,,,5.8008,105158.595,3.47,5.9404,23405.069,4.86,5.8258,34076.877,63.89,5.955,11679.124,0.8,6.0187,25795.191,3.1,,,,5.9887,98392.92,10.96,6.0124,143000.001,18.9,6.0264,31671.69,5.2,6.042,55628.794,8.91,,,,6.0793,325591.137,16.6,,,,6.098,78083.156,13.09,6.1286,31894.271,54.72,,,,1.9612,17389.613,1.1,6.1566,113306.892,8.14,,,,6.1949,92787.333,3.06,6.1909,174836.208,74.14,6.2484,276584.904,32.43,6.2485,244235.465,27.2,6.1895,12769.065,24.12,6.2991,362751.384,28.56,6.3368,12380.366,5.25,6.3501,89747.576,6.27,2.0263,14576.232,17.54,6.5459,21408.088,4.45,6.3957,777165.744,55.59,6.5817,32807.1,5.53,,,,,,,6.4228,29936.782,4.91,6.5424,61969.991,4.27,6.5561,16778.247,61.13,6.6398,37809.06,3.62,6.509,11287.55,1.12,2.1655,129821.802,18.47,6.5662,15864.305,0.5,6.6155,547944.475,26.04,6.6253,467492.427,36.81,,,,,,,,,,,,,6.7555,188098.935,12.95,6.7989,188317.043,69.14,6.7551,24498.857,4.02,2.1673,310009.616,50.31,6.7573,403897.673,16.23,6.8277,14522.005,1.44,,,,6.8671,190499.399,75.21,7.0706,25327.741,1.02,6.8809,205738.868,70.92,6.927,123006.08,67.09,,,,,,,6.783,13314.75,1.05,,,,6.8701,39981.159,28.69,6.9863,40151.353,7.01,,,,7.0096,22416.061,21.44,7.0395,19882.193,2.37,,,,7.0836,49466.603,3.41,,,,7.0818,76248.198,85.04,,,,,,,,,,7.1206,66562.978,8.08,,,,,,,7.1424,86554.877,8.3,7.156,19054.593,53.18,,,,7.1889,75637.314,69.7,,,,7.3409,32745.057,1.72,,,,7.3638,19762.549,2.44,7.4282,373316.383,11.86,7.3468,100048.537,13.23,7.4796,16455.794,3.42,,,,7.4884,19759.112,2.61,7.4273,21457856.81,92.09,,,,,,,7.479,550720.331,54.57,,,,7.5221,12540.792,1.76,7.5305,19818.159,41.9,7.5399,20509.706,12.03,7.5534,13362.102,0.42,7.5906,14154.507,1.4,7.5632,40508.874,9.08,,,,7.6562,22706.392,6.93,7.6868,29679.075,59.54,7.7112,184303.296,18.26,2.8074,127920.555,61.05,7.7329,200879.77,21.53,7.7735,17391.889,0.07,7.7622,13323.318,0.7,,,,7.8038,1214374.401,86.42,,,,7.918,29653.747,0.98,7.9874,189335.501,85.7,,,,7.8258,22734.868,1.44,,,,7.8273,54566.001,3.92,8.0355,33379.783,5.85,8.0423,164153.963,0.7,,,,7.8536,13460.636,1.63,8.056,84196.628,32.02,8.0701,74356.733,18.19,,,,7.9165,59530.934,22.64,8.1011,218891.044,6.95,2.8389,42774.375,55.48,8.1018,27413.509,1.92,8.1479,44563.595,5.41,8.1448,16961.655,1.22,8.0097,22997.514,3.27,,,,8.273,87620.562,25.83,8.2785,115954.51,0.5,,,,8.2853,330300.29,40.72,3.0085,100037.103,6.32,,,,8.3277,21001.427,1.1,,,,8.3853,40857.287,9.71,8.2267,12250.029,0.19,8.5085,219971.245,11.54,,,,,,,8.507,692031.073,22.83,8.5891,295987.787,79.41,2.9827,104143.109,73.03,8.6216,278226.606,19.98,8.5062,309210.009,58.23,8.6969,6104456.643,94.81,,,,8.7553,43346.223,2.31,8.7624,40023.995,2.1,8.8574,31404.882,5.51,8.8128,542676.524,53.11,8.9232,12077.904,7.19,8.2798,560118.481,17.8,8.8797,354838.754,38.03,2.9652,44209.131,25.92,9.014,16358.073,1.18,8.9327,67821.905,2.24,,,,9.0118,12194.021,0.84,8.9555,193926.123,35.23,9.0041,11769.994,3.71,9.0273,182033.699,33.07,,,,9.076,19094.467,1.02,9.0292,14056.986,29.02,3.1066,782683.715,91.54,9.2499,42466.601,2.23,9.0459,66097.287,35.29,9.188,245841.942,17.19,,,,,,,,,,9.4543,10360.9,7.67,9.267,65417.644,100,,,,9.0174,11658.891,1.12,3.1514,92726.18,48.21,9.2677,43113.124,3.1,9.0524,27887.409,2.76,9.3473,27668.695,8.12,9.485,13446.439,1.29,9.3975,112851.085,8.11,,,,9.4263,146877.949,34.9,9.36,23313.962,1.56,9.4862,33130.139,1.77,3.1834,16936.229,2.85,,,,3.2066,11584.33,3.4,,,,3.2706,85840.396,56.27,3.3728,262429.669,52.88,3.3784,23192.009,25.53,3.469,104894.493,7.22,3.4835,346679.128,17.68,3.5174,66381.104,56.82,3.5489,10357.21,28.84,3.6206,32337.173,2.65,3.6946,1386773.713,90.8,,,,,,,,,,3.9426,57750.364,66.84,3.9435,13326.724,12.55,,,,4.0562,14624.965,2.34,,,,4.0349,909436.684,62.61,4.0556,919203.197,85.67,4.0789,310312.218,60.12,,,,4.1566,107696.362,11.35,4.1809,24351.977,0.1,4.1964,29388.804,4.82,4.1745,277860.296,8.83,4.199,10411.367,3.41,4.2313,574976.163,69.43,4.3286,51471.3,8.24,4.3268,71154.529,5.83,4.3687,72810.516,5.21,,,,4.3854,11478.98,0.79,4.4935,273103.242,32.77,4.4305,550601.694,34.78,4.4287,77056.675,23.51,4.4825,208169.402,24.78,4.4657,215831.616,0.93,4.4763,53459.236,50.18,4.5728,221957.378,8.92,,,,,,,4.5675,310959.532,21.41,4.5738,10327.285,2.15,4.5975,513162.007,32.41,0.9171,17614.232,12.01,4.5637,52573.959,3.62,4.5944,107216.907,12.87,,,,4.6928,214225.99,4.53,4.7085,57753.692,23.63,,,,4.7492,159117.698,88.18,4.7427,411597.036,69.37,4.7972,1914490.607,40.47,,,,0.926,201015.885,53.63,4.8566,160687.609,7.64,4.8969,1856853.269,39.25,4.9351,100185.946,3.18,,,,,,,,,,5.0093,87819.13,14.06,,,,,,,5.1543,15599.322,2.5
53_2021_T_4n,,,,,,P1-A10,,1,,,,,,,,,,5.0342,61254.828,2.4,,,,,,,5.178,14244.472,10.44,5.2587,12613.271,0.67,,,,5.1901,23887.501,1.2,5.1882,42861.051,12.49,1.2964,257505.71,36.95,5.1946,116665.884,16.2,,,,5.1894,10852.13,5.7,,,,,,,5.3148,1098966.212,31.3,,,,,,,,,,1.6197,51516.304,5.09,,,,5.4409,21486.835,1.27,5.4323,554395.331,42.7,5.4428,518846.076,58.31,5.4534,12822.474,8.45,,,,5.3584,21173.682,0.31,,,,,,,5.5105,34269.493,1.83,,,,5.5662,295806.471,93.21,5.5876,11426.136,5.18,,,,5.6411,99822.712,1.8,5.7681,42769.025,22.47,5.7826,10005.919,0.37,5.6594,25817.215,23.5,5.6775,151886.929,13.19,5.6813,11457.042,1.16,,,,,,,5.7062,21733.61,4.05,,,,5.8937,11504.184,18.87,5.7034,13401.048,0.11,5.7846,58523.744,2.3,5.6773,85760.47,1.55,,,,5.9949,4465634.843,38.31,5.9339,584733.944,63.96,,,,5.9727,39777.82,5.13,6.0111,141359.489,18.81,,,,6.0422,92614.346,10.33,5.9975,1315179.673,23.74,6.0778,209097.432,20.67,,,,6.0832,263754.596,21.81,6.1113,13208.797,6.52,6.1586,183762.757,3.32,,,,6.1527,642747.2,9.36,,,,6.1886,36509.915,1.43,6.1888,160052.17,65.59,6.2456,79553.562,8.08,6.2393,102023.975,13.14,6.1818,10343.43,8.05,6.2879,437834.511,22.05,6.3273,71621.924,29.35,6.3494,18035.335,1.37,2.0083,19116.913,45.01,6.3317,18569.331,0.34,6.3931,634548.857,33.93,,,,6.6466,69656.908,33.81,,,,,,,6.5412,151916.709,1.3,,,,6.644,51579.783,1.89,6.7218,157552.499,1.94,2.1694,79352.279,17.56,6.5885,210842.224,3.47,,,,6.615,615644.221,31,,,,,,,,,,6.7121,1704203.687,14.62,6.7555,284215.96,21.28,6.7965,12436.206,7.02,,,,2.1667,101706.62,27.85,6.7512,594025.212,16.92,6.8197,38313.556,0.47,,,,6.8693,41416.734,17.69,6.8357,260504.513,7.42,6.886,26070.833,30.07,6.9163,107255.447,40.2,6.9167,102412.021,0.88,,,,6.9343,40353.892,2.03,,,,6.8648,21171.453,11.86,,,,6.9704,23885.467,32.79,6.9973,79548.34,25.16,7.0742,132592.441,23.81,,,,7.0592,28999.507,2.17,7.1267,209976.727,1.8,7.0786,10832.19,2.33,6.9826,14212.824,0.84,2.3755,27933.589,51.14,,,,7.1207,61147.725,11.39,7.1332,25896.318,9.71,7.2543,13860.79,0.25,7.1402,158064.284,5.8,7.2177,25555.421,12.4,,,,,,,,,,7.3828,27169.068,0.13,,,,7.423,18964.262,1.12,7.419,54590.388,0.9,7.2948,138546.218,18.44,7.47,409568.618,7.39,7.4284,49111.992,5.37,7.4086,192376.313,25.6,,,,7.4722,406825.306,82.27,,,,7.4674,58031.741,0.71,2.5439,254512.065,50.32,7.5932,16725.807,9.03,7.5205,32152.127,50.15,7.5267,16562.012,17.13,7.577,227479.171,3.74,,,,7.5519,100036.981,84.61,7.5808,85140.9,81.77,7.6369,10784.384,2.99,,,,7.7148,13664.63,0.17,2.8172,216330.184,34.04,7.7229,104589.982,27.12,,,,7.731,25592.527,0.13,,,,7.7913,3549825.273,95.79,7.875,247004.832,2.12,7.9265,71499.579,2.81,,,,7.9605,345822.452,5.68,7.9656,674690.147,35.98,,,,7.9597,217282.29,3.16,7.9559,15020.274,5.47,,,,8.0637,12458.096,0.46,7.8415,19475.656,3.63,8.0425,105976.563,42.36,8.0957,33809.108,1.09,8.0909,245390.352,2.11,7.9052,40217.16,16.07,8.1524,35172.551,0.58,,,,8.1353,11651.928,0.89,,,,8.1347,222441.543,3.24,8.2447,21887.347,4.84,8.2621,22782.755,0.33,8.2344,73156.875,2.99,,,,8.2916,266399.267,3.28,8.3919,52031.917,3.06,,,,8.3344,93911.185,50.69,8.2268,22792.554,0.11,8.3715,64487.243,100,8.3642,232086.618,43.89,8.4007,151123.432,10.32,8.4988,109461.328,0.54,8.7017,325628.264,31.1,8.4937,381545.841,22.45,8.4948,742765.328,29.15,8.5595,386948.762,75.42,2.9739,787970.795,90.58,8.6137,11158.445,1.08,8.5023,302307.757,73.61,8.6826,1302920.809,88.99,8.7261,10917245.17,99.6,8.7553,8156071.865,43.47,8.7215,15991587.96,79.32,8.808,23239.662,8.46,8.802,32964.691,28.83,8.7373,96706.818,15.71,8.2578,18235.423,0.3,8.7597,11265.626,2.92,2.9452,10009.511,10.35,8.8647,785164.232,11.43,8.8902,19288.133,0.76,8.9221,1351772.957,43.67,8.9124,2652956.777,22.76,8.9293,27793.755,3.86,,,,9.0301,17398.59,2.42,,,,9.095,91346.233,0.49,8.8532,47527.404,4.54,3.1161,15219.266,13.7,9.1709,58359.691,0.29,,,,9.3053,11817.765,0.9,,,,,,,9.3968,11924.739,14.19,9.2161,20016.918,31.76,9.2357,110201.618,46.93,,,,9.2586,291374.97,10.7,3.15,15883.259,19.02,9.2566,1486348.003,21.64,9.262,1990771.463,24.5,9.3432,31762.63,3.83,9.4064,1152819.162,42.33,9.4028,2016786.622,29.36,9.4047,3747999.641,46.12,9.4208,15765.367,2.98,9.5048,42999.183,3.34,9.4926,88278.269,0.47,,,,,,,3.1929,56073.043,6.75,3.2774,132423.899,10.95,3.2809,391663.553,68.53,3.3897,52733.64,27.44,3.3689,13530.731,5.11,3.4539,96371.793,7.22,3.4869,72894.069,7.2,3.5168,36000.412,24.21,3.5481,15265.285,16.46,,,,3.7108,169102.444,23.13,,,,3.84,57449.736,5.43,,,,3.9285,222357.644,59.83,3.9267,78015.542,85.91,,,,3.983,79507.165,8.87,,,,4.032,52618.783,0.45,,,,4.0723,351381.67,47.34,4.0972,1173321.215,97.71,4.1559,164036.16,14.25,,,,,,,,,,,,,4.229,152234.286,77.23,4.301,58947.691,6.58,4.3115,29463.056,2.78,4.3625,436955.794,23.36,,,,4.3952,19561.816,0.17,,,,4.4268,13743.602,0.73,4.4325,31405.361,8.7,,,,,,,,,,4.5654,196407.527,5.59,,,,,,,4.6192,28483.006,2.13,4.633,18315.199,0.33,,,,0.9118,31972.185,15.13,4.6232,11553.363,0.1,,,,4.6738,57828.111,8.03,4.6874,35461.973,2.09,4.7043,61593.511,24.75,,,,,,,,,,4.7919,800228.709,47.24,,,,0.9273,53661.301,25.17,,,,4.8963,677902.769,40.02,4.8251,12115.687,0.2,4.8783,79741.47,4.25,,,,,,,5.009,281890.138,31.45,4.99,14595.725,8.18,5.1839,30786.59,1.13,5.1461,118703.079,13.24
54_2012_T_4n,,,,,,P2-A11,,1,,,,,,,,,,5.0486,35133.446,1.38,4.9775,68983.112,0.71,,,,5.1332,16515.962,7.23,5.1358,10244.063,0.53,,,,,,,5.1703,100457.105,34.62,1.303,16095.757,3.03,5.1996,579456.957,50.35,,,,5.1533,28720.492,4.33,5.2636,13074.237,0.24,5.2653,13532.673,0.52,5.3205,880398.613,20.52,,,,,,,,,,1.6649,14280.858,0.75,,,,5.4326,116438.837,4.5,5.4393,216776.103,16.06,5.4399,227088.044,32.23,,,,5.5066,468456.397,88.78,5.5026,131489.534,1.19,,,,,,,5.5199,35344.99,1.81,,,,5.5821,324813.241,72.92,,,,,,,5.6434,61147.163,1.08,5.7834,24242.03,3.66,5.5085,144431.161,2.58,5.5595,10704.986,0.41,5.689,546583.476,28.59,5.6897,94093.318,8.11,,,,,,,5.6869,79365.367,8.16,,,,,,,5.7933,146160.856,1.51,5.8077,122854.193,4.84,5.79,55837.713,0.98,5.8356,98045.582,100,6.0075,2302844.705,23.81,5.9496,304916.015,21.92,,,,5.9937,89745.848,5.88,6.0256,223348.68,15.57,,,,6.0526,76287.143,4.95,6.0972,11425.871,0.2,6.0834,412572.747,21.74,,,,6.1997,17004.179,1.84,6.1845,229052.609,30.04,6.1814,52200.875,0.92,1.9756,60074.115,3.08,6.1633,1681671.2,15.16,6.1526,15648.59,6.41,6.2058,59696.887,2.35,6.1952,152355.505,43.17,6.2486,135262.291,11.66,6.2624,83894.451,5.5,6.3478,12917.219,53.78,6.2961,334036.71,19.24,6.3407,200555.439,56.83,6.3634,185161.357,5.48,,,,6.3468,26522.804,0.47,6.4056,1168009.785,55.01,,,,,,,,,,6.5328,12329.558,1.86,6.5448,312568.121,3.23,6.5874,267265.708,50.65,6.6012,2760632.651,49.3,6.5985,1730580.881,18.56,2.1696,191157.82,32.44,6.6002,57668.721,1.05,,,,6.6386,827108.031,47.63,,,,,,,,,,6.7283,985705.013,10.19,6.7191,267727.931,12.96,6.7324,21581.446,3.47,6.768,23754.963,3.58,2.1856,93070.469,18.46,6.7585,594952.379,13.87,6.8295,203930.714,2.19,,,,6.8871,25146.054,17.03,6.8615,739119.488,17.23,6.8783,70091.033,48.78,6.9392,115603.678,47.6,6.9252,346538.41,3.58,,,,6.9447,16621.325,0.96,,,,6.8662,13606.55,5.77,6.9895,30458.98,0.89,,,,7.0261,104493.477,38.94,7.0793,12624.622,1.92,,,,7.0781,70332.752,3.41,7.1429,39617.338,0.41,7.0944,73493.487,25.99,,,,2.4084,35540.348,20.11,,,,7.1401,74611.908,7.67,7.149,84068.451,34.61,7.2906,39629.546,0.7,7.1632,53553.331,0.96,7.245,43872.868,8.32,7.1271,11029.672,0.43,,,,,,,7.4028,39441.5,0.28,2.3739,29605.02,1.52,,,,7.4864,48485.079,0.88,7.3761,101666.213,7.09,7.359,10976.879,0.19,7.4664,37580.39,2.7,7.4306,248546.448,17.33,7.4386,119586.146,4.62,7.4888,244425.68,55.97,7.6887,13859.82,20.04,7.4808,41627.073,0.45,2.5566,134452.57,30.27,,,,7.5313,44060.439,55.37,7.5443,16815.162,11.62,7.5896,102793.379,1.87,7.603,87497.843,0.94,7.5718,68926.412,24.85,7.6043,13343.939,14.97,7.649,11199.958,3.77,,,,7.7088,29521.872,0.32,2.807,20269.98,9.26,7.732,23034.785,3.1,7.7378,26655.849,1.03,7.7497,35710.071,0.25,,,,7.8076,3992886.607,95.33,7.8964,157246.927,1.63,7.933,33611.767,1.32,7.9919,30246.926,100,7.975,551168.016,10.05,7.9782,157223.774,8.06,,,,7.9704,103850.846,0.94,7.9833,11948.474,2.62,8.0877,10733.281,0.41,7.974,29114.425,0.52,7.992,10976.223,1.13,8.0597,40067.06,17.24,8.0731,67523.654,6.8,8.1024,207237.858,2.14,7.9278,34330.339,14.77,8.0771,67613.724,1.23,2.8526,74415.899,26.92,8.0539,37663.903,1.11,,,,8.1382,96296.957,0.87,8.2489,116980.076,19.85,8.3743,51415.946,0.46,8.242,88576.924,5,8.2716,17552.161,0.68,8.3011,87046.773,0.93,8.2482,14810.764,2.11,2.9837,22568.553,1.16,8.3504,14191.926,7.54,8.5052,48523.691,0.34,8.3873,48388.95,100,8.3808,346267.333,53.31,8.4119,30068.039,1.02,8.4731,63903.894,0.45,8.7341,187958.355,30.32,8.5081,87376.393,12.47,8.4951,275622.602,10.85,8.5704,595406.396,77.42,,,,8.6291,681583.749,30.28,8.5109,105250.973,50.64,8.7024,2772513.487,94.41,8.7431,4964824.501,93.33,8.7567,8555957.742,78.18,8.7415,9615439.643,67.7,8.8572,20297.045,4.45,8.823,206010.521,72.47,8.7396,138240.109,30.21,,,,8.8859,696949.803,93.73,2.9718,69082.318,47.73,8.8801,826081.066,7.45,8.8936,163107.583,6.42,8.9313,222925.687,22.45,8.9303,826256.363,8.54,8.9549,124140.172,10.79,,,,9.0343,126014.289,10.95,,,,9.1143,17183.192,0.16,8.8682,13591.19,2.19,,,,9.2274,27590.752,0.19,9.2241,10614.118,15.89,9.2023,26204.275,0.78,9.2021,30838.102,40.14,,,,,,,9.2236,13922.021,36.74,9.2718,448170.523,34.11,9.2751,123526.161,33.77,9.2705,267703.98,4.78,,,,9.2694,1363606.247,12.29,9.2734,1616833.315,17.34,9.3593,153578.718,13.15,9.4185,1037483.487,18.53,9.4158,2076591.543,18.72,9.4149,3299441.099,35.38,9.4324,19049.766,2.93,9.5373,91734.185,4.68,9.489,18093.516,0.17,,,,,,,3.2061,19538.684,1.67,3.2903,685857.24,74.12,3.3025,363798.946,31.77,3.3858,82208.528,42.55,3.3949,101754.246,22.3,3.4902,17079.218,0.83,3.4805,648026.558,34.15,3.5355,33332.101,20.34,3.557,17302.122,24.92,3.6118,60914.268,3.1,3.701,1520795.124,95.02,,,,,,,,,,,,,,,,3.9727,386321.756,58.3,3.9907,148819.601,9.65,,,,4.0441,179730.765,1.86,,,,4.087,341078.057,62.86,4.1107,375647.669,91.2,4.1583,515442.795,26.96,4.1345,21860.843,0.84,4.1866,22242.468,3.36,4.1716,61779.973,1.13,4.1271,11985.3,7.12,4.2481,1949885.842,93.89,4.3263,159757.105,10.36,4.31,79641.685,4.06,4.3685,52228.167,2.46,4.3997,2144115.378,68.6,4.3946,1971654.834,20.38,4.4976,64303.583,4.62,4.4461,42529.118,2.18,4.4523,12878.577,4.34,,,,4.4916,14055.535,0.54,,,,4.5689,280871.535,6.55,,,,,,,4.5707,324331.9,15.7,4.6287,1433127.385,25.25,4.6042,47838.673,2.45,0.9106,11922.54,6.53,4.629,1038849.653,10.74,,,,4.6769,153208.569,13.31,4.6946,45191.411,1.75,4.7121,154423.688,65.55,,,,,,,,,,4.7962,1147512.789,44.34,,,,,,,,,,4.9072,1038111.968,40.12,4.9746,87000.963,1.59,4.9745,542073.602,27.78,4.9343,31020.017,15.47,,,,5.0186,801822.546,52.01,,,,,,,5.1457,42679.102,2.77
56_2021_W_4n,,,,,,P1-B9,,1,,,,,,,,,,5.048,23066.296,1.25,5.0625,245223.27,5.85,,,,5.1214,129016.842,34.81,5.1533,47546.971,0.95,5.1729,10451.264,30.33,,,,5.1577,206401.815,38.41,1.3048,275947.936,39.24,,,,,,,5.1981,73151.145,8.52,5.2563,3630513.071,50.09,5.3345,36361.094,2.99,5.3097,43591.259,2.43,,,,5.3666,1718500.915,40.97,,,,1.6415,119722.046,7.03,,,,5.4236,224546.716,5.42,5.4316,277689.117,25.66,5.4355,289451.524,34.67,,,,,,,5.4298,22466.786,0.37,,,,5.3714,89354.882,27.95,5.5318,1256524.601,25.11,1.6405,133061.743,36.46,5.571,317730.774,82.99,5.5021,76340.835,27.01,,,,5.5283,64719.879,1.95,5.6821,28220.198,3.29,5.6811,11618.76,0.14,5.6243,105586.404,8.69,5.6785,266162.781,16.54,5.6799,45235.56,5.44,,,,1.7149,359745.489,76.21,5.6868,20033.125,1.26,5.6708,28756.293,18.59,,,,5.8033,27952.393,0.67,5.7918,88175.908,4.78,5.8089,240449.622,7.23,5.8266,72503.296,100,5.9929,20102.844,0.48,5.9198,32630.511,0.75,,,,5.9864,24123.238,3.61,6.0126,122865.965,10.55,,,,6.0353,146357.533,11.06,6.049,197205.248,5.93,6.0807,229673.737,13.48,6.0218,10535.358,0.38,6.0952,30067.298,4.61,6.125,77241.318,8.05,6.1271,373372.93,11.22,,,,6.1536,57468.159,0.94,,,,6.2008,76935.897,4.17,,,,6.32,10633.158,1.28,6.2884,13763.402,2.06,6.2848,13893.095,18.38,6.2939,190511.142,8.58,6.3333,207176.47,94.85,6.3501,23478.492,1.03,2.0212,51321.25,22.29,6.3759,402755.061,12.11,6.3975,1369224.53,62.76,,,,6.4909,325398.888,65.61,6.3089,13383.27,6.77,6.615,184190.917,21.46,,,,6.5571,26057.632,5.24,6.5055,127095.343,1.48,,,,2.1556,306927.83,36.01,6.5598,10570.605,0.15,6.7237,10610.585,6.86,6.6264,1546823.128,69.68,,,,,,,,,,,,,6.7097,54006.688,7.17,6.8264,356110.684,29.04,,,,2.1439,340437.387,39.34,6.7491,12958.622,0.72,6.831,1575604.612,20.44,,,,6.7793,16492.482,9.67,6.8611,203314.018,11.32,6.8876,11840.16,34.58,6.9235,90020.202,34.97,,,,,,,6.9436,61653.645,2.78,,,,6.976,14493.814,0.99,6.9809,19593.44,0.87,6.9784,15445.73,13.1,7.0112,36904.754,28.6,7.0811,24411.883,5.4,,,,,,,7.0878,60084.189,1.43,7.0752,11489.361,20.51,7.1101,462431.305,19.89,2.3805,39567.023,31.77,,,,7.2893,234308.133,14.71,7.141,119831.44,46.55,7.1074,83310.558,2.5,7.155,19972.009,0.23,7.226,41423.971,8.35,7.3102,29914.957,2.46,7.0618,10600.783,9.6,,,,7.3514,12466.287,0.26,,,,7.3767,12152.397,0.52,7.3543,25143.733,0.35,7.2958,440726.726,37.83,,,,,,,7.4262,346898.216,29.78,7.4412,330392.941,27.18,,,,,,,,,,2.5399,265201.662,90.6,,,,7.5428,57560.142,31.41,7.535,20847.235,13.77,,,,7.5902,3567695.851,46.28,7.564,24230.984,8.05,,,,7.8509,10700.485,1.67,,,,,,,2.8029,53709.535,24.63,7.7292,67027.965,10.34,7.9372,11460.878,0.94,7.7467,249202.579,5.24,,,,7.8031,3557377.301,97.08,,,,7.934,52165.557,2.83,7.9838,31781.751,100,7.8474,101084.523,1.39,8.1656,14934.657,0.3,,,,8.0552,26863.566,0.44,8.04,33533.779,3.98,8.0363,32736.345,2.69,8.0527,39127.411,0.46,8.0499,12501.544,0.78,7.9159,26304.361,3.45,8.0674,56598.215,3.26,8.0235,11033.393,0.26,8.1531,87884.035,11.54,8.0966,30671.094,0.42,2.8383,13216.452,32.05,8.1372,47417.862,2.09,8.271,37528.226,2.36,8.1473,19750.921,0.32,8.3746,43955.955,5.16,8.2527,15480.112,0.25,,,,8.3189,10081.178,0.83,8.204,10053.49,0.13,,,,,,,,,,8.3032,20075.162,0.42,,,,8.3744,68320.613,7.11,8.405,28080.657,1.17,8.4775,493970.618,10.39,8.4756,990280.969,35.82,,,,8.4947,686316.524,37.18,8.571,83615.357,38.2,2.9925,74540.381,24.26,8.622,300745.402,17.32,8.4994,225693.854,41.47,8.7006,2326365.381,97.1,8.809,25998.959,14.8,8.7528,43410.237,1,8.7534,10602.893,0.22,8.7291,31491.733,3.74,8.8147,326153.308,64.62,8.7281,15831.773,2.02,8.2537,24992.535,0.34,8.88,403093.074,62.18,2.964,46159.714,30.5,,,,8.893,93812.072,5.08,8.9202,20192.74,1.16,9.0314,16131.326,0.38,8.9558,55487.9,4.96,,,,9.0296,71180.352,6.36,9.2503,14992.551,9.08,9.1513,29397.266,0.68,9.0943,524231.324,18.96,,,,9.1104,150230.706,3.16,9.0959,21703.648,17.46,9.2015,238206.401,10.48,9.2033,251815.626,68.63,9.2052,137241.549,89.69,9.102,37394.895,10.19,,,,9.267,664664.001,37.65,9.2718,359671.321,77.39,9.3088,649321.444,7.57,3.1533,241328.52,100,9.272,312847.251,5.1,,,,9.3528,12132.294,1.38,9.3945,360639.238,4.21,9.3878,512484.412,8.35,,,,,,,9.7151,80224.769,7.87,9.484,76660.939,1.77,,,,,,,3.197,100732.268,11.42,3.2869,307085.946,47.09,3.2826,590699.987,89.65,3.3665,357937.871,41.83,3.3606,130262.4,51.26,3.4862,40937.208,5.44,3.4822,359126.821,21.08,3.52,74742.729,32.86,3.5373,71975.722,28.81,3.6212,25293.468,1.51,3.6908,1343971.758,90.35,,,,,,,,,,3.9419,11773.167,4,,,,,,,3.9956,215709.43,16.29,,,,4.0379,175208.28,4.18,4.0539,50844.971,14.91,4.0797,127513.988,32.3,,,,4.1514,290182.861,18.03,4.1837,54118.767,4.45,4.1832,67123.342,7.82,4.178,23236.273,0.32,4.2024,301725.378,64.07,4.23,658587.978,85.45,4.3139,82226.544,6.21,4.3156,63911.498,3.81,4.3745,171493.26,7.86,,,,4.3063,74658.877,1.78,4.486,25631.272,0.59,4.4299,51015.577,1.02,4.4244,138944.29,21.68,,,,,,,,,,4.578,38396.991,2.14,,,,4.5964,124429.107,43.4,4.5761,36939.083,4.91,4.5685,61842.012,1.86,4.5981,21949.662,0.44,0.9312,19440.023,7.59,4.5733,121273.566,2.89,4.7072,37222.674,0.86,4.664,838490.637,74.97,4.6962,197636.381,4.77,4.708,45403.688,32.95,4.8283,25881.409,0.6,,,,4.7454,12151.85,4.3,4.7885,1701998.941,41.08,,,,0.9251,57621.416,38.67,,,,4.8976,1559559.506,37.64,4.9275,15142.366,0.21,4.8297,1549746.939,30.97,5.0805,43775.563,15.49,5.1774,10559.631,20.68,5.0057,387947.086,29.3,,,,,,,5.126,12557.557,0.95
63_2021_W_4n,,,,,,P1-D7,,1,,,,,,,5.1117,10718.853,9.17,5.0421,55126.635,0.84,,,,5.1341,410576.854,22.59,5.1783,13307.696,2.23,,,,,,,5.2036,18734.983,0.78,5.1983,94091.105,15.11,1.2915,453706.388,28.81,5.1411,27035.889,4.45,,,,,,,5.2467,13673.791,0.9,5.3587,12063.223,1.43,5.3124,1025101.758,18.28,,,,,,,5.2677,11622.143,15.54,1.6396,93290.034,4.67,5.3958,707607.925,35.66,5.4275,222119.736,5.33,5.4993,569398.891,15.19,5.4439,125641.124,18.13,,,,,,,5.5079,702974.931,20.56,5.5113,604442.311,22.46,,,,,,,1.6326,61673.367,40.85,5.5757,376575.015,83.79,,,,,,,5.6493,13527.642,3.08,,,,5.6439,1248179.968,26.85,5.5602,11612.205,1.37,5.6948,74890.399,6.78,5.7099,15377.128,0.66,5.621,11299.918,11.18,,,,5.7201,283840.081,14.67,,,,5.7688,461535.733,78.07,,,,5.7946,142054.362,2.18,5.6629,10791.369,2.45,5.8259,21758.929,100,,,,,,,,,,5.9821,172104.837,7.8,6.0155,182780.511,9.06,,,,6.0345,73005.18,6.26,,,,6.0753,346475.243,17.34,6.116,304082.821,11.2,6.0937,23157.211,7.42,,,,,,,,,,6.1998,26967.743,0.79,,,,6.1883,313248,4.8,6.1868,326710.991,95.17,6.2359,407003.202,17.53,6.2386,363959.326,16.48,6.1895,19137.263,100,6.2876,1164178.646,48.4,,,,,,,2.0163,21842.627,33.41,6.3079,16841.915,3.83,6.3986,1434063.539,52.64,,,,,,,,,,,,,,,,,,,6.6049,23043.578,0.5,,,,2.1722,189727.471,29.48,6.7089,16060.17,1.06,,,,6.6198,523558.833,21.76,,,,6.6941,16735.486,0.84,6.8618,17080.625,40.27,,,,6.7501,451873.644,15,6.8062,24415.332,14.45,,,,2.1608,225364.9,45.91,6.7623,1165713.642,20.78,,,,,,,6.8743,362735.767,73.07,6.9233,31057.021,0.55,6.8729,208292.71,36.6,6.9321,552400.378,82.47,,,,,,,6.9425,14136.121,0.59,,,,6.8657,79498.895,15.76,6.987,26737.247,33.35,,,,7.0158,23684.35,20.3,6.9972,18040.294,4.65,,,,7.0746,241779.333,8.03,7.2581,10245.95,5.63,7.0855,164566.001,63.02,,,,2.3971,14073.425,5.66,7.1244,145896.169,8.03,7.1357,164935.375,8.53,7.149,24801.022,3.7,7.2602,19032.287,4.33,7.1468,157340.323,3.39,,,,7.2542,16154.555,1.91,7.1942,23515.885,16.68,,,,7.3481,265175.257,5.05,,,,,,,7.2513,11791.117,0.78,7.2988,271786.281,13.48,,,,7.5684,10772.488,4.89,7.418,804652.874,39.9,7.4353,28655.438,3.39,7.5487,18794.159,10.26,,,,,,,2.5453,303815.984,82.31,,,,7.5273,24102.99,35.15,7.5502,61477.792,18.9,7.583,16163.287,1.07,,,,7.5597,82554.13,47.71,,,,7.6438,19263.327,5.54,,,,,,,2.8087,24179.461,14.13,7.7296,87217.532,9.33,7.7155,13968.05,1.65,7.7423,45218.66,0.86,,,,7.7998,3672224.45,96.85,,,,7.9243,290292.31,4.45,7.9887,180126.246,76.8,,,,8.1625,20469.402,14.74,,,,8.0464,12191.061,0.36,7.9367,31929.852,1.5,,,,7.9401,87499.727,1.88,7.958,10263.732,0.53,8.0405,65844.842,11.06,8.0706,186270.313,77.7,,,,8.1246,11618.48,1.95,,,,,,,8.3096,10511.938,1.66,8.1454,48628.029,2.51,8.1479,14113.649,0.41,,,,8.2603,139719.539,4.09,8.2389,25258.361,8.99,8.2593,11339.079,1.34,,,,8.3296,16900.641,37.22,,,,8.4934,10823.311,26.07,8.3707,1534411.371,29.25,,,,8.3754,127337.167,47.08,8.4085,363074.733,5.91,8.4722,1252509.294,23.87,8.4715,174889.617,6.44,,,,8.5072,1832966.358,28.07,8.5754,603029.106,97.07,2.9837,147994.484,100,8.6248,281779.487,26.29,8.5922,91319.579,8.54,8.7016,5757225.159,93.64,,,,8.7566,49338.969,6.72,8.7155,264864.667,5.05,8.8075,481188.545,22.67,8.8136,356392.76,43.85,8.8629,991800.52,43.99,8.3185,10129.472,0.67,8.8792,696318.164,74.51,2.9518,54640.772,16.8,8.9155,63878.202,1.87,8.9368,210711.422,3.23,9.008,12836.405,5.35,8.9353,21975.674,12.09,8.9525,90142.881,14.84,,,,9.0317,127965.959,21.07,9.0485,31337.924,8.98,,,,9.1124,244164.879,8.99,3.1083,127290.749,49.79,9.1154,98021.56,1.87,,,,,,,,,,,,,,,,9.2224,407063.291,79.73,,,,,,,,,,3.1553,175396.582,39.96,9.1877,10980.494,0.32,,,,9.3563,19676.623,2.25,9.5313,23864.949,0.51,9.519,36429.43,1.07,,,,9.4306,43250.8,15.99,9.4586,309913.164,62.74,9.4797,20424.052,2.78,,,,,,,,,,3.2849,189032.749,60.56,3.2784,315032.305,55.21,3.4141,120860.122,24.84,3.3676,58754.962,17.31,3.5119,11680.196,0.39,3.4775,128037.344,6.41,3.5218,54656.338,34.13,,,,3.6152,98797.801,5.17,3.6962,997078.273,90.24,,,,3.847,21544.878,1.13,,,,,,,3.9344,151462.273,75.22,,,,4.0463,46222.003,3.97,,,,,,,4.0442,13482.597,4.2,4.0819,137552.083,21.43,,,,4.166,122274.846,11.06,,,,,,,,,,4.1309,182300.319,27.66,4.2361,418918.729,71.59,4.336,87108.761,7.47,4.316,233032.838,12.2,4.3699,69476.511,2.55,,,,,,,,,,,,,4.4577,11904.073,3.42,,,,4.6046,11627.641,1.38,,,,4.5724,472189.101,8.42,,,,,,,4.5702,655359.405,21.75,,,,4.7058,28740.128,20.7,0.8979,16430.038,7.55,,,,,,,,,,4.6948,68588.471,1.65,4.7109,131715.665,40.98,,,,,,,,,,4.7969,1697359.424,40.71,,,,0.9321,84437.212,38.98,,,,4.8984,1729631.52,41.49,,,,,,,,,,5.0096,40237.289,33.55,5.0126,11848.385,1.02,5.0028,25932.486,5.14,5.0176,957581.231,20.6,5.1561,17892.65,1.54
6_2021_V_4n,,,,,,P1-C11,,1,,,,,,,,,,5.0533,63973.011,5.54,,,,,,,5.1516,14927.056,3.99,,,,,,,,,,,,,,,,,,,5.2025,13396.462,100,5.2126,224718.346,2.31,5.2442,20313.001,0.21,5.3066,19048.389,0.32,5.3601,68113.904,13.11,,,,5.2512,37590.188,8.06,5.3465,425227.6,13.14,1.6372,58664.891,11.19,,,,5.428,60743.338,3.34,5.3511,12720.079,6.96,,,,5.5279,16548.287,0.57,,,,,,,,,,,,,,,,1.6667,26223.23,4.07,5.5743,364120.424,97.2,5.6019,37394.214,1.16,5.5341,29960.991,5.02,5.6866,11085.507,1.11,5.6388,461111.593,4.75,,,,5.6954,74150.952,1.23,,,,,,,5.6847,17115.626,61.68,,,,,,,5.5952,15170.527,0.52,,,,,,,5.9514,32399.989,2.81,,,,5.8319,25093.004,26.55,5.9404,11885.92,2.55,,,,,,,,,,,,,6.0209,20373.544,0.21,,,,,,,,,,,,,6.1029,20066.845,9.23,,,,,,,,,,6.1611,53870.326,0.41,,,,6.2802,11896.444,1.03,,,,6.3588,18535.506,2.22,6.2213,14620.139,7.09,,,,,,,,,,6.3513,1888220.615,15.2,1.9868,171483.807,34.24,6.3457,123416.174,12.38,,,,,,,,,,,,,6.5063,241285.803,2.49,6.5412,19506.164,4.18,,,,,,,,,,2.1621,260725.561,42.87,6.5301,64230.67,0.67,6.7336,10520.736,0.36,,,,,,,,,,6.7633,53662.704,4.35,6.7731,18364.499,3.94,6.8049,10997.491,3.46,,,,6.7576,713173.567,7.35,2.1703,281140.999,39.98,,,,6.8319,15566.08,6.58,6.9433,58364.896,2.01,,,,,,,6.7644,16742.491,39.84,7.0025,23145.863,35.6,,,,,,,,,,2.3477,10773.924,1,,,,,,,,,,,,,7.0848,81379.262,32.72,7.0639,1247014.172,43.04,6.9256,39331.265,12.38,,,,,,,7.1063,765774.678,11.19,,,,,,,7.0478,22163.833,5.23,7.2247,10699.432,16.46,7.1059,129246.586,12.96,7.0783,23770.049,4.41,7.111,12973.248,2.12,7.2265,282069.33,4.68,,,,7.2295,334991.048,3.45,7.2981,10569.475,1.01,,,,7.3847,773673.944,11.31,7.3674,695817,7.29,7.3084,46140.807,19.95,7.3806,111041.451,11.14,7.4041,1995079.707,23.8,,,,7.4471,30137.991,0.5,,,,7.4802,50130.448,22.11,,,,2.5883,32796.101,4.32,7.5566,15201.241,4.07,,,,,,,7.4876,36445.629,0.38,7.5997,13114.099,4.72,7.5655,84657.563,5.27,,,,,,,7.7454,28799.73,3.48,7.801,24282.68,8.73,2.8193,17150.217,25.82,7.7357,47140.538,19.32,7.737,412404.22,6.84,7.7504,12748.573,1.21,,,,7.804,4728277.606,93,,,,7.9321,102319.145,8.86,7.9923,12372.366,100,7.9118,35151.784,0.37,,,,,,,8.0176,127287.048,0.96,7.9674,11497.234,1.7,8.0361,24282.305,0.4,8.0124,118661.809,22.04,7.8222,11758.024,2.78,,,,8.0806,12992.314,6.81,,,,,,,8.1188,6013647.84,63.05,2.8669,22741.46,50.25,8.1175,5331151.761,42.9,8.1023,72983.373,17.23,8.111,56364.44,0.43,,,,8.3966,12632.308,0.1,8.225,125726.559,7.92,8.2681,10978.607,0.18,8.1314,10624.057,3.82,8.2477,179209.82,2.62,2.9685,92960.697,28.53,8.1247,134174.476,35.95,8.4034,12585.721,1.2,,,,8.3686,249819.471,89.87,8.4149,939953.9,34.44,8.4554,11601.412,1.1,,,,8.4397,64349.498,0.94,8.4794,34528.285,2.99,8.5723,168287.554,38.42,2.9773,284636.614,100,8.6301,140933.841,33.66,8.6771,16614.439,0.94,8.6949,1741353.621,63.8,,,,8.76,16052.722,1.51,8.7621,33142.608,3.16,8.9217,22242.362,3.29,8.8153,103626.584,26.34,,,,8.5253,27648.275,0.29,8.8861,126277.197,51.76,,,,,,,8.9405,62326.212,5.4,,,,,,,,,,,,,,,,,,,9.0835,53639.759,5.04,,,,,,,9.2839,12891.09,1.23,,,,9.1987,1209364.036,9.73,9.2,1512772.021,84.32,9.2038,2439217.808,99.58,9.3218,30481.085,1.7,9.2286,105631.993,89.54,9.2745,68339.434,11.95,9.272,10434.402,100,,,,3.1494,190151.296,77.62,9.2756,45838.802,0.35,,,,9.3536,25948.636,2.47,,,,9.2058,11260.397,0.09,,,,,,,9.2102,109381.897,9.29,9.3656,17396.07,1.63,,,,,,,3.2133,18862.044,1.79,3.2852,92046.782,42.36,3.2767,295299.14,100,3.3797,30233.192,1.83,,,,3.4663,44667.993,14.06,3.4735,247323.605,47.18,3.5236,19819.887,100,3.5491,18873.424,9.24,,,,3.7002,757276.319,96.19,3.7286,20574.553,8.15,,,,,,,,,,,,,4.0047,1831996.887,18.87,,,,4.0778,12866.869,1.19,4.0017,10950.937,2.35,4.0586,102013.258,38.13,4.0814,912494.956,72.72,,,,,,,4.2179,313590.606,5.2,4.2225,1184406.329,12.2,,,,,,,4.233,358369.973,76.49,,,,4.409,135746.178,14.61,4.3737,157664.246,48.01,,,,,,,4.4018,715566.003,8.54,4.4767,10385.933,3.19,4.4328,68093.806,86.01,4.4861,374059.42,34.6,4.4819,30891.764,0.51,4.4229,71332.902,3.92,4.4876,19283.323,3.71,4.6053,27276.962,0.84,,,,,,,4.6326,17596.864,1.76,4.4947,20219.993,6.21,0.9207,61830.197,100,4.6375,15545.188,3.33,4.679,191682.467,2.29,,,,4.6815,34880.914,1.92,4.7093,72709.679,40.19,4.7228,682641.272,8.14,,,,4.7542,74657.708,2.31,4.7967,812911.573,44.64,4.9543,10482.194,4.23,0.9365,40988.35,21.63,4.9811,16544.687,0.57,4.9063,753200.86,41.36,4.8565,85223.261,0.89,4.9642,14207.165,4.36,4.9827,427032.196,13.2,,,,,,,,,,,,,,,
70_2021_W_4n,,,,,,P1-A1,,1,,1.2742,14286.476,,6.94,,,,,5.0487,23953.083,0.9,,,,5.15,88450.067,10.76,5.1634,12109.627,7.16,,,,,,,5.2097,21270.812,2.09,5.2016,41793.353,11.32,1.3006,97733.941,22.43,5.1591,17449.684,5.51,,,,,,,5.143,31026.206,3.4,,,,5.3204,478778.635,22.7,,,,,,,,,,1.6385,25397.685,2.59,5.4058,502511.994,40.25,5.4432,96006.114,3.7,5.4588,328769.792,19.99,5.4638,537026.264,63.53,,,,,,,5.5133,473754.917,23.43,5.5081,463005.45,43.31,5.3771,10728.234,100,,,,1.6525,23164.68,35.39,5.588,315755.38,79.66,,,,,,,5.619,17499.053,5.4,,,,5.6626,319412.714,12.19,,,,5.6901,93278.458,18.7,5.8087,11331.101,1.94,,,,,,,,,,,,,5.7726,23031.684,69.42,,,,5.8029,185663.485,6.98,,,,,,,,,,,,,,,,5.9902,255764.417,34.46,6.0258,112802.492,15.34,,,,6.045,124219.401,8.8,,,,6.094,195781.74,20,6.1156,82564.879,8.59,6.1083,129169.745,19.1,,,,,,,,,,6.2857,26848.692,1.33,,,,6.2013,58604.095,2.2,6.1951,111005.644,87.46,6.2503,112999.991,19.39,6.267,36227.233,4.88,6.2032,10587.165,9.95,6.3054,353433.7,34.72,,,,,,,2.0217,28526.348,42.61,6.5331,20220.833,6.23,6.4087,806824.639,44.94,,,,,,,,,,,,,,,,,,,6.6124,10280.698,0.39,,,,2.1672,16989.22,5.33,,,,,,,6.635,246394.509,24.2,,,,6.6961,25042.184,2.01,,,,,,,6.7655,205754.474,11.01,,,,,,,2.1713,51437.442,37.98,6.7654,373869.92,17.73,,,,,,,6.8816,62311.032,40.49,6.8529,83011.921,3.94,6.8753,50685.331,28.94,6.9317,80863.234,87.71,,,,,,,6.9494,28829.738,2.83,,,,6.8837,13706.484,11.5,6.9915,81669.359,65.54,,,,,,,,,,,,,7.0935,15228.208,0.81,7.103,14714.316,9.63,7.0874,101645.482,81.64,,,,2.3793,34059.146,74.81,7.1325,30897.607,3.76,7.142,67806.845,21.16,,,,7.2592,10721.035,3.31,7.1547,80593.088,3.08,,,,,,,,,,,,,7.3538,215087.201,11.79,,,,,,,,,,7.308,118137.039,16.07,,,,7.5675,24945.429,8.28,7.4216,138608.568,18.85,7.4463,139344.534,28.29,,,,,,,,,,2.5547,78651.488,38.32,,,,,,,,,,7.5917,21458.134,2.35,,,,7.5771,102697.059,75.44,,,,,,,,,,7.8619,17249.244,22.02,2.8418,301769.24,68.78,7.7333,13804.173,11.41,,,,7.7441,26149.468,1.43,,,,7.8132,944643.875,95.87,,,,7.9293,98754.562,3.71,7.989,33509.42,100,7.8246,11142.454,1.22,8.1676,12641.758,10.57,,,,7.8538,115650.368,5.72,7.9801,21093.757,6.54,,,,7.8581,36652.245,1.4,7.8609,27504.703,8.58,8.058,96862.205,49.97,,,,,,,7.9244,28111.928,14.5,,,,,,,,,,,,,,,,,,,8.2527,408079.796,20.18,8.2609,100040.044,55.74,8.2617,27398.798,5.56,8.2518,34009.844,43.42,8.3255,10945.159,100,,,,,,,8.3808,901121.944,49.38,,,,8.3881,117502.108,44.88,8.4211,194469.484,2.6,8.482,24821.487,1.36,8.4888,18215.415,1.9,,,,8.5157,194370.192,7.31,8.5822,1481720.764,98.91,2.9982,139883.606,60.74,8.6287,99078.58,32.44,8.5138,135369.107,60.86,8.7067,7164602.159,95.97,,,,8.7558,15178.72,3.65,8.6454,12215.23,0.67,8.8175,31108.713,9.65,8.8222,305386.485,58.92,8.875,267730.345,57.8,8.3763,11482.827,1.26,8.8852,107192.569,88.59,2.9655,47830.05,30.69,8.9022,31806.207,1.57,8.9453,12676.012,0.48,,,,8.8595,23348.692,15.28,8.9679,75782.626,23.92,,,,9.037,78384.289,24.74,8.9428,18980.723,13.92,,,,9.1171,137972.62,14.36,3.128,20735.361,12.08,9.1193,74518.865,4.08,,,,9.4568,10459.438,2.69,,,,,,,,,,9.2284,1247717.149,86.72,,,,,,,9.5236,18648.877,0.71,3.1404,81449.318,74.55,9.1722,12961.657,0.64,,,,9.3557,33274.078,14.74,9.5084,17551.317,0.67,9.5277,12652.62,0.63,,,,9.4398,33042.238,12.62,,,,,,,,,,,,,,,,3.3026,79456.648,11.75,3.2938,288711.618,68.34,3.3881,43839.098,100,,,,3.4875,43566.626,2.33,3.5031,37428.171,3.82,3.5351,150921.356,67.29,,,,3.6246,19475.35,2.1,3.7175,239351.086,49.98,,,,3.8568,37423.928,4.03,,,,,,,3.9358,138328.104,56.32,,,,3.96,20393.918,1.44,,,,,,,4.0662,18454.002,18.94,4.0946,95187.21,24.07,,,,4.162,91344.352,18.31,,,,,,,4.3248,11496.424,1.26,4.1274,14478.644,9.4,4.2465,272082.056,83.93,,,,4.3422,13919.316,1.5,4.38,196009.067,10.92,,,,4.3663,14048.444,9.19,,,,,,,4.4518,25349.704,15.04,,,,,,,,,,4.5785,380531.804,18.04,,,,,,,4.5764,594052.664,31.79,,,,,,,0.9029,28123.233,22.38,,,,,,,,,,4.7065,50214.115,1.94,4.722,68451.701,41.71,4.7885,19034.787,6.31,,,,,,,4.8038,1198058.939,46.2,,,,0.9161,60240.569,29.27,,,,4.9118,946212.867,36.49,,,,,,,,,,,,,5.03,95775.329,6.78,5.1528,10305.064,8.65,5.0215,679981.134,25.96,5.1506,213082.081,15.09
72_2021_V_4n,,,,,,P1-B3,,1,,,,,,,5.0508,178533.874,36.93,5.0284,63463.196,1.94,,,,,,,,,,5.1544,43764.074,5.44,5.1639,342678.669,28.45,,,,5.2891,52819.267,4.6,1.2973,57296.147,25.56,,,,5.1867,22229.697,67.31,5.2985,198711.017,3.16,5.2932,26763.032,0.38,5.2969,1936805.703,14.14,5.3148,22823.895,1.15,5.3558,890339.965,88.84,,,,5.3595,210708.8,2.48,1.635,59003.84,4.98,,,,5.4193,164667.305,4.16,5.4328,103364.383,20.22,5.4238,78331.819,9.62,5.4075,23564.284,0.3,,,,,,,,,,,,,5.5479,42173.133,5.24,1.6332,54004.764,3.77,5.5711,406570.267,85.8,5.5508,1753449.194,20.67,5.5579,361080.257,19.47,5.6033,80534.299,11,5.6382,108873.145,1.73,,,,5.7118,46168.194,0.34,5.6684,45867.818,9.9,5.7744,37429.487,6.62,5.7121,115191.037,8.8,,,,,,,5.7349,188844.253,2.44,,,,,,,5.8006,44178.007,1.35,,,,5.8202,63779.751,85.66,6.0133,61229.414,13.52,6.0183,2649949.001,61.96,1.8044,20993.019,2.52,6.0677,10623.057,2.59,6.0045,22163.063,4.47,6.0122,2508517.803,39.86,6.0434,140754.577,10.94,6.0886,17923.011,2.45,6.0835,67581.033,5.7,,,,6.1107,11132.381,1.87,,,,6.0182,57633.297,7.87,,,,6.1553,13814.101,1.03,6.1544,33094.384,2.53,6.1924,136903.74,4.2,,,,6.1731,39091.683,6.92,6.3131,21854.99,5.32,6.3341,12118.524,100,6.2824,102506.744,12.43,6.331,142772.847,33.37,6.3445,245290.048,3.44,,,,6.3419,25376.946,3.46,6.3935,102668.18,15.72,6.4286,47980.605,0.57,6.4328,127042.078,21.45,6.5012,165549.388,49.52,6.6221,102471.424,1.63,6.5223,18178.106,4.01,6.5638,15182.072,9.71,6.5045,11483.786,1.78,,,,2.1605,404728.904,47.09,,,,6.5774,30903.021,0.4,6.6177,412747.552,50.04,,,,6.6789,730818.29,83.51,6.6762,728546.344,44.45,,,,6.712,16575.245,1.2,6.7931,50033.695,59.81,6.7505,169038.319,2.69,2.1584,486998.95,47.2,6.7632,27448.115,1.39,,,,6.8646,559247.327,7.23,6.6893,24951.125,27.53,6.8565,745772.383,37.7,,,,6.9255,48043.905,19.96,,,,6.9301,47941.251,66.91,6.9444,14480.299,1.76,2.2356,95382.493,7.91,6.8437,10049.441,5.36,6.903,41111.908,39.97,6.9755,45455.096,25.98,7.0111,74190.113,33.49,7.067,31635.585,3.05,7.2666,238344.483,3.08,7.0198,15675.27,1.14,,,,,,,7.1036,34575.064,0.94,2.3777,12682.159,41.36,,,,,,,7.1383,100802.9,41.88,7.351,50823.723,6.94,7.1515,43178.514,6.71,7.1534,351157.369,59.28,7.1737,181006.931,1.32,7.185,125181.159,12.77,,,,,,,2.4215,113384.253,14.09,7.3682,623072.37,16.86,7.3623,938562.484,13.31,7.3017,86417.244,17.45,7.3682,59230.771,8.09,,,,7.4106,109963.173,22.2,7.5877,10775.321,0.08,,,,7.4686,190833.837,34.56,7.4676,22607.203,8.52,2.5366,371949.583,90.77,7.524,306095.84,41.71,7.5199,35483.166,67.74,7.535,15670.598,16.17,7.6478,34952.634,0.5,,,,7.5582,40978.119,4.51,,,,,,,,,,7.7058,138572.617,52.2,2.8096,12026.237,11.41,7.7209,77254.503,5.04,7.7265,29240.459,0.21,7.7189,19020.823,1.71,,,,7.7935,5037779.01,99.24,,,,7.9258,124238.303,3.81,7.9809,54965.422,72.82,8.0484,40622.76,0.58,7.8261,13561.912,1.69,,,,,,,8.0387,188293.451,23.22,8.0391,3081177.532,22.5,8.2481,10723.978,1.67,,,,7.8753,45437.622,21.64,8.0614,193503.988,66.07,,,,,,,8.0942,94306.934,1.34,2.841,84250.293,36.3,8.0311,11506.789,0.16,,,,8.2754,14301.785,1.06,,,,8.2525,14589.085,1.08,8.2644,230302.704,28.16,8.3294,13344.005,0.1,8.2744,19492.838,7.34,8.2778,2080483.524,56.28,2.9644,94376.855,11.73,8.2885,61415.45,8.37,8.337,26644.312,2.39,,,,8.3696,79129.863,27.8,8.4049,789436.063,34.38,8.4858,416143.315,37.31,,,,8.4103,33017.449,0.89,8.478,1471646.892,45.1,8.5615,148598.746,66.77,2.9649,121952.666,100,8.6217,1068414.572,47.86,8.6679,753371.89,20.29,8.6918,1431772.979,62.36,,,,8.7645,25801.172,1.38,8.7555,18736.673,1.68,8.8171,19607.663,2.42,8.8126,180680.916,38.93,8.7101,10759.577,3.04,8.2722,4819304.945,68.36,8.8776,1274907.322,83.19,2.9663,11936.71,12.32,8.9024,27396.171,2.04,8.8878,28971.047,0.89,,,,,,,8.9469,10572.242,7.36,9.0025,97683.34,37.25,9.0229,19608.954,13.64,9.1064,10414.793,4.81,9.1271,17682.013,0.95,,,,3.1132,21305.233,25.52,9.2542,80166.13,7.19,,,,9.1966,2405864.026,33.75,9.1941,2285314.755,94,9.2019,5454474.053,98.5,9.3168,54083.805,2.22,9.2211,86150.834,83.82,9.2674,208415.427,44.41,9.269,63590.422,54.79,9.2636,18527.95,2.88,3.1498,161098.762,67.24,9.2638,77184.261,5.73,,,,9.343,14830.145,1.46,,,,9.3836,18625.016,1.38,,,,9.4294,20503.893,7.2,9.1956,172142.226,10.04,9.329,10243.064,0.55,3.1741,581935.717,6.86,,,,3.2042,57098.483,5.64,3.2836,351320.276,58.9,3.2836,722173.23,98.41,3.3799,152819.783,4.82,,,,3.4626,156911.477,11.4,3.4763,597681.122,50.42,3.52,39227.441,43.3,3.5307,98718.113,74.4,,,,3.6903,1560055.326,91.98,3.8034,362692.227,47.48,,,,3.8175,54912.769,7.93,,,,,,,,,,4.0531,27215.581,2.12,4.0388,236365.468,19.61,4.0375,42638.43,9.41,4.0564,157762.79,46.4,4.082,94431.755,45,4.1026,10659.001,10.43,4.1567,36604.925,7.9,4.1759,881074.067,6.43,4.1811,963013.811,15.3,4.1733,89790.29,1.27,,,,4.2228,1361291.276,86.36,4.3117,133135.888,10.35,4.3074,88067.042,10.49,4.3698,40399.053,6.18,,,,4.4544,16361.569,3.61,4.4595,43849.99,1.03,4.4206,140247.518,17.43,4.4147,132053.382,62,4.6008,67855.586,5.63,4.463,1602127.196,11.7,4.4735,1382278.027,52.25,4.6611,10369.707,0.52,4.5644,348039.018,4.1,,,,,,,,,,4.5866,32895.438,4.09,0.9035,27863.058,32.44,,,,,,,4.7288,14707.456,10.23,4.6769,72106.752,1.82,4.6887,30874.13,44.56,4.8331,136584.624,3.19,4.7456,5665468.52,80.95,4.7412,4745512.747,55.95,4.7839,1519107.474,38.35,,,,0.9083,49734.965,30.03,4.8527,3948120.296,51.06,4.8917,1739126.676,43.9,4.9215,38054.966,0.54,,,,5.0651,81409.179,0.96,,,,5.0084,574805.627,44.69,,,,,,,,,
93_2021_W_4n,,,,,,P1-C5,,1,,1.2849,16392.443,,6.44,,,,,,,,,,,5.1342,128933.061,21.56,5.1257,14965.429,3,,,,,,,5.1935,17381.13,0.96,5.1978,43084.011,10.87,1.2847,157762.522,18.86,5.1337,22763.112,8.21,5.1977,17885.066,10.76,,,,5.1365,62068.896,8.17,,,,5.3545,77564.006,2.05,,,,,,,,,,1.6407,91664.138,6.39,5.4014,490346.208,27.59,5.4214,169906.812,4.74,5.4473,187548.138,7.59,5.4432,164299.67,28.94,5.4509,41147.469,14.48,,,,5.5068,742709.382,31.42,5.5045,662867.541,39.84,,,,,,,1.6512,84498.511,25.29,5.5759,240802.318,82.51,,,,,,,5.4931,16647.312,1.23,,,,5.6523,406098.051,9.43,5.7461,11293.323,1.93,5.6886,166681.078,12.73,5.6833,25639.277,1.86,,,,1.7075,733346.951,85.81,5.7191,26364.486,1.91,,,,5.7665,49586.068,54.22,,,,5.8004,183304.246,5.8,5.8106,200425.548,14.85,,,,,,,,,,,,,5.9853,31289.988,2.51,6.0158,166686.437,10.74,,,,6.0449,38770.829,5.79,6.0432,333767.994,24.72,6.0834,161973.532,11.29,6.1166,54367.143,2.28,6.0926,55801.815,14.76,,,,6.1334,208777.864,15.47,,,,6.2765,38090.241,1.61,,,,6.1882,94781.153,3,6.19,175269.39,74.51,6.2505,325370.887,23.61,6.2551,319687.892,25.62,6.3938,11759.916,17.83,6.2923,445351.515,24.51,6.3357,59948.483,25.49,,,,2.0172,59866.016,52.56,6.3829,400045.061,29.63,6.4035,953731.686,53.55,,,,,,,6.5116,15869.003,5.19,,,,,,,,,,6.6393,10899.76,0.25,,,,2.1691,191523.5,35.55,,,,,,,6.6193,938498.631,51.65,,,,6.6825,15714.778,0.88,6.6815,34004.039,36.75,,,,6.7549,288496.606,19.69,,,,,,,2.152,326522.582,55.58,6.7624,515369.107,13.63,,,,,,,6.8749,180869.038,94.76,6.818,193260.988,5.11,6.895,85026.823,31.53,6.9276,246673.035,76.44,,,,,,,6.8067,13391.452,0.74,,,,6.9544,36425.754,2.47,6.9846,45394.674,56.36,,,,,,,7.0089,10383.543,3.89,,,,7.0773,53407.934,3.65,,,,7.0843,38572.36,47.02,,,,2.4077,11862.613,20.03,7.1237,23456.013,3.92,7.1245,113639.026,8.22,7.1435,54937.408,17.02,,,,7.1488,128592.529,2.99,,,,,,,,,,,,,7.3441,161954.387,4.13,,,,,,,,,,7.2922,578418.108,37.26,,,,,,,7.4164,436224.492,28.1,7.4341,33354.07,5.69,,,,,,,,,,2.5645,167145.513,57.22,,,,,,,7.5469,22269.603,11.14,7.7215,10805.185,1.42,,,,7.5662,28541.323,100,,,,7.6441,58295.967,63.32,,,,,,,2.8115,85810.555,45.61,7.7295,51007.055,9.65,,,,7.7418,236357.245,6.03,,,,7.8019,1626706.27,98.44,,,,7.7413,61302.617,1.94,7.9857,99026.437,100,,,,8.1587,32219.24,36.74,2.8308,18364.527,0.43,7.8702,18384.509,0.78,7.9515,13390.143,0.7,8.1381,13739.484,2.34,8.0266,147199.782,3.42,8.0353,12450.291,0.9,8.0497,32813.245,3.31,8.0663,41952.008,41.1,8.0181,14557.5,17.39,8.1567,94287.229,9.5,8.1262,12208.155,1.61,,,,8.3283,21825.205,7.4,8.2697,18297.599,1.32,8.16,10969.441,0.46,8.3788,55431.076,10.29,8.2481,84997.34,3.6,8.2528,28897.173,5.33,8.312,35193.814,6,,,,8.3116,18969.166,100,,,,,,,8.371,572773.298,14.61,,,,8.3782,46028.045,34.03,8.4053,801742.152,11.27,8.4731,1684961.744,42.97,8.4744,1303926.699,54.66,,,,8.5159,1483464.298,46.95,8.5948,644705.396,94.72,2.9847,37902.009,50.15,8.625,141449.256,13.35,8.5138,595924.546,86.19,8.6938,6266170.531,88.08,,,,8.7573,54549.057,5.22,8.7481,25245.957,0.64,8.8096,331544.162,17.34,8.8135,427824.855,56.2,8.8698,118420.402,10.12,8.3262,12543.704,1.65,8.8809,287646.541,54.42,2.959,49649.938,24.85,,,,8.8984,31179.2,0.99,,,,,,,8.9555,31826.616,11.48,,,,9.0285,35711.658,12.89,8.942,30912.886,9.84,9.1376,20813.948,1.99,9.133,84975.234,3.56,3.115,85514.284,43.38,9.1237,59501.089,1.52,,,,,,,9.0512,12506.543,5.71,,,,9.2741,11607.003,5.3,9.2207,1496197.698,92.97,,,,,,,9.3045,595895.721,13.84,3.1547,254691.826,85.99,9.4866,10594.902,0.45,9.3242,10124.579,2.54,9.3539,28634.405,7.65,9.4048,400305.679,9.3,9.383,65414.655,2.77,,,,9.4196,27805.952,20.56,9.4616,59772.436,14.56,9.515,11269.98,1.08,,,,,,,,,,3.2857,135888.285,35.95,3.2827,377017.656,75.92,3.3771,500741.375,100,3.3531,19569.25,13.43,3.4657,86336.556,5.89,3.4863,140305.684,9.78,3.5154,89044.504,50.59,,,,3.6275,145253.619,9,3.6937,686551.038,92.72,,,,3.8474,23700.131,1.47,,,,,,,3.9305,25015.136,48.63,,,,3.9954,33976.264,5.08,,,,,,,4.057,102609.069,46.42,4.0895,62478.486,18.81,,,,4.159,214795.547,16.41,,,,,,,,,,4.1977,313953.16,53.86,4.2319,267658.244,83.2,4.3277,75910.103,11.35,4.3228,83677.899,5.19,4.3665,29992.619,1.68,,,,,,,,,,,,,4.5745,13837.818,15.03,,,,,,,,,,4.5687,209960.68,5.55,,,,4.5922,101984.741,52.95,4.5829,275782.855,18.82,,,,,,,0.9184,19429.666,11.95,,,,,,,,,,4.6907,78989.556,2.21,4.7137,96836.322,50.69,,,,,,,,,,4.7971,1533010.603,42.8,,,,0.9324,102349.695,40.23,,,,4.8979,1427119.664,39.84,,,,,,,,,,5.0111,13715.968,24.89,5.0079,112673.965,16.84,,,,5.0162,775380.781,18.01,,,
99_2021_T_4n,,,,,,P1-A8,,1,,,,,,,5.1067,10112.454,6.31,,,,4.9586,34924.436,0.21,5.2907,12595.779,2.61,5.1579,16313.375,4.1,5.1542,212127.686,6.14,,,,5.1908,19006.157,0.77,5.1761,11115.691,3.4,1.2916,323421.808,38.04,5.1956,17616.369,1.81,5.1838,11540.413,14.52,5.1614,48778.433,12.17,5.2399,37683.404,0.39,,,,5.3179,748140.905,18.19,,,,,,,,,,1.6138,38268.152,2.48,,,,5.42,139630.177,3.65,5.4334,524212.883,33.42,5.4396,546903.634,46.56,,,,,,,5.5392,10414.31,0.1,,,,,,,5.5053,141682.033,4.1,1.6347,11838.797,3.04,5.5699,238618.139,76.88,5.5887,18245.45,3.83,,,,5.6469,412177.707,5.02,,,,5.8009,15880.282,0.37,5.5394,10146.67,2.15,5.6834,206973.296,9.94,5.7226,18955.525,1.37,,,,,,,5.7245,263815.818,14.46,,,,,,,5.6623,134694.914,0.82,5.793,49272.508,0.86,5.6786,341882.218,4.16,5.8217,52957.082,55.6,5.9981,5143872.205,31.33,5.9335,655426.874,38.01,,,,5.9787,74271.028,7.09,6.0175,93418.102,7.3,,,,6.0478,144792.877,13.03,5.995,1656597.664,20.18,6.0818,279237.93,18.1,,,,6.0916,76833.769,12.3,6.1179,125495.566,20.19,6.1622,126999.924,1.55,,,,6.1492,2735643.975,25.85,6.1498,39166.363,11.39,6.1898,66152.691,1.16,6.1873,146140.884,59.01,6.244,175525.451,12.67,6.2419,126366.819,12.06,6.3209,10147.576,15.8,6.2881,484420.938,19.71,6.3258,86263.896,34.83,6.3478,51034.587,1.87,2.0207,11224.466,12.21,6.3412,62577.994,0.76,6.3954,1059365.418,48.4,6.5435,18455.392,3.87,6.6522,64935.524,20.51,,,,,,,6.5339,1525447.365,9.29,6.5632,126199.03,75.86,6.6032,11275.684,0.26,6.5416,97436.657,1.01,2.1603,398648,55.91,6.5918,570535.749,5.86,,,,6.6175,1059163.047,43.09,,,,,,,6.5827,96535.929,43.16,6.7095,2093737.652,12.75,6.7575,291225.085,16.19,6.7273,17278.998,5.97,6.744,27797.483,6.94,2.1472,490703.043,74.66,6.7586,476321.382,11.58,6.8199,336048.534,3.49,,,,6.8769,63340.14,15.57,6.9002,36859.991,0.9,6.8748,64452.453,30.71,6.9217,153223.363,44.4,6.9181,164302.381,1,,,,6.9363,67507.801,2.75,,,,6.8718,29857.79,8.48,6.977,60741.858,1.83,,,,7.0172,62866.804,13.51,7.0732,240788.504,29.26,,,,7.0666,34224.45,1.9,7.1312,194686.014,1.19,7.0663,46603.891,8.91,7.2661,35250.156,1.84,2.3841,103775.889,69.87,6.9625,10831.044,2.24,7.1494,30161.525,1.65,7.1318,65892.005,19.09,7.1308,12858.678,0.16,7.1401,90366.88,2.1,7.1525,22790.295,7.2,7.1862,15041.131,3.19,,,,,,,,,,,,,7.4261,14053.507,0.73,7.4753,201135.866,2.07,7.3086,161580.636,12.63,7.3482,12398.127,0.15,7.4296,59561.312,3.45,7.4144,561463.375,43.89,7.4319,28354.874,6.01,7.4736,656071.061,69.71,7.5698,213104.969,64.44,7.476,41724.397,0.43,2.5375,587859.305,65.06,7.5227,26046.655,6.58,7.5216,31967.199,37.18,7.5358,122203.387,31.13,7.5764,244932.135,2.52,7.5904,115485.618,1.2,7.5487,107491.871,53.58,7.5843,154390.518,100,,,,,,,7.7052,236512.191,2.45,2.8134,165400.262,55.79,7.72,78585.045,7.14,7.7425,17956.693,3.8,7.736,45120.075,0.21,,,,7.788,3882873.337,98.33,7.8788,332112.016,2.02,7.9192,48704.698,0.85,7.974,191184.052,100,7.9626,261288.906,2.68,7.9663,568792.587,16.47,2.8268,20057.659,0.47,7.9577,266154.283,2.51,7.9675,23556.971,5.98,,,,7.9615,32266.031,0.75,8.0626,21783.98,1.19,8.045,92543.092,23.92,8.0944,136614.528,2.79,8.0944,508338.524,3.1,7.8991,76475.231,19.77,8.1235,36037.499,0.37,2.8382,13465.067,26.77,8.1451,54678.575,2,8.1343,140328.303,7.69,8.1335,70759.154,0.67,8.2258,12825.663,1.8,8.2805,40509.437,0.38,8.2363,87260.006,3.05,,,,8.282,66184.32,0.69,8.38,62692.746,3.27,,,,8.3414,102221.065,25.81,,,,8.371,57378.012,100,8.4288,127986.384,11.35,8.4011,18976.411,0.41,8.4985,278781.565,1.27,8.7249,329030.364,37.15,8.4911,282385.727,14.71,8.4957,3244821.521,56.79,8.5579,839180.111,77.1,2.9791,401648.036,45.24,8.6132,521589.722,23.5,8.5025,1265813.21,89.76,8.689,4439779.635,95.24,8.722,11681521.65,92.75,8.7515,7335694.48,46.64,8.7414,5310873.054,24.14,8.8251,13459.558,3.42,8.8108,127110.998,46.71,8.8246,27169.519,3.6,8.263,22310.04,0.23,8.8741,620437.535,56.36,2.9498,12566.423,3.2,8.8686,939922.938,8.88,8.8979,12909.012,0.23,8.9261,2525170.093,51.63,8.9157,3724545.745,22.68,8.9466,109433.422,11.26,,,,9.0197,68995.069,7.1,8.9357,20918.186,3.26,9.0917,262912.971,1.67,8.8383,11646.34,1.31,3.1259,76213.7,20.97,9.1301,64006.591,0.29,,,,9.1936,19685.822,0.72,9.1918,37800.933,30.36,8.9732,12602.888,14.91,,,,9.2118,19500.812,19.92,9.2602,771810.755,87.96,9.2627,271866.121,100,9.2562,306899.982,7.12,3.1434,231380.565,82.34,9.2638,1502995.592,14.2,9.2608,1539653.568,15.98,9.3408,14602.715,1.64,9.4074,1076063.276,24.96,9.4052,2146752.454,20.28,9.4079,3361359.267,34.88,9.4298,25113.004,2.23,9.4857,33736.446,1.53,9.4682,119711.048,0.76,,,,,,,3.1999,62612.317,7.02,3.2774,148654.942,23.79,3.2807,356451.39,66.38,3.3986,77730.57,15.5,3.3634,36070.583,17.89,3.4545,66576.849,3.7,3.4761,230277.416,14.93,3.5222,104476.004,34.26,3.5405,198114.376,56.13,3.6267,24949.71,1.45,3.7003,445123.268,51.71,,,,3.8509,34608.627,2.01,,,,,,,3.9216,162930.705,69.5,,,,3.9976,55277.513,4.97,,,,4.0369,165822.88,1.01,4.0496,67448.333,28.58,4.0691,299795.379,48.99,4.0955,908323.946,78.15,4.1536,218896.195,10.51,,,,,,,4.1821,267503.435,2.75,4.1289,20975.102,14.17,4.231,409493.576,68.25,4.3197,94006.422,8.46,4.3214,112648.907,6.54,4.3696,62832.92,2.87,,,,4.3766,119242.354,0.73,4.4918,381874.545,22.15,4.4294,850661.256,24.63,4.4325,90202.576,20.79,,,,4.4956,10790.784,2.29,,,,4.5674,313148.014,7.61,,,,4.7135,10034.624,3.5,4.5656,417972.64,23.24,4.6362,138342.787,1.69,4.6463,66065.229,1.91,0.9136,18946.542,7.42,4.6326,111618.643,0.68,4.6404,10733.031,0.62,4.6694,242018.472,24.9,4.6895,155605.91,4.06,4.7079,67084.632,22,,,,,,,4.7276,12201.234,2.56,4.7868,1743661.578,45.55,,,,0.9345,14768.147,10.79,,,,4.8954,1401969.163,36.62,4.9246,254810.005,2.62,4.9699,27270.02,0.79,4.9752,12431.237,2.61,5.0089,23652.22,40.6,5.0053,268899.346,24.19,5.014,21780.627,6.18,,,,5.1348,25523.159,2.3