garden_Plant_ID,,C002,,,C003,,,C004,,,C005,,,C006,,,C007,,,C008,,,C009,,,C010,,,C011,,,C012,,,C013,,,C014,,,C015,,,C016,,,C017,,,C018,,,C019,,,C020,,,C021,,,C022,,,C023,,,C024,,,C025,,,C026,,,C027,,,C028,,,C029,,,C030,,,C031,,,C032,,,C033,,,C034,,,C035,,,C036,,,C037,,,C038,,,C039,,,C040,,,C041,,,C042,,,C043,,,C044,,,C045,,,C046,,,C047,,,C048,,,C049,,,C050,,,C051,,,C052,,,C053,,,C054,,,C055,,,C056,,,C057,,,C058,,,C059,,,C060,,,C061,,,C062,,,C063,,,C064,,,C065,,,C066,,,C067,,,C068,,,C069,,,C070,,,C071,,,C072,,,C073,,,C074,,
,,RT,Peak Area,"Peak Area
Percent",RT,Peak Area,"Peak Area
Percent",RT,Peak Area,"Peak Area
Percent",RT,Peak Area,"Peak Area
Percent",RT,Peak Area,"Peak Area
Percent",RT,Peak Area,"Peak Area
Percent",RT,Peak Area,"Peak Area
Percent",RT,Peak Area,"Peak Area
Percent",RT,Peak Area,"Peak Area
Percent",RT,Peak Area,"Peak Area
Percent",RT,Peak Area,"Peak Area
Percent",RT,Peak Area,"Peak Area
Percent",RT,Peak Area,"Peak Area
Percent",RT,Peak Area,"Peak Area
Percent",RT,Peak Area,"Peak Area
Percent",RT,Peak Area,"Peak Area
Percent",RT,Peak Area,"Peak Area
Percent",RT,Peak Area,"Peak Area
Percent",RT,Peak Area,"Peak Area
Percent",RT,Peak Area,"Peak Area
Percent",RT,Peak Area,"Peak Area
Percent",RT,Peak Area,"Peak Area
Percent",RT,Peak Area,"Peak Area
Percent",RT,Peak Area,"Peak Area
Percent",RT,Peak Area,"Peak Area
Percent",RT,Peak Area,"Peak Area
Percent",RT,Peak Area,"Peak Area
Percent",RT,Peak Area,"Peak Area
Percent",RT,Peak Area,"Peak Area
Percent",RT,Peak Area,"Peak Area
Percent",RT,Peak Area,"Peak Area
Percent",RT,Peak Area,"Peak Area
Percent",RT,Peak Area,"Peak Area
Percent",RT,Peak Area,"Peak Area
Percent",RT,Peak Area,"Peak Area
Percent",RT,Peak Area,"Peak Area
Percent",RT,Peak Area,"Peak Area
Percent",RT,Peak Area,"Peak Area
Percent",RT,Peak Area,"Peak Area
Percent",RT,Peak Area,"Peak Area
Percent",RT,Peak Area,"Peak Area
Percent",RT,Peak Area,"Peak Area
Percent",RT,Peak Area,"Peak Area
Percent",RT,Peak Area,"Peak Area
Percent",RT,Peak Area,"Peak Area
Percent",RT,Peak Area,"Peak Area
Percent",RT,Peak Area,"Peak Area
Percent",RT,Peak Area,"Peak Area
Percent",RT,Peak Area,"Peak Area
Percent",RT,Peak Area,"Peak Area
Percent",RT,Peak Area,"Peak Area
Percent",RT,Peak Area,"Peak Area
Percent",RT,Peak Area,"Peak Area
Percent",RT,Peak Area,"Peak Area
Percent",RT,Peak Area,"Peak Area
Percent",RT,Peak Area,"Peak Area
Percent",RT,Peak Area,"Peak Area
Percent",RT,Peak Area,"Peak Area
Percent",RT,Peak Area,"Peak Area
Percent",RT,Peak Area,"Peak Area
Percent",RT,Peak Area,"Peak Area
Percent",RT,Peak Area,"Peak Area
Percent",RT,Peak Area,"Peak Area
Percent",RT,Peak Area,"Peak Area
Percent",RT,Peak Area,"Peak Area
Percent",RT,Peak Area,"Peak Area
Percent",RT,Peak Area,"Peak Area
Percent",RT,Peak Area,"Peak Area
Percent",RT,Peak Area,"Peak Area
Percent",RT,Peak Area,"Peak Area
Percent",RT,Peak Area,"Peak Area
Percent",RT,Peak Area,"Peak Area
Percent",RT,Peak Area,"Peak Area
Percent"
100,,,,,3.674,2646.018,6.61,,,,,,,7.3081,984.873,2.46,9.9291,328.236,0.82,,,,,,,12.1439,1006.165,2.52,,,,13.1796,207.131,0.52,13.7814,1643.077,4.11,,,,,,,14.8935,4114.726,10.29,,,,,,,,,,16.3879,362.689,0.91,,,,17.076,9522.094,23.8,,,,,,,17.7595,405.645,1.01,17.9779,2467.282,6.17,,,,,,,18.557,122.909,0.31,18.638,134.911,0.34,19.0343,129.452,0.32,19.3501,88.57,0.22,,,,,,,,,,,,,,,,20.8984,2054.464,5.14,21.1461,7811.443,19.53,,,,21.457,308.226,0.77,21.5425,114.264,0.29,,,,21.6849,225.532,0.56,21.9361,872.672,2.18,22.36,91.078,0.23,,,,,,,23.1635,268.504,0.67,23.2831,142.545,0.36,23.4462,359.101,0.9,23.6235,65.92,0.16,,,,23.7438,259.209,0.65,,,,,,,24.013,115.664,0.29,,,,,,,,,,,,,,,,25.4928,230.715,0.58,,,,25.982,907.165,2.27,,,,26.4968,1241.504,3.1,26.6281,587.157,1.47,,,,,,,,,,,,,,,,,,
105,,3.0509,296.987,1.16,3.6742,4089.991,15.93,,,,,,,7.3475,789.594,3.08,9.9299,281.178,1.1,11.6174,551.472,2.15,11.9571,253.881,0.99,12.1308,295.824,1.15,,,,,,,13.759,384.577,1.5,,,,,,,14.8377,357.18,1.39,,,,,,,15.8135,777.103,3.03,16.3793,352.465,1.37,,,,16.9923,2732.291,10.64,,,,,,,17.7925,2707.42,10.55,17.964,216.993,0.85,,,,,,,18.5556,350.629,1.37,18.6343,245.803,0.96,18.8891,582.91,2.27,,,,,,,,,,20.0325,151.888,0.59,,,,20.5685,235.591,0.92,20.8216,126.73,0.49,21.2124,85.328,0.33,21.3204,1393.958,5.43,21.4691,365.544,1.42,,,,,,,21.7114,3144.035,12.25,21.935,285.408,1.11,,,,,,,,,,23.1232,229.81,0.9,23.2785,53.46,0.21,23.4411,164.828,0.64,23.5739,76.46,0.3,23.664,171.876,0.67,23.7401,122.289,0.48,,,,,,,24.0476,105.381,0.41,,,,,,,,,,,,,,,,25.3971,210.191,0.82,,,,25.97,207.642,0.81,,,,,,,26.6185,249.477,0.97,,,,,,,,,,,,,,,,,,
128,,3.1232,1013.283,4.91,3.6706,910.08,4.41,,,,,,,,,,,,,,,,,,,12.1436,1687.362,8.18,,,,13.1714,421.17,2.04,13.7691,1424.939,6.91,,,,,,,14.8804,4009.599,19.44,,,,,,,,,,,,,,,,16.9779,2091.774,10.14,,,,,,,,,,17.9331,606.821,2.94,,,,18.5387,108.562,0.53,18.619,121.316,0.59,,,,,,,,,,,,,,,,,,,,,,,,,20.8277,586.384,2.84,21.0993,5047.77,24.47,,,,21.4477,147.711,0.72,21.5239,80.362,0.39,,,,21.6749,122.652,0.59,21.9107,155.831,0.76,22.3389,88.525,0.43,,,,,,,23.1229,760.618,3.69,23.2749,110.739,0.54,23.4372,160.697,0.78,,,,,,,23.7354,89.053,0.43,,,,,,,24.0062,55.818,0.27,,,,24.3978,120.633,0.58,,,,,,,,,,,,,,,,25.9672,283.415,1.37,,,,,,,26.6139,102.725,0.5,,,,,,,,,,,,,,,,,,
130,,3.1481,770.886,9.12,3.6923,811.592,9.6,,,,,,,,,,,,,,,,,,,12.1358,400.15,4.73,,,,,,,,,,,,,,,,14.8513,1466.994,17.35,,,,,,,,,,,,,,,,16.9589,736.276,8.71,,,,,,,17.7587,1147.914,13.58,17.9404,568.921,6.73,,,,,,,18.5469,179.355,2.12,18.6274,185.942,2.2,,,,,,,,,,,,,,,,,,,,,,20.8059,423.362,5.01,,,,,,,21.4242,220.389,2.61,,,,,,,,,,,,,,,,,,,,,,23.1287,134.591,1.59,,,,23.4358,95.507,1.13,,,,,,,23.7365,94.457,1.12,,,,,,,,,,,,,,,,,,,,,,,,,,,,,,,25.9711,304.049,3.6,,,,26.4824,140.032,1.66,26.6207,281.535,3.33,,,,,,,,,,,,,,,,,,
158,,3.1929,6653.789,11.09,3.6709,2983.99,4.97,,,,,,,7.3232,829.473,1.38,9.9414,350.568,0.58,,,,,,,12.1499,1366.966,2.28,,,,13.184,424.308,0.71,13.784,1771.555,2.95,,,,,,,14.915,5550.375,9.25,,,,,,,15.8285,204.323,0.34,16.388,129.41,0.22,,,,17.0112,3446.385,5.75,,,,,,,17.8125,2933.658,4.89,,,,,,,,,,18.5751,286.355,0.48,18.6574,416.499,0.69,18.9123,458.646,0.76,19.3624,266.31,0.44,,,,,,,20.0683,176.661,0.29,,,,,,,20.9448,4482.632,7.47,21.1677,9002.069,15.01,21.3074,358.505,0.6,21.48,296.714,0.49,21.5558,181.473,0.3,,,,21.6977,1810.721,3.02,21.9375,309.302,0.52,,,,,,,22.9899,100.438,0.17,23.1726,225.58,0.38,23.2933,451.633,0.75,23.4767,1927.54,3.21,23.6344,53.451,0.09,,,,23.7594,678.044,1.13,,,,23.9175,86.873,0.14,24.027,793.18,1.32,,,,,,,,,,,,,,,,25.4968,325.771,0.54,,,,25.9843,933.609,1.56,,,,26.497,1064.044,1.77,26.63,494.02,0.82,,,,,,,,,,,,,,,,,,
165,,3.1567,382.796,0.84,3.7029,1688.538,3.72,,,,,,,,,,,,,,,,,,,12.1572,980.61,2.16,,,,13.1936,702.015,1.54,13.8092,3586.123,7.89,,,,,,,14.8637,1596.069,3.51,,,,,,,,,,16.4025,560.717,1.23,,,,17.0954,11730.648,25.81,,,,,,,17.7626,223.188,0.49,17.9708,1904.596,4.19,,,,18.3766,273.796,0.6,18.5731,423.491,0.93,18.6489,245.407,0.54,19.0431,235.617,0.52,19.5233,260.381,0.57,,,,,,,,,,20.3469,181.717,0.4,,,,20.9055,160.541,0.35,21.2056,14365.275,31.61,,,,21.4535,167.716,0.37,21.5578,426.115,0.94,,,,21.701,484.769,1.07,21.9575,1471.258,3.24,22.3623,264.045,0.58,,,,,,,23.1604,273.576,0.6,23.2865,145.349,0.32,23.4506,340.354,0.75,,,,,,,23.7483,262.071,0.58,23.8105,60.414,0.13,,,,24.017,99.562,0.22,,,,,,,,,,,,,25.2786,182.388,0.4,25.5002,303.855,0.67,,,,25.977,143.309,0.32,,,,,,,26.6219,114.257,0.25,,,,,,,,,,,,,,,,,,
17,,3.0384,620.085,2.04,3.6688,1294.72,4.26,,,,,,,,,,,,,,,,,,,12.1327,1017.19,3.35,,,,13.1706,617.121,2.03,13.7774,2142.559,7.05,,,,,,,14.8767,3902.043,12.84,,,,,,,,,,,,,16.6692,160.459,0.53,17.0329,6377.122,20.99,,,,,,,,,,17.9353,564.212,1.86,,,,18.5436,161.266,0.53,18.6235,162.371,0.53,,,,,,,,,,,,,,,,20.0371,148.802,0.49,,,,,,,20.8811,1260.759,4.15,21.1464,8891.673,29.26,,,,21.4389,216.507,0.71,21.5373,310.388,1.02,21.6017,77.153,0.25,21.6833,428.357,1.41,21.9193,468.806,1.54,22.3456,112.366,0.37,,,,,,,23.1391,263.473,0.87,,,,23.4351,118.478,0.39,,,,,,,23.7337,126.316,0.42,,,,,,,24.0447,199.935,0.66,,,,,,,,,,,,,,,,25.3952,234.854,0.77,,,,,,,,,,,,,26.6149,100.969,0.33,,,,,,,,,,,,,,,,,,
192,,3.1578,706.2,3.05,3.6696,3216.309,13.89,,,,,,,,,,,,,,,,,,,12.1379,1497.477,6.47,,,,,,,13.7577,677.282,2.93,,,,,,,14.8302,566.043,2.44,,,,,,,15.8149,1400.937,6.05,,,,,,,16.9767,1980.194,8.55,,,,,,,17.7487,941.355,4.07,,,,,,,,,,18.5549,483.03,2.09,18.6319,336.593,1.45,18.8739,400.125,1.73,,,,,,,19.9379,211.404,0.91,20.0222,227.684,0.98,,,,,,,20.8161,149.345,0.64,21.0639,2845.648,12.29,21.3228,1824.226,7.88,21.4567,427.566,1.85,,,,,,,21.6891,2035.083,8.79,21.9233,290.682,1.26,,,,,,,,,,23.1471,213.531,0.92,,,,23.4373,99.354,0.43,23.5697,58.571,0.25,23.6573,164.683,0.71,23.7371,95.833,0.41,,,,,,,24.0091,60.92,0.26,,,,,,,,,,,,,,,,,,,,,,25.9674,159.574,0.69,,,,,,,26.615,98.05,0.42,,,,,,,,,,,,,,,,,,
194,,3.2309,1620.614,5.46,3.6801,7235.198,24.37,,,,,,,,,,,,,,,,11.956,286.656,0.97,12.1266,327.132,1.1,,,,,,,13.7612,827.285,2.79,,,,,,,14.8343,392.701,1.32,,,,,,,15.8228,1034.183,3.48,,,,16.6572,274.784,0.93,16.9927,2902.019,9.77,,,,,,,17.7712,1762.526,5.94,17.9478,163.937,0.55,,,,,,,18.5577,488.18,1.64,18.6385,402.125,1.35,18.8889,371.764,1.25,,,,,,,19.9533,114.846,0.39,20.0279,245.681,0.83,,,,20.5674,233.745,0.79,20.8249,172.912,0.58,21.0859,3507.737,11.81,21.313,1070.926,3.61,21.4737,180.532,0.61,21.5317,124.198,0.42,,,,21.7163,3734.547,12.58,21.9394,275.971,0.93,,,,,,,22.9815,87.66,0.3,23.1204,729.397,2.46,23.2757,82.611,0.28,23.4397,123.662,0.42,23.5711,103.392,0.35,23.6655,295.976,1,23.7381,152.88,0.51,,,,,,,24.0458,67.024,0.23,,,,,,,,,,,,,,,,25.395,170.173,0.57,,,,,,,,,,,,,26.615,128.628,0.43,,,,,,,,,,,,,,,,,,
195,,3.1802,2717.448,11.69,3.6676,3531.621,15.19,,,,,,,,,,,,,,,,,,,12.1322,728.862,3.13,,,,,,,13.7579,752.356,3.24,,,,,,,14.8315,642.15,2.76,,,,,,,15.8154,1205.229,5.18,,,,,,,16.9745,1867.424,8.03,,,,,,,17.738,384.223,1.65,,,,,,,,,,18.562,726.247,3.12,18.6416,552.208,2.38,18.8752,290.107,1.25,,,,,,,19.946,193.138,0.83,20.0228,219.681,0.94,,,,,,,20.8271,221.801,0.95,21.0972,4608.996,19.82,21.2998,717.364,3.09,21.4576,271.968,1.17,21.5268,97.94,0.42,,,,21.6812,1317.079,5.66,21.9213,265.869,1.14,,,,,,,,,,23.1453,430.651,1.85,,,,,,,,,,23.6623,265.889,1.14,23.7347,58.121,0.25,,,,,,,24.045,115.182,0.5,24.1761,79.008,0.34,,,,,,,,,,,,,,,,,,,25.9694,355.023,1.53,,,,,,,,,,,,,,,,,,,,,,,,,,,
199,,3.0453,290.918,0.87,3.6741,3028.827,9.01,,,,,,,7.3138,784.65,2.33,9.9243,258.479,0.77,,,,,,,12.1416,1148.948,3.42,,,,13.173,180.947,0.54,13.7627,440.78,1.31,,,,,,,14.8835,3436.386,10.22,,,,,,,15.8139,782.993,2.33,,,,,,,16.9831,1944.759,5.79,,,,,,,17.8007,3008.677,8.95,17.961,968.385,2.88,,,,,,,18.5608,323.232,0.96,18.6412,322.874,0.96,18.9178,1182.131,3.52,19.3498,85.39,0.25,,,,,,,,,,,,,20.6004,179.536,0.53,20.86,1256.01,3.74,21.0934,3762.332,11.19,21.3065,512.04,1.52,21.4889,315.582,0.94,,,,,,,21.7529,6929.535,20.62,21.965,197.055,0.59,,,,22.6705,84.16,0.25,,,,23.153,137.927,0.41,23.2853,231.061,0.69,23.4516,594.52,1.77,,,,,,,23.7455,255.4,0.76,,,,,,,24.0136,135.513,0.4,,,,,,,,,,,,,,,,25.3988,58.586,0.17,,,,25.9713,159.507,0.47,,,,,,,26.6193,121.486,0.36,,,,,,,27.0369,77.114,0.23,,,,,,,,,
211,,3.0691,70.689,0.32,3.6836,2133.093,9.65,,,,,,,7.3213,457.99,2.07,,,,,,,,,,12.1361,569.955,2.58,,,,,,,13.7667,676.584,3.06,,,,,,,14.8601,1924.849,8.7,,,,,,,15.7875,241.134,1.09,,,,,,,16.9768,1634.245,7.39,,,,,,,17.8223,4736.041,21.42,17.9607,794.962,3.59,,,,,,,18.5593,365.276,1.65,18.6403,335.791,1.52,18.8642,235.877,1.07,,,,,,,,,,,,,,,,,,,20.8359,705.5,3.19,21.0691,2771.851,12.53,21.3057,708.537,3.2,21.4501,295.189,1.33,,,,,,,21.6749,161.327,0.73,21.912,106.818,0.48,,,,,,,,,,,,,23.2775,83.311,0.38,23.4432,385.03,1.74,,,,,,,23.7401,179.477,0.81,,,,,,,24.01,149.514,0.68,,,,,,,,,,,,,,,,25.397,168.755,0.76,,,,25.9723,488.424,2.21,,,,26.4868,346.938,1.57,26.6262,765.893,3.46,,,,,,,,,,,,,,,,,,
217,,3.0431,1014.584,8.23,3.6689,1118.436,9.07,,,,,,,,,,,,,,,,,,,12.134,1860.885,15.09,,,,13.1648,196.481,1.59,13.7547,631.27,5.12,,,,,,,14.8501,2084.036,16.9,,,,,,,,,,,,,,,,16.9557,1099.829,8.92,,,,,,,17.7285,179.015,1.45,17.9207,168.01,1.36,,,,18.5368,197.681,1.6,18.616,177.078,1.44,,,,,,,,,,,,,,,,,,,,,,,,,20.808,377.855,3.06,21.0447,2148.077,17.42,,,,21.4333,221.679,1.8,,,,,,,21.6557,178.95,1.45,21.9013,93.578,0.76,,,,,,,,,,23.1243,210.666,1.71,,,,23.4303,98.131,0.8,,,,,,,23.7315,122.58,0.99,,,,,,,,,,,,,,,,,,,,,,,,,,,,,,,,,,,,,26.4761,88.01,0.71,,,,,,,,,,,,,,,,,,,,,
219,,3.0422,702.158,2.05,3.667,2922.323,8.53,,,,,,,7.3187,482.832,1.41,,,,,,,11.9585,237.068,0.69,12.1351,1412.122,4.12,,,,,,,13.7641,1219.715,3.56,,,,,,,14.9572,11026.333,32.17,,,,,,,,,,,,,,,,16.9828,2042.547,5.96,,,,,,,17.7388,166.073,0.48,17.9482,1073.216,3.13,,,,,,,18.5491,218.485,0.64,18.6293,216.31,0.63,,,,19.34,128.404,0.37,,,,,,,20.036,236.596,0.69,,,,,,,20.8943,3435.645,10.02,21.1018,4704.959,13.73,,,,21.4628,295.578,0.86,,,,21.6158,102.919,0.3,21.6593,182.578,0.53,21.9147,143.037,0.42,,,,,,,22.983,192.177,0.56,23.1586,444.244,1.3,23.2789,177.246,0.52,23.4447,588.051,1.72,23.6215,106.411,0.31,,,,23.7389,370.283,1.08,,,,,,,24.0092,203.922,0.59,,,,,,,,,,,,,,,,,,,,,,25.9691,342.077,1,,,,26.4802,87.045,0.25,,,,,,,,,,,,,,,,,,,,,
220,,3.0649,1174.152,2.87,,,,,,,,,,,,,,,,,,,,,,12.1409,1977.441,4.83,,,,13.1927,2248.604,5.49,13.7897,3051.724,7.45,,,,,,,14.8717,958.741,2.34,,,,,,,15.8611,1151.945,2.81,16.3796,238.934,0.58,16.6786,250.595,0.61,17.0947,12647.732,30.87,,,,,,,,,,17.9576,475.854,1.16,,,,18.3684,258.3,0.63,,,,,,,18.9344,1528.3,3.73,,,,,,,,,,,,,,,,,,,,,,21.1682,11082.368,27.05,,,,,,,21.5402,176.019,0.43,,,,21.6792,894.75,2.18,21.9417,1053.784,2.57,,,,,,,,,,23.1167,724.504,1.77,,,,,,,,,,,,,,,,,,,,,,24.0481,148.643,0.36,,,,,,,,,,,,,,,,,,,,,,25.9704,343.135,0.84,,,,,,,26.6162,156.731,0.38,,,,,,,,,,,,,,,,,,
253,,3.0404,922.254,3.08,3.6666,965.987,3.23,,,,,,,,,,,,,,,,,,,12.1273,171.789,0.57,,,,13.1726,353.235,1.18,13.7801,2181.53,7.29,14.1202,423.854,1.42,,,,14.8602,2330.937,7.79,,,,,,,,,,16.3759,138.895,0.46,16.6739,136.882,0.46,17.037,6427.86,21.49,,,,,,,17.7019,465.057,1.55,17.9423,433.636,1.45,,,,18.3869,373.116,1.25,18.547,122.737,0.41,18.6271,120.815,0.4,,,,,,,,,,,,,,,,,,,,,,20.8792,536.077,1.79,21.163,10687.644,35.74,,,,21.4401,157.577,0.53,21.5346,181.39,0.61,,,,21.6918,517.487,1.73,21.9277,690.931,2.31,,,,,,,,,,23.1522,191.733,0.64,,,,,,,,,,,,,,,,,,,,,,24.0469,244.335,0.82,,,,,,,,,,,,,,,,25.4916,240.932,0.81,,,,25.9691,252.698,0.84,,,,,,,26.6164,229.473,0.77,,,,,,,,,,,,,,,,,,
261,,3.0587,1266.913,2.92,3.6673,743.933,1.71,,,,,,,,,,,,,,,,,,,12.1225,341.429,0.79,,,,,,,13.7547,433.667,1,14.2735,3000.759,6.91,14.5384,378.289,0.87,14.856,1546.884,3.56,,,,,,,15.9052,1920.362,4.42,,,,,,,16.9745,1455.556,3.35,,,,17.4151,198.153,0.46,17.8391,2159.221,4.97,,,,18.2456,19770.233,45.52,18.496,1572.203,3.62,18.5927,86.483,0.2,,,,18.9444,1842.354,4.24,,,,,,,,,,,,,20.3706,123.692,0.28,,,,20.8359,542.949,1.25,21.0705,2120.434,4.88,,,,,,,,,,,,,21.7075,2728.412,6.28,21.9359,121.25,0.28,22.0782,165.264,0.38,,,,,,,23.1134,408.29,0.94,,,,,,,,,,,,,,,,,,,,,,,,,,,,,,,,,,,,,,,,,,,,,,25.9669,133.399,0.31,,,,,,,26.6144,128.862,0.3,26.757,187.175,0.43,,,,,,,,,,,,,,,
266,,3.0692,183.83,0.58,3.6729,1091.337,3.46,,,,,,,,,,,,,,,,,,,12.1367,1066.19,3.38,,,,13.1702,403.886,1.28,13.7745,1985.9,6.3,,,,,,,14.923,7553.838,23.97,,,,15.4065,113.01,0.36,,,,16.3715,131.194,0.42,,,,17.0235,5150.629,16.34,,,,,,,17.738,131.874,0.42,17.9427,869.059,2.76,,,,,,,18.5543,360.534,1.14,18.6346,347.739,1.1,,,,19.3389,90.763,0.29,,,,,,,20.04,406.35,1.29,,,,,,,20.8522,768.866,2.44,21.1302,7542.462,23.93,,,,21.4591,123.868,0.39,21.5314,72.858,0.23,,,,21.6823,249.037,0.79,21.9199,463.36,1.47,22.2602,113.395,0.36,,,,,,,23.1217,553.617,1.76,23.2772,143.837,0.46,23.4382,198.089,0.63,,,,,,,23.734,90.848,0.29,,,,,,,24.0459,148.305,0.47,,,,,,,,,,,,,,,,25.4869,141.477,0.45,,,,25.9672,116.384,0.37,,,,,,,,,,,,,,,,,,,,,,,,,,,
281,,3.0425,681.533,2.96,,,,,,,,,,,,,,,,,,,,,,,,,,,,,,,13.7542,151.565,0.66,,,,,,,14.7666,2914.587,12.66,,,,15.3845,107.729,0.47,,,,16.3714,155.77,0.68,16.6751,750.139,3.26,16.9615,1128.008,4.9,,,,,,,,,,17.9469,488.913,2.12,,,,,,,,,,,,,,,,19.7551,5090.847,22.11,,,,,,,20.072,1228.265,5.34,,,,,,,,,,,,,,,,,,,,,,,,,21.7168,148.364,0.64,21.9281,555.362,2.41,,,,,,,,,,23.1211,390.773,1.7,,,,,,,,,,,,,,,,,,,,,,24.0462,93.55,0.41,24.1394,3156.527,13.71,,,,,,,,,,,,,,,,,,,25.967,116.336,0.51,,,,,,,26.6182,203.425,0.88,,,,,,,,,,,,,,,,,,
387,,3.2376,1515.106,4.59,3.6777,5217.084,15.81,,,,,,,,,,,,,,,,,,,12.1647,4121.907,12.49,,,,,,,,,,,,,,,,14.8537,1727.829,5.24,,,,,,,15.8201,1009.174,3.06,,,,,,,16.972,1622.218,4.92,17.1565,213.609,0.65,,,,17.8255,5237.582,15.88,17.9484,353.212,1.07,,,,,,,18.5988,1702.391,5.16,18.6778,1052.62,3.19,18.8742,292.623,0.89,,,,,,,19.942,473.328,1.43,20.0287,365.583,1.11,,,,,,,20.8271,802.995,2.43,,,,21.3467,3017.507,9.15,21.4787,495,1.5,,,,,,,21.678,1335.936,4.05,21.9218,163.142,0.49,,,,,,,,,,23.1188,508.95,1.54,,,,23.4382,181.497,0.55,,,,23.6651,179.997,0.55,23.7394,125.944,0.38,,,,,,,24.0097,112.684,0.34,,,,,,,,,,,,,,,,,,,,,,25.9676,304.25,0.92,,,,26.5005,97.268,0.29,,,,,,,,,,,,,,,,,,,,,
391,,3.0574,676.869,2.34,3.673,3106.537,10.72,,,,,,,,,,,,,,,,,,,12.1366,1344.376,4.64,,,,13.1657,187.493,0.65,13.7568,482.328,1.66,,,,,,,14.9052,5845.966,20.18,,,,,,,15.7913,328.218,1.13,,,,,,,16.9805,2182.137,7.53,,,,,,,17.7658,1607.957,5.55,17.9539,1276.695,4.41,,,,,,,18.5559,450.168,1.55,18.6349,333.156,1.15,,,,,,,,,,19.9495,116.562,0.4,20.0302,267.966,0.93,,,,,,,20.8699,1950.976,6.73,21.1027,5136.517,17.73,21.3033,715.211,2.47,21.4516,234.261,0.81,,,,21.6097,153.281,0.53,21.6605,227.667,0.79,21.915,243.608,0.84,,,,22.6661,136.598,0.47,22.9811,113.391,0.39,23.1186,333.177,1.15,23.2739,59.483,0.21,23.4368,217.57,0.75,,,,,,,23.7333,120.555,0.42,,,,,,,24.0052,64.602,0.22,,,,,,,,,,,,,,,,,,,,,,25.9666,207.371,0.72,,,,26.4797,141.958,0.49,26.6139,85.247,0.29,,,,,,,,,,,,,,,,,,
401,,3.0397,760.501,8.03,,,,,,,,,,,,,,,,,,,,,,12.1227,273.098,2.89,,,,13.1617,254.593,2.69,13.7558,884.708,9.35,,,,,,,14.8445,1875.573,19.81,,,,,,,,,,,,,,,,16.9538,1134.304,11.98,,,,,,,,,,,,,,,,,,,,,,,,,,,,,,,,,,,,,,,,,,,,,,20.8135,366.296,3.87,21.0582,2904.006,30.68,,,,21.5151,175.369,1.85,,,,,,,,,,21.8971,119.681,1.26,,,,,,,,,,23.1448,222.511,2.35,,,,23.432,72.414,0.77,,,,,,,23.7325,82.39,0.87,,,,,,,24.0419,121.628,1.28,,,,24.3997,138.278,1.46,,,,,,,,,,,,,,,,,,,,,,,,,,,,,,,,,,,,,,,,,,,,,
413,,3.0539,576.536,1.26,3.6741,844.794,1.85,,,,,,,,,,,,,,,,,,,12.139,1305.78,2.86,,,,13.1714,171.284,0.37,13.7561,403.256,0.88,,,,,,,14.8793,3446.862,7.55,,,,,,,15.8981,2116.53,4.63,,,,,,,17.0096,3740.5,8.19,,,,,,,,,,,,,18.2732,24882.265,54.47,18.4424,67.073,0.15,18.5903,87.615,0.19,18.6632,78.354,0.17,18.9419,2270.793,4.97,,,,,,,,,,20.0379,110.39,0.24,,,,,,,20.892,464.235,1.02,21.0475,1289.585,2.82,,,,21.4546,163.338,0.36,,,,,,,21.6693,830.633,1.82,21.9199,280.166,0.61,22.0723,172.746,0.38,,,,,,,23.1671,619.566,1.36,23.2757,66.332,0.15,23.4355,69.87,0.15,,,,,,,,,,,,,,,,,,,24.095,110.592,0.24,,,,,,,,,,25.2694,83.658,0.18,,,,,,,25.9685,263.289,0.58,,,,26.4796,96.726,0.21,26.6146,169.98,0.37,,,,,,,,,,,,,,,,,,
42,,,,,3.6664,2152.866,15.22,,,,,,,,,,,,,,,,,,,12.1242,581.132,4.11,,,,13.1645,138.408,0.98,13.7504,178.474,1.26,,,,,,,14.8281,364.996,2.58,,,,,,,15.7946,772.194,5.46,,,,,,,16.9504,389.987,2.76,,,,,,,17.7571,1355.731,9.58,,,,,,,,,,18.6245,231.88,1.64,,,,18.8672,278.17,1.97,,,,19.926,139.26,0.98,20.0181,146.406,1.03,,,,,,,,,,20.811,142.275,1.01,21.0463,1892.552,13.38,21.3052,939.305,6.64,21.4511,174.99,1.24,21.5249,104.357,0.74,,,,21.7005,2729.7,19.3,21.9227,81.174,0.57,,,,,,,,,,23.123,337.164,2.38,,,,23.435,81.811,0.58,,,,23.6534,123.284,0.87,23.7344,88.819,0.63,,,,,,,,,,,,,,,,,,,,,,,,,,,,,,,25.9671,231.085,1.63,,,,,,,26.6145,131.879,0.93,,,,,,,,,,,,,,,,,,
423,,3.0472,292.766,1.62,3.6773,2290.793,12.67,,,,,,,7.3062,589.515,3.26,,,,,,,,,,12.1321,469.464,2.6,,,,,,,13.7594,406.592,2.25,,,,,,,14.8575,1827.418,10.11,,,,,,,15.7796,255.097,1.41,,,,,,,16.9832,2021.666,11.18,,,,,,,17.7938,2908.666,16.09,17.945,437.943,2.42,,,,,,,18.5544,319.032,1.76,18.6315,203.919,1.13,18.8573,168.894,0.93,,,,,,,,,,,,,,,,,,,20.8285,686.181,3.8,21.0464,1692.433,9.36,21.3058,771.696,4.27,21.4452,313.435,1.73,,,,,,,21.662,103.719,0.57,21.9107,143.489,0.79,,,,,,,,,,23.1361,195.645,1.08,23.2753,59.505,0.33,23.438,192.241,1.06,,,,23.6553,96.925,0.54,23.738,144.648,0.8,,,,,,,24.0077,83.482,0.46,,,,,,,,,,,,,,,,25.3958,151.533,0.84,,,,25.9695,253.049,1.4,,,,26.4831,186.473,1.03,26.621,439.102,2.43,,,,,,,,,,,,,,,,,,
43,,3.0319,784.843,3.04,3.6653,1099.363,4.26,,,,,,,,,,,,,,,,,,,12.1343,1308.216,5.07,,,,13.1703,454.582,1.76,13.7638,1049.64,4.07,,,,,,,14.8924,5027.877,19.48,,,,15.3983,114.369,0.44,,,,,,,16.6726,145.318,0.56,17.0241,5647.794,21.88,,,,,,,17.7335,84.517,0.33,17.9346,669.172,2.59,,,,18.5427,186.951,0.72,18.6231,188.614,0.73,,,,,,,,,,,,,20.0213,142.004,0.55,,,,,,,,,,20.8275,834.485,3.23,21.0844,4324.833,16.75,,,,21.445,142.299,0.55,21.5221,135.096,0.52,,,,21.674,228.992,0.89,21.9146,562.669,2.18,22.2431,198.984,0.77,,,,,,,23.146,188.285,0.73,,,,,,,,,,,,,,,,,,,,,,,,,,,,,,,,,,,,,,,,25.3939,93.257,0.36,,,,25.9771,979.117,3.79,26.3448,71.457,0.28,26.4858,463.721,1.8,26.6218,520.825,2.02,,,,,,,,,,,,,,,,,,
441,,3.1623,412.929,1.24,3.6757,4416.856,13.24,,,,,,,7.3123,731.449,2.19,9.931,366.98,1.1,11.6049,201.721,0.6,,,,12.1433,1403.379,4.21,,,,,,,13.7622,163.452,0.49,,,,,,,14.8437,784.856,2.35,,,,,,,15.8246,795.911,2.39,16.3826,367.01,1.1,,,,16.99,2208.415,6.62,,,,,,,17.8743,9313.589,27.91,17.9728,419.393,1.26,,,,,,,18.5766,597.481,1.79,18.6543,444.726,1.33,18.9,872.042,2.61,,,,,,,19.9426,171.406,0.51,20.0368,200.228,0.6,,,,20.5756,155.577,0.47,20.8257,299.919,0.9,21.2163,108.57,0.33,21.3323,1752.175,5.25,21.4711,420.035,1.26,,,,,,,21.7169,3237.421,9.7,21.9366,215.989,0.65,22.3188,181.3,0.54,,,,,,,,,,23.2803,71.744,0.22,23.4437,269.873,0.81,,,,23.6621,145.757,0.44,23.7426,175.341,0.53,,,,,,,24.0108,81.563,0.24,,,,,,,,,,,,,,,,,,,,,,,,,,,,,,,,,,,,,,,,,,,,,,,,,,,
442,,,,,3.6744,506.403,1.4,,,,,,,,,,,,,,,,,,,,,,,,,13.1782,611.293,1.69,13.7892,2762.112,7.65,,,,,,,14.881,3752.685,10.39,,,,,,,,,,16.3873,348.779,0.97,16.6827,220.826,0.61,17.0692,9497.406,26.3,,,,,,,17.7497,272.172,0.75,17.9534,1216.098,3.37,,,,,,,18.5559,276.231,0.77,18.6368,242.852,0.67,19.0306,114.008,0.32,19.5258,214.894,0.6,,,,,,,,,,,,,,,,20.8963,829.21,2.3,21.1748,11291.528,31.27,,,,21.4589,182.734,0.51,21.5414,154.663,0.43,21.6215,155.945,0.43,21.6971,515.447,1.43,21.9373,822.468,2.28,,,,,,,,,,23.1268,241.879,0.67,23.2793,60.391,0.17,23.4412,157.275,0.44,,,,,,,23.7392,70.711,0.2,,,,,,,24.0142,91.548,0.25,,,,24.3778,158.929,0.44,,,,,,,,,,25.4929,222.06,0.61,,,,25.9687,78.912,0.22,,,,26.4829,98.582,0.27,26.621,336.711,0.93,,,,,,,,,,,,,,,,,,
450,,3.2143,1339.318,4.55,3.6812,4123.605,14.02,,,,,,,,,,,,,,,,,,,12.1388,1572.185,5.35,,,,,,,13.7609,574.532,1.95,,,,,,,14.8424,1028.652,3.5,,,,,,,15.84,1576.135,5.36,,,,,,,16.9685,1361.606,4.63,,,,,,,17.7681,1609.929,5.47,17.9425,103.852,0.35,,,,,,,18.5885,1418.383,4.82,18.6686,998.443,3.39,18.893,479.659,1.63,,,,,,,19.9674,407.001,1.38,20.022,352.166,1.2,,,,,,,20.8293,329.886,1.12,21.0879,3904.951,13.28,21.3391,2360.524,8.03,21.4964,384.478,1.31,,,,,,,21.7026,2673.063,9.09,21.9347,282.861,0.96,,,,,,,22.991,138.207,0.47,23.124,847.653,2.88,23.2783,113.511,0.39,23.4408,166.738,0.57,,,,23.6736,233.246,0.79,23.741,176.003,0.6,,,,,,,24.0123,105.928,0.36,,,,,,,,,,,,,,,,,,,,,,25.9689,298.068,1.01,,,,,,,26.616,171.812,0.58,,,,,,,,,,,,,,,,,,
458,,,,,,,,,,,,,,,,,,,,,,,,,,12.1332,243.184,1.38,,,,13.1755,329.813,1.88,13.7711,886.498,5.04,,,,,,,14.8482,1096.891,6.24,,,,15.4043,122.232,0.69,,,,16.3795,179.391,1.02,,,,17.0366,6224.151,35.39,,,,,,,,,,17.9429,636.68,3.62,,,,,,,,,,,,,,,,,,,,,,,,,,,,,,,,,,20.814,105.563,0.6,21.0813,3578.371,20.35,,,,,,,21.5282,187.976,1.07,,,,21.68,460.68,2.62,21.92,533.348,3.03,22.2443,98.752,0.56,,,,,,,23.1368,122.339,0.7,,,,23.4369,74.893,0.43,,,,,,,,,,,,,,,,24.0488,280.106,1.59,,,,,,,24.9606,154.912,0.88,,,,,,,,,,,,,25.9814,1137.82,6.47,26.3477,65.733,0.37,26.4836,77.325,0.44,26.6254,680.82,3.87,,,,,,,,,,,,,,,,,,
459,,3.1371,638.075,1.51,3.673,627.575,1.49,,,,,,,,,,,,,,,,,,,12.1421,743.879,1.76,12.7016,171.092,0.41,13.19,1421.804,3.37,13.8047,3735.31,8.86,,,,,,,14.8665,2334.015,5.54,,,,15.4092,251.027,0.6,,,,16.3876,231.247,0.55,,,,17.0796,10543.548,25.01,,,,,,,17.7477,134.685,0.32,17.9538,1085.729,2.58,,,,18.3602,142.244,0.34,,,,,,,19.0322,94.116,0.22,,,,,,,,,,,,,,,,,,,20.8975,277.599,0.66,21.2053,14957.374,35.48,,,,,,,21.548,276.412,0.66,,,,21.6831,386.927,0.92,21.9287,493.16,1.17,22.2538,287.101,0.68,,,,,,,23.1239,128.671,0.31,23.2827,103.376,0.25,23.4428,144.073,0.34,23.6023,51.456,0.12,,,,23.7412,64.032,0.15,,,,,,,24.052,277.317,0.66,,,,,,,,,,,,,,,,,,,,,,25.9766,592.817,1.41,,,,26.4883,587.184,1.39,26.62,237.461,0.56,,,,,,,,,,,,,,,,,,
466,,,,,3.6825,2073.352,12.14,,,,,,,7.3688,925.625,5.42,9.9179,254.461,1.49,,,,,,,12.1346,367.652,2.15,,,,,,,13.7659,365.602,2.14,,,,,,,14.8388,364.77,2.14,,,,,,,15.778,242.959,1.42,16.3773,174.172,1.02,,,,16.9998,3025.036,17.71,,,,,,,17.8086,3776.735,22.11,17.9526,274.602,1.61,,,,,,,18.5547,275.538,1.61,18.6355,271.209,1.59,,,,,,,,,,,,,,,,,,,,,,20.8113,208.772,1.22,21.2955,475.846,2.79,,,,21.4263,121.799,0.71,,,,,,,21.662,278.646,1.63,21.9126,223.634,1.31,,,,,,,,,,23.128,134.451,0.79,,,,23.4387,183.658,1.08,,,,23.6517,98.295,0.58,23.7392,83.592,0.49,,,,,,,24.0492,386.549,2.26,,,,,,,,,,,,,,,,,,,,,,25.9746,557.196,3.26,,,,26.4824,71.929,0.42,26.6195,213.131,1.25,,,,,,,,,,,,,,,,,,
47,,3.0373,781.498,2.41,,,,,,,,,,,,,,,,,,,,,,12.1284,341.282,1.05,12.6905,153.022,0.47,13.1719,533.347,1.65,13.7884,3533.09,10.91,,,,,,,14.8482,1025.019,3.17,,,,15.399,177.491,0.55,,,,16.3718,159.169,0.49,16.6726,225.023,0.7,17.0685,9976.922,30.82,,,,,,,,,,17.947,390.163,1.21,,,,,,,,,,,,,,,,,,,,,,,,,,,,,,,,,,20.8689,90.218,0.28,21.1673,11102.693,34.29,,,,,,,21.5442,373.967,1.16,,,,21.7156,964.852,2.98,21.9301,686.619,2.12,22.2605,168.805,0.52,,,,,,,23.1193,467.815,1.45,,,,,,,,,,,,,,,,,,,,,,24.0455,122.284,0.38,,,,,,,,,,,,,,,,,,,,,,25.9713,542.724,1.68,,,,,,,26.6152,117.231,0.36,,,,,,,,,,,,,,,,,,
48,,,,,3.6794,1032.259,3.9,,,,,,,,,,,,,,,,,,,12.1371,684.104,2.58,,,,13.1767,627.418,2.37,13.7801,2148.734,8.11,,,,,,,14.8789,3632.736,13.71,,,,,,,,,,16.3776,144.112,0.54,,,,17.02,4761.979,17.97,,,,,,,17.7423,206.283,0.78,17.9479,1066.426,4.02,,,,,,,18.5491,160.469,0.61,18.6294,166.229,0.63,,,,,,,,,,,,,,,,,,,,,,20.8651,866.221,3.27,21.1361,7611.955,28.72,,,,21.4577,185.36,0.7,21.5376,258.298,0.97,,,,21.6937,460.384,1.74,21.9198,342.662,1.29,22.2597,109.578,0.41,,,,,,,23.1298,251.731,0.95,,,,23.4386,93.506,0.35,,,,,,,23.7374,119.456,0.45,,,,,,,24.0474,137.759,0.52,,,,24.404,168.793,0.64,,,,,,,,,,25.3955,79.243,0.3,,,,25.9733,538.467,2.03,,,,26.4828,235.761,0.89,26.6186,225.451,0.85,,,,,,,,,,,,,,,,,,
50,,3.0549,603.197,1.74,3.6815,2122.857,6.14,,,,,,,7.2943,622.135,1.8,,,,,,,,,,12.1355,301.891,0.87,,,,13.1774,362.327,1.05,13.7743,1371.364,3.96,14.1681,700.732,2.03,,,,14.8638,1649.157,4.77,,,,,,,,,,16.3882,397.898,1.15,16.6846,235.485,0.68,17.0894,11661.818,33.71,,,,,,,17.7407,1266.997,3.66,17.9685,949.061,2.74,,,,18.4161,1134.858,3.28,18.558,106.603,0.31,18.6375,91.686,0.27,19.034,145.921,0.42,,,,,,,,,,,,,,,,,,,20.8603,846.902,2.45,21.1211,5842.406,16.89,,,,21.4526,116.278,0.34,21.5411,318.708,0.92,,,,21.69,292.145,0.84,21.9392,1043.08,3.02,22.3558,93.406,0.27,,,,,,,23.1605,318.999,0.92,23.2798,89.48,0.26,23.4387,66.394,0.19,,,,,,,23.7326,130.775,0.38,,,,,,,,,,,,,,,,,,,,,,,,,,,,,,,,,,,,,,,,26.6173,110.049,0.32,,,,,,,,,,,,,,,,,,
53,,3.0479,363.502,1.64,3.6775,2630.05,11.86,,,,,,,7.3086,665.854,3,9.9298,337.212,1.52,,,,,,,12.1317,363.963,1.64,,,,,,,13.7666,696.536,3.14,,,,,,,14.8458,1023.007,4.61,,,,,,,15.7799,265.606,1.2,16.3786,179.368,0.81,,,,17.007,3758.795,16.95,,,,,,,17.7915,2621.813,11.82,17.9497,699.167,3.15,,,,,,,18.5478,129.689,0.58,18.6283,108.117,0.49,18.856,136.669,0.62,,,,,,,,,,,,,,,,20.5722,148.936,0.67,20.8287,511.946,2.31,21.1964,86.237,0.39,21.3008,598.924,2.7,21.4328,170.999,0.77,21.5293,89.568,0.4,,,,21.6633,186.528,0.84,21.9118,281.984,1.27,,,,,,,,,,23.1344,162.05,0.73,23.2766,91.637,0.41,23.4394,197.393,0.89,,,,23.6524,108.495,0.49,23.7384,147.462,0.67,,,,,,,24.0086,55.544,0.25,,,,,,,,,,,,,,,,25.4018,508.416,2.29,,,,25.9687,331.006,1.49,,,,26.4875,87.971,0.4,26.6294,1140.459,5.14,,,,,,,,,,,,,,,,,,
55,,,,,3.6725,2573.825,14.85,,,,,,,,,,,,,,,,,,,12.1306,710.624,4.1,,,,,,,13.7537,267.246,1.54,,,,,,,14.8385,833.12,4.81,,,,,,,15.7968,572.466,3.3,,,,,,,16.9712,1612.166,9.3,,,,,,,17.7739,2036.571,11.75,17.9366,217.142,1.25,,,,,,,18.5694,933.744,5.39,18.6489,686.246,3.96,18.8627,146.929,0.85,,,,,,,19.9331,226.514,1.31,20.0219,243.907,1.41,,,,,,,20.8181,271.269,1.57,21.2962,550.534,3.18,,,,21.4614,451.916,2.61,,,,,,,21.6613,566.704,3.27,21.9136,200.893,1.16,,,,,,,22.9139,136.493,0.79,23.1247,1112.253,6.42,,,,23.4359,85.731,0.49,,,,23.6595,182.59,1.05,23.735,90.216,0.52,,,,,,,,,,,,,,,,,,,,,,,,,,,,,,,25.9663,203.919,1.18,,,,,,,,,,,,,,,,,,,,,,,,,,,
6,,3.0663,1235.815,4.75,,,,,,,,,,,,,,,,,,,,,,,,,,,,13.167,502.906,1.93,13.7535,297.648,1.14,,,,,,,14.8743,206.777,0.79,,,,15.3838,147.918,0.57,,,,16.372,173.626,0.67,16.6752,816.807,3.14,16.9793,2148.899,8.26,,,,,,,,,,17.9471,524.292,2.02,,,,,,,,,,,,,,,,,,,,,,,,,20.0226,219.924,0.85,,,,,,,,,,21.0704,8973.818,34.5,21.3059,205.379,0.79,,,,,,,,,,21.7645,737.368,2.83,21.9379,749.351,2.88,,,,,,,,,,23.1121,376.622,1.45,,,,,,,,,,,,,,,,,,,,,,24.0505,166.496,0.64,24.1538,4742.624,18.23,,,,,,,,,,,,,,,,,,,25.9713,256.096,0.98,,,,,,,26.6225,153.164,0.59,,,,,,,,,,,,,,,,,,
64,,3.1932,4407.104,11.92,3.6666,2720.008,7.36,,,,,,,,,,,,,,,,,,,12.1351,664.128,1.8,,,,,,,13.7572,621.485,1.68,,,,,,,14.9039,5622.341,15.21,,,,,,,15.7952,496.118,1.34,16.3776,130.679,0.35,16.6773,175.21,0.47,17.044,7287.983,19.71,,,,,,,,,,17.9467,358.57,0.97,,,,,,,18.5475,256.614,0.69,18.6272,216.861,0.59,,,,,,,,,,,,,20.027,207.066,0.56,,,,20.6494,223.42,0.6,20.8638,2140.268,5.79,21.0788,3987.309,10.78,21.2953,443.729,1.2,21.4677,549.161,1.49,,,,,,,21.6817,1231.53,3.33,21.9336,926.839,2.51,,,,,,,,,,23.1577,285.679,0.77,,,,23.4345,68.162,0.18,23.6205,90.873,0.25,,,,23.7297,151.663,0.41,,,,,,,24.0456,138.035,0.37,,,,,,,,,,,,,,,,25.4855,139.237,0.38,,,,25.9813,1286.984,3.48,26.3476,78.024,0.21,26.4936,1153.216,3.12,26.6245,599.27,1.62,,,,,,,,,,,,,,,,,,
96,,3.0348,713.734,2.71,3.6662,2093.413,7.95,,,,,,,,,,,,,,,,11.9528,193.451,0.73,12.1331,906.205,3.44,,,,13.1671,196.272,0.75,13.7618,877.683,3.33,,,,,,,14.9004,5267.913,20,,,,,,,,,,,,,16.6689,146.909,0.56,17.0288,5838.069,22.16,,,,,,,17.7377,106.245,0.4,17.9375,688.483,2.61,,,,,,,18.5513,337.814,1.28,18.6313,310.664,1.18,,,,,,,,,,,,,,,,,,,,,,20.8505,1224.077,4.65,21.0929,4632.4,17.59,,,,21.4598,226.232,0.86,21.526,153.165,0.58,,,,21.6906,320.811,1.22,21.921,535.519,2.03,,,,,,,,,,23.1516,541.318,2.05,23.2752,81.18,0.31,23.435,125.045,0.47,,,,,,,23.7312,208.963,0.79,,,,,,,,,,,,,,,,,,,,,,,,,,,,,,,,,,,,,,,,,,,,,,,,,,,,,,,,,,,,
99,,3.0737,679.394,3.1,3.6645,1606.503,7.34,,,,,,,,,,,,,,,,,,,12.1234,408.958,1.87,,,,13.1662,273.861,1.25,13.7606,1067.758,4.88,,,,,,,14.8767,3674.295,16.78,,,,,,,15.7902,292.191,1.33,,,,,,,16.9509,134.785,0.62,,,,,,,17.7507,1010.422,4.61,17.9319,374.82,1.71,,,,,,,18.5527,479.128,2.19,18.6312,338.088,1.54,,,,,,,,,,19.9606,114.078,0.52,20.026,159.15,0.73,,,,,,,20.8683,1386.62,6.33,21.1205,6568.965,30,21.3092,844.407,3.86,21.4607,162.859,0.74,21.5347,87.761,0.4,,,,21.6616,176.256,0.8,,,,,,,,,,,,,23.124,352.685,1.61,23.2748,59.566,0.27,23.4358,150.408,0.69,,,,,,,23.7327,91.765,0.42,,,,,,,,,,,,,,,,,,,,,,,,,25.3962,360.632,1.65,,,,25.9619,135.725,0.62,,,,,,,26.6203,573.59,2.62,,,,,,,,,,,,,,,,,,
CT 0.5,,,,,3.5116,79270.7,98.25,,,,,,,,,,,,,,,,,,,,,,,,,13.2124,266.664,0.33,13.7973,261.139,0.32,,,,,,,14.8975,248.919,0.31,,,,,,,,,,,,,16.7013,245.981,0.3,16.9783,202.349,0.25,,,,,,,,,,,,,,,,,,,,,,,,,,,,,,,,,,,,,,,,,,,,,,,,,21.0318,187.006,0.23,,,,,,,,,,,,,,,,,,,,,,,,,,,,,,,,,,,,,,,,,,,,,,,,,,,,,,,,,,,,,,,,,,,,,,,,,,,,,,,,,,,,,,,,,,,,,,,,,,,,,,,,,
CT 10,,,,,3.4712,71132.948,76.06,,,,,,,,,,,,,,,,,,,,,,,,,13.2244,3829.886,4.1,13.8163,3784.575,4.05,,,,,,,14.9222,3684.323,3.94,15.0995,583.842,0.62,,,,,,,,,,16.7483,3987.767,4.26,17.0191,3405.6,3.64,,,,,,,,,,,,,,,,,,,,,,,,,,,,,,,,,,,,,,,,,,,,,,,,,21.0751,3113.399,3.33,,,,,,,,,,,,,,,,,,,,,,,,,,,,,,,,,,,,,,,,,,,,,,,,,,,,,,,,,,,,,,,,,,,,,,,,,,,,,,,,,,,,,,,,,,,,,,,,,,,,,,,,,
Empty,,,,,,,,,,,,,,,,,,,,,,,,,,,,,,,,,,,,,,,,,,,,,,,,,,,,,,,,,,,,,,,,,,,,,,,,,,,,,,,,,,,,,,,,,,,,,,,,,,,,,,,,,,,,,,,,,,,,,,,,,,,,,,,,,,,,,,,,,,,,,,,,,,,,,,,,,,,,,,,,,,,,,,,,,,,,,,,,,,,,,,,,,,,,,,,,,,,,,,,,,,,,,,,,,,,,,,,,,,,,
10,,3.1598,446.744,1.55,3.6881,2535.886,8.82,,,,,,,,,,,,,,,,,,,12.1249,534.194,1.86,,,,,,,13.7563,1189.129,4.14,,,,,,,14.8835,4773.455,16.61,,,,,,,15.7811,281.077,0.98,,,,,,,16.9976,4275.315,14.88,,,,,,,17.7405,773.002,2.69,17.9397,1244.025,4.33,,,,18.5384,265.869,0.93,18.6174,237.339,0.83,,,,18.8608,369.729,1.29,19.3291,97.236,0.34,,,,,,,,,,,,,,,,20.8565,1782.048,6.2,21.0928,5193.723,18.07,,,,21.4321,245.94,0.86,,,,,,,21.6615,739.767,2.57,21.9074,352.362,1.23,,,,,,,,,,23.1238,586.083,2.04,23.2686,98.465,0.34,23.4308,264.612,0.92,23.6093,66.124,0.23,,,,23.7266,178.881,0.62,,,,,,,24.0002,122.073,0.42,,,,,,,,,,,,,,,,25.4793,154.866,0.54,,,,25.9642,408.408,1.42,,,,26.4772,380.864,1.33,26.6123,275.36,0.96,,,,,,,,,,,,,,,,,,
103,,3.2231,1293.353,4.98,3.6826,2303.353,8.87,,,,,,,7.3024,441.624,1.7,,,,,,,11.9355,200.365,0.77,12.1388,1694.943,6.53,,,,,,,13.7581,772.064,2.97,,,,,,,14.8833,4328.311,16.67,,,,,,,,,,,,,,,,16.9816,2765.806,10.65,,,,,,,17.7574,1354.732,5.22,17.9547,1615.848,6.22,,,,18.5425,235.167,0.91,18.6229,233.458,0.9,,,,,,,19.3346,147.216,0.57,,,,20.0153,138.934,0.54,,,,,,,,,,20.8563,1719.311,6.62,21.082,3693.844,14.23,21.4015,336.538,1.3,,,,21.5779,74.243,0.29,21.6521,321.622,1.24,,,,21.9008,184.66,0.71,,,,,,,,,,23.1378,92.281,0.36,23.2721,153.708,0.59,23.4394,504.094,1.94,,,,,,,23.7319,199.263,0.77,,,,,,,24.0025,135.522,0.52,,,,,,,,,,,,,,,,,,,,,,25.9668,227.811,0.88,,,,26.4785,154.455,0.59,26.613,78.049,0.3,,,,,,,,,,,,,,,,,,
111,,,,,,,,,,,,,,,,,,,,,,,,,,,,,,,,13.1698,429.638,1.64,13.7793,2679.742,10.2,,,,,,,14.8543,381.655,1.45,,,,15.3922,183.775,0.7,,,,16.3691,181.174,0.69,,,,17.0243,6455.189,24.58,,,,,,,,,,17.9391,288.782,1.1,,,,,,,,,,,,,,,,,,,,,,,,,,,,,,,,,,,,,21.1591,11196.276,42.63,,,,,,,21.522,118.323,0.45,,,,21.6592,543.601,2.07,21.9076,444.064,1.69,22.2223,217.633,0.83,,,,,,,,,,,,,,,,,,,,,,,,,,,,,,,24.0389,84.009,0.32,,,,,,,,,,,,,,,,25.4881,260.752,0.99,,,,25.9759,940.702,3.58,,,,26.4837,624.195,2.38,26.6174,475.535,1.81,,,,,,,,,,,,,,,,,,
113,,3.1596,454.882,3.02,3.6857,1405.298,9.32,,,,,,,7.3181,453.921,3.01,,,,,,,,,,12.1243,524.647,3.48,,,,,,,,,,,,,,,,14.8487,2332.473,15.48,,,,,,,15.7469,161.228,1.07,,,,,,,16.9563,1546.407,10.26,,,,,,,17.7442,1221.468,8.1,17.9253,570.238,3.78,,,,18.5319,229.637,1.52,18.612,197.485,1.31,,,,,,,,,,,,,20.0033,115.607,0.77,,,,,,,20.5495,135.402,0.9,20.8175,998.387,6.62,21.277,299.619,1.99,21.4074,331.207,2.2,,,,,,,21.6442,118.401,0.79,,,,21.8916,142.968,0.95,,,,,,,,,,23.1287,196.683,1.3,23.2658,104.714,0.69,23.4303,282.543,1.87,,,,,,,23.7286,222.235,1.47,,,,,,,23.9978,53.712,0.36,,,,,,,,,,,,,,,,25.391,334.834,2.22,,,,25.9599,229.475,1.52,,,,,,,26.6158,657.104,4.36,,,,,,,,,,,,,,,,,,
122,,3.2083,2486.525,7.87,3.7024,4215.557,13.34,,,,,,,7.3233,753.567,2.39,9.9266,412.382,1.31,,,,,,,12.1319,606.746,1.92,,,,,,,13.7646,1091.288,3.45,,,,,,,14.8307,248.552,0.79,,,,,,,15.7844,508.787,1.61,16.3725,291.539,0.92,,,,16.9725,2119.49,6.71,,,,,,,17.8319,6135.95,19.42,17.9467,353.996,1.12,,,,,,,18.5479,211.052,0.67,18.6268,246.05,0.78,18.8605,362.404,1.15,,,,,,,,,,,,,,,,,,,20.8329,133.994,0.42,21.1998,131.569,0.42,21.3118,1058.216,3.35,21.4152,195.327,0.62,21.5844,132.326,0.42,,,,21.6674,771.742,2.44,21.9109,236.707,0.75,22.2765,178.6,0.57,22.652,126.9,0.4,,,,,,,23.2735,79.212,0.25,23.4384,270.178,0.86,23.5672,90.833,0.29,23.6529,219.859,0.7,23.7382,205.946,0.65,,,,,,,24.0461,392.638,1.24,,,,,,,,,,,,,,,,,,,,,,25.9726,591.416,1.87,,,,26.4828,396.663,1.26,26.6178,251.882,0.8,,,,,,,,,,,,,,,,,,
147,,3.0749,316.133,1.16,3.6975,3039.178,11.14,,,,,,,,,,,,,,,,,,,12.1216,635.822,2.33,,,,,,,13.7561,1274.823,4.67,,,,,,,14.8282,645.065,2.37,,,,,,,15.7889,682.707,2.5,16.3623,244.599,0.9,,,,16.9575,1348.896,4.95,,,,,,,17.7942,4045.603,14.83,17.934,195.786,0.72,,,,,,,18.5584,880.646,3.23,18.6405,711.938,2.61,18.8654,491.374,1.8,,,,,,,19.9338,199.17,0.73,20.0075,159.189,0.58,,,,,,,20.8209,172.411,0.63,21.1948,93.833,0.34,21.2928,647.498,2.37,21.4391,311.292,1.14,21.5181,75.383,0.28,,,,21.6953,3009.958,11.04,21.9161,188.637,0.69,22.2744,160.148,0.59,22.6536,122.912,0.45,,,,23.1164,471.704,1.73,23.2676,73.817,0.27,23.4318,178.651,0.65,,,,23.6471,198.68,0.73,23.7303,78.5,0.29,,,,,,,24.0428,498.036,1.83,,,,,,,,,,,,,,,,,,,,,,25.9636,385.035,1.41,,,,,,,26.6084,79.545,0.29,,,,,,,,,,,,,,,,,,
15,,3.059,456.275,1.54,3.6785,2205.193,7.46,,,,,,,7.3247,486.387,1.65,,,,,,,,,,12.1258,1353.957,4.58,,,,,,,13.7477,528.139,1.79,,,,,,,14.938,10270.469,34.77,,,,,,,,,,,,,,,,16.9595,1574.931,5.33,,,,,,,17.7309,386.442,1.31,17.9416,1407.81,4.77,,,,18.535,211.464,0.72,18.6159,212.814,0.72,,,,,,,19.3278,165.186,0.56,,,,20.0143,167.669,0.57,,,,,,,,,,20.87,3348.979,11.34,21.2654,192.879,0.65,,,,21.4513,556.432,1.88,,,,21.5995,457.734,1.55,,,,21.9016,156.138,0.53,,,,,,,22.9732,92.145,0.31,23.1258,514.217,1.74,23.2695,167.277,0.57,23.4338,418.838,1.42,23.6107,81.645,0.28,,,,23.7285,252.836,0.86,,,,,,,24.0353,61.403,0.21,,,,,,,,,,,,,,,,,,,,,,25.9592,91.017,0.31,,,,,,,26.6084,78.514,0.27,,,,,,,,,,,,,,,,,,
159,,3.1123,399.753,1.74,3.689,1596.315,6.93,,,,,,,,,,,,,,,,,,,12.1225,313.48,1.36,,,,,,,13.7575,1370.219,5.95,14.1737,2313.761,10.05,,,,14.8404,1088.011,4.73,,,,,,,,,,16.3642,145.96,0.63,,,,16.9997,4114.135,17.87,,,,,,,17.7432,2054.18,8.92,17.9371,371.383,1.61,,,,18.4012,962.757,4.18,18.5408,95.651,0.42,,,,,,,,,,,,,,,,,,,,,,,,,20.8297,439.193,1.91,21.0959,5160.686,22.42,21.2815,193.627,0.84,21.4246,127.353,0.55,,,,,,,21.6583,228.307,0.99,21.9061,319.239,1.39,,,,,,,,,,23.1147,319.773,1.39,,,,23.4288,52.211,0.23,,,,,,,,,,,,,,,,,,,,,,,,,,,,,,,,,,25.3889,115.112,0.5,,,,25.9619,211.287,0.92,,,,26.4759,123.796,0.54,26.6145,406.217,1.76,26.7447,123.574,0.54,,,,,,,,,,,,,,,
164,,3.1337,487.048,2.45,3.7055,1527.64,7.67,,,,,,,7.3073,508.691,2.55,,,,,,,,,,12.1245,272.705,1.37,,,,,,,13.7657,1459.202,7.33,,,,,,,14.8417,1650.501,8.29,,,,,,,15.7472,147.026,0.74,,,,,,,16.9415,393.546,1.98,,,,,,,17.744,1038.409,5.21,17.9282,537.053,2.7,,,,18.5338,119.322,0.6,18.6135,106.097,0.53,,,,,,,,,,,,,,,,,,,,,,,,,20.8488,840.887,4.22,21.1143,6587.942,33.07,21.397,172.1,0.86,,,,21.5199,121.581,0.61,21.6507,272.723,1.37,,,,,,,,,,,,,,,,,,,,,,23.4293,106.679,0.54,,,,,,,23.73,104.204,0.52,,,,,,,24.0387,98.971,0.5,,,,,,,,,,,,,,,,25.3929,219.17,1.1,,,,25.9728,870.176,4.37,26.3419,69.411,0.35,26.4838,368.119,1.85,26.6254,1122.458,5.64,,,,,,,,,,,,,,,,,,
166,,3.0629,528.136,2.48,3.6843,1616.041,7.6,,,,,,,,,,,,,,,,,,,12.1237,766.749,3.6,,,,,,,13.7473,499.752,2.35,14.093,481.176,2.26,,,,14.8762,4077.057,19.17,,,,,,,,,,16.3643,119.99,0.56,,,,17.0049,4841.937,22.76,,,,,,,17.7135,303.699,1.43,17.934,1008.181,4.74,,,,18.3685,337.374,1.59,18.6135,142.151,0.67,,,,18.8442,205.999,0.97,,,,,,,,,,,,,,,,,,,20.8277,1258.377,5.92,21.0321,1789.649,8.41,,,,21.423,265.713,1.25,,,,,,,21.6563,577.026,2.71,21.9033,406.946,1.91,,,,,,,,,,23.1313,335.284,1.58,23.2673,95.488,0.45,23.429,199.636,0.94,,,,,,,,,,23.7246,153.415,0.72,,,,24.0347,54.278,0.26,,,,,,,,,,,,,,,,,,,,,,,,,,,,,,,,,,,,,,,,,,,,,,,,,,,
169,,,,,3.6807,1800.013,6.78,,,,,,,7.3177,502.215,1.89,,,,,,,,,,12.1224,777.207,2.93,,,,,,,13.7519,1012.763,3.81,,,,,,,14.9073,6790.978,25.58,,,,,,,,,,,,,,,,16.9651,1983.042,7.47,,,,,,,17.7269,278.12,1.05,17.9316,1002.364,3.77,,,,18.5316,131.819,0.5,18.6119,137.744,0.52,,,,,,,19.3281,111.661,0.42,,,,,,,,,,,,,,,,20.8784,2781.268,10.47,21.1058,6075.184,22.88,,,,21.4448,300.684,1.13,,,,21.5991,76.232,0.29,,,,21.9038,218.42,0.82,,,,,,,22.9761,96.435,0.36,23.1338,539.445,2.03,23.2702,152.421,0.57,23.4342,389.138,1.47,23.6115,87.088,0.33,,,,23.73,244.142,0.92,,,,,,,24.0006,117.062,0.44,,,,,,,,,,,,,,,,25.4786,110.071,0.41,,,,25.9619,199.695,0.75,,,,26.474,158.79,0.6,26.6089,109.776,0.41,,,,,,,,,,,,,,,,,,
172,,3.1626,329.2,0.99,3.6944,3593.697,10.8,,,,,,,7.3121,1137.169,3.42,9.9165,388.485,1.17,,,,,,,12.1321,917.579,2.76,,,,,,,,,,14.1296,1758.527,5.29,,,,14.8771,3494.37,10.5,,,,,,,15.7777,465.786,1.4,,,,,,,16.987,181.721,0.55,,,,,,,17.8088,4906.051,14.75,17.9823,2282.346,6.86,,,,18.3934,675.968,2.03,18.5521,236.898,0.71,18.631,218.837,0.66,18.8642,509.472,1.53,19.3378,90.481,0.27,,,,20.0222,202.483,0.61,,,,,,,20.5607,237.727,0.71,20.8554,2374.782,7.14,,,,21.304,948.566,2.85,21.4438,469.145,1.41,,,,,,,21.7139,3830.164,11.51,,,,,,,,,,22.9776,117.139,0.35,23.1538,194.027,0.58,23.2749,189.193,0.57,23.4463,760.491,2.29,23.6182,55.746,0.17,23.6547,50.122,0.15,23.7404,460.728,1.38,,,,,,,24.0077,219.921,0.66,,,,,,,,,,,,,25.2908,164.264,0.49,25.3921,82.239,0.25,,,,25.9666,223.588,0.67,,,,26.4797,95.464,0.29,26.6145,103.895,0.31,26.7461,212.532,0.64,,,,,,,,,,,,,,,
20,,3.1534,144.962,0.76,3.6861,3144.306,16.4,,,,,,,7.3171,690.474,3.6,9.9164,232.868,1.21,,,,,,,12.1178,292.128,1.52,,,,,,,,,,,,,,,,14.8236,389.28,2.03,,,,,,,15.7767,613.347,3.2,,,,,,,16.9713,2156.458,11.25,,,,,,,17.7903,3637.943,18.97,17.9329,192.98,1.01,,,,18.54,343.941,1.79,18.6176,230.296,1.2,,,,18.8503,489.868,2.55,,,,19.8947,135.815,0.71,,,,,,,,,,20.5481,163.642,0.85,20.7944,124.551,0.65,,,,21.3013,1176.22,6.13,21.4185,257.06,1.34,21.5847,97.206,0.51,,,,21.6825,1931.047,10.07,21.904,174,0.91,,,,,,,,,,23.1063,215.166,1.12,23.2662,59.354,0.31,23.4315,260.604,1.36,,,,23.6444,189.237,0.99,23.7279,127.761,0.67,,,,,,,23.9982,75.997,0.4,,,,,,,,,,,,,,,,25.389,191.748,1,,,,,,,,,,,,,26.6112,249.375,1.3,,,,,,,,,,,,,,,,,,
212,,3.0896,1158.694,5.17,3.6866,1028.308,4.59,,,,,,,,,,,,,,,,,,,12.129,691.534,3.09,,,,13.1677,203.037,0.91,13.7627,1732.71,7.73,14.0507,1786.017,7.97,,,,14.8771,3787.417,16.9,,,,,,,,,,,,,,,,16.9735,2308.801,10.3,,,,,,,17.7006,880.048,3.93,17.9431,1232.147,5.5,,,,18.3723,451.916,2.02,18.6184,153.457,0.68,,,,,,,,,,,,,20.0185,235.803,1.05,,,,,,,,,,20.8228,576.758,2.57,21.0867,4652.22,20.76,21.3976,158.605,0.71,,,,,,,21.647,105.98,0.47,,,,21.8941,118.478,0.53,,,,,,,,,,,,,23.2682,60.461,0.27,23.4323,231.379,1.03,,,,,,,23.7298,91.319,0.41,,,,,,,,,,,,,,,,,,,,,,,,,,,,,,,25.9633,155.087,0.69,,,,,,,26.6108,73.628,0.33,26.7404,123.052,0.55,,,,,,,,,,,,,,,
224,,3.0987,436.323,0.97,3.6905,473.507,1.05,,,,,,,,,,,,,,,,,,,,,,,,,,,,,,,14.1272,1096.656,2.43,,,,14.8399,662.089,1.47,,,,,,,15.8451,513.855,1.14,,,,,,,16.9611,1009.622,2.24,,,,,,,17.8123,1274.848,2.83,,,,,,,18.4957,491.813,1.09,,,,,,,18.9382,2183.955,4.84,,,,,,,,,,,,,20.3377,121.959,0.27,,,,20.8147,243.458,0.54,,,,,,,,,,21.5838,81.181,0.18,,,,21.6908,1958.63,4.34,,,,22.0697,300.153,0.67,,,,,,,,,,,,,23.4311,57.059,0.13,,,,,,,23.7321,76.781,0.17,,,,,,,24.0034,90.61,0.2,,,,,,,,,,,,,,,,,,,,,,25.9646,97.286,0.22,,,,,,,26.6136,98.092,0.22,26.743,95.037,0.21,,,,,,,,,,,,,,,
229,,3.1662,401.776,1.9,3.697,4595.333,21.76,,,,,,,7.3237,543.94,2.58,9.9195,258.852,1.23,,,,,,,12.1247,815.551,3.86,,,,,,,13.7475,363.528,1.72,,,,,,,14.8442,2028.175,9.61,,,,,,,15.767,386.835,1.83,,,,,,,16.9486,839.768,3.98,,,,,,,17.7842,3229.078,15.29,17.9295,354.929,1.68,,,,18.5449,490.945,2.33,18.6223,306.996,1.45,,,,18.8449,182.067,0.86,,,,,,,20.0082,195.058,0.92,,,,,,,20.561,162.286,0.77,20.8102,528.855,2.5,21.1895,99.396,0.47,21.2983,978.311,4.63,21.4261,244.881,1.16,,,,21.6471,124.179,0.59,,,,21.899,67.046,0.32,,,,,,,,,,23.1196,520.158,2.46,23.2661,97.813,0.46,23.4287,150.006,0.71,,,,23.6441,89.327,0.42,,,,23.7261,82.83,0.39,,,,,,,,,,,,,,,,,,,,,,25.3866,99.397,0.47,,,,25.9604,250.322,1.19,,,,26.4919,202.324,0.96,26.609,159.294,0.75,,,,,,,,,,,,,,,,,,
23,,3.0906,550.851,3.02,3.6854,1695.59,9.28,,,,,,,,,,,,,,,,,,,12.1142,188.862,1.03,,,,,,,13.759,1564.781,8.57,,,,,,,14.848,2430.277,13.31,,,,,,,,,,,,,,,,16.9465,1090,5.97,,,,,,,17.718,128.374,0.7,17.917,402.806,2.21,,,,,,,,,,,,,,,,,,,,,,,,,,,,,,,,,,20.8492,1347.292,7.38,21.2486,107.897,0.59,,,,21.516,79.369,0.43,,,,21.6526,107.447,0.59,,,,21.8954,96.976,0.53,,,,,,,,,,23.115,535.39,2.93,23.2654,62.628,0.34,23.4265,97.072,0.53,23.6056,74.448,0.41,,,,,,,23.7232,120.948,0.66,,,,24.0358,103.097,0.56,,,,,,,,,,,,,,,,25.3878,153.582,0.84,,,,25.9642,490.226,2.68,,,,26.4755,147.289,0.81,26.6105,271.639,1.49,,,,,,,,,,,,,,,,,,
25,,,,,3.6855,3218.328,17.64,,,,,,,,,,,,,,,,,,,12.1236,593.854,3.25,,,,,,,13.7474,249.191,1.37,,,,,,,14.8254,464.05,2.54,,,,,,,15.7868,715.069,3.92,,,,,,,16.9689,2055.244,11.26,,,,,,,17.7769,2734.957,14.99,17.9431,161.839,0.89,,,,,,,18.5483,564.795,3.1,18.6285,469.871,2.58,18.86,516.88,2.83,,,,19.9081,117.828,0.65,20.0109,123.442,0.68,,,,,,,20.5521,173.667,0.95,20.7991,141.236,0.77,21.2963,867.436,4.75,,,,21.4383,260.485,1.43,,,,21.5978,76.647,0.42,21.6858,2071.832,11.35,21.9122,188.117,1.03,,,,,,,,,,23.1099,264.774,1.45,,,,23.4319,199.612,1.09,,,,23.6512,210.309,1.15,23.7293,93.315,0.51,,,,,,,24.0003,69.276,0.38,,,,,,,,,,,,,,,,25.3887,153.045,0.84,,,,25.9615,160.14,0.88,,,,,,,26.6109,200.863,1.1,,,,,,,,,,,,,,,,,,
251,,,,,3.6893,2102.042,11.77,,,,,,,,,,,,,,,,,,,12.1218,364.058,2.04,,,,13.163,146.475,0.82,13.745,191.881,1.07,,,,,,,14.8234,535.964,3,,,,,,,15.7785,502.911,2.82,,,,,,,16.944,261.643,1.47,,,,,,,17.8139,5333.178,29.87,17.9334,188.729,1.06,,,,,,,18.6225,295.714,1.66,,,,18.8595,510.251,2.86,,,,19.9058,170.584,0.96,20.0087,131.126,0.73,,,,,,,,,,20.8061,204.834,1.15,21.194,79.113,0.44,21.3062,1190.074,6.67,21.4347,265.98,1.49,21.5936,69.275,0.39,,,,21.6807,1716.979,9.62,,,,,,,,,,,,,23.1083,280.83,1.57,,,,23.4318,191.196,1.07,,,,23.6473,134.67,0.75,23.7303,126.087,0.71,,,,,,,24.0001,64.083,0.36,,,,,,,,,,,,,,,,25.3899,143.796,0.81,,,,,,,,,,,,,26.6131,349.408,1.96,,,,,,,,,,,,,,,,,,
252,,3.0753,742.898,2.18,3.69,940.912,2.76,,,,,,,,,,,,,,,,,,,,,,,,,13.169,571.333,1.68,13.7675,1790.123,5.26,,,,,,,14.8502,2331.686,6.85,,,,,,,,,,16.3717,344.653,1.01,,,,17.0769,12048.99,35.38,,,,,,,17.7333,163.267,0.48,17.9416,931.148,2.73,,,,18.5369,156.079,0.46,18.6166,140.976,0.41,,,,19.0157,130.167,0.38,,,,,,,,,,,,,,,,,,,20.8646,934.062,2.74,21.1342,8798.309,25.84,,,,21.4263,252.514,0.74,21.5302,459.583,1.35,,,,21.6685,440.803,1.29,21.9242,1023.473,3.01,22.34,134.93,0.4,,,,,,,23.1175,175.493,0.52,23.269,57.728,0.17,23.4294,105.359,0.31,,,,,,,23.7294,130.224,0.38,,,,,,,24.0404,235.375,0.69,,,,,,,,,,,,,,,,25.3889,91.091,0.27,,,,25.963,250.493,0.74,,,,,,,26.6135,382.527,1.12,,,,,,,,,,,,,,,,,,
268,,3.1557,423.702,1.07,3.6824,2841.853,7.17,,,,,,,7.2942,632.346,1.59,9.9183,280.003,0.71,,,,,,,12.1239,814.206,2.05,,,,13.1614,296.865,0.75,13.7616,1574.699,3.97,,,,,,,14.9105,7168.692,18.08,,,,,,,,,,16.3672,186.482,0.47,,,,17.0201,5873.903,14.81,,,,,,,17.7392,463.896,1.17,17.9621,2481.197,6.26,,,,18.3336,159.607,0.4,18.6207,212.027,0.53,,,,,,,19.3314,120.221,0.3,,,,,,,,,,,,,,,,20.8959,3018.574,7.61,21.1303,7672.838,19.35,,,,21.4416,381.909,0.96,21.5296,174.681,0.44,21.6025,123.755,0.31,21.66,254.508,0.64,21.9129,485.101,1.22,,,,,,,,,,23.146,494.255,1.25,23.2726,153.054,0.39,23.4412,630.013,1.59,23.6142,97.487,0.25,,,,23.7365,379.236,0.96,,,,23.8993,53.317,0.13,24.0039,219.337,0.55,,,,,,,,,,,,,25.3897,78.348,0.2,25.4821,141.084,0.36,,,,25.967,464.606,1.17,,,,26.4773,261.207,0.66,26.6119,183.95,0.46,,,,,,,,,,,,,,,,,,
31,,3.0663,352.089,1.31,3.6805,2432.204,9.07,,,,,,,7.3118,520.46,1.94,,,,,,,,,,12.1265,1090.285,4.07,,,,13.1585,184.813,0.69,13.7467,425.616,1.59,,,,,,,14.8581,2844.991,10.61,,,,,,,15.797,652.29,2.43,,,,,,,16.9718,2396.956,8.94,,,,,,,17.7634,1925.378,7.18,17.9341,859.56,3.21,,,,18.5384,268.03,1,18.6146,206.428,0.77,,,,18.8924,1023.486,3.82,,,,,,,,,,,,,,,,,,,20.8383,1024.729,3.82,21.0815,4100.087,15.29,21.2917,544.985,2.03,21.4558,184.534,0.69,21.5187,75.146,0.28,,,,21.699,3017.162,11.25,21.9259,295.796,1.1,,,,22.661,103.116,0.38,,,,23.1127,421.131,1.57,23.2725,193.658,0.72,23.4381,510.556,1.9,,,,,,,23.7324,165.425,0.62,,,,,,,24.0021,122.333,0.46,,,,,,,,,,,,,,,,,,,,,,25.9623,263.654,0.98,,,,26.4744,87.302,0.33,26.6094,123.761,0.46,,,,,,,,,,,,,,,,,,
321,,3.1541,504.184,1.46,3.6894,3132.572,9.06,,,,,,,7.2997,699.839,2.02,9.9212,292.999,0.85,,,,,,,12.1318,1250.957,3.62,,,,,,,13.7465,188.73,0.55,,,,,,,14.9303,9077.551,26.26,,,,,,,,,,16.3676,135.823,0.39,,,,17.0061,4765.787,13.79,17.1234,165.48,0.48,,,,17.7376,449.596,1.3,17.9597,2361.666,6.83,,,,18.5366,152.663,0.44,18.6179,171.661,0.5,,,,,,,19.3307,154.377,0.45,,,,20.015,203.886,0.59,,,,,,,,,,20.8744,3627.087,10.49,21.264,504.035,1.46,,,,21.438,297.606,0.86,,,,21.5992,110.411,0.32,21.6541,254.792,0.74,21.9068,430.614,1.25,,,,,,,22.9775,286.72,0.83,23.1244,468,1.35,23.2724,222.222,0.64,23.445,963.851,2.79,23.6119,88.122,0.25,,,,23.7345,442.096,1.28,,,,,,,24.002,209.116,0.6,,,,,,,,,,,,,,,,25.3863,65.019,0.19,,,,,,,,,,,,,26.6093,138.542,0.4,,,,,,,,,,,,,,,,,,
333,,3.0805,743.798,2.05,3.6897,4078.593,11.24,,,,,,,7.3044,636.804,1.76,9.9192,261.982,0.72,11.6487,470.399,1.3,,,,12.1181,322.116,0.89,,,,,,,13.7599,1545.547,4.26,,,,,,,14.8287,656.544,1.81,,,,,,,15.8075,825.946,2.28,,,,,,,16.9648,1650.632,4.55,,,,,,,17.8205,5729.965,15.79,17.9383,252.328,0.7,,,,,,,18.5565,659.226,1.82,18.6328,415.936,1.15,18.8947,791.512,2.18,,,,,,,19.9659,377.596,1.04,,,,,,,20.5718,162.148,0.45,20.8235,173.782,0.48,21.0871,4273.269,11.78,21.3213,1820.9,5.02,21.4713,222.412,0.61,,,,,,,21.7256,5450.581,15.02,21.962,171.72,0.47,22.3448,161.953,0.45,,,,,,,23.1111,394.894,1.09,23.2751,147.719,0.41,23.4445,669.765,1.85,23.5713,81.312,0.22,23.6631,156.032,0.43,23.7446,369.945,1.02,,,,23.9052,71.933,0.2,24.0121,281.245,0.78,,,,,,,,,,,,,,,,25.3903,123.151,0.34,,,,25.9615,79.155,0.22,,,,,,,26.612,231.422,0.64,,,,,,,,,,,,,,,,,,
343,,3.1584,514.868,2.47,3.6849,2774.553,13.3,,,,,,,7.295,498.259,2.39,,,,,,,,,,12.1319,1530.763,7.34,,,,,,,,,,,,,,,,14.8873,4834.027,23.17,,,,,,,15.7611,166.973,0.8,,,,,,,16.9501,749.586,3.59,,,,,,,17.7546,1516.093,7.27,17.9371,919.238,4.41,,,,18.3795,120.875,0.58,18.6228,337.06,1.62,,,,18.8462,194.598,0.93,19.3326,185.388,0.89,,,,,,,,,,,,,,,,20.8401,1871.138,8.97,21.2814,223.25,1.07,,,,21.4318,290.967,1.39,21.5888,67.831,0.33,21.6476,160.094,0.77,,,,21.9018,78.858,0.38,,,,,,,,,,23.1208,386.925,1.85,23.2691,138.977,0.67,23.4314,264.859,1.27,,,,,,,23.7294,138.703,0.66,,,,,,,24.0006,83.512,0.4,,,,,,,,,,,,,,,,,,,,,,25.9633,270.706,1.3,,,,26.477,177.352,0.85,26.6105,119.381,0.57,,,,,,,,,,,,,,,,,,
384,,3.1269,698.042,2.18,3.682,2622.653,8.18,,,,,,,7.3198,685.395,2.14,9.919,250.029,0.78,,,,,,,12.1332,1661.698,5.18,,,,,,,13.7508,556.71,1.74,14.1685,76.934,0.24,,,,14.9265,8263.757,25.77,,,,,,,,,,,,,,,,16.9735,2187.871,6.82,,,,,,,17.7321,1007.305,3.14,17.9618,2091.942,6.52,,,,18.3875,464.111,1.45,18.5467,252.783,0.79,,,,,,,19.3342,167.282,0.52,,,,,,,20.0312,489.678,1.53,,,,,,,20.8721,3193.327,9.96,21.2665,557.534,1.74,,,,21.4446,124.56,0.39,,,,21.6519,111.632,0.35,,,,21.9055,128.049,0.4,,,,,,,22.9823,385.797,1.2,23.1533,148.563,0.46,23.2736,172.52,0.54,23.4443,780.027,2.43,,,,,,,23.7315,206.775,0.64,,,,,,,24.0061,294.47,0.92,,,,,,,,,,,,,,,,25.3883,89.044,0.28,,,,25.9609,104.703,0.33,,,,,,,26.6098,85.412,0.27,,,,,,,,,,,,,,,,,,
392,,3.1624,583.667,1.29,3.6839,4408.943,9.72,,,,,,,7.2985,477.849,1.05,9.9199,297.68,0.66,11.6351,520.885,1.15,,,,12.1303,1522.903,3.36,,,,,,,13.7456,264.88,0.58,,,,,,,14.8455,1671.699,3.69,,,,,,,15.8378,1057.043,2.33,16.3699,180.141,0.4,,,,16.9991,3904.111,8.61,17.1856,175.542,0.39,,,,,,,17.9839,583.72,1.29,,,,,,,18.5915,1386.704,3.06,18.6668,867.419,1.91,18.905,1418.501,3.13,,,,,,,19.932,320.495,0.71,20.0198,249.881,0.55,,,,20.5562,98.29,0.22,20.8232,765.673,1.69,21.2073,78.425,0.17,21.3473,3260.423,7.19,21.4517,257.191,0.57,,,,21.6084,258.067,0.57,21.6792,1237.851,2.73,21.9179,238.527,0.53,22.3135,194.124,0.43,,,,,,,23.1053,306.295,0.68,,,,23.4373,393.032,0.87,,,,23.6556,145.2,0.32,23.7352,235.143,0.52,,,,23.9003,54.218,0.12,24.0066,313.563,0.69,,,,,,,,,,,,,,,,,,,,,,25.969,725.883,1.6,,,,26.4767,211.142,0.47,26.6117,122.216,0.27,,,,,,,,,,,,,,,,,,
405,,,,,3.6826,926.626,4.19,,,,,,,,,,,,,,,,,,,,,,,,,,,,13.7559,1324.046,5.98,,,,,,,14.8409,1851.684,8.37,,,,,,,,,,16.3624,148.655,0.67,,,,17.0066,5112.612,23.11,,,,,,,17.723,98.879,0.45,17.9266,467.962,2.11,,,,18.5306,100.535,0.45,18.6099,100.577,0.45,,,,,,,,,,,,,,,,,,,,,,,,,20.8458,591.721,2.67,21.1222,7661.853,34.63,,,,21.435,142.949,0.65,21.5206,191.428,0.87,,,,21.6788,496.124,2.24,21.9107,514.562,2.33,,,,,,,,,,23.1159,385.263,1.74,23.2677,84.66,0.38,23.4285,124.151,0.56,,,,,,,23.7267,91.502,0.41,,,,,,,24.0399,255.414,1.15,,,,,,,,,,,,,25.3912,323.983,1.46,25.4826,120.118,0.54,,,,25.9614,237.271,1.07,,,,26.4781,111.974,0.51,26.6167,661.861,2.99,,,,,,,,,,,,,,,,,,
425,,3.0711,577.865,1.67,3.6825,2055.48,5.93,,,,,,,7.3038,549.316,1.59,,,,,,,,,,12.1236,801.553,2.31,,,,13.1635,505.818,1.46,13.7583,1390.965,4.01,,,,,,,14.8825,4775.893,13.78,,,,,,,,,,16.3701,242.943,0.7,16.6682,150.432,0.43,17.0627,10226.738,29.51,17.1216,159.614,0.46,,,,17.7338,166.158,0.48,17.9359,919.689,2.65,,,,18.5378,170.338,0.49,18.6174,171.491,0.49,,,,19.0158,106.82,0.31,,,,,,,,,,,,,,,,,,,20.8664,1784.351,5.15,21.1133,6443.212,18.59,,,,21.4409,282.863,0.82,21.5283,330.538,0.95,21.5999,85.743,0.25,21.6694,254.293,0.73,21.9188,825.88,2.38,22.3418,125.296,0.36,,,,,,,23.1238,395.168,1.14,23.2694,101.54,0.29,23.4299,150.417,0.43,,,,,,,23.7276,163.76,0.47,,,,,,,,,,,,,,,,,,,,,,,,,,,,,,,,,,,,,,,,26.6091,68.881,0.2,,,,,,,,,,,,,,,,,,
54,,3.1944,803.585,5.09,3.681,2598.282,16.46,,,,,,,,,,,,,,,,,,,12.1224,593.082,3.76,,,,,,,13.7429,249.657,1.58,,,,,,,14.8511,2422.115,15.35,,,,,,,,,,,,,,,,16.9532,1294.795,8.2,,,,,,,17.7297,516.843,3.27,17.9197,187.087,1.19,,,,18.5292,161.421,1.02,18.609,113.622,0.72,,,,,,,,,,,,,,,,,,,,,,20.5855,247.073,1.57,20.8193,945.009,5.99,21.2798,300.481,1.9,,,,21.4302,252.838,1.6,,,,21.644,65.229,0.41,,,,21.898,114.016,0.72,,,,,,,,,,23.1153,386.391,2.45,23.2664,86.241,0.55,23.4258,64.366,0.41,,,,,,,,,,,,,,,,,,,,,,,,,,,,,,,,,,25.3881,164.605,1.04,,,,25.9658,612.563,3.88,,,,26.4789,173.335,1.1,26.6151,513.348,3.25,,,,,,,,,,,,,,,,,,
57,,3.1602,424.709,1.24,3.6865,2777.65,8.13,,,,,,,,,,,,,,,,,,,12.1598,4458.289,13.04,,,,,,,13.7477,401.631,1.17,,,,,,,14.9041,6364.082,18.62,,,,,,,15.7887,346.358,1.01,,,,,,,16.9577,1383.613,4.05,17.1439,161.447,0.47,,,,17.8088,4737.852,13.86,17.9684,1844.192,5.39,,,,,,,18.5619,761.828,2.23,18.6423,651.628,1.91,18.8587,226.526,0.66,19.3348,157.922,0.46,19.9255,107.45,0.31,20.0187,219.877,0.64,,,,,,,,,,20.8583,2401.797,7.03,21.0552,3108.44,9.09,21.2984,685.14,2,21.4512,372.132,1.09,,,,21.6021,264.629,0.77,,,,21.9066,125.427,0.37,,,,,,,,,,23.1165,437.869,1.28,23.2681,91.88,0.27,23.4311,232.323,0.68,,,,,,,23.729,140.696,0.41,,,,,,,24.0011,93.591,0.27,,,,,,,,,,,,,,,,,,,,,,25.9617,219.633,0.64,,,,26.4808,101.006,0.3,,,,,,,,,,,,,,,,,,,,,
60,,3.1602,394.48,1.04,3.6958,2974.36,7.88,,,,,,,7.3129,646.867,1.71,9.9279,243.416,0.64,,,,,,,12.1601,3506.928,9.29,,,,,,,13.7541,298.689,0.79,,,,,,,14.8417,1342.173,3.55,,,,,,,15.8053,635.507,1.68,,,,,,,16.9607,1161.622,3.08,17.1772,152.844,0.4,,,,,,,17.9884,602.186,1.59,,,,,,,18.5767,849.89,2.25,18.653,583.616,1.55,18.8611,421.045,1.11,,,,19.9104,344.765,0.91,20.0189,230.62,0.61,,,,,,,,,,20.8203,646.283,1.71,21.0329,1345.596,3.56,21.3375,2753.3,7.29,21.4319,680.137,1.8,21.5918,468.093,1.24,,,,21.6653,561.296,1.49,21.9099,84.535,0.22,,,,,,,,,,,,,23.2704,68.696,0.18,23.4424,677.326,1.79,,,,23.6481,73.352,0.19,23.7354,257.99,0.68,,,,23.9006,96.12,0.25,24.0042,183.019,0.48,,,,,,,,,,,,,,,,,,,,,,25.9632,183.658,0.49,,,,,,,,,,,,,,,,,,,,,,,,,,,
72,,3.1299,912.991,2.5,,,,,,,,,,,,,,,,,,,,,,12.1262,161.575,0.44,,,,,,,13.7543,523.228,1.43,,,,,,,14.8401,1256.598,3.44,,,,,,,15.8111,580.484,1.59,,,,,,,16.9612,1403.042,3.84,,,,,,,,,,,,,18.2309,20431.958,55.99,,,,,,,,,,18.9193,2120.984,5.81,,,,,,,,,,,,,,,,,,,20.8251,581.258,1.59,21.064,2632.389,7.21,,,,21.426,106.321,0.29,,,,,,,21.7158,4314.075,11.82,,,,22.0717,381.079,1.04,,,,,,,,,,,,,23.4285,70.445,0.19,,,,,,,,,,,,,,,,23.9997,89.224,0.24,,,,,,,,,,,,,,,,25.3901,133.425,0.37,,,,25.9616,202.302,0.55,,,,,,,26.6151,592.965,1.62,,,,,,,,,,,,,,,,,,
74,,3.0961,1096.266,3.01,,,,,,,,,,,,,,,,,,,,,,,,,,,,13.1649,495.14,1.36,13.7522,774.564,2.12,,,,,,,14.8588,260.141,0.71,,,,,,,,,,16.3656,168.965,0.46,16.6597,275.389,0.76,16.9937,3755.243,10.3,,,,,,,,,,17.9363,340.483,0.93,,,,,,,,,,,,,,,,,,,19.8916,18747.506,51.42,,,,,,,,,,,,,20.9299,849.824,2.33,21.0741,2291.514,6.29,,,,,,,,,,,,,21.6791,620.738,1.7,21.9112,505.027,1.39,,,,,,,,,,23.1124,971.739,2.67,,,,,,,,,,,,,,,,,,,,,,24.038,114.958,0.32,24.098,506.672,1.39,,,,,,,,,,,,,25.3882,99.553,0.27,,,,25.961,209.747,0.58,,,,,,,26.6105,273.232,0.75,,,,,,,,,,,,,,,,,,
80,,3.0472,370.71,1.59,3.6846,1788.617,7.66,,,,,,,,,,,,,,,,,,,12.1169,397.338,1.7,,,,13.1616,217.414,0.93,13.7504,889.58,3.81,,,,,,,14.8804,4581.674,19.62,,,,,,,,,,,,,,,,17.0008,4405.913,18.87,,,,,,,17.7251,276.014,1.18,17.9242,731.585,3.13,,,,18.5327,250.441,1.07,18.6134,240.396,1.03,,,,,,,19.324,84.95,0.36,,,,20.013,177.946,0.76,,,,,,,,,,20.8374,1234.357,5.29,21.0745,4384.302,18.77,,,,21.4256,196.656,0.84,,,,21.6506,255.861,1.1,,,,21.9017,395.04,1.69,,,,,,,,,,23.1245,753.956,3.23,23.2651,80.765,0.35,23.4253,105.06,0.45,,,,,,,,,,23.7146,108.162,0.46,,,,24.0344,104.524,0.45,,,,,,,,,,,,,,,,25.3854,93.711,0.4,,,,25.9614,395.278,1.69,,,,,,,26.6093,300.458,1.29,,,,,,,,,,,,,,,,,,
91,,3.2418,426.231,2.08,3.698,3412.401,16.68,,,,,,,,,,,,,11.5546,430.795,2.11,,,,12.1197,542.242,2.65,,,,,,,13.7451,494.09,2.42,,,,,,,14.8219,578.661,2.83,,,,,,,15.7775,829.738,4.06,,,,,,,16.9433,658.409,3.22,,,,,,,17.7569,1886.851,9.22,,,,,,,18.5439,601.059,2.94,18.6215,394.253,1.93,,,,18.8585,583.999,2.86,,,,19.9125,208.647,1.02,20.0064,163.166,0.8,,,,,,,20.5519,173.174,0.85,20.8077,250.28,1.22,21.0552,2933.905,14.34,21.3061,1471.56,7.19,21.4257,371.908,1.82,21.5913,178.543,0.87,,,,21.675,1558.621,7.62,21.9056,109.338,0.53,,,,,,,,,,23.1161,569.634,2.78,23.2658,74.502,0.36,23.4305,210.236,1.03,,,,23.6452,177.19,0.87,23.7301,172.046,0.84,,,,,,,23.999,142.703,0.7,,,,,,,,,,,,,,,,,,,,,,25.9626,375.18,1.83,,,,26.4759,185.11,0.9,26.6097,140.979,0.69,,,,,,,,,,,,,,,,,,
95,,3.1312,368.348,1.36,3.6855,1104.46,4.07,,,,,,,,,,,,,,,,,,,12.1173,279.927,1.03,,,,13.1725,1287.427,4.74,13.7688,2101.616,7.74,,,,,,,14.8921,5484.007,20.19,,,,,,,,,,,,,,,,16.9399,367.669,1.35,,,,,,,17.7212,721.962,2.66,17.941,1185.042,4.36,,,,18.3752,263.367,0.97,18.6156,139.047,0.51,,,,,,,19.3279,92.109,0.34,,,,,,,,,,,,,,,,20.8809,1936.906,7.13,21.1323,8338.67,30.7,,,,21.4348,187.186,0.69,21.5319,386.218,1.42,,,,21.6717,304.731,1.12,,,,,,,,,,,,,23.1232,319.462,1.18,23.2704,103.769,0.38,23.4384,586.41,2.16,,,,,,,23.7303,182.675,0.67,,,,,,,24.0361,76.27,0.28,,,,,,,,,,,,,25.3872,71.299,0.26,25.4796,88.958,0.33,,,,25.9655,477.642,1.76,,,,,,,26.6113,191.971,0.71,,,,,,,,,,,,,,,,,,
CT 10 mgmL,,,,,3.477,62666.783,65.85,,,,,,,,,,,,,,,,,,,,,,,,,13.2167,3451.099,3.63,13.7932,2422.165,2.55,,,,,,,14.9107,3606.107,3.79,,,,,,,15.9721,3241.342,3.41,16.3692,2156.155,2.27,16.7523,3910.733,4.11,17.0237,3977.785,4.18,,,,,,,,,,,,,,,,,,,,,,,,,,,,19.7182,2701.264,2.84,,,,,,,20.0396,220.832,0.23,,,,,,,,,,21.0532,2255.486,2.37,,,,,,,,,,,,,21.6946,1830.112,1.92,,,,22.2711,1939.348,2.04,,,,,,,,,,,,,,,,,,,,,,,,,,,,,,,,,,,,,,,,,,,,,,,,,,,,,,,,,,,,,,,,,,,,,,,,,,,,,,,,,,,,
empty,,,,,,,,,,,,,,,,,,,,,,,,,,,,,,,,,,,,,,,,,,,,,,,,,,,,,,,,,,,,,,,,,,,,,,,,,,,,,,,,,,,,,,,,,,,,,,,,,,,,,,,,,,,,,,,,,,,,,,,,,,,,,,,,,,,,,,,,,,,,,,,,,,,,,,,,,,,,,,,,,,,,,,,,,,,,,,,,,,,,,,,,,,,,,,,,,,,,,,,,,,,,,,,,,,,,,,,,,,,,
M79I,,,,,,,,,,,,,,,,,,,,,,,,,,,,,12.7016,249.362,0.63,13.1834,1037.045,2.61,13.8089,4888.059,12.3,,,,,,,14.8724,889.849,2.24,,,,,,,,,,16.3773,136.412,0.34,16.6703,182.674,0.46,17.018,5472.512,13.77,,,,,,,,,,17.9454,229.841,0.58,,,,,,,,,,,,,,,,,,,,,,,,,,,,20.3534,209.301,0.53,,,,,,,21.2508,23674.029,59.59,,,,,,,21.5469,212.726,0.54,,,,21.6871,961.025,2.42,21.9195,478.768,1.21,22.2308,105.389,0.27,22.6514,109.132,0.27,,,,,,,,,,,,,,,,,,,,,,,,,,,,24.0466,357.86,0.9,,,,,,,,,,,,,,,,,,,,,,25.9684,90.441,0.23,,,,26.4798,128.218,0.32,26.6156,67.682,0.17,,,,,,,,,,,,,,,,,,
w272,,,,,3.6881,1219.68,3.65,,,,,,,,,,,,,,,,,,,12.1247,184.714,0.55,,,,13.1692,528.123,1.58,13.7608,1297.291,3.89,,,,,,,14.8489,2140.315,6.41,,,,,,,,,,16.373,244.045,0.73,,,,17.0289,6612.257,19.81,,,,,,,17.7375,251.066,0.75,17.9419,1269.638,3.8,,,,18.5401,154.254,0.46,18.6197,136.459,0.41,,,,19.0193,106.723,0.32,,,,,,,,,,,,,,,,,,,20.9059,778.663,2.33,21.1854,14515.211,43.49,,,,21.4208,189.417,0.57,21.5448,532.442,1.6,,,,21.6778,626.776,1.88,21.9179,695.623,2.08,22.3505,102.756,0.31,,,,,,,23.1457,71.69,0.21,23.272,77.676,0.23,23.4353,267.451,0.8,,,,,,,23.7321,141.622,0.42,,,,,,,24.042,89.753,0.27,,,,,,,,,,,,,,,,25.482,80.851,0.24,,,,25.9615,118.379,0.35,,,,26.4793,164.584,0.49,26.6183,527.603,1.58,,,,,,,,,,,,,,,,,,
w288,,3.1183,162.357,0.56,3.6853,1788.63,6.15,,,,,,,7.2904,606.861,2.09,,,,,,,,,,12.139,2252.258,7.75,,,,,,,13.7595,1415.706,4.87,14.1548,2512.808,8.64,,,,14.8535,2232.167,7.68,,,,,,,,,,16.3692,190.258,0.65,,,,17.0177,5922.341,20.37,,,,,,,17.7368,1772.615,6.1,17.94,1015.829,3.49,,,,18.4128,1347.13,4.63,18.5512,334.712,1.15,18.6275,225.142,0.77,,,,,,,,,,,,,,,,,,,,,,20.8155,313.573,1.08,21.078,3937.153,13.54,,,,21.4207,159.014,0.55,,,,,,,21.6663,276.766,0.95,21.9784,107.28,0.37,22.3358,94.41,0.32,,,,,,,23.1387,118.711,0.41,23.2715,63.362,0.22,23.4306,81.114,0.28,,,,,,,23.727,91.154,0.31,,,,,,,24.041,138.321,0.48,,,,,,,,,,,,,,,,25.3903,201.821,0.69,,,,,,,,,,26.475,81.169,0.28,26.6105,137.966,0.47,26.7442,227.052,0.78,,,,,,,,,,,,,,,
w329,,3.0887,578.665,2.18,3.6908,2206.44,8.31,,,,,,,,,,,,,,,,,,,12.1258,523.439,1.97,,,,13.164,254.384,0.96,13.7584,1044.474,3.93,,,,,,,14.896,5725.349,21.55,,,,,,,,,,16.3645,118.976,0.45,,,,17.002,4443.248,16.73,,,,,,,17.7295,227.827,0.86,17.9276,582.506,2.19,,,,18.5405,327.652,1.23,18.6207,320.74,1.21,,,,,,,19.3306,101.946,0.38,,,,20.0178,223.794,0.84,,,,,,,,,,20.8587,1843.449,6.94,21.0933,5129.413,19.31,,,,21.4242,296.921,1.12,21.5903,71.026,0.27,21.6533,229.563,0.86,,,,21.9037,358.457,1.35,,,,,,,,,,23.123,610.501,2.3,23.2676,90.392,0.34,23.4275,113.634,0.43,23.6088,74.903,0.28,,,,,,,23.7198,150.954,0.57,,,,,,,,,,,,,,,,,,,,,,25.3873,89.093,0.34,,,,,,,,,,,,,26.6087,85.7,0.32,,,,,,,,,,,,,,,,,,
w330,,3.0613,281.367,1.4,3.6881,1660.975,8.25,,,,,,,,,,,,,,,,,,,12.1285,773.829,3.84,,,,,,,13.7499,561.364,2.79,,,,,,,14.8892,5091.308,25.27,,,,,,,,,,,,,,,,16.9779,2716.258,13.48,,,,,,,17.7307,421.412,2.09,17.9306,883.634,4.39,,,,18.537,279.034,1.39,18.6156,262.28,1.3,,,,,,,19.3273,129.342,0.64,,,,20.0117,170.701,0.85,,,,,,,20.5969,174.627,0.87,20.8427,1876.531,9.32,21.0409,2571.809,12.77,,,,21.4252,354.874,1.76,21.5863,100.504,0.5,21.6507,100.843,0.5,,,,21.8989,229.811,1.14,,,,,,,,,,23.1336,323.616,1.61,23.2682,164.422,0.82,23.4308,329.073,1.63,,,,,,,23.7266,236.886,1.18,,,,,,,23.9992,99.469,0.49,,,,,,,,,,,,,,,,25.3873,89.329,0.44,,,,25.9602,82.764,0.41,,,,,,,26.6094,76.105,0.38,,,,,,,,,,,,,,,,,,
121,,3.1596,1022.986,2.8,3.7144,1137.044,3.11,,,,,,,,,,,,,,,,,,,12.136,509.792,1.39,,,,13.1753,261.468,0.71,,,,,,,,,,14.772,3331.467,9.1,,,,,,,,,,16.3764,182.212,0.5,,,,17.0346,6892.299,18.83,,,,,,,17.7864,2875.998,7.86,17.9598,391.359,1.07,,,,18.3633,142.393,0.39,,,,,,,18.9463,255.805,0.7,,,,19.8643,14361.198,39.24,,,,,,,,,,,,,20.904,104.508,0.29,21.2909,120.759,0.33,,,,21.4291,139.068,0.38,21.5269,115.728,0.32,,,,21.6623,445.475,1.22,21.9129,437.124,1.19,,,,,,,,,,23.1124,210.584,0.58,,,,23.4311,119.689,0.33,,,,,,,,,,,,,,,,,,,,,,,,,,,,,,,,,,,,,,,,25.9704,644.963,1.76,,,,26.477,105.558,0.29,26.6129,180.889,0.49,,,,,,,,,,,,,,,,,,
126,,,,,,,,,,,,,,,,,,,,,,,,,,12.1369,464.936,2.81,,,,13.1765,527.58,3.19,13.7614,583.418,3.53,,,,,,,14.8376,1076.116,6.51,,,,,,,,,,16.3726,135.825,0.82,,,,17.0006,4201.215,25.4,,,,,,,,,,17.9308,718.804,4.35,18.306,128.926,0.78,,,,,,,,,,,,,,,,,,,,,,,,,,,,,,,20.7963,176.996,1.07,21.0986,5737.262,34.69,,,,,,,21.5225,163.475,0.99,,,,21.6639,248.209,1.5,21.9056,427.464,2.58,22.2326,293.669,1.78,22.6483,97.995,0.59,,,,23.1128,273.15,1.65,,,,,,,,,,,,,,,,,,,,,,,,,,,,,,,,,,,,,,,,,,,,,,25.9711,732.698,4.43,,,,,,,26.6187,549.873,3.32,,,,,,,,,,,,,,,,,,
131,,3.1391,927.466,4.85,3.6903,1287.518,6.73,,,,,,,,,,,,,,,,,,,12.1255,548.985,2.87,,,,,,,13.7519,778.592,4.07,14.1441,151.573,0.79,,,,14.8509,2254.016,11.78,,,,,,,,,,,,,,,,16.9485,1091.742,5.71,,,,,,,17.745,2392.607,12.5,17.9393,1094.026,5.72,,,,18.3957,935.105,4.89,18.6157,115.724,0.6,,,,,,,,,,,,,,,,,,,,,,,,,20.8206,744.274,3.89,21.2716,116.824,0.61,,,,21.4198,143.778,0.75,,,,,,,,,,21.8959,89.216,0.47,,,,,,,,,,23.14,189.63,0.99,23.2659,57.757,0.3,23.4272,159.595,0.83,,,,,,,,,,23.7263,116.315,0.61,,,,,,,,,,,,,,,,,,,,,,25.387,75.597,0.4,,,,25.9602,160.798,0.84,,,,26.4746,58.848,0.31,26.6093,152.136,0.8,26.7488,345.111,1.8,26.9071,148.925,0.78,,,,,,,,,,,,
132,,,,,3.6948,944.269,3.68,,,,,,,,,,,,,,,,,,,12.1329,1109.255,4.33,,,,13.1657,657.941,2.57,13.7531,807.619,3.15,,,,,,,14.8492,2294.53,8.95,,,,,,,,,,16.3666,196.408,0.77,,,,17.0122,5592.756,21.81,,,,,,,17.7309,248.111,0.97,17.9428,1718.468,6.7,,,,18.535,210.043,0.82,18.6147,154.816,0.6,,,,,,,,,,,,,,,,20.0229,138.801,0.54,,,,,,,20.8193,358.079,1.4,21.1144,7375.787,28.76,,,,21.4343,172.568,0.67,21.5169,188.22,0.73,,,,21.6644,305.002,1.19,21.9087,574.224,2.24,22.2357,193.371,0.75,,,,,,,23.1341,163.73,0.64,,,,23.428,131.129,0.51,,,,,,,23.7278,71.336,0.28,,,,,,,,,,,,,,,,,,,,,,,,,,,,,,,25.9745,1276.036,4.98,26.3396,66.673,0.26,,,,26.6146,386.672,1.51,,,,,,,,,,,,,,,,,,
141,,,,,3.6856,3754.036,12.41,,,,,,,7.3012,674.304,2.23,9.9181,293.607,0.97,,,,,,,12.1299,1019.862,3.37,,,,,,,13.7481,247.971,0.82,,,,,,,14.8267,400.238,1.32,,,,,,,15.7953,649.961,2.15,16.3654,191.044,0.63,,,,16.9784,2650.865,8.76,,,,,,,17.8383,7297.314,24.12,17.946,419.844,1.39,,,,18.5448,342.156,1.13,18.6272,341.462,1.13,,,,18.8726,601.24,1.99,,,,,,,20.0138,135.467,0.45,,,,,,,20.5584,138.175,0.46,20.8065,142.871,0.47,21.196,100.127,0.33,21.309,1325.566,4.38,21.4498,177.317,0.59,21.5159,78.285,0.26,,,,21.7141,4170.171,13.78,21.9269,282.172,0.93,,,,22.6531,91.572,0.3,,,,,,,23.2703,94.535,0.31,23.437,405.265,1.34,,,,23.6521,161.334,0.53,23.7349,279.738,0.92,,,,,,,24.0035,197.779,0.65,,,,,,,,,,,,,,,,,,,,,,25.9627,221.854,0.73,,,,26.4767,268.162,0.89,26.6108,122.916,0.41,,,,,,,,,,,,,,,,,,
150,,,,,,,,,,,,,,,,,,,,,,,,,,12.122,546.501,2.42,,,,,,,13.7484,729.979,3.23,,,,,,,14.7281,666.245,2.95,,,,,,,,,,16.3639,159.084,0.7,,,,16.9966,4292.028,19.01,,,,,,,,,,17.9349,254.516,1.13,,,,,,,,,,,,,,,,19.7825,7885.747,34.93,,,,,,,20.0597,1047.257,4.64,,,,,,,,,,21.0658,2870.647,12.72,,,,21.4641,1457.842,6.46,,,,,,,21.6759,409.695,1.81,21.9088,429.706,1.9,,,,,,,,,,,,,23.2666,70.885,0.31,,,,,,,,,,23.747,1035.403,4.59,,,,,,,,,,,,,,,,,,,25.0434,90.255,0.4,,,,,,,,,,25.9639,348.431,1.54,,,,,,,26.6111,280.577,1.24,,,,,,,,,,,,,,,,,,
177,,3.1575,364.072,1.79,,,,,,,,,,,,,,,,,,,,,,12.119,666.102,3.28,,,,13.1854,3094.079,15.25,13.7464,724.977,3.57,,,,,,,14.8343,1799.885,8.87,,,,15.3811,137.574,0.68,,,,16.3567,171.521,0.85,,,,17.0198,6574.377,32.39,,,,,,,,,,17.9226,546.542,2.69,,,,,,,,,,,,,,,,,,,,,,,,,,,,,,,,,,20.9071,101.843,0.5,21.0416,2387.52,11.76,,,,21.5159,619.743,3.05,,,,,,,21.6718,203.91,1,21.9057,539.668,2.66,22.2446,214.121,1.06,,,,,,,23.1089,500.198,2.46,23.2648,112.758,0.56,23.4929,94.511,0.47,,,,,,,,,,,,,,,,,,,,,,,,,,,,25.0606,103.639,0.51,,,,25.3836,77.399,0.38,,,,25.9608,441.791,2.18,,,,26.4762,136.802,0.67,26.6059,142.629,0.7,,,,,,,,,,,,,,,,,,
181,,3.1996,4013.794,13.84,3.6698,4640.29,16,,,,,,,7.3099,634.709,2.19,9.9174,293.353,1.01,11.6237,500.699,1.73,,,,12.1214,1047.029,3.61,,,,,,,13.7491,996.908,3.44,,,,,,,14.8229,706.323,2.44,,,,,,,15.7917,593.866,2.05,,,,,,,16.9604,1700.55,5.86,,,,,,,17.7807,3197.175,11.02,17.9357,205.747,0.71,,,,,,,18.551,726.751,2.51,18.631,578.279,1.99,18.8609,301.51,1.04,,,,,,,19.9371,140.317,0.48,20.0105,185.925,0.64,,,,,,,20.8144,229.689,0.79,21.1918,86.118,0.3,21.2899,648.167,2.23,21.4485,145.221,0.5,21.5164,73.333,0.25,,,,21.657,684.827,2.36,21.9061,191.299,0.66,22.3334,135.378,0.47,,,,,,,23.1118,576.882,1.99,,,,23.4306,152.653,0.53,,,,23.6519,170.29,0.59,23.7318,162.661,0.56,,,,,,,24.0393,303.658,1.05,,,,,,,,,,,,,,,,,,,,,,25.9649,580.257,2,,,,26.4959,101.36,0.35,26.6088,118.988,0.41,,,,,,,,,,,,,,,,,,
189,,3.0516,754.512,4.06,3.6837,1580.442,8.51,,,,,,,,,,,,,,,,,,,,,,,,,13.1547,168.245,0.91,13.7435,773.637,4.17,,,,,,,14.8318,1593.223,8.58,,,,,,,,,,16.3556,134.787,0.73,,,,17.0003,4987.985,26.87,,,,,,,17.7234,375.913,2.02,17.9225,340.578,1.83,,,,18.5242,144.652,0.78,18.6048,128.328,0.69,,,,,,,,,,,,,,,,,,,,,,,,,20.8123,466.822,2.51,21.0743,4244.043,22.86,,,,21.4419,111.583,0.6,,,,21.6519,269.743,1.45,,,,21.9068,536.798,2.89,,,,,,,,,,23.1099,478.054,2.58,,,,,,,,,,,,,,,,,,,,,,24.0343,163.374,0.88,,,,,,,,,,,,,,,,25.3852,191.805,1.03,,,,25.9623,616.81,3.32,,,,,,,26.6082,272.842,1.47,,,,,,,,,,,,,,,,,,
190,,3.2425,304.31,1.52,3.6748,3359.454,16.83,,,,,,,7.2891,605.935,3.04,9.908,269.343,1.35,,,,,,,12.1207,1077.184,5.4,,,,,,,13.7377,250.058,1.25,,,,,,,14.8438,2266.901,11.36,,,,,,,15.7715,285.779,1.43,,,,,,,16.9584,1943.918,9.74,,,,,,,17.7496,1597.903,8.01,17.9271,776.844,3.89,,,,18.5303,199.035,1,18.6088,151.86,0.76,,,,18.853,261.251,1.31,,,,,,,20.0085,125.341,0.63,,,,,,,,,,20.8193,882.718,4.42,21.2797,398.304,2,,,,21.439,138.081,0.69,,,,,,,21.6611,935.948,4.69,21.9034,189.564,0.95,,,,,,,,,,23.1156,685.723,3.44,23.2657,110.572,0.55,23.4271,149.802,0.75,,,,,,,,,,23.7246,81.857,0.41,,,,23.9979,55.584,0.28,,,,,,,,,,,,,,,,25.3861,93.717,0.47,,,,25.958,112.423,0.56,,,,,,,26.6076,129.592,0.65,,,,,,,,,,,,,,,,,,
193,,,,,,,,,,,,,,,,,,,,,,,,,,,,,,,,13.163,266.344,1.12,13.7518,364.149,1.53,14.1176,2213.034,9.29,14.5086,148.988,0.63,,,,,,,,,,15.7813,379.123,1.59,,,,,,,16.9365,254.873,1.07,,,,,,,17.7364,1928.288,8.09,,,,,,,18.408,1319.628,5.54,,,,,,,18.884,574.59,2.41,,,,,,,,,,,,,,,,20.5716,188.258,0.79,,,,21.034,1521.061,6.39,,,,,,,,,,,,,21.7803,13048.754,54.78,,,,,,,,,,,,,23.1037,185.393,0.78,,,,,,,,,,,,,,,,,,,,,,,,,,,,,,,,,,,,,,,,,,,,,,25.9571,97.353,0.41,,,,26.5579,195.187,0.82,26.6151,414.883,1.74,26.752,517.156,2.17,26.9085,204.688,0.86,,,,,,,,,,,,
201,,3.1249,580.138,2.64,3.6689,2028.279,9.24,,,,,,,,,,,,,,,,,,,12.111,361.491,1.65,,,,,,,13.7394,785.957,3.58,,,,,,,14.858,3265.328,14.87,,,,,,,,,,,,,,,,16.9926,4273.656,19.47,,,,,,,17.7256,465.324,2.12,17.9258,256.325,1.17,,,,18.528,198.117,0.9,18.6076,160.535,0.73,,,,,,,19.321,82.74,0.38,,,,,,,,,,,,,20.6285,138.574,0.63,20.8376,1179.191,5.37,21.2789,306.987,1.4,,,,21.4398,187.746,0.86,,,,21.6552,151.194,0.69,,,,21.9028,349.171,1.59,,,,,,,,,,23.1085,598.792,2.73,23.2649,111.021,0.51,23.4248,89.599,0.41,,,,,,,,,,,,,,,,24.0347,72.717,0.33,,,,,,,,,,,,,,,,25.3891,345.767,1.57,,,,25.9625,382.58,1.74,,,,,,,26.6104,289.394,1.32,,,,,,,,,,,,,,,,,,
202,,3.1588,591.215,1.91,3.6917,3046.005,9.85,,,,,,,7.2987,534.824,1.73,,,,,,,,,,12.1434,2824.697,9.13,,,,,,,,,,,,,,,,14.8683,3475.613,11.23,,,,,,,15.7824,377.709,1.22,,,,,,,16.958,1396.917,4.52,,,,,,,17.8473,8107.122,26.2,17.9803,1758.11,5.68,,,,,,,18.5564,516.682,1.67,18.6368,488.483,1.58,18.8532,356.748,1.15,19.336,124.882,0.4,,,,20.0104,146.444,0.47,,,,,,,,,,20.8389,1786.126,5.77,,,,21.3039,1132.942,3.66,21.4346,358.203,1.16,21.5909,263.24,0.85,,,,,,,21.9001,81.094,0.26,,,,,,,,,,23.1323,144.974,0.47,23.2689,128.859,0.42,23.4388,690.748,2.23,,,,,,,23.7354,350.541,1.13,,,,23.8989,66.232,0.21,24.0052,316.508,1.02,,,,,,,,,,,,,,,,,,,,,,25.9643,359.149,1.16,,,,26.4751,113.645,0.37,26.6103,80.643,0.26,,,,,,,,,,,,,,,,,,
205,,3.2393,1055.939,2.76,3.6967,2172.391,5.68,,,,,,,,,,,,,,,,,,,12.1488,2566.353,6.71,,,,13.1704,714.876,1.87,13.7637,1499.555,3.92,,,,,,,14.8623,3127.426,8.17,,,,,,,,,,16.3732,280.064,0.73,,,,17.0621,10286.657,26.88,,,,,,,17.7397,359.154,0.94,17.9606,2432.908,6.36,,,,18.3289,113.225,0.3,18.6199,148.609,0.39,,,,19.0185,126.623,0.33,19.3355,100.55,0.26,,,,,,,,,,,,,,,,20.8628,1490.34,3.89,21.1144,6723.375,17.57,,,,21.4404,136.353,0.36,21.529,318.736,0.83,,,,21.6713,499.598,1.31,21.917,790.357,2.07,22.3452,83.542,0.22,,,,,,,23.1369,212.301,0.55,23.2704,106.219,0.28,23.4324,216.386,0.57,,,,,,,23.7336,172.36,0.45,,,,,,,24.0373,85.787,0.22,,,,,,,,,,,,,,,,25.3904,172.001,0.45,,,,25.974,1087.165,2.84,26.3407,63.871,0.17,26.4796,152.863,0.4,26.6188,623.466,1.63,26.7368,68.726,0.18,,,,,,,,,,,,,,,
208,,3.1595,786.088,4.7,3.6674,3514.869,21.03,,,,,,,7.2684,599.378,3.59,,,,11.5733,595.296,3.56,,,,12.1107,699.505,4.18,,,,,,,13.7332,182.146,1.09,,,,,,,14.8124,473.392,2.83,,,,,,,15.7624,466.669,2.79,,,,,,,16.973,114.437,0.68,,,,,,,17.7547,2091.571,12.51,,,,,,,18.5426,681.142,4.07,18.6187,465.071,2.78,,,,18.8389,180.829,1.08,,,,19.903,188.898,1.13,19.9973,133.625,0.8,,,,,,,,,,20.7913,117.959,0.71,21.293,1089.994,6.52,,,,21.4239,173.736,1.04,,,,21.6421,225.559,1.35,,,,,,,,,,,,,,,,23.1139,535.824,3.21,23.2625,61.11,0.37,23.4263,187.674,1.12,,,,23.6429,149.575,0.89,,,,23.725,135.104,0.81,,,,23.9951,82.543,0.49,,,,,,,,,,,,,,,,,,,,,,25.9566,110.228,0.66,,,,,,,,,,,,,,,,,,,,,,,,,,,
213,,3.083,236.458,1.99,3.6751,1240.79,10.43,,,,,,,,,,,,,,,,,,,12.1118,529.103,4.45,,,,,,,13.737,484.984,4.08,,,,,,,14.8312,1732.023,14.56,,,,,,,,,,,,,,,,16.9632,2328.739,19.58,,,,,,,,,,17.9118,280.792,2.36,,,,,,,,,,,,,,,,,,,,,,,,,,,,,,,,,,20.8116,782.623,6.58,21.0423,2454.217,20.64,,,,,,,,,,,,,,,,21.8933,198.96,1.67,,,,,,,,,,23.1167,570.9,4.8,,,,,,,23.6064,88.528,0.74,,,,,,,23.709,98.491,0.83,,,,24.0336,144.116,1.21,,,,,,,,,,,,,,,,25.3832,72.231,0.61,,,,,,,,,,,,,26.6058,109.804,0.92,,,,,,,,,,,,,,,,,,
218,,3.1587,546.567,2.47,3.6771,4116.564,18.63,,,,,,,7.3081,609.919,2.76,,,,11.6213,454.694,2.06,,,,12.1134,505.825,2.29,,,,,,,,,,,,,,,,14.8143,459.805,2.08,,,,,,,15.7945,856.625,3.88,,,,,,,16.934,285.097,1.29,,,,,,,17.7543,1977.28,8.95,,,,,,,18.5428,622.847,2.82,18.6187,394.174,1.78,,,,18.867,404.406,1.83,,,,19.9277,154.232,0.7,20.0042,203.029,0.92,,,,,,,20.5443,198.361,0.9,20.7936,144.897,0.66,,,,21.3058,1535.193,6.95,21.4685,232.164,1.05,,,,,,,21.7203,5458.353,24.7,,,,,,,,,,,,,23.1045,481.349,2.18,,,,23.4277,144.249,0.65,,,,23.6501,175.47,0.79,23.7279,148.333,0.67,,,,,,,,,,,,,,,,,,,,,,,,,,,,,,,25.9589,259.87,1.18,,,,,,,,,,,,,,,,,,,,,,,,,,,
225,,3.158,375.778,1.9,3.6805,2749.415,13.92,,,,,,,,,,,,,,,,,,,12.1142,621.161,3.15,,,,,,,13.7347,192.624,0.98,,,,,,,14.8142,452.407,2.29,,,,,,,15.7847,652.993,3.31,,,,,,,16.9588,1850.574,9.37,,,,,,,17.745,1488.063,7.54,17.9282,165.713,0.84,,,,18.537,489.42,2.48,18.6167,396.206,2.01,,,,18.8623,312.163,1.58,,,,,,,20.0055,150.13,0.76,,,,,,,20.5455,166.607,0.84,20.7976,175.382,0.89,21.2867,660.688,3.35,,,,21.4604,227.971,1.15,,,,,,,21.7127,4889.877,24.76,21.9308,226.485,1.15,,,,,,,,,,23.1066,499.644,2.53,,,,23.4261,90.18,0.46,,,,23.6454,120.068,0.61,,,,23.7259,74.446,0.38,,,,,,,,,,,,,,,,,,,,,,25.384,98.942,0.5,,,,25.9586,279.765,1.42,,,,,,,26.6049,81.448,0.41,,,,,,,,,,,,,,,,,,
230,,,,,3.6834,3187.678,17.63,,,,,,,,,,,,,,,,,,,12.1135,433.337,2.4,,,,,,,13.7387,193.797,1.07,,,,,,,14.8187,513.475,2.84,,,,,,,15.811,1197.031,6.62,,,,,,,16.9417,707.113,3.91,,,,,,,17.7695,2727.547,15.08,17.9229,195.939,1.08,,,,18.5402,528.973,2.92,18.617,339.134,1.88,,,,18.8927,1322.852,7.31,,,,,,,19.9301,129.435,0.72,20.0083,223.184,1.23,,,,,,,20.8001,194.931,1.08,21.2967,1080.07,5.97,,,,21.4548,184.788,1.02,,,,,,,21.6658,1226.098,6.78,21.9079,159.678,0.88,,,,,,,,,,23.1077,535.586,2.96,,,,23.4254,79.769,0.44,,,,23.645,138.561,0.77,23.7268,99.258,0.55,,,,,,,,,,,,,,,,,,,,,,,,,,,,,,,25.958,159.751,0.88,,,,,,,,,,,,,,,,,,,,,,,,,,,
235,,3.1478,162.712,0.77,3.6805,1722.405,8.12,,,,,,,7.3142,514.61,2.43,,,,,,,,,,12.1362,2307.035,10.88,,,,,,,,,,,,,,,,14.8716,3676.845,17.34,,,,,,,15.7709,225.127,1.06,,,,,,,16.9834,206.549,0.97,,,,,,,17.7963,4382.072,20.66,17.9457,973.531,4.59,,,,18.3741,263.343,1.24,18.5509,559.834,2.64,18.63,469.598,2.21,18.8444,121.342,0.57,19.33,119.162,0.56,,,,,,,,,,,,,,,,20.8307,1507.202,7.11,21.2913,696.472,3.28,,,,21.4284,192.976,0.91,21.5874,87.228,0.41,21.6461,192.354,0.91,,,,,,,,,,,,,,,,23.13,268.091,1.26,23.2663,93.247,0.44,23.4294,253.018,1.19,,,,,,,,,,23.7249,87.133,0.41,,,,23.9987,107.428,0.51,,,,,,,,,,,,,,,,,,,,,,25.9608,177.432,0.84,,,,,,,26.608,94.684,0.45,,,,,,,,,,,,,,,,,,
236,,,,,3.6789,1729.088,6.32,,,,,,,7.3191,674.559,2.46,9.924,278.294,1.02,,,,,,,12.1222,878.405,3.21,,,,,,,13.7429,253.449,0.93,,,,,,,14.9,6325.281,23.11,,,,,,,,,,16.3621,189.228,0.69,,,,17.0116,5477.453,20.01,,,,,,,17.7333,434.378,1.59,17.9453,1762.003,6.44,,,,18.5324,107.504,0.39,18.6133,137.96,0.5,,,,,,,19.3261,115.047,0.42,,,,,,,,,,,,,,,,20.8692,3116.878,11.39,21.2539,247.613,0.9,,,,21.4342,275.715,1.01,,,,21.6477,94.375,0.34,,,,21.9057,500.803,1.83,,,,,,,22.9725,102.058,0.37,23.1452,302.931,1.11,23.2677,114.58,0.42,23.432,378.691,1.38,23.6105,106.674,0.39,,,,23.7268,223.543,0.82,,,,,,,23.9993,104.722,0.38,,,,,,,,,,,,,,,,,,,,,,25.9603,144.856,0.53,,,,26.4937,120.118,0.44,26.6095,151.381,0.55,,,,,,,,,,,,,,,,,,
269,,3.1809,5324.635,17.05,3.6731,3716.548,11.9,,,,,,,7.2996,689.417,2.21,9.9168,274.562,0.88,,,,,,,12.124,1033.548,3.31,,,,,,,13.7478,672.378,2.15,,,,,,,14.8248,736.895,2.36,,,,,,,15.7848,513.177,1.64,,,,,,,16.9627,1860.348,5.96,,,,,,,17.824,6333.654,20.28,17.9382,298.375,0.96,,,,,,,18.55,572.007,1.83,18.628,402.937,1.29,18.8554,228.743,0.73,,,,19.9258,140.533,0.45,20.0187,247.588,0.79,,,,,,,,,,20.8167,286.395,0.92,21.1952,86.735,0.28,21.3132,1542.323,4.94,21.433,329.623,1.06,21.5871,84.717,0.27,,,,21.6561,429.691,1.38,21.9039,207.226,0.66,,,,,,,,,,23.132,187.169,0.6,23.2671,65.443,0.21,23.4303,212.773,0.68,,,,23.6474,161.141,0.52,23.7317,226.247,0.72,,,,,,,23.9987,67.478,0.22,,,,,,,,,,,,,,,,,,,,,,25.9615,119.662,0.38,,,,,,,,,,,,,,,,,,,,,,,,,,,
282,,3.2444,827.43,2.57,3.6871,2129.901,6.61,,,,,,,7.2992,431.155,1.34,,,,,,,,,,12.1239,454.328,1.41,,,,13.1626,197.585,0.61,13.7623,1661.1,5.15,,,,,,,14.8718,3903.827,12.11,,,,,,,,,,16.3653,149.394,0.46,,,,17.0036,4644.803,14.41,,,,,,,17.7366,464.776,1.44,17.965,2708.481,8.4,,,,18.534,104.699,0.32,18.6159,137.191,0.43,,,,,,,,,,,,,,,,20.03,140.092,0.43,,,,,,,20.8775,2174.491,6.74,21.1206,7183.259,22.28,,,,21.428,310.158,0.96,21.5237,79.48,0.25,,,,21.6706,308.688,0.96,21.9095,397.705,1.23,,,,,,,,,,23.1464,228.102,0.71,23.2699,122.377,0.38,23.4343,391.914,1.22,,,,,,,23.7312,217.046,0.67,,,,,,,24.0043,108.457,0.34,,,,,,,,,,,,,,,,25.4809,228.635,0.71,,,,25.969,667.199,2.07,,,,26.4835,988.258,3.07,26.6122,251.735,0.78,,,,,,,,,,,,,,,,,,
287,,3.139,141.35,0.43,3.6814,1932.328,5.87,,,,,,,7.3178,566.012,1.72,9.923,254.622,0.77,,,,,,,12.1207,570.319,1.73,,,,13.1571,160.118,0.49,13.767,2434.508,7.4,,,,,,,14.9065,6882.072,20.91,,,,,,,,,,,,,,,,16.9703,2242.856,6.81,,,,,,,17.732,421.797,1.28,17.9389,1303.567,3.96,,,,18.5318,117.58,0.36,18.6133,146.163,0.44,,,,,,,19.3274,112.064,0.34,,,,,,,,,,,,,,,,20.8976,2909.504,8.84,21.1358,8641.09,26.25,,,,21.443,162.295,0.49,,,,,,,21.659,155.352,0.47,21.906,185.033,0.56,,,,,,,22.9759,101.944,0.31,23.146,428.034,1.3,23.2712,129.459,0.39,23.4376,541.379,1.64,23.6121,91.043,0.28,,,,23.7312,256.371,0.78,,,,,,,24.0382,111.146,0.34,,,,,,,,,,,,,,,,25.4816,219.143,0.67,,,,25.965,356.498,1.08,,,,26.4928,177.469,0.54,26.61,153.225,0.47,,,,,,,,,,,,,,,,,,
296,,3.0758,378.884,1.77,3.6859,694.609,3.24,,,,,,,,,,,,,,,,,,,12.1189,162.466,0.76,,,,13.1563,319.782,1.49,13.7596,1667.872,7.78,14.0998,320.511,1.49,,,,14.8404,1865.885,8.7,,,,,,,,,,16.3605,121.909,0.57,,,,16.9863,3703.355,17.27,,,,,,,17.6848,396.671,1.85,17.9224,411.677,1.92,,,,18.3661,266.166,1.24,,,,,,,,,,,,,,,,,,,,,,,,,,,,20.853,776.366,3.62,21.1258,7873.821,36.73,,,,21.4249,117.764,0.55,21.5206,186.427,0.87,,,,21.6657,179.556,0.84,21.9024,300.825,1.4,,,,,,,,,,23.1303,320.875,1.5,,,,,,,,,,,,,,,,,,,,,,24.0359,76.91,0.36,,,,,,,,,,,,,25.3885,169.967,0.79,25.4804,83.339,0.39,,,,25.9634,392.463,1.83,,,,,,,26.613,466.798,2.18,,,,,,,,,,,,,,,,,,
300,,3.1021,599.954,3.72,3.6803,1677.474,10.41,,,,,,,,,,,,,,,,,,,12.115,386.706,2.4,,,,,,,13.7386,192.195,1.19,14.1605,91.236,0.57,,,,14.8549,2674.222,16.6,,,,,,,15.7654,165.845,1.03,,,,,,,16.9381,684.152,4.25,,,,,,,17.729,1805.713,11.21,17.9169,114.922,0.71,,,,18.3859,737.413,4.58,18.6186,284.16,1.76,,,,,,,,,,,,,,,,,,,,,,,,,20.8124,991.753,6.15,21.2693,137.3,0.85,,,,21.4395,226.628,1.41,,,,21.6378,161.98,1.01,,,,21.8961,82.33,0.51,,,,,,,,,,23.111,635.187,3.94,23.2645,98.176,0.61,23.4247,86.776,0.54,,,,,,,,,,23.7248,107.82,0.67,,,,,,,,,,,,,,,,,,,,,,25.3868,277.214,1.72,,,,25.9607,468.682,2.91,,,,,,,26.6116,517.206,3.21,,,,,,,,,,,,,,,,,,
302,,3.1583,786.493,4.07,3.6666,1001.823,5.18,,,,,,,7.4108,707.052,3.66,,,,,,,,,,12.1096,227,1.17,,,,,,,13.7454,1000.796,5.18,,,,,,,14.8526,3026.271,15.65,,,,,,,,,,,,,,,,16.9603,2103.486,10.88,,,,,,,17.7215,98.275,0.51,17.9162,180.575,0.93,,,,,,,,,,,,,,,,,,,,,,,,,,,,,,,,,,20.8409,1030.335,5.33,21.0979,6017.777,31.13,,,,21.4279,112.532,0.58,,,,21.6518,142.429,0.74,,,,21.897,249.081,1.29,,,,22.6481,97.412,0.5,22.971,84.981,0.44,23.1135,559.789,2.9,23.2585,168.962,0.87,,,,,,,,,,,,,23.7083,83.091,0.43,,,,24.0342,190.881,0.99,,,,,,,,,,,,,,,,,,,,,,25.9595,311.92,1.61,,,,,,,26.605,80.509,0.42,,,,,,,,,,,,,,,,,,
304,,3.1623,469.334,1.45,3.6768,3867.459,11.96,,,,,,,7.288,534.733,1.65,9.9108,264.969,0.82,,,,,,,12.1254,1628.282,5.04,,,,,,,13.7437,668.135,2.07,,,,,,,14.8957,6094.02,18.85,,,,,,,15.7863,378.119,1.17,,,,,,,16.9686,2418.679,7.48,,,,,,,17.7625,2179.517,6.74,17.9256,469.612,1.45,,,,,,,18.6236,436.016,1.35,,,,18.859,140.724,0.44,19.324,120.015,0.37,,,,19.9415,117.549,0.36,20.013,213.55,0.66,,,,,,,20.8534,1889.834,5.84,21.0812,4502.443,13.92,21.3025,1168.394,3.61,21.4475,241.302,0.75,21.5178,120.101,0.37,21.6512,485.712,1.5,,,,21.9054,240.744,0.74,,,,,,,,,,23.1172,517.736,1.6,23.2702,250.986,0.78,23.4354,546.172,1.69,,,,,,,23.7328,312.256,0.97,,,,,,,24,188.164,0.58,,,,,,,,,,,,,,,,,,,,,,25.9571,64.801,0.2,,,,,,,,,,,,,,,,,,,,,,,,,,,
311,,3.0458,416.069,5.17,3.6666,1723.229,21.41,,,,,,,7.3938,600.143,7.46,,,,,,,,,,,,,,,,,,,,,,,,,,,,14.8108,127.89,1.59,,,,,,,15.7465,177.608,2.21,,,,,,,16.9493,1390.388,17.27,,,,,,,17.7237,559.044,6.94,,,,,,,18.5208,124.21,1.54,,,,,,,,,,,,,,,,19.9959,107.77,1.34,,,,,,,,,,,,,21.2691,203.758,2.53,,,,,,,,,,21.6389,133.768,1.66,,,,21.8924,120.533,1.5,,,,,,,22.9708,80.922,1.01,23.1121,602.961,7.49,,,,,,,,,,23.638,122.719,1.52,,,,,,,,,,,,,,,,,,,,,,,,,,,,,,,,,,25.9627,505.128,6.27,,,,,,,26.6086,197.29,2.45,,,,,,,,,,,,,,,,,,
322,,3.1619,464.88,1.81,3.6821,4579.361,17.82,,,,,,,7.279,461.573,1.8,9.9145,256.533,1,11.6263,215.201,0.84,,,,12.1273,1770.655,6.89,,,,,,,13.7448,758.789,2.95,,,,,,,14.8234,926.28,3.61,,,,,,,15.7989,719.345,2.8,,,,,,,16.9422,438.5,1.71,,,,,,,17.7743,3025.659,11.78,,,,,,,,,,18.5699,1394.888,5.43,18.6498,958.079,3.73,18.8649,302.042,1.18,,,,,,,19.9404,277.099,1.08,,,,,,,,,,20.8087,249.729,0.97,21.1947,73.798,0.29,21.3151,1844.547,7.18,21.4617,170.15,0.66,,,,21.6532,688.977,2.68,,,,21.9057,76.555,0.3,,,,,,,,,,23.1058,494.771,1.93,23.2664,104.742,0.41,23.4286,230.141,0.9,,,,23.6565,168.947,0.66,23.7297,177.355,0.69,,,,,,,23.9996,84.435,0.33,,,,,,,,,,,,,,,,25.3842,75.34,0.29,,,,25.9574,156.939,0.61,,,,,,,26.6052,70.889,0.28,,,,,,,,,,,,,,,,,,
328,,3.2444,284.24,1.07,3.6772,3877.324,14.61,,,,,,,7.3012,760.013,2.86,9.9107,340.464,1.28,11.6327,603.564,2.27,,,,12.1206,913.599,3.44,,,,,,,,,,,,,,,,14.8221,590.686,2.23,,,,,,,15.7992,910.656,3.43,,,,,,,16.9555,1391.512,5.24,,,,,,,17.7966,4239.231,15.97,17.9338,206.567,0.78,,,,,,,18.5529,723.148,2.72,18.6316,540.806,2.04,18.8758,693.788,2.61,,,,19.9281,178.507,0.67,20.0087,168.063,0.63,,,,,,,20.5484,198.943,0.75,20.7995,151.52,0.57,21.1987,89.187,0.34,21.3089,1496.156,5.64,21.4617,306.043,1.15,,,,,,,21.7159,4644.499,17.5,21.9306,182.251,0.69,,,,,,,,,,23.1064,343.971,1.3,23.2688,94.512,0.36,23.4324,245.373,0.92,,,,23.6549,185.625,0.7,23.7318,193.578,0.73,,,,,,,24.0009,117.894,0.44,,,,,,,,,,,,,,,,,,,,,,25.9626,308.216,1.16,,,,,,,26.6094,151.099,0.57,,,,,,,,,,,,,,,,,,
338,,3.0527,512.087,3.53,3.6833,2627.065,18.09,,,,,,,7.284,494.616,3.41,,,,11.577,285.081,1.96,,,,12.1134,288.501,1.99,,,,,,,13.739,177.84,1.22,,,,,,,14.813,273.012,1.88,,,,,,,15.7613,451.57,3.11,,,,,,,16.9365,581.417,4,,,,,,,17.7511,1761.542,12.13,,,,,,,18.5303,289.333,1.99,18.6086,190.595,1.31,,,,18.8431,268.857,1.85,,,,,,,,,,,,,,,,20.5416,131.794,0.91,20.7896,97.639,0.67,21.1823,87.883,0.61,21.2842,705.277,4.86,21.4264,324.612,2.24,,,,,,,21.6762,2103.741,14.49,,,,,,,,,,,,,23.1141,352.984,2.43,,,,23.4263,119.055,0.82,,,,23.6436,212.233,1.46,,,,,,,,,,24.0343,176.354,1.21,,,,,,,,,,,,,,,,25.3876,246.763,1.7,,,,,,,,,,,,,26.6096,373.758,2.57,,,,,,,,,,,,,,,,,,
347,,,,,,,,,,,,,,,,,,,,,,,,,,,,,,,,13.1554,364.083,1.58,13.7666,2376.024,10.34,,,,,,,14.8506,391.621,1.7,,,,15.3833,127.744,0.56,,,,,,,,,,17.0122,5984.627,26.05,,,,,,,,,,17.9276,102.2,0.44,,,,,,,,,,,,,,,,,,,,,,,,,,,,,,,,,,,,,21.1445,10504.254,45.72,,,,,,,21.5254,312.563,1.36,,,,21.6677,380.955,1.66,21.8984,146.164,0.64,22.3345,178.315,0.78,,,,,,,23.11,340.304,1.48,,,,,,,,,,,,,,,,,,,,,,24.0358,87.73,0.38,,,,,,,,,,,,,,,,25.4757,91.018,0.4,,,,25.9633,365.056,1.59,,,,26.4758,311.88,1.36,26.6106,250.998,1.09,,,,,,,,,,,,,,,,,,
349,,3.1622,428.315,1.17,3.6779,5451.254,14.89,,,,,,,7.3071,992.696,2.71,9.9154,458.896,1.25,11.6609,651.076,1.78,11.9539,246.952,0.67,12.1252,1494.395,4.08,,,,,,,13.7608,2068.63,5.65,,,,,,,14.8304,1278.469,3.49,,,,,,,15.8106,740.677,2.02,,,,,,,16.963,1767.158,4.83,,,,,,,17.8079,4881.589,13.34,17.9351,261.805,0.72,,,,,,,18.5561,751.772,2.05,18.632,457.9,1.25,18.8856,328.235,0.9,,,,,,,19.9725,402.236,1.1,,,,,,,20.5455,138.422,0.38,20.8461,402.264,1.1,21.2083,76.541,0.21,21.3189,1704.516,4.66,21.4601,168.589,0.46,,,,,,,21.6841,1901.004,5.19,21.9191,183.391,0.5,,,,,,,,,,23.1096,391.244,1.07,23.2703,74.192,0.2,23.4343,315.086,0.86,,,,23.6534,136.492,0.37,23.7344,234.948,0.64,,,,,,,24.0039,124.234,0.34,,,,,,,,,,,,,,,,,,,,,,,,,,,,,,,26.6084,105.644,0.29,,,,,,,,,,,,,,,,,,
380,,3.1521,646.485,4.45,3.677,2242.36,15.44,,,,,,,7.293,486.348,3.35,,,,,,,,,,12.115,487.288,3.35,,,,,,,13.7423,634.042,4.37,,,,,,,14.8168,326.897,2.25,,,,,,,15.7656,318.888,2.2,,,,,,,16.9461,1126.899,7.76,,,,,,,17.7526,1763.922,12.14,,,,,,,18.5326,358.611,2.47,18.6098,217.228,1.5,,,,18.8432,126.703,0.87,,,,,,,,,,,,,,,,,,,,,,21.2861,709.33,4.88,,,,21.4239,141.086,0.97,,,,21.6435,185.56,1.28,,,,21.8958,116.437,0.8,,,,,,,,,,23.1083,477.488,3.29,,,,23.4264,139.142,0.96,,,,23.6444,164.519,1.13,23.7266,79.148,0.54,,,,,,,24.0334,60.209,0.41,,,,,,,,,,,,,,,,,,,,,,25.9615,363.269,2.5,,,,,,,26.6081,189.909,1.31,,,,,,,,,,,,,,,,,,
381,,3.155,61.818,0.22,3.6752,3663.766,13.33,,,,,,,7.2901,675.475,2.46,9.9134,261.472,0.95,,,,,,,12.1234,1668.096,6.07,,,,13.1505,174.504,0.63,13.7383,339.271,1.23,,,,,,,14.819,504.4,1.83,,,,,,,15.8201,964.586,3.51,,,,,,,16.9714,2654.474,9.66,,,,,,,17.7754,2982.983,10.85,17.9352,271.996,0.99,,,,,,,18.5481,649.132,2.36,,,,18.8932,917.29,3.34,,,,,,,20.0056,379.49,1.38,,,,,,,,,,20.8051,143.328,0.52,21.0556,2688.81,9.78,21.3083,1501.511,5.46,,,,,,,,,,21.7028,3501.427,12.74,21.9314,328.714,1.2,,,,22.6673,102.859,0.37,,,,23.1071,639.93,2.33,23.268,137.915,0.5,23.4315,266.892,0.97,23.5648,61.876,0.23,23.6539,111.202,0.4,23.7317,170.525,0.62,,,,,,,24.0013,136.553,0.5,,,,,,,,,,,,,,,,25.3856,63.589,0.23,,,,25.9591,198.523,0.72,,,,,,,26.6065,72.987,0.27,,,,,,,,,,,,,,,,,,
388,,,,,3.6866,3694.588,10.41,,,,,,,7.2979,770.864,2.17,9.914,335.097,0.94,11.588,230.377,0.65,,,,12.1208,521.324,1.47,,,,,,,13.7444,246.497,0.69,,,,,,,14.8227,632.68,1.78,,,,,,,15.7963,911.991,2.57,16.359,300.934,0.85,,,,16.9481,800.137,2.25,,,,,,,17.8435,8197.762,23.1,17.9463,355.017,1,,,,,,,18.5479,469.336,1.32,,,,18.8812,787.045,2.22,,,,,,,19.9352,144.652,0.41,20.012,185.269,0.52,,,,20.5632,224.236,0.63,20.8099,238.945,0.67,21.2055,107.924,0.3,21.3125,1566.846,4.42,21.4868,412.116,1.16,,,,,,,21.7539,8791.039,24.77,,,,,,,22.6509,100.588,0.28,,,,23.118,194.877,0.55,23.2692,73.354,0.21,23.4373,425.634,1.2,,,,23.6489,158.788,0.45,23.7339,283.854,0.8,,,,,,,24.0017,154.99,0.44,,,,,,,,,,,,,,,,,,,,,,25.9647,408.307,1.15,,,,,,,26.6104,159.163,0.45,,,,,,,,,,,,,,,,,,
394,,3.1634,488.144,2.11,3.6724,4485.405,19.39,,,,,,,7.2896,634.094,2.74,9.908,292.743,1.27,11.6065,542.674,2.35,,,,12.1192,1130.474,4.89,,,,13.1535,154.103,0.67,13.7379,236.233,1.02,,,,,,,14.817,421.203,1.82,,,,,,,15.7872,624.555,2.7,,,,,,,16.9594,1840.464,7.96,,,,,,,17.774,2837.062,12.27,17.9406,198.879,0.86,,,,,,,18.5498,689.569,2.98,18.6291,554.556,2.4,18.8606,293.932,1.27,,,,19.9203,126.108,0.55,20.0085,164.04,0.71,,,,,,,20.5466,172.012,0.74,20.7984,118.916,0.51,21.192,102.564,0.44,21.2878,607.599,2.63,21.4503,160.055,0.69,,,,,,,21.6856,2281.115,9.86,21.9149,243.954,1.05,,,,,,,,,,23.1092,494.432,2.14,,,,23.4275,58.159,0.25,,,,23.6492,171.44,0.74,,,,,,,,,,,,,,,,,,,,,,,,,,,,,,,,,,25.962,332.118,1.44,,,,,,,,,,,,,,,,,,,,,,,,,,,
409,,3.0497,486.404,2.48,3.6719,3773.722,19.27,,,,,,,7.2883,571.127,2.92,9.9085,236.901,1.21,11.6081,480.124,2.45,,,,12.1115,228.214,1.17,,,,,,,13.7387,524.871,2.68,,,,,,,14.8154,232.189,1.19,,,,,,,15.7818,510.435,2.61,,,,,,,16.9588,1877.303,9.59,,,,,,,17.7645,2357.34,12.04,17.9307,161.783,0.83,,,,18.5307,257.733,1.32,18.6084,174.35,0.89,,,,18.8575,367.042,1.87,,,,,,,20.0059,167.854,0.86,,,,,,,,,,20.797,77.288,0.39,21.2905,814.301,4.16,,,,21.4393,135.735,0.69,,,,,,,21.669,1470.143,7.51,21.9059,184.477,0.94,,,,,,,,,,23.1121,538.726,2.75,,,,23.4267,119.508,0.61,,,,23.6492,184.673,0.94,,,,23.7251,59.749,0.31,,,,24.0345,165.902,0.85,,,,,,,,,,,,,,,,25.3859,179.998,0.92,,,,25.9575,162.761,0.83,,,,,,,26.6066,150.726,0.77,,,,,,,,,,,,,,,,,,
429,,,,,3.6782,1706.576,14.46,,,,,,,,,,,,,,,,,,,12.1109,373.163,3.16,,,,,,,,,,,,,,,,14.812,307.971,2.61,,,,,,,15.7758,461.588,3.91,,,,,,,16.9383,740.815,6.28,,,,,,,17.7345,1090.284,9.24,,,,,,,18.5381,564.795,4.79,18.616,424.457,3.6,,,,18.8485,172.457,1.46,,,,,,,,,,,,,,,,20.5395,106.851,0.91,20.788,83.29,0.71,21.2821,605.914,5.13,,,,21.4481,216.072,1.83,,,,,,,21.6891,2960.768,25.09,21.9107,132.636,1.12,,,,,,,,,,23.1087,471.329,3.99,,,,23.4243,77.686,0.66,,,,23.6447,156.049,1.32,,,,23.7247,67.278,0.57,,,,,,,,,,,,,,,,,,,,,,,,,,,,25.957,217.779,1.85,,,,,,,,,,,,,,,,,,,,,,,,,,,
63,,3.1633,418.897,1.19,3.6804,3562.427,10.12,,,,,,,7.3032,445.595,1.27,,,,,,,,,,12.134,2224.816,6.32,,,,,,,13.7455,377.057,1.07,,,,,,,14.8353,1276.817,3.63,,,,,,,15.8092,543.637,1.55,16.3643,195.041,0.55,,,,17.0048,4820.249,13.7,,,,,,,17.8716,10813.887,30.73,17.9632,556.788,1.58,,,,,,,18.5697,892.858,2.54,18.6468,628.681,1.79,18.8569,278.63,0.79,,,,19.9183,189.306,0.54,20.016,249.731,0.71,,,,,,,,,,20.8107,475.391,1.35,21.0293,1508.051,4.29,21.3217,2106.427,5.99,21.4432,244.165,0.69,,,,21.596,160.231,0.46,21.6664,863.286,2.45,21.9096,344.484,0.98,,,,,,,,,,23.1034,382.981,1.09,,,,23.4285,196.383,0.56,,,,23.6462,87.541,0.25,,,,,,,,,,23.9992,64.467,0.18,,,,,,,,,,,,,,,,25.3867,79.525,0.23,,,,25.9642,504.565,1.43,,,,,,,26.6076,80.952,0.23,,,,,,,,,,,,,,,,,,
93,,3.2417,624.541,2.98,3.706,3456,16.51,,,,,,,7.3795,631.778,3.02,,,,,,,,,,12.157,1750.641,8.36,,,,,,,,,,,,,,,,14.8473,983.024,4.7,,,,,,,15.7835,255.284,1.22,,,,,,,16.9613,315.178,1.51,,,,,,,17.8186,5018.684,23.97,17.9644,1071.03,5.12,,,,18.3873,361.185,1.73,18.5536,215.963,1.03,18.6343,244.141,1.17,18.8609,173.507,0.83,,,,,,,20.0211,151.741,0.72,,,,,,,,,,20.8256,914.354,4.37,,,,21.3049,887.105,4.24,21.4447,201.384,0.96,,,,21.6017,106.515,0.51,21.6617,432.864,2.07,21.9113,94.113,0.45,,,,,,,,,,23.1317,397.596,1.9,23.2745,96.506,0.46,23.44,388.415,1.86,,,,23.6578,155.441,0.74,23.7346,161.793,0.77,,,,,,,24.0064,80.173,0.38,,,,,,,,,,,,,,,,,,,,,,25.9747,763.608,3.65,,,,,,,26.6179,156.04,0.75,26.7499,95.473,0.46,,,,,,,,,,,,,,,
CT 10 mg/mL,,,,,3.5228,51857.364,69.88,,,,,,,,,,,,,,,,,,,,,,,,,13.2313,2678.332,3.61,13.809,1859.459,2.51,,,,,,,14.919,2713.626,3.66,,,,,,,15.9675,2319.663,3.13,16.3677,1441.252,1.94,16.7344,2550.593,3.44,17.0086,2571.1,3.46,,,,,,,,,,,,,,,,,,,,,,,,,,,,19.7017,1625.776,2.19,,,,,,,20.0461,139.928,0.19,,,,,,,,,,21.0458,1484.325,2,,,,,,,,,,,,,21.7148,788.858,1.06,,,,22.2647,1406.428,1.9,22.6325,262.994,0.35,,,,,,,,,,,,,,,,,,,,,,,,,,,,,,,,,,,,,,,,,,,,,,,,,,,,,,,,,,,,,,,,,,,,,,,,,,,,,,,,,
Empty,,,,,,,,,,,,,,,,,,,,,,,,,,,,,,,,,,,,,,,,,,,,,,,,,,,,,,,,,,,,,,,,,,,,,,,,,,,,,,,,,,,,,,,,,,,,,,,,,,,,,,,,,,,,,,,,,,,,,,,,,,,,,,,,,,,,,,,,,,,,,,,,,,,,,,,,,,,,,,,,,,,,,,,,,,,,,,,,,,,,,,,,,,,,,,,,,,,,,,,,,,,,,,,,,,,,,,,,,,,,
233,,3.2241,889.071,3.18,3.7213,3283.547,11.75,,,,,,,7.3649,762.535,2.73,,,,,,,,,,12.1612,923.639,3.3,,,,,,,13.7759,530.858,1.9,14.1695,335.575,1.2,,,,14.8757,2062.173,7.38,,,,,,,15.8291,227.188,0.81,,,,,,,16.9662,381.845,1.37,,,,,,,17.8259,5146.652,18.41,18.002,2401.005,8.59,,,,18.4275,898.725,3.22,18.5734,310.363,1.11,18.6517,302.123,1.08,18.8924,177.484,0.64,19.356,101.568,0.36,,,,,,,20.0451,272.66,0.98,,,,,,,20.8713,2064.484,7.39,21.2083,81.843,0.29,21.3124,799.627,2.86,,,,,,,,,,21.6695,582.934,2.09,21.9228,77.979,0.28,,,,,,,,,,23.1231,521.467,1.87,23.2823,169.643,0.61,23.4479,466.623,1.67,,,,,,,23.7433,188.767,0.68,,,,,,,24.013,134.49,0.48,,,,,,,,,,,,,,,,,,,,,,25.9737,333.91,1.19,,,,,,,,,,,,,,,,,,,,,,,,,,,
234,,3.2414,1321.467,4.76,3.6949,3864.949,13.93,,,,,,,7.3049,673.829,2.43,9.9227,300.128,1.08,,,,,,,12.1273,489.583,1.76,,,,13.1607,181.013,0.65,13.7499,256.514,0.92,,,,,,,14.8257,404.226,1.46,,,,,,,15.8079,681.536,2.46,16.3663,176.88,0.64,,,,16.9851,2970.157,10.71,,,,,,,17.8345,6633.563,23.91,17.9471,375.613,1.35,,,,,,,18.5522,413.589,1.49,18.6323,430.159,1.55,18.896,1198.25,4.32,,,,,,,20.018,138.351,0.5,,,,,,,,,,20.8124,157.691,0.57,21.1982,72.553,0.26,21.3105,1287.199,4.64,21.4526,96.967,0.35,21.5264,103.713,0.37,,,,21.6668,786.966,2.84,21.9146,332.171,1.2,,,,,,,,,,23.1108,347.477,1.25,23.2706,75.152,0.27,23.4339,172.592,0.62,,,,23.6544,129.28,0.47,23.7337,142.702,0.51,,,,,,,,,,,,,,,,,,,,,,,,,,,,,,,25.9677,543.185,1.96,,,,,,,26.6116,103.429,0.37,,,,,,,,,,,,,,,,,,
244,,3.1595,327.467,1.52,3.6999,3642.305,16.95,,,,,,,7.3181,924.324,4.3,9.9259,341.814,1.59,,,,,,,12.1274,346.079,1.61,,,,,,,13.7475,146.869,0.68,,,,,,,14.8507,2015.425,9.38,,,,,,,15.7778,305.222,1.42,,,,,,,16.9567,1243.206,5.79,,,,,,,17.7694,2180.522,10.15,17.9452,1085.609,5.05,,,,18.5376,176.378,0.82,18.6174,177.679,0.83,,,,18.8652,506.732,2.36,,,,,,,20.0168,284.486,1.32,,,,,,,,,,20.8351,1317.477,6.13,21.2876,498.309,2.32,,,,21.4395,209.475,0.97,21.5156,104.107,0.48,,,,21.6667,986.615,4.59,21.906,130.489,0.61,,,,,,,22.9767,100.052,0.47,23.1236,542.061,2.52,23.27,101.739,0.47,23.4335,244.745,1.14,23.616,163.754,0.76,,,,23.7311,221.042,1.03,,,,,,,24.0013,58.98,0.27,,,,,,,,,,,,,,,,25.3904,106.144,0.49,,,,25.9661,401.313,1.87,,,,,,,26.6116,132.161,0.61,,,,,,,,,,,,,,,,,,
294,,3.2238,1914.464,8.84,3.7204,5002.779,23.1,,,,,,,7.3351,823.669,3.8,9.9343,312.497,1.44,,,,,,,,,,,,,,,,13.758,369.473,1.71,,,,,,,14.8314,161.642,0.75,,,,,,,15.8012,573.824,2.65,,,,,,,16.9746,1988.952,9.19,,,,,,,17.7775,2367.628,10.93,17.9452,192.245,0.89,,,,18.5426,168.931,0.78,18.6216,156.349,0.72,,,,18.8714,277.187,1.28,,,,,,,,,,,,,,,,20.5571,166.218,0.77,20.8073,90.218,0.42,21.0388,1505.962,6.96,21.3015,835.215,3.86,21.4559,166.489,0.77,,,,,,,21.7021,2973.446,13.73,21.9257,206.586,0.95,,,,,,,,,,23.115,509.27,2.35,,,,23.4359,136.859,0.63,23.568,95.812,0.44,23.6581,213.04,0.98,23.7324,86.492,0.4,,,,,,,24.0425,127.631,0.59,,,,,,,,,,,,,,,,25.3933,142.398,0.66,,,,25.9654,87.625,0.4,,,,,,,,,,,,,,,,,,,,,,,,,,,
357,,,,,3.6815,3055.167,10.21,,,,,,,7.3067,733.641,2.45,9.9282,267.522,0.89,,,,,,,12.1409,2551.138,8.53,,,,,,,13.7429,158.775,0.53,,,,,,,14.8753,3834.343,12.82,,,,,,,15.7981,447.291,1.5,,,,,,,16.9656,1720.49,5.75,,,,,,,17.8177,5286.784,17.67,17.9772,2100.375,7.02,,,,,,,18.5509,383.774,1.28,18.6319,431.92,1.44,18.8822,857.065,2.86,19.3371,125.787,0.42,,,,20.0182,199.7,0.67,,,,,,,,,,20.8477,2056.564,6.87,21.2974,721.175,2.41,,,,21.4601,293.164,0.98,,,,,,,21.6583,630.208,2.11,21.9084,137.044,0.46,,,,,,,,,,23.1174,399.334,1.33,23.2705,116.504,0.39,23.4355,404.6,1.35,,,,,,,23.7341,166.021,0.55,,,,23.8999,61.385,0.21,24.0048,210.284,0.7,,,,,,,,,,,,,,,,,,,,,,25.9647,354.671,1.19,,,,,,,26.6111,121.776,0.41,,,,,,,,,,,,,,,,,,
CT 10,,,,,3.5268,51014.629,70.78,,,,,,,,,,,,,,,,,,,,,,,,,13.239,2542.092,3.53,13.8142,1751.987,2.43,,,,,,,14.9304,2521.655,3.5,,,,,,,15.9779,2112.626,2.93,16.3862,1239.22,1.72,16.7451,2276.931,3.16,17.0211,2343.562,3.25,,,,,,,,,,,,,,,,,,,,,,,,,,,,19.7263,1861.139,2.58,,,,,,,20.0654,165.98,0.23,,,,,,,,,,21.0661,1693.788,2.35,,,,,,,,,,,,,,,,21.9013,220.284,0.31,22.2921,1164.586,1.62,22.7113,87.437,0.12,22.9692,204.728,0.28,,,,,,,,,,,,,,,,,,,,,,,,,,,,,,,,,,,,,,,,,,,,,,,,,,,,,,,,,,,,,,,,,,,,,,,,,,,,,,
Empty,,,,,,,,,,,,,,,,,,,,,,,,,,,,,,,,,,,,,,,,,,,,,,,,,,,,,,,,,,,,,,,,,,,,,,,,,,,,,,,,,,,,,,,,,,,,,,,,,,,,,,,,,,,,,,,,,,,,,,,,,,,,,,,,,,,,,,,,,,,,,,,,,,,,,,,,,,,,,,,,,,,,,,,,,,,,,,,,,,,,,,,,,,,,,,,,,,,,,,,,,,,,,,,,,,,,,,,,,,,,
101,,3.1647,476.824,1.47,3.6857,4785.96,14.73,,,,,,,7.3045,733.915,2.26,9.9345,385.997,1.19,11.5844,284.394,0.88,,,,12.1471,1108.235,3.41,,,,,,,,,,,,,,,,14.8543,1116.295,3.44,,,,,,,15.815,717.856,2.21,16.3893,383.551,1.18,,,,17.0031,2867.525,8.83,,,,,,,17.862,7630.493,23.49,17.9683,306.508,0.94,,,,,,,18.5941,1090.194,3.36,18.6703,699.56,2.15,18.8737,358.031,1.1,,,,19.9213,357.687,1.1,,,,20.0327,195.231,0.6,,,,20.5724,155.947,0.48,20.8271,509.665,1.57,21.217,153.282,0.47,21.3423,2256.568,6.95,21.4564,516.99,1.59,,,,21.6097,196.473,0.6,21.6984,1568.663,4.83,21.9288,235.252,0.72,22.3097,235.082,0.72,,,,,,,23.1119,184.187,0.57,,,,23.4435,167.926,0.52,,,,23.6637,197.448,0.61,23.7424,122.428,0.38,,,,,,,24.012,88.729,0.27,,,,,,,,,,,,,,,,25.3985,103.168,0.32,,,,25.9775,665.354,2.05,,,,,,,26.6189,100.151,0.31,,,,,,,,,,,,,,,,,,
102,,3.1597,568.337,1.86,,,,4.8639,600.072,1.97,,,,,,,,,,,,,,,,,,,12.7026,210.46,0.69,13.1914,1347.065,4.42,13.8099,4211.394,13.81,,,,,,,14.8813,981.824,3.22,,,,15.4007,123.586,0.41,,,,16.3821,150.976,0.5,,,,17.0396,6374.696,20.9,,,,,,,,,,17.9537,227.995,0.75,,,,18.3485,158.508,0.52,,,,,,,,,,,,,,,,,,,,,,,,,,,,,,,21.1694,10822.998,35.49,,,,,,,21.5404,86.919,0.29,,,,21.6944,914.264,3,21.9195,314.844,1.03,22.2489,294.082,0.96,22.6615,134.47,0.44,,,,23.1178,179.726,0.59,,,,,,,,,,,,,,,,,,,,,,24.0593,879.186,2.88,,,,,,,,,,25.0716,182.203,0.6,,,,,,,,,,25.9708,166.887,0.55,,,,26.4843,156.525,0.51,26.6172,76.102,0.25,,,,,,,,,,,,,27.478,335.011,1.1,,,
120,,3.1091,585.076,3.32,,,,,,,,,,,,,,,,,,,,,,12.1377,495.41,2.81,,,,13.1812,318.943,1.81,13.7783,1779.763,10.11,14.0867,906.501,5.15,,,,14.8509,976.628,5.55,,,,,,,,,,,,,,,,16.9969,2832.21,16.09,,,,,,,17.7196,917.635,5.21,17.9425,422.198,2.4,,,,18.3963,683.86,3.88,,,,,,,,,,,,,,,,,,,,,,,,,,,,20.8312,120.193,0.68,21.1106,5183.623,29.45,,,,,,,21.5372,153.359,0.87,,,,21.6783,456.237,2.59,21.9129,193.915,1.1,,,,,,,,,,23.1141,146.484,0.83,,,,,,,23.5994,63.398,0.36,,,,,,,,,,,,,24.047,84.49,0.48,,,,,,,,,,25.0708,55.58,0.32,,,,,,,,,,25.9719,249.899,1.42,,,,26.4836,74.765,0.42,26.6194,129.59,0.74,26.7513,116.195,0.66,,,,,,,,,,,,,,,
135,,,,,3.6809,1215.686,4.4,,,,,,,,,,,,,,,,,,,12.1424,691.879,2.5,,,,13.184,192.716,0.7,13.7789,1354.982,4.9,,,,,,,14.9121,5362.771,19.39,,,,,,,,,,16.3858,134.986,0.49,,,,17.038,5753.872,20.8,,,,,,,17.75,253.452,0.92,17.951,902.054,3.26,,,,,,,18.5507,83.868,0.3,18.6323,88.404,0.32,,,,19.3481,85.228,0.31,,,,,,,,,,,,,,,,20.8873,2059.291,7.45,21.1307,6534.94,23.63,,,,21.4424,353.732,1.28,21.5384,101.755,0.37,21.6064,128.385,0.46,21.6739,161.494,0.58,21.9248,512.417,1.85,,,,,,,,,,23.1459,429.107,1.55,23.2797,77.588,0.28,23.4402,117.6,0.43,,,,,,,23.7358,140.801,0.51,,,,,,,,,,,,,,,,,,,,,,,,,25.4898,139.287,0.5,,,,25.9741,372.57,1.35,,,,26.4878,175.591,0.63,26.6182,116.713,0.42,,,,,,,,,,,,,,,,,,
138,,3.0522,457.876,1.24,3.6772,849.655,2.3,,,,,,,,,,,,,,,,,,,12.1402,372.948,1.01,,,,,,,13.7651,307.254,0.83,14.1444,1511.161,4.09,,,,14.8865,2992.439,8.11,,,,,,,15.8793,1760.535,4.77,16.3881,129.313,0.35,,,,17.041,5491.396,14.88,,,,,,,17.7634,954.275,2.59,,,,18.1709,10302.708,27.91,18.4308,586.041,1.59,18.575,97.643,0.26,18.6517,91.609,0.25,18.97,3350.363,9.08,,,,,,,,,,,,,,,,,,,20.8504,1293.031,3.5,21.039,872.784,2.36,,,,21.4572,269.58,0.73,,,,,,,21.7242,3477.293,9.42,21.9498,455.788,1.23,22.0798,151.69,0.41,,,,,,,23.1671,263.457,0.71,,,,23.4409,70.575,0.19,,,,,,,23.7383,74.943,0.2,,,,,,,,,,,,,,,,,,,,,,,,,,,,,,,25.9712,115.267,0.31,,,,,,,,,,,,,,,,,,,,,,,,,,,
157,,3.1595,633.061,1.8,3.6794,3086.591,8.8,,,,,,,7.3044,545.142,1.55,,,,,,,,,,12.1577,2281.717,6.5,,,,13.1792,197.13,0.56,13.773,977.469,2.79,,,,,,,14.9112,5502.897,15.68,,,,,,,15.8093,272.704,0.78,16.3839,181.094,0.52,,,,17.0235,4746.065,13.53,,,,,,,17.7925,2232.258,6.36,17.9612,1101.74,3.14,,,,,,,18.567,442.108,1.26,18.6462,366.913,1.05,18.8771,128.906,0.37,19.3489,111.05,0.32,,,,19.9509,117.84,0.34,20.0373,173.429,0.49,,,,,,,20.8838,2117.48,6.04,21.1151,5493.289,15.66,21.3078,510.066,1.45,21.4595,340.467,0.97,,,,21.6129,120.522,0.34,21.672,375.267,1.07,21.9254,389.993,1.11,,,,22.6745,151.486,0.43,22.9861,106.909,0.3,23.1248,411.895,1.17,23.2804,114.33,0.33,23.4434,295.598,0.84,,,,,,,23.7412,146.745,0.42,,,,,,,24.0119,125.328,0.36,,,,,,,,,,,,,,,,25.3967,70.696,0.2,,,,25.9725,380.452,1.08,,,,,,,26.6184,148.499,0.42,,,,,,,,,,,,,,,,,,
183,,3.1592,645.306,2.27,3.6758,1001.024,3.52,,,,,,,,,,,,,,,,,,,12.1475,1483.017,5.22,,,,13.179,309.665,1.09,13.7861,2256.239,7.94,,,,,,,14.9117,5851.992,20.59,,,,,,,15.7845,155.749,0.55,,,,,,,16.9615,422.614,1.49,,,,,,,17.752,626.762,2.21,17.9478,799.999,2.82,,,,,,,18.5583,321.968,1.13,18.6383,309.907,1.09,18.8805,193.373,0.68,19.3473,108.682,0.38,,,,,,,20.0487,169.999,0.6,,,,,,,20.8905,1806.906,6.36,21.1419,7980.465,28.09,,,,21.4492,368.3,1.3,21.5392,102.048,0.36,21.6062,64.199,0.23,21.679,1136.424,4,21.9211,75.952,0.27,,,,,,,,,,23.1242,334.109,1.18,23.2786,75.012,0.26,23.4415,198.772,0.7,,,,,,,23.7409,159.036,0.56,,,,,,,24.0486,86.54,0.3,,,,,,,,,,,,,,,,25.3983,135.096,0.48,,,,25.9715,251.224,0.88,,,,26.4858,89.003,0.31,26.6213,324.12,1.14,,,,,,,,,,,,,,,,,,
185,,3.1243,640.03,3.06,3.6837,982.661,4.7,,,,,,,,,,,,,,,,,,,12.1432,630.767,3.02,,,,13.1874,305.323,1.46,13.787,1587.405,7.59,14.1278,408.533,1.95,,,,14.89,3409.616,16.3,,,,,,,,,,16.3378,122.22,0.58,,,,16.9619,153.006,0.73,,,,,,,17.7292,980.656,4.69,17.9677,1420.273,6.79,,,,18.3989,553.21,2.64,18.5609,207.04,0.99,18.6415,195.498,0.93,,,,,,,,,,,,,20.0442,250.496,1.2,,,,,,,20.8043,364.639,1.74,21.2336,86.932,0.42,,,,21.4297,180.478,0.86,,,,,,,21.6812,445.231,2.13,,,,,,,,,,,,,,,,23.2815,79.811,0.38,23.4448,244.378,1.17,,,,,,,23.7412,100.429,0.48,,,,,,,24.0127,50.947,0.24,,,,,,,,,,25.0755,135.551,0.65,,,,,,,,,,25.9776,474.457,2.27,,,,,,,26.6236,270.008,1.29,26.7549,227.232,1.09,,,,,,,,,,,,,,,
186,,3.1006,321.604,0.96,3.6888,1808.072,5.39,,,,,,,7.3299,596.677,1.78,9.9427,290.353,0.87,,,,,,,12.1544,1210.724,3.61,,,,13.1913,455.517,1.36,13.8009,2734.274,8.15,14.1371,692.692,2.06,,,,14.8894,3258.512,9.71,,,,,,,,,,,,,,,,16.9863,1658.795,4.94,,,,,,,17.7672,2005.001,5.98,17.9926,2311.697,6.89,,,,18.426,1110.826,3.31,18.5732,193.837,0.58,18.6514,166.876,0.5,,,,19.3567,97.569,0.29,,,,,,,20.0625,185.229,0.55,,,,,,,20.9001,1558.06,4.64,21.1574,8474.887,25.26,,,,21.4285,210.399,0.63,21.546,196.386,0.59,,,,21.6774,308.979,0.92,21.9213,114.881,0.34,22.3558,118.505,0.35,,,,,,,23.159,112.175,0.33,23.2857,93.077,0.28,23.4495,332.261,0.99,,,,,,,23.7446,146.257,0.44,,,,,,,24.017,98.271,0.29,,,,,,,,,,25.075,71.393,0.21,,,,25.4024,76.562,0.23,,,,25.9805,538.938,1.61,,,,26.4891,151.639,0.45,26.6262,256.605,0.76,26.7574,355.642,1.06,26.916,131.026,0.39,,,,,,,,,,,,
209,,3.1335,504.766,1.75,3.682,1362.941,4.72,4.8741,149.26,0.52,,,,,,,,,,,,,,,,12.1501,1516.965,5.25,,,,13.1843,224.486,0.78,13.7845,1626.795,5.63,,,,,,,14.8489,664.406,2.3,,,,15.4087,155.443,0.54,15.8008,261.778,0.91,16.3858,160.001,0.55,,,,17.035,5573.295,19.3,,,,,,,17.8337,5132.827,17.78,17.9608,401.856,1.39,,,,,,,18.5703,424.784,1.47,18.652,454.485,1.57,18.8674,224.498,0.78,19.441,181.062,0.63,,,,,,,,,,,,,,,,20.8403,188.75,0.65,21.1141,5066.406,17.55,21.2976,126.154,0.44,21.4301,253.231,0.88,21.5936,97.82,0.34,,,,21.6748,436.565,1.51,21.9162,195.945,0.68,22.2415,186.298,0.65,,,,,,,,,,,,,23.4418,145.289,0.5,,,,,,,23.7441,143.537,0.5,,,,23.912,228.276,0.79,24.0158,107.743,0.37,,,,,,,,,,,,,,,,25.4932,172.646,0.6,,,,25.9764,356.181,1.23,,,,26.4852,199.356,0.69,26.6183,135.84,0.47,,,,,,,,,,,,,27.4656,161.611,0.56,,,
216,,3.0705,176.454,0.63,3.6792,1084.882,3.86,,,,5.0531,534.346,1.9,,,,,,,,,,,,,,,,,,,,,,13.7612,479.171,1.71,,,,,,,14.8398,475.139,1.69,,,,,,,15.8364,742.025,2.64,,,,,,,16.9738,1394.428,4.97,,,,,,,17.7598,301.588,1.07,,,,18.2102,15518.994,55.27,,,,18.5718,75.219,0.27,,,,18.9206,1624.237,5.78,,,,,,,,,,,,,20.3555,176.171,0.63,,,,20.8232,203.853,0.73,21.0544,1668.86,5.94,,,,,,,,,,,,,21.687,1621.671,5.77,21.9232,104.834,0.37,22.0733,179.901,0.64,,,,,,,23.1188,436.274,1.55,,,,,,,,,,,,,,,,,,,,,,24.0468,126.23,0.45,,,,,,,,,,,,,,,,25.3957,91.655,0.33,,,,25.9708,330.401,1.18,,,,,,,26.6165,189.303,0.67,,,,,,,,,,,,,,,,,,
245,,3.0872,572.632,1.74,3.6844,1927.924,5.85,,,,,,,,,,,,,,,,,,,12.1542,1566.717,4.76,,,,13.1853,424.963,1.29,13.7931,2523.562,7.66,14.1478,770.19,2.34,,,,14.9156,5225.771,15.87,,,,,,,,,,,,,,,,16.969,794.735,2.41,,,,,,,17.7695,2237.278,6.79,17.9813,1876.797,5.7,,,,18.4328,1288.445,3.91,18.5747,338.695,1.03,18.653,304.874,0.93,,,,19.355,127.942,0.39,,,,,,,20.0527,199.667,0.61,,,,,,,20.8805,1471.517,4.47,21.1349,6723.435,20.42,,,,21.4383,207.628,0.63,21.5421,93.542,0.28,,,,21.6861,587.005,1.78,21.9198,67.7,0.21,,,,,,,,,,23.1554,103.755,0.32,23.2816,87.449,0.27,23.443,157.643,0.48,,,,,,,23.7426,133.599,0.41,,,,,,,24.0526,291.995,0.89,,,,,,,,,,,,,,,,,,,,,,25.9781,699.492,2.12,,,,,,,26.6204,145.025,0.44,26.7539,213.857,0.65,,,,,,,,,,,,,,,
248,,3.213,1544.525,4.27,3.7121,4550.618,12.57,,,,,,,7.3363,892.872,2.47,9.9513,429.9,1.19,,,,,,,12.1562,462.124,1.28,,,,13.1978,212.427,0.59,13.786,421.737,1.16,,,,,,,14.859,525.8,1.45,,,,,,,15.8288,990.42,2.74,16.4018,361.781,1,,,,16.9782,687.552,1.9,,,,,,,17.8751,7799.063,21.54,17.9808,381.596,1.05,,,,,,,18.5863,434.221,1.2,18.6634,388.259,1.07,18.9373,1758.143,4.86,,,,,,,19.965,211.964,0.59,20.0502,139.366,0.38,,,,20.6166,183.687,0.51,20.8619,300.884,0.83,21.1325,5645.62,15.59,21.3451,1612.543,4.45,21.4687,491.127,1.36,21.5576,191.689,0.53,21.624,149.772,0.41,21.7287,3008.066,8.31,21.9468,211.413,0.58,,,,22.6746,166.88,0.46,,,,,,,23.2904,82.064,0.23,23.459,474.486,1.31,23.5835,82.624,0.23,23.6704,182.469,0.5,23.7547,320.215,0.88,,,,,,,24.0215,148.077,0.41,,,,,,,,,,,,,,,,25.4081,139.474,0.39,,,,25.9827,375.216,1.04,,,,,,,26.6274,98.382,0.27,,,,,,,,,,,,,,,,,,
262,,3.2313,1550.725,4.54,3.6802,5164.424,15.12,,,,,,,7.3052,559.852,1.64,9.9335,246.204,0.72,,,,,,,12.1547,2444.74,7.16,,,,,,,13.7646,506.794,1.48,,,,,,,14.8813,3230.24,9.46,,,,,,,15.8123,561.982,1.65,,,,,,,16.9791,1590.29,4.66,,,,,,,17.8393,5796.727,16.98,17.9663,660.632,1.93,,,,18.4235,115.202,0.34,18.5924,1197.95,3.51,18.6759,993.653,2.91,18.8808,355.785,1.04,,,,,,,19.9404,215.519,0.63,20.0358,218.181,0.64,,,,,,,20.8441,1015.318,2.97,21.2087,89.144,0.26,21.3108,786.801,2.3,21.4637,348.412,1.02,,,,,,,21.6819,1317.851,3.86,21.9233,136.018,0.4,22.3349,166.919,0.49,,,,,,,23.1176,484.808,1.42,23.2801,76.386,0.22,23.4428,258.537,0.76,,,,23.6658,111.981,0.33,23.7414,145.218,0.43,,,,,,,24.0124,110.829,0.32,,,,,,,,,,,,,,,,25.3959,90.791,0.27,,,,25.9763,772.96,2.26,,,,26.4885,183.975,0.54,26.6188,243.508,0.71,,,,,,,,,,,,,,,,,,
265,,3.1329,630.912,3.24,,,,,,,,,,,,,,,,,,,,,,12.1398,498.77,2.56,,,,13.179,327.913,1.68,13.7767,1082.522,5.55,,,,,,,14.8558,1580.821,8.11,,,,15.4085,117.123,0.6,,,,16.3857,162.708,0.83,,,,17.0338,5697.307,29.22,,,,,,,17.7464,124.02,0.64,17.95,953.683,4.89,,,,,,,18.5528,132.261,0.68,18.6316,110.256,0.57,,,,19.4433,187.091,0.96,,,,,,,,,,,,,,,,20.8299,240.961,1.24,21.1008,4801.104,24.62,,,,21.4255,132.491,0.68,21.5328,214.181,1.1,,,,21.6718,329.971,1.69,21.9175,459.022,2.35,22.2399,219.839,1.13,,,,,,,,,,,,,,,,,,,,,,,,,,,,,,,24.0482,127.334,0.65,,,,,,,24.9608,98.27,0.5,,,,,,,,,,,,,25.9777,620.829,3.18,,,,,,,26.6234,374.685,1.92,,,,,,,,,,,,,,,,,,
267,,3.1215,717.955,3.58,,,,,,,,,,,,,,,,,,,,,,12.1391,415.378,2.07,,,,13.1824,276.147,1.38,13.7671,364.308,1.81,,,,,,,14.8435,496.739,2.47,,,,15.4081,143.691,0.72,,,,16.3865,134.239,0.67,,,,17.0285,5216.76,25.98,,,,,,,,,,17.9467,431.482,2.15,,,,,,,,,,,,,,,,19.5973,515.177,2.57,,,,,,,,,,20.3577,915.387,4.56,,,,,,,21.0405,1009.632,5.03,,,,,,,21.5363,151.898,0.76,,,,21.6752,347.058,1.73,21.9191,352.846,1.76,22.2363,92.025,0.46,22.6404,132.154,0.66,,,,23.174,469.301,2.34,,,,,,,,,,,,,,,,23.821,486.635,2.42,,,,24.0509,96.929,0.48,,,,,,,24.9705,229.758,1.14,25.0411,235.182,1.17,,,,25.547,4613.57,22.98,25.8289,65.313,0.33,25.9956,1252.385,6.24,26.355,62.371,0.31,,,,26.6277,573.712,2.86,,,,,,,,,,,,,,,,,,
271,,3.0646,490.776,1.88,3.6814,1641.392,6.29,,,,,,,,,,,,,,,,,,,12.1357,537.757,2.06,,,,,,,,,,14.1146,538.443,2.06,,,,14.8668,2032.961,7.79,,,,,,,15.8248,533.85,2.04,,,,,,,16.9834,1856.693,7.11,,,,,,,17.7513,790.893,3.03,,,,18.1669,10512.86,40.27,18.4189,448.438,1.72,18.5679,72.941,0.28,,,,18.9148,1453.145,5.57,,,,,,,,,,,,,,,,,,,20.8298,718.316,2.75,21.0223,519.348,1.99,,,,21.4468,188.124,0.72,,,,,,,21.6943,1842.457,7.06,21.925,154.814,0.59,22.0723,97.87,0.37,,,,,,,23.1222,469.976,1.8,23.2769,93.507,0.36,,,,,,,,,,,,,,,,,,,,,,,,,,,,,,,,,,,,,25.396,67.906,0.26,,,,25.9689,219.999,0.84,,,,,,,26.6161,108.713,0.42,,,,,,,,,,,,,,,,,,
273,,3.2438,305.288,1.22,3.6786,4355.378,17.36,,,,,,,7.3076,769.798,3.07,9.9267,364.784,1.45,11.5824,216.732,0.86,,,,12.1366,731.604,2.92,,,,,,,13.7633,298.898,1.19,,,,,,,14.8431,643.786,2.57,,,,,,,15.8089,777.887,3.1,,,,,,,,,,,,,,,,17.836,5726.418,22.83,17.9527,183.864,0.73,,,,,,,18.5783,785.054,3.13,18.6537,499.764,1.99,18.8802,439.519,1.75,,,,,,,19.9315,308.244,1.23,20.0351,238.897,0.95,,,,20.5808,190.066,0.76,20.8227,156.49,0.62,21.2159,109.217,0.44,21.3269,1461.238,5.83,21.4586,387.859,1.55,,,,21.6162,106.546,0.42,21.7077,2437.494,9.72,,,,,,,,,,,,,23.1183,248.319,0.99,23.2808,96.164,0.38,23.4456,322.949,1.29,,,,23.6622,153.68,0.61,23.7436,220.609,0.88,,,,,,,24.0121,109.668,0.44,,,,,,,,,,,,,,,,,,,,,,25.9714,191.481,0.76,,,,,,,,,,,,,,,,,,,,,,,,,,,
290,,3.0504,891.755,2.57,,,,,,,,,,,,,,,,,,,,,,12.1456,816.821,2.35,12.7135,175.634,0.51,13.1882,649.167,1.87,13.809,3733.898,10.74,,,,,,,14.8574,1024.611,2.95,,,,15.4078,165.859,0.48,,,,16.3922,284.479,0.82,,,,17.0622,8054.577,23.17,,,,,,,,,,17.9565,767.44,2.21,,,,18.354,188.923,0.54,,,,,,,19.0352,117.902,0.34,19.49,130.854,0.38,,,,,,,,,,20.3412,172.68,0.5,,,,20.8935,149.289,0.43,21.1902,12823.044,36.89,,,,,,,21.554,151.987,0.44,,,,21.6995,986.738,2.84,21.9329,610.961,1.76,22.2549,351.954,1.01,,,,,,,,,,,,,,,,,,,,,,,,,23.8071,64.245,0.18,,,,24.0523,153.581,0.44,,,,,,,,,,,,,,,,25.5008,329.497,0.95,,,,25.9851,972.35,2.8,,,,26.487,121.74,0.35,26.6251,370.134,1.06,,,,,,,,,,,,,,,,,,
291,,3.0654,427.964,2.71,3.6876,986.06,6.23,,,,,,,,,,,,,,,,,,,12.1564,2255.33,14.26,,,,,,,,,,14.0991,673.214,4.26,,,,14.8495,848.354,5.36,,,,,,,,,,,,,,,,17.0092,3662.657,23.15,,,,,,,17.7674,1885.827,11.92,17.9502,399.822,2.53,,,,18.3986,702.759,4.44,18.555,133.842,0.85,18.6324,88.38,0.56,,,,,,,,,,,,,,,,,,,,,,20.8082,214.254,1.35,,,,,,,21.419,173.908,1.1,,,,,,,21.6581,129.977,0.82,21.9118,263.297,1.66,,,,,,,,,,23.1166,148.208,0.94,,,,23.4389,86.269,0.55,,,,,,,23.7412,62.322,0.39,,,,,,,24.0117,73.533,0.46,,,,,,,,,,,,,,,,,,,,,,25.9777,745.061,4.71,,,,,,,26.6205,229.147,1.45,26.7527,283.015,1.79,26.9139,108.354,0.68,,,,,,,,,,,,
293,,3.0499,872.581,3.57,3.6779,1069.941,4.38,,,,,,,,,,,,,,,,,,,12.143,1051.229,4.3,,,,13.1812,473.061,1.94,13.7734,1014.69,4.15,,,,,,,14.8546,1555.498,6.37,,,,,,,15.7895,170.946,0.7,16.3831,130.253,0.53,,,,17.0247,4848.785,19.85,,,,,,,17.7941,2555.644,10.46,17.9518,525.089,2.15,,,,,,,18.5581,297.426,1.22,18.6363,231.765,0.95,18.8613,149.442,0.61,,,,,,,,,,20.0317,124.285,0.51,,,,,,,20.7842,412.306,1.69,21.1047,4932.153,20.19,,,,21.4368,278.351,1.14,21.5304,108.157,0.44,21.5982,68.007,0.28,21.6728,378.289,1.55,21.9169,376.995,1.54,22.2456,167.861,0.69,,,,,,,23.1178,449.662,1.84,,,,,,,,,,,,,,,,,,,,,,24.0475,69.454,0.28,,,,,,,,,,,,,,,,25.4904,106.799,0.44,,,,25.9822,1144.079,4.68,26.3481,62.556,0.26,26.4852,125.063,0.51,26.6232,517.231,2.12,,,,,,,,,,,,,,,,,,
305,,3.0517,349.638,0.86,3.6827,1636.723,4.01,,,,,,,,,,,,,,,,,,,12.1703,3609.533,8.85,,,,13.1799,285.61,0.7,13.7764,1183.057,2.9,,,,,,,14.9688,11566.116,28.37,,,,,,,,,,16.3891,140.543,0.34,,,,17.0363,5728.778,14.05,17.153,196.216,0.48,,,,17.7632,623.735,1.53,17.9749,1965.687,4.82,,,,,,,18.5862,934.912,2.29,18.6694,841.333,2.06,,,,19.3607,277.387,0.68,,,,,,,20.0414,182.917,0.45,,,,,,,20.8846,2417.533,5.93,21.1101,5130.114,12.58,,,,21.4603,370.356,0.91,,,,,,,21.6693,74.768,0.18,21.9269,444.618,1.09,22.3482,90.536,0.22,,,,,,,23.1273,356.318,0.87,23.2835,188.483,0.46,23.4516,676.777,1.66,,,,,,,23.7471,384.31,0.94,,,,,,,24.0134,205.161,0.5,,,,,,,,,,,,,,,,25.4896,140.72,0.35,,,,,,,,,,,,,26.6174,111.751,0.27,,,,,,,,,,,,,,,,,,
314,,3.129,1009.08,3.97,3.6712,2122.798,8.35,,,,,,,,,,,,,,,,,,,12.1516,1743.618,6.86,,,,13.1806,191.108,0.75,13.7734,839.578,3.3,,,,,,,14.8737,2646.591,10.41,,,,15.4102,158.764,0.62,,,,16.3883,150.867,0.59,,,,17.0478,6966.095,27.39,,,,,,,17.7496,220.979,0.87,17.9564,1187.527,4.67,,,,,,,18.5582,232.853,0.92,18.6365,208.514,0.82,,,,,,,,,,,,,20.0315,122.594,0.48,,,,,,,20.8438,759.975,2.99,21.0893,3765.339,14.81,,,,21.428,242.787,0.95,21.5314,83.746,0.33,21.5986,64.783,0.25,21.6737,508.413,2,21.918,389.693,1.53,22.2407,147.795,0.58,,,,,,,23.1517,153.257,0.6,23.2793,71.961,0.28,23.4408,141.126,0.55,,,,,,,23.7384,111.771,0.44,,,,,,,24.05,207.399,0.82,,,,,,,,,,,,,,,,25.4915,83.136,0.33,,,,25.9732,190.052,0.75,,,,26.4853,101.493,0.4,26.62,164.39,0.65,,,,,,,,,,,,,27.4454,74.26,0.29,,,
320,,,,,,,,4.8609,517.458,1.8,,,,,,,,,,,,,,,,,,,,,,13.1848,485.71,1.69,13.7955,2694.068,9.35,,,,,,,14.8797,310.677,1.08,,,,15.4092,184.148,0.64,,,,,,,,,,17.0726,9651.707,33.5,,,,,,,,,,17.9579,207.505,0.72,,,,18.336,164.4,0.57,,,,,,,,,,,,,,,,,,,,,,,,,,,,,,,21.1611,9812.88,34.06,,,,,,,21.5383,273.881,0.95,,,,21.6717,423.339,1.47,21.9158,249.469,0.87,22.241,340.841,1.18,,,,,,,,,,,,,,,,23.6067,432.307,1.5,,,,,,,,,,,,,24.0512,261.076,0.91,,,,,,,,,,,,,,,,25.4012,151.004,0.52,,,,25.976,383.645,1.33,,,,26.4879,384.461,1.33,26.6232,376.345,1.31,,,,,,,,,,,,,27.4607,222.826,0.77,,,
339,,3.0783,802.849,3.55,3.66,577.302,2.55,,,,,,,,,,,,,,,,,,,12.1731,2704.079,11.96,,,,,,,,,,14.0994,737.629,3.26,,,,,,,,,,,,,15.7861,246.858,1.09,,,,,,,16.989,179.178,0.79,,,,,,,17.7497,1732.669,7.67,,,,,,,18.4256,1281.287,5.67,,,,,,,18.8883,645.74,2.86,,,,,,,,,,,,,,,,20.5868,176.028,0.78,,,,21.2365,102.082,0.45,,,,,,,,,,,,,21.7805,10584.11,46.83,,,,,,,,,,,,,,,,,,,,,,,,,,,,,,,,,,,,,24.0145,50.895,0.23,,,,,,,,,,25.077,282.018,1.25,,,,,,,,,,25.9772,278.223,1.23,,,,26.4915,324.517,1.44,26.6276,264.068,1.17,26.7611,487.966,2.16,26.9195,188.729,0.83,,,,,,,27.45,83.228,0.37,28.1031,101.009,0.45
356,,3.0532,490.965,1.46,3.6852,2073.459,6.18,,,,,,,7.3067,533.762,1.59,,,,,,,,,,12.1442,971.294,2.9,,,,13.1814,192.75,0.57,13.7754,1114.151,3.32,,,,,,,14.9225,6272.649,18.71,,,,,,,,,,16.3894,181.492,0.54,,,,17.0502,6743.705,20.11,,,,,,,17.7525,245.878,0.73,17.9526,876.374,2.61,,,,,,,18.5545,110.518,0.33,18.6347,112.163,0.33,,,,19.3494,97.812,0.29,,,,,,,,,,,,,,,,20.8981,2208.345,6.59,21.1422,7488.005,22.33,21.2836,134.397,0.4,21.4523,420.119,1.25,21.5427,126.634,0.38,21.6129,129.932,0.39,21.6855,382.092,1.14,21.9313,668.09,1.99,,,,,,,,,,23.1584,358.513,1.07,23.2811,59.505,0.18,23.4415,100.164,0.3,,,,,,,23.7341,130.625,0.39,,,,,,,,,,,,,,,,,,,,,,,,,25.491,170.927,0.51,,,,25.9759,474.948,1.42,,,,26.5022,105.919,0.32,26.6193,136.614,0.41,,,,,,,,,,,,,,,,,,
358,,3.0522,597.073,3.08,,,,,,,,,,,,,,,,,,,,,,12.1449,379.913,1.96,,,,13.1892,521.413,2.69,13.7906,1857.474,9.58,,,,,,,14.8571,1141.715,5.89,,,,,,,,,,16.3895,114.394,0.59,,,,17.0174,3922.589,20.23,,,,,,,,,,17.9488,556.261,2.87,,,,,,,,,,,,,,,,,,,,,,,,,,,,,,,,,,20.8405,71.082,0.37,21.1306,6648.924,34.29,,,,,,,21.5362,204.002,1.05,,,,21.6737,523.754,2.7,21.918,324.091,1.67,22.2356,130.288,0.67,,,,,,,,,,,,,,,,,,,,,,,,,,,,,,,24.0507,85.655,0.44,,,,,,,,,,,,,,,,,,,,,,25.9829,825.526,4.26,,,,26.4932,671.581,3.46,26.6285,475.944,2.45,,,,,,,,,,,,,,,,,,
366,,3.0724,678.529,1.76,3.6775,2467.639,6.4,,,,,,,7.31,460.327,1.19,,,,,,,11.9555,198.065,0.51,12.1379,401.978,1.04,,,,13.1829,531.07,1.38,13.778,1337.15,3.47,,,,,,,14.9001,4587.028,11.9,,,,,,,,,,16.3929,330.89,0.86,16.6964,179.833,0.47,17.1005,12695.224,32.93,,,,,,,17.7541,192.112,0.5,17.9596,1089.034,2.83,,,,18.3404,161.593,0.42,18.5661,402.651,1.04,18.6451,328.222,0.85,19.0377,121.383,0.31,,,,,,,,,,20.0434,182.135,0.47,,,,,,,20.8737,1270.824,3.3,21.1314,6592.971,17.1,,,,21.4481,324.765,0.84,21.5445,379.17,0.98,,,,21.688,509.474,1.32,21.9365,911.034,2.36,22.3549,104.109,0.27,,,,,,,23.1507,411.742,1.07,23.2802,89.143,0.23,23.4412,184.324,0.48,,,,,,,23.736,201.97,0.52,,,,,,,24.0498,110.564,0.29,,,,,,,,,,,,,,,,25.3998,265.674,0.69,,,,,,,,,,,,,26.6179,108.922,0.28,,,,,,,,,,,,,,,,,,
372,,3.0489,615.025,3.69,3.6799,2075.274,12.46,,,,,,,,,,,,,,,,,,,12.1374,431.893,2.59,,,,,,,,,,14.1441,1459.919,8.76,,,,14.8572,1227.551,7.37,,,,,,,15.7754,274.746,1.65,,,,,,,,,,,,,,,,17.797,3418.782,20.52,17.9447,161.611,0.97,,,,18.3996,648.922,3.9,18.566,443.307,2.66,18.6433,287.143,1.72,18.8553,146.387,0.88,,,,19.8925,135.597,0.81,,,,,,,,,,,,,20.8223,626.362,3.76,21.2104,95.522,0.57,21.3089,839.372,5.04,21.4183,237.419,1.43,21.5867,88.242,0.53,,,,21.6643,355.393,2.13,,,,22.2843,128.134,0.77,,,,,,,23.1402,255.571,1.53,,,,23.4382,101.358,0.61,,,,23.6516,144.923,0.87,23.7338,73.507,0.44,,,,,,,,,,,,,,,,,,,,,,,,,,,,,,,25.9706,163.443,0.98,,,,,,,,,,26.7492,106.295,0.64,,,,,,,,,,,,,,,
374,,3.0907,791.165,1.33,,,,,,,,,,,,,,,,,,,,,,,,,12.7264,368.186,0.62,13.2287,2919.82,4.91,13.862,7728.833,12.99,,,,,,,14.7773,542.157,0.91,,,,15.4232,294.698,0.5,,,,16.4087,365.319,0.61,,,,,,,17.1123,12999.651,21.84,,,,,,,17.9823,583.145,0.98,,,,18.3497,202.91,0.34,,,,,,,19.0486,157.896,0.27,,,,,,,,,,,,,,,,,,,,,,21.2963,27817.169,46.74,,,,,,,21.5832,503.333,0.85,,,,21.6935,508.971,0.86,21.9494,730.362,1.23,22.2556,352.713,0.59,,,,,,,,,,,,,,,,,,,,,,,,,,,,,,,24.0589,240.573,0.4,,,,,,,,,,,,,,,,,,,,,,25.9798,212.272,0.36,,,,26.4897,131.786,0.22,26.6257,105.743,0.18,,,,,,,,,,,,,,,,,,
377,,3.0551,648.159,2.16,,,,,,,,,,,,,,,,,,,,,,12.1413,743.479,2.48,12.7074,161.043,0.54,13.1934,1220.048,4.07,13.804,3580.702,11.95,14.0917,1389.177,4.64,,,,14.8597,1675.982,5.59,,,,,,,,,,,,,,,,17.0223,4618.545,15.41,,,,,,,17.7173,757.936,2.53,17.9442,378.642,1.26,,,,18.3985,510.272,1.7,,,,,,,,,,,,,,,,,,,,,,,,,,,,20.8586,109.635,0.37,21.1734,11492.551,38.35,,,,,,,21.5419,156.37,0.52,,,,21.6781,297.993,0.99,21.9189,198.787,0.66,22.3585,146.109,0.49,,,,,,,,,,,,,23.4404,74.355,0.25,,,,,,,,,,,,,,,,24.0483,80.55,0.27,,,,,,,,,,25.072,60.295,0.2,,,,25.3989,59.477,0.2,,,,25.9737,338.997,1.13,,,,26.4851,213.387,0.71,26.6218,336.278,1.12,26.7524,79.126,0.26,,,,,,,,,,,,,,,
378,,3.0482,525.738,2.04,3.6775,1591.245,6.17,,,,,,,,,,,,,,,,,,,12.1372,719.862,2.79,,,,,,,13.7736,1039.978,4.03,,,,,,,14.9092,5528.846,21.44,,,,,,,,,,,,,,,,17.0113,3789.604,14.7,,,,,,,17.7448,193.601,0.75,17.9435,574.817,2.23,,,,,,,18.5487,82.681,0.32,,,,,,,19.3456,85.71,0.33,,,,,,,20.0368,138.075,0.54,,,,,,,20.8801,2040.419,7.91,21.1146,5717.167,22.17,,,,21.4446,393.967,1.53,21.5356,99.618,0.39,21.6044,132.421,0.51,21.6749,194.028,0.75,21.9204,415.188,1.61,,,,,,,22.9857,144.723,0.56,23.1542,428.722,1.66,23.2779,80.476,0.31,23.439,127.325,0.49,23.619,72.739,0.28,,,,23.7324,155.779,0.6,,,,,,,24.048,96.889,0.38,,,,,,,,,,,,,,,,25.4866,109.979,0.43,,,,25.9716,303.467,1.18,,,,26.498,194.593,0.75,26.6185,144.67,0.56,,,,,,,,,,,,,27.4425,123.987,0.48,,,
379,,3.1185,758.343,1.45,3.678,2053.724,3.93,,,,,,,7.3103,444.114,0.85,,,,,,,,,,12.1542,1422.313,2.72,,,,13.1994,1496.386,2.86,13.8097,3472.045,6.65,,,,,,,14.9213,6512.931,12.47,,,,,,,,,,16.3992,328.382,0.63,16.7112,173.604,0.33,,,,17.1034,12893.947,24.69,,,,17.7807,1126.87,2.16,17.973,1545.694,2.96,,,,18.3706,201.139,0.39,18.5739,400.946,0.77,18.6543,391.321,0.75,19.0451,126.1,0.24,19.5148,180.251,0.35,,,,,,,,,,,,,,,,20.9229,1508.142,2.89,21.1909,12463.695,23.86,,,,21.4637,382.375,0.73,21.5578,420.974,0.81,21.6202,64.665,0.12,21.6943,537.405,1.03,21.9454,887.889,1.7,22.3612,160.11,0.31,,,,,,,,,,23.2851,107.94,0.21,23.4479,313.467,0.6,,,,,,,23.7459,182.268,0.35,,,,23.9119,58.688,0.11,24.0544,272.343,0.52,,,,,,,,,,,,,,,,25.3996,69.486,0.13,,,,25.9733,198.868,0.38,,,,,,,26.6214,127.637,0.24,,,,,,,,,,,,,,,,,,
403,,3.0482,986.628,4.05,3.6788,1875.632,7.7,,,,,,,,,,,,,,,,,,,12.1419,649.384,2.67,,,,13.1825,303.989,1.25,13.792,2417.725,9.93,,,,,,,14.8706,2549.45,10.47,,,,,,,,,,,,,,,,16.9967,2772.073,11.39,,,,,,,17.7476,313.138,1.29,17.941,433.168,1.78,,,,,,,18.5527,124.105,0.51,18.6318,113.819,0.47,,,,,,,,,,,,,,,,,,,,,,20.8816,846.673,3.48,21.1534,8859.785,36.39,,,,21.4299,174.898,0.72,21.5414,142.343,0.58,,,,21.6755,387.369,1.59,21.9177,150.874,0.62,22.3573,139.477,0.57,,,,,,,23.1525,141.731,0.58,23.2804,86.453,0.36,23.4408,81.915,0.34,,,,,,,23.7366,108.04,0.44,,,,,,,24.0519,290.167,1.19,,,,,,,,,,,,,,,,,,,,,,25.9731,198.996,0.82,,,,,,,26.6195,69.294,0.28,,,,,,,,,,,,,,,,,,
417,,,,,3.682,1334.606,8.98,,,,,,,,,,,,,,,,,,,12.1475,593.614,3.99,,,,,,,13.7738,365.499,2.46,,,,,,,14.8786,2704.303,18.2,,,,,,,,,,,,,,,,17.002,2907.841,19.57,,,,,,,17.7496,248.377,1.67,17.9537,895.865,6.03,,,,,,,18.5611,294.57,1.98,18.64,223.251,1.5,,,,,,,,,,,,,20.0317,151.864,1.02,,,,20.5918,134.625,0.91,20.8438,931.291,6.27,21.0672,2449.259,16.48,,,,21.4218,324.207,2.18,21.5318,107.412,0.72,,,,,,,21.9126,218.41,1.47,,,,,,,,,,23.1536,153.208,1.03,23.2799,76.427,0.51,23.4413,112.43,0.76,,,,,,,23.7284,206.497,1.39,,,,,,,,,,,,,,,,,,,,,,,,,25.4014,180.923,1.22,,,,25.9732,130.746,0.88,,,,,,,26.6215,116.814,0.79,,,,,,,,,,,,,,,,,,
418,,3.0475,268.366,0.91,3.679,2120.5,7.21,,,,,,,7.3001,520.861,1.77,,,,,,,,,,12.1484,1745.632,5.93,,,,,,,13.7708,816.477,2.78,,,,,,,14.9355,7808.818,26.54,,,,,,,,,,,,,,,,17.0022,3039.114,10.33,,,,,,,17.7492,333.418,1.13,17.9501,937.989,3.19,,,,,,,18.555,190.474,0.65,18.636,187.521,0.64,,,,19.3479,147.652,0.5,,,,,,,20.0404,185.928,0.63,,,,20.65,146.525,0.5,20.8893,2701.834,9.18,21.1068,4903.339,16.67,,,,21.4564,374.324,1.27,,,,21.6094,98.643,0.34,21.6778,137.665,0.47,21.9203,305.472,1.04,,,,,,,22.9856,107.636,0.37,23.1627,447.009,1.52,23.2804,139.254,0.47,23.4409,210.516,0.72,23.6216,73.695,0.25,,,,23.7332,167.166,0.57,,,,,,,24.0492,125.283,0.43,,,,,,,,,,,,,,,,25.4873,103.153,0.35,,,,25.9719,296.091,1.01,,,,26.5047,86.141,0.29,26.6177,105.218,0.36,,,,,,,,,,,,,,,,,,
421,,3.0559,663.627,2.31,3.681,655.602,2.29,,,,,,,,,,,,,,,,,,,12.1407,504.326,1.76,,,,13.1809,266.264,0.93,13.7798,1441.237,5.02,,,,,,,14.851,1065.356,3.71,,,,,,,,,,,,,,,,17.0117,3953.453,13.78,,,,,,,,,,17.9441,298.141,1.04,,,,,,,,,,,,,,,,19.8049,7824.195,27.28,,,,,,,20.0894,1114.09,3.88,,,,,,,20.844,95.251,0.33,21.1005,3386.61,11.81,,,,,,,21.5385,101.696,0.35,,,,21.7162,1112.815,3.88,21.9228,228.452,0.8,,,,,,,,,,23.1168,350.338,1.22,,,,,,,,,,,,,,,,,,,,,,24.0524,311.201,1.08,24.1338,2105.253,7.34,,,,,,,,,,,,,25.4899,85.334,0.3,,,,25.9747,362.598,1.26,,,,26.486,254.174,0.89,26.6232,315.554,1.1,,,,,,,,,,,,,,,,,,
436,,3.1365,117.271,0.35,3.6804,2236.118,6.62,,,,,,,7.3059,671.514,1.99,,,,,,,,,,12.144,988.513,2.93,,,,13.1824,176.749,0.52,13.7817,1417.431,4.2,,,,,,,14.9246,6425.449,19.02,,,,,,,,,,16.3876,180.315,0.53,,,,17.0524,6916.337,20.48,,,,,,,17.7519,248.328,0.74,17.9527,876.412,2.59,,,,,,,18.5554,106.917,0.32,18.6362,108.209,0.32,,,,19.35,90.395,0.27,,,,,,,20.0458,143.56,0.42,,,,,,,20.8939,2322.554,6.88,21.1321,6556.806,19.41,21.2813,125.496,0.37,21.4456,419.009,1.24,21.5427,118.123,0.35,21.6101,125.977,0.37,21.6793,298.223,0.88,21.9291,584.198,1.73,,,,,,,,,,23.1626,353.387,1.05,23.2809,77.813,0.23,23.4423,127.418,0.38,23.6233,108.318,0.32,,,,23.7344,158.993,0.47,,,,,,,24.0504,131.249,0.39,,,,,,,,,,,,,,,,25.4892,126.517,0.37,,,,25.9775,580.468,1.72,,,,26.5044,156.774,0.46,26.618,82.518,0.24,,,,,,,,,,,,,,,,,,
456,,,,,,,,,,,,,,,,,,,,,,,,,,12.2206,7767.141,53.92,,,,13.1938,139.578,0.97,13.7837,722.221,5.01,,,,,,,,,,,,,,,,,,,,,,,,,,,,,,,,,,17.7089,615.263,4.27,,,,,,,18.3917,475.553,3.3,,,,,,,,,,,,,,,,,,,,,,,,,,,,,,,21.081,2953.861,20.51,,,,,,,,,,,,,,,,,,,,,,,,,,,,,,,23.2816,84.516,0.59,,,,,,,,,,,,,,,,,,,24.0506,74.814,0.52,,,,,,,,,,25.0782,383.915,2.67,,,,,,,,,,25.9762,170.241,1.18,,,,,,,26.622,92.318,0.64,26.758,293.737,2.04,26.914,111.014,0.77,,,,27.3367,150.978,1.05,27.4793,264.994,1.84,,,
70,,3.1584,619.073,3.26,3.6797,3445.348,18.14,,,,,,,,,,,,,,,,,,,12.1553,2548.163,13.42,,,,,,,13.7596,145.867,0.77,,,,,,,14.8389,480.571,2.53,,,,,,,15.7941,454.007,2.39,,,,,,,16.9743,1388.784,7.31,,,,,,,17.7996,3243.94,17.08,17.9888,107.513,0.57,,,,18.4044,160.526,0.85,18.5663,574.423,3.02,18.6454,451.288,2.38,18.8668,240.549,1.27,,,,19.9198,183.184,0.96,,,,20.0274,184.083,0.97,,,,,,,20.8121,257.42,1.36,21.0264,751.772,3.96,21.3044,719.786,3.79,21.447,265.884,1.4,,,,21.6027,99.811,0.53,21.6727,740.734,3.9,21.9177,129.485,0.68,,,,,,,,,,23.1194,398.682,2.1,,,,,,,,,,23.6594,157.071,0.83,,,,,,,,,,,,,,,,,,,,,,,,,,,,,,,,,,25.9704,305.898,1.61,,,,,,,26.6169,142.745,0.75,,,,,,,,,,,,,,,,,,
71,,3.131,210.701,1.26,3.6783,2266.039,13.53,,,,,,,,,,,,,,,,,,,12.1432,1307.479,7.81,,,,,,,13.7624,229.519,1.37,,,,,,,14.8409,634.404,3.79,,,,,,,15.7858,387.094,2.31,,,,,,,16.9638,695.724,4.16,,,,,,,17.8091,3889.051,23.23,17.944,159.941,0.96,,,,,,,18.5682,690.545,4.12,18.6466,514.03,3.07,18.8596,213.35,1.27,,,,19.9107,233.367,1.39,,,,20.0229,161.172,0.96,,,,,,,20.8149,280.808,1.68,21.0323,1093.163,6.53,21.3113,926.628,5.53,21.4385,305.317,1.82,,,,21.5972,159.011,0.95,21.6672,502.499,3,21.9136,71.207,0.43,,,,,,,,,,23.1177,338.985,2.02,,,,23.4375,79.766,0.48,,,,23.655,147.627,0.88,,,,,,,,,,,,,,,,,,,,,,,,,,,,,,,,,,25.9714,351.777,2.1,,,,26.5032,103.609,0.62,26.6171,145.728,0.87,,,,,,,,,,,,,,,,,,
84,,3.163,492.027,2.73,3.6748,2035.892,11.28,,,,,,,,,,,,,,,,,,,12.1395,892.274,4.94,,,,,,,13.7637,404.704,2.24,,,,,,,14.8667,2261.072,12.52,,,,,,,15.783,210.972,1.17,,,,,,,17.0055,3398.076,18.82,,,,,,,17.7742,1570.534,8.7,17.9472,446.612,2.47,,,,,,,18.5625,453.765,2.51,18.6423,376.938,2.09,18.8577,114.988,0.64,,,,,,,,,,20.0261,128.037,0.71,,,,,,,20.834,822.278,4.55,21.2957,297.372,1.65,,,,21.4375,259.956,1.44,,,,,,,21.6632,212.118,1.17,21.9147,286.808,1.59,,,,,,,,,,23.1213,381.929,2.12,,,,23.4381,84.681,0.47,,,,,,,23.7328,78.322,0.43,,,,,,,,,,,,,,,,,,,,,,,,,,,,,,,25.9718,325.722,1.8,,,,,,,,,,,,,,,,,,,,,,,,,,,
Ct,,,,,3.4806,58271.979,100,,,,,,,,,,,,,,,,,,,,,,,,,,,,,,,,,,,,,,,,,,,,,,,,,,,,,,,,,,,,,,,,,,,,,,,,,,,,,,,,,,,,,,,,,,,,,,,,,,,,,,,,,,,,,,,,,,,,,,,,,,,,,,,,,,,,,,,,,,,,,,,,,,,,,,,,,,,,,,,,,,,,,,,,,,,,,,,,,,,,,,,,,,,,,,,,,,,,,,,,,,,,,,,,,,,,,
Empty,,,,,,,,,,,,,,,,,,,,,,,,,,,,,,,,,,,,,,,,,,,,,,,,,,,,,,,,,,,,,,,,,,,,,,,,,,,,,,,,,,,,,,,,,,,,,,,,,,,,,,,,,,,,,,,,,,,,,,,,,,,,,,,,,,,,,,,,,,,,,,,,,,,,,,,,,,,,,,,,,,,,,,,,,,,,,,,,,,,,,,,,,,,,,,,,,,,,,,,,,,,,,,,,,,,,,,,,,,,,