"Description","C001","C002","C003","C004","C005","C006","C007","C008","C009","C010","C011","C012","C013","C014","C015","C016","C017","C018","C019","C020","C021","C022","C023","C024","C025","C026","C027","C028","C029","C030","C031","C032","C033","C034","C035","C036","C037","C038","C039","C040","C041","C042","C043","C044","C045","C046","C047","C048","C049","C050","C051","C052","C053","C054","C055","C056","C057","C058","C059","C060","C061","C062","C063","C064","C065","C066","C067","C068","C069","C070","C071","C072","C073","C074","C075","C076","C077","C078","C079","C080","C081","C082","C083","C084","C085","C086","C087","C088","C089","C090","C091","C092","C093","C094","C095","C096","C097","C098","C099","C100","C101","C102","C103","C104","C105","C106","C107","C108","C109","C110","C111","C112","C113","C114","C115","C116","C117","C118","C119","C120","C121","C122","C123","C124","C125","C126","C127","C128","C129","C130","C131","C132","C133","C134","C135","C136","C137","C138","C139","C140","C141","C142","C143","C144","C145","C146","C147","C148","C149","C150","C151","C152","C153","C154","C155","C156","C157","C158","C159","C160","C161","C162","C163","C164","C165","C166","C167","C168","C169","C170","C171","C172","C173","C174","C175","C176","C177","C178","C179","C180","C181","C182","C183","C184","C185","C186","C187","C188","C189","C190","C191","C192","C193","C194","C195","C196","C197","C198","C199","C200","C201","C202","C203","C204","C205","C206","C207","C208","C209","C210","C211","C212","C213","C214","C215","C216","C217","C218","C219","C220","C221","C222","C223","C224","C225","C226","C227","C228","C229","C230","C231","C232","C233","C234","C235","C236","C237","C238","C239","C240","C241","C242","C243","C244","C245","C246","C247","C248","C249","C250","C251","C252","C253","C254","C255","C256","C257","C258","C259","C260","C261","C262","C263","C264","C265","C266","C267","C268","C269","C270","C271","C272","C273","C274","C275","C276","C277","C278","C279","C280","C281","C282","C283","C284","C285","C286","C287","C288","C289","C290","C291","C292","C293","C294","C295","C296","C297","C298","C299","C300","C301","C302","C303","C304","C305","C306","C307","C308"
"ORT.2.6_2012",NA,NA,NA,NA,NA,18676.101,53537.801,10689.971,12545.274,32426.263,146286.616,NA,NA,15615.812,NA,NA,960962.366,11282.422,12201.128,NA,81467.399,NA,142615.641,119877.16,122166.382,6738947.704,NA,NA,NA,NA,27234.649,65008.136,756870.41,22739.688,30596.123,NA,12063.785,NA,195938.403,175335.191,12567.309,NA,NA,87792.54,24710.271,NA,NA,211982.985,NA,85937.77,NA,33213.896,NA,146330.171,148657.337,11346.529,71975.22,NA,212586.308,NA,NA,60948.606,NA,NA,10591.468,NA,74315.812,248673.54,341216.271,264131.886,15293.377,482544.262,13643.9,41518.846,19835.261,NA,604135.133,NA,NA,NA,NA,NA,31903.664,NA,NA,62019.993,NA,139675.322,266669.085,163819.807,NA,NA,NA,399484.234,NA,10676.081,44718.252,839611.14,NA,NA,73927.525,11240.438,108152.522,164556.88,NA,NA,19625.957,NA,16032.917,27481.977,NA,15306.533,25383.065,NA,12671.724,NA,66463.662,16434.728,13263.021,NA,190231.11,NA,NA,76360.981,NA,NA,NA,NA,NA,NA,178080.971,305461.117,534792.846,30674.259,20711.243,152390.41,5592470.247,NA,73909.011,75358.778,116420.96,84725.323,NA,14993.779,88016.831,NA,118274.839,NA,8034077.529,NA,NA,30354.997,25275.529,12762.32,52423.328,19843.335,3161627.164,NA,152010.497,24499.574,NA,23121.878,34566.526,NA,37107.887,10234.497,NA,45773,120377.732,148601.314,NA,19136.876,NA,27591.561,NA,11497.803,NA,31877.616,24725.415,89944.354,21980.393,NA,12787.654,NA,NA,10814.577,NA,129219.433,88877.678,44638.317,NA,NA,145032.127,494210.659,13291.336,350309.687,78064.399,5639931.828,NA,11253.142,16847.031,13454.584,571567.735,10015.418,11037.322,468693.582,16609.959,78880.265,28054.393,NA,18752.032,90459.602,NA,102177.997,NA,12755.429,NA,41883.23,51330.586,NA,895170.781,19920.395,1428741.364,1086479.386,34030.336,1063437.111,777361.115,87973.765,50769.839,489689.547,NA,184303.608,NA,22977.866,11981.647,236573.521,11014.516,NA,NA,NA,NA,148736.631,443104.318,109921.452,31083.625,23338.96,267973.119,58104.292,NA,106917.453,666928.768,NA,NA,63492.233,52862.183,NA,NA,48384.794,23875.105,172176.053,15386.093,290859.767,NA,177253.389,279029.038,209719.677,NA,13872.296,402776.564,19671.755,22216.376,152667.736,NA,NA,NA,NA,67977.938,291671.698,NA,NA,470142.991,NA,NA,466907.686,NA,35271.077,42466.977,NA,NA,NA,121530.211,342341.426,NA,NA,54056.134,1266061.831,15346.687,NA,14366.364,1080068.104,94804.359,NA,NA,NA,118961.087,14593.78,NA,52991.748
"AZTW.1.5_2012",NA,NA,35133.446,68983.112,NA,16515.962,10244.063,NA,NA,100457.105,16095.757,579456.957,NA,28720.492,13074.237,13532.673,880398.613,NA,NA,NA,14280.858,NA,116438.837,216776.103,227088.044,NA,468456.397,131489.534,NA,NA,35344.99,NA,324813.241,NA,NA,61147.163,24242.03,144431.161,10704.986,546583.476,94093.318,NA,NA,79365.367,NA,NA,146160.856,122854.193,55837.713,98045.582,2302844.705,304916.015,NA,89745.848,223348.68,NA,76287.143,11425.871,412572.747,NA,17004.179,229052.609,52200.875,60074.115,1681671.2,15648.59,59696.887,152355.505,135262.291,83894.451,12917.219,334036.71,200555.439,185161.357,NA,26522.804,1168009.785,NA,NA,NA,12329.558,312568.121,267265.708,2760632.651,1730580.881,191157.82,57668.721,NA,827108.031,NA,NA,NA,985705.013,267727.931,21581.446,23754.963,93070.469,594952.379,203930.714,NA,25146.054,739119.488,70091.033,115603.678,346538.41,NA,16621.325,NA,13606.55,30458.98,NA,104493.477,12624.622,NA,70332.752,39617.338,73493.487,NA,35540.348,NA,74611.908,84068.451,39629.546,53553.331,43872.868,11029.672,NA,NA,39441.5,29605.02,NA,48485.079,101666.213,10976.879,37580.39,248546.448,119586.146,244425.68,13859.82,41627.073,134452.57,NA,44060.439,16815.162,102793.379,87497.843,68926.412,13343.939,11199.958,NA,29521.872,20269.98,23034.785,26655.849,35710.071,NA,3992886.607,157246.927,33611.767,30246.926,551168.016,157223.774,NA,103850.846,11948.474,10733.281,29114.425,10976.223,40067.06,67523.654,207237.858,34330.339,67613.724,74415.899,37663.903,NA,96296.957,116980.076,51415.946,88576.924,17552.161,87046.773,14810.764,22568.553,14191.926,48523.691,48388.95,346267.333,30068.039,63903.894,187958.355,87376.393,275622.602,595406.396,NA,681583.749,105250.973,2772513.487,4964824.501,8555957.742,9615439.643,20297.045,206010.521,138240.109,NA,696949.803,69082.318,826081.066,163107.583,222925.687,826256.363,124140.172,NA,126014.289,NA,17183.192,13591.19,NA,27590.752,10614.118,26204.275,30838.102,NA,NA,13922.021,448170.523,123526.161,267703.98,NA,1363606.247,1616833.315,153578.718,1037483.487,2076591.543,3299441.099,19049.766,91734.185,18093.516,NA,NA,19538.684,685857.24,363798.946,82208.528,101754.246,17079.218,648026.558,33332.101,17302.122,60914.268,1520795.124,NA,NA,NA,NA,NA,386321.756,148819.601,NA,179730.765,NA,341078.057,375647.669,515442.795,21860.843,22242.468,61779.973,11985.3,1949885.842,159757.105,79641.685,52228.167,2144115.378,1971654.834,64303.583,42529.118,12878.577,NA,14055.535,NA,280871.535,NA,NA,324331.9,1433127.385,47838.673,11922.54,1038849.653,NA,153208.569,45191.411,154423.688,NA,NA,NA,1147512.789,NA,NA,NA,1038111.968,87000.963,542073.602,31020.017,NA,801822.546,NA,NA,42679.102
"ORT.2.3_2012",NA,NA,NA,20201.09,NA,10915.527,40355.185,67099.533,35597.345,31549.008,434687.14,NA,NA,30538.04,NA,23464.126,2831383.926,10182.904,NA,16342.419,152734.886,NA,294813.764,30896.623,10644.25,10961954.51,NA,11989.637,NA,NA,17171.304,159583.994,1329919.974,10345.236,29875.47,NA,28701.601,13498.332,214529.359,363184.741,87225.709,NA,NA,486810.737,13541.469,17285.571,NA,284873.281,NA,67125.75,NA,14623.294,NA,295101.055,335658.019,NA,88824.894,NA,482500.85,23723.575,234513.371,94821.79,NA,NA,NA,12805.255,172063.475,676376.391,659243.646,507425.345,36477.985,965214.596,45885.982,14566.725,117748.851,NA,1899972.323,NA,12425.14,NA,NA,12015.093,82984.176,52905.344,NA,165759.622,25291.414,62749.113,643040.411,204583.804,15215.656,14794.989,NA,1059075.611,NA,NA,524899.224,2502661.158,NA,19551.115,232956.459,39274.305,183180.748,430268.445,NA,21144.278,33758.382,NA,77274.904,49877.176,NA,12242.492,17905.593,NA,12082.654,NA,63763.084,NA,NA,NA,478215.478,17345.606,NA,188969.742,NA,24064.129,29112.466,NA,12982.265,NA,372803.442,669984.466,31133.247,69751.679,53758.728,563760.409,3782428.85,NA,148304.622,104425.14,260703.495,37875.422,NA,38931.948,NA,NA,172911.157,NA,13845646.79,NA,NA,281217.65,14616.23,18968.628,162506.743,42206.874,4832787.523,NA,44403.753,24961.927,NA,27102.827,81733.602,16875.665,132332.039,10207.44,NA,16168.269,192973.247,55638.395,NA,86673.613,17302.389,30288.105,NA,90599.387,18622.236,41716.481,48429.152,141434.415,17620.836,NA,25116.166,NA,NA,19118.053,NA,222058.02,257976.521,298303.691,13894.57,NA,817876.969,794838.126,42773.876,511176.002,15921.942,5658324.35,NA,111953.148,31079.178,119265.834,479815.814,20491.707,27928.912,692587.286,96613.714,19313.538,164790.33,NA,11185.728,386215.552,10381.857,484045.662,NA,24373.436,NA,236730.907,13628.258,NA,1547979.842,1862114.642,3142410.927,10744.584,206112.61,1648995.729,1256801.008,147241.444,47401.021,689447.261,NA,257353.189,NA,21674.612,10016.587,442966.337,33919.157,28738.432,NA,NA,106944.607,88107.644,337994.29,1264619.93,78355.77,30501.826,220697.319,129773.916,61040.172,216906.071,670675.195,NA,18899.251,142995.246,13737.764,91243.382,NA,57287.995,41066.403,261843.184,36075.929,247518.634,NA,191492.871,549852.946,620943.202,13884.564,79542.784,710744.458,89901.746,79329.837,85520.159,NA,NA,NA,NA,191587.932,415094.964,13679.198,NA,775269.78,NA,NA,1102951.399,NA,33715.53,124918.609,20163.993,NA,NA,107391.896,383283.565,19307.301,NA,114235.614,1860501.909,NA,13284.869,11109.615,1725020.255,76721.21,NA,NA,28605.662,245696.384,82169.6,NA,116297.717
"WAT.2.10_2012",13088.066,NA,350938.069,14366.743,NA,309956.953,39399.201,76854.339,NA,67714.148,260469.094,NA,NA,24911.786,17479.251,220851.833,93736.297,NA,NA,NA,115798.527,NA,217119.247,664495.028,494577.347,1050139.028,NA,NA,NA,NA,14712.827,57587.897,461952.145,23188.01,629064.198,NA,10261.74,NA,259139.536,410989.933,46605.399,NA,NA,41844.919,713103.515,NA,NA,210022.838,NA,152168.936,NA,28837.01,NA,59678.369,206743.984,NA,154340.486,NA,353735.719,18240.35,139356.76,45370.149,NA,NA,14225.791,NA,89505.185,18324.364,87596.7,113612.23,27429.908,153718.239,339292.072,NA,79231.205,NA,1295986.536,NA,NA,NA,24482.267,NA,12181.396,12907.567,NA,39162.846,NA,925263.68,1546963.61,NA,NA,NA,NA,601159.542,432785.52,NA,43771.168,65107.78,10819.896,11535.025,NA,627273.352,21529.458,143923.988,NA,NA,106839.631,NA,NA,189797.682,240525.175,36361.63,13378.376,NA,NA,NA,386657.887,NA,16787.559,NA,16559.623,211968.393,NA,10233.152,12012.41,10518.779,486018.961,NA,17890.03,NA,216208.308,742213.331,768494.148,45049.885,18352.761,66841.473,25866754.18,NA,17424.801,71754.477,99032.778,18210.96,23908.726,NA,11184.36,NA,65811.546,10085.69,72286.15,298764.605,NA,817517.485,27197.77,41385.118,12023.423,NA,3030810.602,NA,151418.171,197678.426,NA,20415.362,NA,NA,98679.869,49121.814,NA,17680.454,12052.76,55790.791,NA,83747.949,54616.514,15468.937,11555.912,NA,NA,96444.506,NA,24566.233,199838.385,NA,273388.115,37012.174,NA,NA,NA,122733.77,82712.708,86839.008,NA,NA,238965.174,1050687.358,59319.644,388463.348,59538.619,10558388.04,18152.623,28588.852,117099.161,165272.821,524703.398,17282.912,181542.737,573210.321,201351.301,28788.656,386326.998,87862.885,NA,292562.486,NA,359665.651,23062.263,90066.847,NA,258990.78,47967.259,NA,1598765.196,36284.469,1396165.084,835383.646,184743.899,979770.389,856033.033,85092.802,79272.67,478556.394,43896.069,130763.143,72206.976,733737.836,12384.792,53287.657,47727.097,NA,NA,NA,NA,888235.583,932968.32,277532.734,197084.092,102663.353,124166.857,190000.763,NA,113589.439,1391402.962,13188.011,87357.81,NA,47458.798,44107.361,NA,169597.027,NA,315582.248,10040.381,148001.062,NA,346433.512,456351.036,479369.499,14990.913,13098.727,489900.923,64779.514,47369.858,130936.17,NA,NA,NA,NA,53786.816,132917.497,NA,NA,59951.157,NA,NA,78610.114,NA,32145.106,24507.899,26033.312,12206.636,NA,72015.319,313421.698,22432.63,NA,62035.01,1767103.221,NA,22747.983,18956.685,1542773.822,95949.585,NA,NA,32895.851,364625.395,12529.581,NA,NA
"NMT.1.9_2012",NA,NA,91191.283,11860.185,NA,15434.126,NA,NA,NA,64901.375,163386.791,123208.741,NA,30104.975,14964.687,10304.538,1247279.915,NA,25849.058,NA,10763.598,NA,86550.1,165626.667,176917.342,22065.576,NA,NA,NA,NA,85492.557,NA,701720.79,11889.756,NA,417870.801,122240.23,NA,23449.341,336004.807,59312.232,NA,NA,34320.533,10801.233,NA,53190.105,38826.06,330690.147,59765.194,4767357.22,367227.79,16594.75,24843.304,201904.232,16294.204,24453.11,1495731.046,203624.639,NA,12121.62,27361.573,132995.562,NA,2184089.031,34655.563,14145.146,200441.411,129415.197,148488.037,10504.146,303361.973,249385.683,538666.735,NA,58395.699,1051627.078,NA,NA,NA,48905.993,587345.672,48246.894,17905.104,40864.958,193770.171,659001.713,NA,1044785.209,NA,NA,51170.756,1487698.964,265109.55,10004.936,75993.311,253373.322,725630.613,367416.854,NA,NA,533168.835,16367.506,160103.47,546027.009,NA,10121.898,NA,NA,15454.351,29117.168,78482.167,23360.148,NA,NA,79822.433,NA,46089.427,NA,NA,42973.443,97894.358,44099.003,96622.051,43815.021,14308.586,20535.012,NA,11698.422,NA,18457.033,38785.733,246288.398,14213.445,49118.649,165090.533,22385.334,360928.739,NA,147798.408,350322.77,14074.352,36992.253,14141.913,185258.872,171040.728,300554.431,85480.114,18918.918,NA,13531.145,19949.87,22908.674,10622.837,46762.239,NA,4773422.17,290320.679,98024.278,48341.118,781339.256,285537.771,NA,302289.203,NA,15746.814,19076.995,25683.186,12232.372,89735.45,469884.028,10205.953,14259.709,25143.334,26490.893,NA,356179.593,106544.368,44815.827,209612.306,12985.239,165338.085,93346.257,NA,69181.757,19749.228,104996.491,452479.406,148826.357,75059.558,721801.568,254505.547,627500.623,452140.055,NA,354400.221,235472.121,707358.874,10436666,6857164.252,5812386.133,17659.533,78800.02,10688.04,17520.957,361720.926,23195.713,1311681.399,163201.266,2290322.02,3562849.719,22561.219,NA,78819.982,15440.48,61412.58,NA,109824.61,35634.605,NA,29506.755,NA,12844.855,31666.664,NA,399866.951,95771.589,436139.539,17121.93,2314416.247,2691669.884,97446.997,1065923.383,2313474.965,3233370.951,45673.434,61449.942,15044.806,NA,NA,NA,174860.244,252781.605,324227.577,107544.056,NA,189676.305,52450.048,NA,51679.117,1478517.619,NA,NA,NA,NA,NA,NA,147144.388,NA,233321.594,15999.253,222251.713,740358.021,333333.424,55133.095,45785.471,24855.912,NA,673793.628,211189.339,65675.963,46474.591,NA,40098.903,14139.722,NA,71749.208,NA,NA,NA,229652.275,NA,NA,270900.402,10979.874,42467.019,25234.323,10179.663,NA,212772.454,23605.664,167822.724,NA,NA,NA,943659.196,NA,NA,NA,783796.237,13911.355,76747.19,NA,NA,1066597.848,13918.301,NA,34435.486
"ORT.2.10_2012",NA,NA,11246.604,NA,NA,175165.757,NA,58399.111,15865.724,24053.708,289113.729,NA,NA,28914.815,NA,11496.322,616780.251,10435.413,11079.37,NA,41537.751,NA,193290.058,56742.351,58696.945,7646239.022,NA,NA,NA,NA,16824.81,14800.083,782681.297,16416.004,18929.479,NA,24574.544,10641.258,167405.32,282497.059,67050.653,NA,NA,142537.272,29872.705,17376.657,NA,111242.272,NA,55538.587,NA,14906.501,NA,192416.013,267048.946,NA,97677.978,NA,367348.312,20652.262,NA,90023.903,NA,NA,10437.676,NA,71016.573,279827.845,589134.407,509321.291,18742.105,536450.614,NA,36535.108,40749.866,NA,873059.881,NA,NA,NA,NA,NA,40306.402,NA,NA,253861.803,NA,84696.752,369184.801,319230.403,NA,13482.203,NA,310149.998,NA,60114.284,335668.741,726199.958,12418.203,NA,196405.587,NA,210574.031,102697.026,NA,19259.34,NA,NA,52250.152,55475.69,NA,30802.147,NA,NA,27853.206,NA,132862.613,11937.456,12167.465,NA,224452.353,NA,NA,31063.771,NA,NA,NA,16100.231,34324.143,NA,130405.06,244044.724,744767.42,20178.419,45333.162,267432.266,4079803.31,NA,113703.14,47076.567,105058.288,54456.013,NA,11748.181,59381.308,NA,160000.915,NA,9431045.34,NA,NA,10938.342,13104.753,14627.695,76123.153,24684.891,3084188.213,21583.728,29268.16,66202.368,NA,22488.562,19079.82,NA,93010.333,NA,NA,56793.649,145767.03,20619.566,NA,79952.759,20059.372,NA,NA,NA,10657.417,28358.771,97125.424,42421.164,29657.611,NA,13262.234,NA,NA,NA,NA,114726.134,690168.773,33865.311,NA,NA,123857.485,545455.409,30878.125,206591.827,74403.347,7241567.084,NA,109393.713,47724.949,42068.081,499861.053,19083.014,22597.493,214380.876,187267.474,35704.179,29014.396,NA,11624.44,114727.19,NA,153691.39,NA,15656.626,NA,387247.277,10588.252,NA,818738.439,927293.69,1188986.171,19138.193,702327.886,880373.806,549062.066,82461.645,159505.564,378197.427,NA,110047.644,11696.551,NA,NA,140856.858,27861.218,16709.985,NA,NA,NA,118761.044,139548.319,269835.13,69470.043,21690.882,103147.526,73600.172,NA,162553.955,860031.592,NA,NA,118456.038,60094.711,NA,NA,22697.528,30274.849,268644.678,61387.449,224774.605,NA,239472.541,495247.132,525167.871,16785.058,NA,361648.889,30591.229,15951.536,99446.409,NA,NA,NA,NA,55825.04,365027.904,18260.293,NA,574288.768,NA,NA,704938.896,NA,14627.287,102997.904,NA,NA,NA,184569.997,228424.84,NA,NA,34044.732,1727961.745,NA,NA,12841.641,1582209.947,97536.133,NA,NA,NA,157858.979,NA,NA,10570.584
"WAT.2.1_2012",NA,NA,97505.407,NA,NA,111151.514,NA,39970.67,NA,44793.259,350347.373,NA,11620.83,NA,NA,127168.079,111902.698,NA,NA,NA,17774.184,NA,148183.346,500355.946,432105.876,233705.15,NA,NA,NA,NA,NA,NA,1010868.625,10525.538,670441.453,NA,29339.266,NA,103381.703,412195.844,67145.915,NA,NA,20231.666,141234.596,NA,NA,239964.512,NA,28011.289,NA,NA,NA,99075.302,218751.774,NA,103652.992,NA,311704.474,12751.206,NA,31140.679,NA,NA,NA,NA,71389.853,45363.449,165496.805,61811.479,NA,118279.778,227487.047,24503.768,NA,NA,830412.794,NA,NA,NA,29069.913,NA,NA,NA,NA,34130.099,NA,504803.862,1227730.453,NA,NA,NA,NA,792195.468,NA,NA,75180.045,425453.101,NA,NA,NA,771964.18,12685.56,76343.925,NA,12737.01,59313.801,NA,NA,120282.177,15753.943,NA,11409.894,NA,37329.411,NA,223843.112,NA,15958.212,NA,11263.316,113986.336,NA,32957.784,NA,10428.176,23612.372,NA,23058.919,NA,351837.099,804990.526,563952.595,68838.131,25472.927,119117.015,22063099.17,NA,11817.797,86090.471,251009.785,805899.735,NA,NA,276399.797,NA,110992.443,NA,76362.232,NA,NA,17755.114,45812.245,84808.107,47462.151,NA,2366427.678,NA,55392.739,243129.876,NA,14417.704,30847.016,10019.912,172872.643,223088.112,NA,11827.43,65975.767,42425.207,NA,NA,80068.641,105729.484,18172.791,19022.029,13566.891,37702.492,NA,65733.099,99811.09,13732.732,236184.517,46552.866,NA,11756.706,NA,213056.741,11504.205,126790.297,NA,NA,344631.547,972896.563,81708.749,218575.678,103679.465,7683000.552,NA,25196.028,12136.159,52771.323,999420.72,16150.143,63242.038,245723.06,131805.814,18258.714,736703.773,NA,NA,394925.42,NA,422767.337,NA,24492.684,NA,245453.373,28517.658,NA,1623282.174,42367.712,2087961.349,1102818.068,15994.391,1142598.61,964196.217,106986.703,67679.182,495360.491,31749.005,87647.764,12439.144,694834.952,NA,97235.201,37044.317,NA,NA,NA,NA,519833.065,682086.606,127387.409,192645.441,57544.529,423351.571,58634.478,NA,133086.504,746326.568,NA,55136.033,NA,119689.771,57266.329,NA,193755.663,12790.297,134415.34,58924.823,253830.868,NA,353518.583,341386.714,354041.161,NA,14600.794,1217348.807,30634.852,51328.742,112191.503,NA,NA,NA,NA,11498.164,51316.285,NA,NA,161073.053,NA,NA,222765.825,10093.793,NA,53051.726,NA,NA,NA,53122.825,143856.591,16744.143,NA,16787.181,1378330.488,19322.108,NA,27080.931,1249204.586,69153.773,NA,NA,23020.482,464741.196,NA,NA,18865.585
"NMT.2.8_2012",11205.204,NA,11176.382,38115.019,22075.325,NA,35221.852,NA,23334.183,68475.815,83547.347,39356.375,18902.339,14476.922,73926.441,21142.203,167687.895,NA,44002.372,NA,27890.285,NA,283098.494,694704.974,632857.623,12075.888,NA,18376.105,NA,NA,245047.762,13218.198,648269.691,NA,NA,590008.634,26015.723,NA,35175.797,170455.347,20700.284,NA,NA,NA,10040.818,15514.185,12002.983,106583.27,565729.169,42415.053,4736823.508,703443.795,NA,85801.418,30483.347,NA,167720.491,1618566.761,161255.796,11124.655,127263.948,16730.956,17000.553,NA,4489912.354,16302.176,19263.756,43166.142,110273.727,77683.211,NA,221653.161,49222.081,376316.556,143085.227,94004.538,688327.096,NA,10008.816,NA,NA,934168.604,NA,18231.076,81279.935,125914.597,1869012.638,NA,630816.4,NA,NA,131619.583,2163379.568,82557.965,17756.185,45598.007,190240.003,189564.67,619377.822,NA,19017.584,162165.142,49275.751,70494.981,74530.808,NA,88431.459,NA,18210.434,88380.338,NA,47343.66,284303.454,NA,11073.414,337339.688,79000.598,29810.851,65364.94,NA,23687.765,17060.967,14343.732,119461.674,38066.37,15897.875,NA,NA,43747.371,NA,28082.464,13288.103,50143.203,19442.891,104387.039,184634.42,53597.581,501399.731,NA,40808.611,295435.142,28275.003,26442.218,NA,297729.836,213140.399,111667.046,106191.18,15689.182,NA,17443.875,223409.247,61335.648,17519.489,40048.771,NA,3519793.499,414743.533,25829.547,98330.001,515485.086,574764.832,NA,331048.469,96551.133,10581.535,26144.292,13784.659,61599.074,159291.224,324431.896,53427.138,10735.346,14528.899,35179.819,NA,251159.329,136252.572,111856.991,85693.015,13115.204,281814.785,88980.014,NA,81067.589,NA,NA,183740.081,77852.226,31511.472,237233.262,292909.536,91388.611,702853.734,562251.272,307751.366,13129.888,4759319.364,9959653.807,6924409.741,6928997.336,18660.871,97287.32,21846.451,10978.381,504567.666,25370.672,1255146.069,34864.763,670810.658,1378674.123,86846.907,NA,70211.43,13632.291,42825.995,NA,192550.047,91023.337,NA,353309.447,NA,NA,NA,54257.51,87353.371,NA,345856.777,105746.117,1843011.241,2312624.33,135776.71,1470352.573,2672758.03,4077124.032,13515.031,93464.138,20701.848,NA,NA,52830.97,130157.187,450859.922,398701.942,12618.584,154484.389,202572.827,213358.84,81908.68,41177.201,720761.284,NA,51459.321,NA,184382.668,135928.782,NA,107565.547,NA,120128.893,94910.065,303299.689,739371.677,183965.243,13346.551,NA,17991.058,28087.35,762945.319,10236.527,38267.37,58158.127,31458.45,296021.205,NA,22173.253,109866.789,NA,13201.465,NA,266350.674,NA,NA,362494.33,217785.954,11532.047,14558.025,232749.929,10665.886,431896.702,396805.075,156725.519,13379.131,NA,NA,2304543.239,NA,76318.137,NA,2031088.88,12752.889,124283.831,15077.701,NA,135119.376,NA,NA,81570.945
"WAT.2.9_2012",32598.275,NA,23222.859,12357.145,NA,71060.764,NA,24290.163,NA,38327.23,161399.263,NA,NA,60158.025,16236.256,112914.826,108678.833,NA,NA,NA,75113.892,NA,161337.735,631493.324,513296.144,49415.555,61813.293,11407.723,NA,NA,NA,42161.539,707457.481,NA,274117.86,NA,NA,17626.999,10403.733,385261.631,74250.32,NA,NA,59324.942,11408.605,NA,31788.337,190559.235,19865.503,122518.178,18892.023,NA,NA,70424.032,226498.725,NA,131789.069,13242.73,310933.226,NA,60570.124,89645.343,NA,16080.452,32350.625,NA,34477.72,NA,60609.014,20599,30142.922,130982.19,370853.357,NA,76399.143,NA,1028349.945,NA,NA,NA,36638.709,NA,58799.04,1877627.224,1148539.994,177873.98,12156.776,240281.503,1118771.43,NA,NA,20464.605,24015.402,1093172.513,25136.713,NA,226016.12,144945.366,NA,NA,11804.109,1104258.679,NA,71866.888,NA,NA,99872.006,NA,12793.902,85039.132,18558.813,NA,18265.819,NA,18978.286,NA,138724.836,NA,30399.957,NA,21013.305,163296.361,NA,32505.455,NA,10946.806,23654.757,NA,28223.114,NA,235299.395,451001.739,670554.776,51038.325,13680.516,98462.084,18524410.81,NA,NA,199771.069,99480.94,581843.492,NA,NA,187710.005,NA,69973.366,NA,13979.903,NA,16218.091,451961.982,35710.139,86835.661,94842.564,NA,2620584.658,NA,46855.341,88904.489,NA,NA,12862.408,NA,146790.371,38197.438,NA,12709.257,13825.054,34522.789,NA,44595.993,69678.877,13132.316,68386.731,NA,12215.23,12924.178,10417.563,12029,94630.282,NA,36634.432,46521.494,NA,13202.818,NA,87192.58,69217.664,170674.19,NA,NA,627536.153,462232.582,178338.323,201305.715,11502.374,6719245.733,15946.339,612145.493,299206.53,57037.35,331740.488,18563.208,NA,240785.595,49287.722,15370.587,1040067.453,NA,NA,89137.716,NA,120813.74,NA,25905.528,NA,75673.408,61802.196,NA,368948.555,NA,380184.942,420579.247,126611.45,1436619.077,1315733.392,121564.423,109085.928,644875.943,12373.95,60955.817,19116.502,59955.205,80611.632,NA,15610.638,10956.716,NA,266474.838,NA,272816.537,526808.562,272730.596,29305.65,32491.064,123196.253,188870.266,NA,111986.858,1090333.839,NA,18281.042,NA,143955.711,28554.73,59162.943,201650.109,NA,376332.988,13896.354,271397.483,NA,315109.156,260139.659,193077.479,20766.503,10585.354,580847.58,137048.146,76534.391,21420.002,251706.07,666117.273,14414.362,21153.342,33899.292,35568.519,30586.922,NA,101691.811,NA,NA,140851.141,318460.952,12656.713,30312.693,267671.192,NA,NA,126287.064,211386.267,16178.173,NA,NA,1381468.147,NA,38990.75,11323.432,1143309.124,NA,NA,14708.344,12141.274,725773.989,NA,NA,NA
"ORT.2.9_2012",19177.808,NA,47779.51,11297.108,NA,217139.684,39275.016,24284.618,34580.296,38253.969,664332.174,NA,63697.95,117949.511,38878.576,12071.357,1875345.639,13148.526,NA,NA,82958.179,NA,399704.751,26786.127,35092.746,7957504.246,NA,NA,NA,NA,21797.747,73123.915,1376382.45,20332.696,54233.89,NA,33867.828,NA,120412.363,430386.41,38586.477,NA,NA,346748.046,21920.881,32534.153,NA,401937.933,NA,84777.019,NA,30457.893,23602.072,13602.427,262622.941,14086.334,186359.586,NA,448180.821,34519.454,128026.506,623120.61,15141.796,NA,NA,NA,155162.131,466270.576,839274.014,632885.011,21322.815,481349.822,15916.459,17688.335,60966.592,NA,1561240.752,NA,NA,NA,17108.587,11745.894,196605.913,24771.936,NA,485326.419,16620.796,144501.538,618880.856,330899.004,16225.446,14916.081,NA,643392.196,15851.763,27591.441,120220.749,1338753.919,NA,NA,290552.678,109651.054,147431.976,362896.824,NA,NA,57028.972,NA,29372.197,86310.223,NA,32571.913,NA,NA,278935.497,NA,489996.64,NA,56219.598,NA,251387.669,18929.121,NA,155315.074,NA,NA,NA,NA,21797.083,NA,30090.138,79346.549,88438.966,NA,157400.266,227369.378,6791641.971,18138.436,22561.275,125786.666,448653.744,103168.482,18462.94,28407.212,13590.982,NA,215457.392,19517.67,12782054.02,NA,10445.361,499714.15,30064.41,23258.698,83230.111,25009.254,4194902.111,31997.128,17337.563,160045.197,NA,39220.438,78968.284,NA,156811.798,NA,NA,26431.977,114034.361,135438.947,NA,40627.615,36965.768,80844.476,NA,71381.395,18242.775,59254.279,11325.817,61295.416,45735.211,NA,30012.01,NA,NA,13148.693,NA,201975.113,371425.089,44952.146,12587.405,17644.424,263791.731,1026647.978,154051.309,322479.651,150743.345,10217242.59,NA,48211.988,15138.313,194988.664,976887.283,11219.226,46207.489,454177.919,483128.289,140988.855,85786.574,11433.68,NA,377113.214,NA,556864.523,NA,68034.49,NA,475099.792,343640.123,11414.634,569753.331,592159.86,597136.997,NA,554181.258,2996841.812,5705962.464,342532.847,265971.777,1755945.25,NA,179916.534,NA,54523.256,10263.645,286725.986,50930.906,20996.463,NA,NA,NA,275515.154,199522.64,721540.443,197174.686,74818.434,132753.558,175050.477,NA,287418.411,903071.641,10557.452,16364.041,149081.188,17368.119,69892.042,NA,128126.635,42331.049,911382.103,156210.503,163889.753,NA,429851.371,162633.299,138370.701,27641.522,20833.189,1028167.723,138515.371,136000.083,49434.816,NA,NA,NA,NA,141732.522,56072.006,11039.816,NA,632975.375,NA,NA,858569.457,17930.104,100646.015,117222.167,51815.926,20542.795,NA,113029.482,407685.818,NA,NA,15016.092,1825956.603,NA,27645.411,23959.688,1601014.557,104270.075,NA,NA,15539.656,267998.974,14134.194,NA,38761.474
"WAT.1.6_2012",NA,NA,97928.385,NA,NA,90024.969,17310.72,78411.73,11302.119,41121.763,42252.267,NA,NA,41560.911,NA,13818.349,2799561.445,19577.753,NA,NA,36125.719,NA,434906.364,71298.162,148947.268,11475632.31,NA,NA,NA,NA,NA,41269.883,757605.446,NA,14425.463,NA,25601.685,NA,185692.479,423151.31,87739.671,NA,NA,278699.344,43136.585,NA,NA,402421.15,NA,68508.348,NA,16152.108,NA,377040.622,353753.629,NA,191644.538,NA,581771.996,50397.476,13594.308,75885.939,NA,NA,22027.727,NA,215115.484,722450.744,582393.32,543135.803,40563.543,1246618.554,30313.094,42815.349,47117.12,NA,1206580.02,NA,NA,NA,NA,27605.222,56432.523,19383.734,19632.746,155924.452,14726.174,66392.178,530283.626,396880.848,15272.933,22003.977,NA,1032908.16,NA,83775.22,304713.786,2450649.629,NA,11112.922,225882.148,25773.364,268833.919,408898.424,NA,17698.638,26896.74,NA,71049.938,78102.004,NA,NA,20000.023,NA,22659.028,NA,206293.871,13749.48,37822.575,NA,560947.58,21046.026,NA,207495.628,NA,12935.275,NA,14207.23,25640.049,NA,492106.569,890147.041,964595.262,82007.936,67640.768,652921.764,3823221.37,NA,171849.68,162735.464,533682.475,36088.143,NA,35554.95,NA,NA,105173.191,23001.492,14996565.4,NA,NA,33436.315,32943.417,14733.307,206111.453,45096.28,4174248.273,29421.399,10746.269,69073.515,NA,31367.634,13668.5,22735.99,326232.559,11657.478,NA,15902.288,264917.149,168029.505,NA,48854.028,23269.917,15158.453,14649.974,36040.322,NA,64467.147,88140.836,102166.436,11277.598,NA,102652.152,NA,NA,24679.722,NA,160674.164,369181.667,212206.294,16775.53,15697.676,716327.981,1008024.106,35368.736,693914.869,473499.526,11924410.22,NA,44236.97,18832.342,156161.283,1073777.505,19675.191,30170.897,801358.486,369006.322,32615.97,149057.036,18097.557,11089.228,326027.595,NA,352053.828,13285.16,12857.781,NA,143609.541,28593.078,NA,1677788.12,1662468.515,2761440.878,26166.306,426818.759,1664590.385,1345551.148,140463.062,192964.876,724627.268,NA,255761.931,12527.073,267723.294,10088.525,148975.771,15698.822,23104.028,NA,NA,NA,309128.725,681571.132,274131.744,58461.61,53557.17,241393.538,260453.706,NA,168081.954,1530742.491,10717.082,NA,58312.609,38272.303,NA,NA,201015.444,32199.111,283868.482,12188.108,282821.667,NA,355955.995,613144.658,720940.353,16090.867,30044.76,685956.163,76243.557,47063.674,281768.202,NA,NA,NA,NA,81158.906,537027.345,13395.068,NA,1211850.895,10097.949,NA,1723922.73,NA,42104.156,163323.253,30864.223,NA,NA,366442.51,331422.163,23124.648,NA,98523.171,2540873.104,10943.775,NA,26191.294,2233678.212,30144.989,NA,NA,26861.428,254235.834,38341.931,NA,124611.328
"UTT.1.9_2012",NA,NA,30866.621,10348.162,NA,125329.37,42973.359,61348.106,24070.48,77738.604,193779.351,NA,NA,48482.277,NA,14075,2476355.051,NA,NA,22365.923,262915.752,NA,246893.412,196655.862,261409.815,144785.688,NA,NA,NA,NA,23595.709,93893.499,1787088.629,NA,586401.905,NA,13345.664,NA,91964.227,315251.924,13434.768,14123.199,NA,270989.72,328737.499,10091.729,NA,337252.449,NA,NA,NA,23360.474,19926.505,145633.207,294801.559,NA,144883.814,NA,649969.41,24576.524,36849.478,NA,NA,NA,11022.729,NA,154064.034,646589.624,434833.58,410403.115,40452.418,776539.197,42642.587,23007.741,16484.402,NA,1457104.225,31715.899,18296.848,NA,27888.964,NA,NA,90356.889,NA,192252.074,12212.127,1434633.073,446430.581,NA,20564.37,10109.885,NA,688101.885,74869.764,NA,340711.48,1440675.612,NA,19933.956,215257.159,19838.766,73673.22,445688.421,NA,NA,11433.65,NA,23530.469,287188.294,38200.772,21953.509,26125.049,NA,75475.399,NA,485772.48,19094.413,40426.317,NA,319027.192,10372.917,NA,288992.601,28318.637,11811.597,285756.094,NA,10969.19,NA,205349.656,773735.443,722258.205,48345.588,33727.597,18782.547,25222894.28,26675.548,NA,131700.128,70469.525,803291.419,NA,34141.563,20626.819,NA,72791.289,NA,NA,76270.45,NA,145906.685,45211.319,114224.593,50252.852,NA,4584722.052,NA,19092.929,NA,NA,70187.657,57717.689,NA,76840.452,187490.592,10377.553,11551.196,147416.409,14330.484,NA,28138.118,86124.457,32897.056,24317.74,52265.139,29359.944,55610.752,NA,76796.621,208456.489,13724.992,304824.653,153300.311,NA,12812.47,NA,123857.134,945960.104,161543.792,NA,NA,297991.731,1108004.014,65196.169,NA,13751.983,9685533.448,NA,55611.289,30874.003,24527.594,180184.233,12553.898,15845.259,NA,397972.508,90513.281,23656.035,12958.081,NA,155361.638,NA,159806.828,16710.517,14874.332,NA,20194.434,116263.789,NA,1059906.279,NA,NA,NA,1114491.579,NA,NA,10178.815,443705.171,27141.151,12424.69,123415.002,20161.991,570063.36,NA,172241.836,31672.884,13842.348,31304.284,NA,25577.337,NA,21952.159,87991.479,81220.041,25443.012,730604.61,104924.666,245222.995,206421.451,1444886.77,NA,NA,NA,10225.373,NA,NA,19540.194,NA,324672.581,14632.87,198203.046,NA,259727.926,522494.104,258814.283,NA,13261.695,769466.56,99922.182,132059.52,42847.975,NA,NA,NA,NA,84647.473,212559.65,NA,NA,425849.66,10319.105,NA,581492.368,10028.928,76386.995,53144.512,32858.533,11629.163,NA,91066.554,281869.836,NA,NA,132104.192,662740.186,NA,NA,39879.443,1024698.583,64564.795,NA,NA,15445.47,217135.174,70999.159,NA,96266.185
"IDT.3.5_2012",NA,NA,43708.725,21054.553,NA,33300.036,71754.307,67042.427,23408.444,36222.202,685879.672,NA,12907.319,18789.409,12318.96,72878.592,243754.152,12784.453,12682.585,19692.138,85885.115,NA,270282.274,132086.946,250302.55,8995387.989,NA,NA,10667.428,NA,38528.621,50764.03,658250.066,50979.451,61361.987,NA,90778.602,NA,432168.98,505688.618,58302.033,NA,NA,115764.967,45673.49,NA,NA,282185.481,NA,136965.831,NA,10382.039,NA,208326.301,212704.118,NA,141386.301,NA,434435.829,26169.951,24796.505,183972.956,NA,NA,10256.864,NA,123505.886,77545.17,159498.914,324358.456,NA,334419.94,76324.046,48189.709,75392.425,NA,1723567.833,NA,NA,NA,NA,NA,39106.118,NA,NA,230125.779,NA,55849.052,1447982.245,81037.691,NA,NA,NA,731817.355,NA,54749.62,119469.925,303788.853,NA,NA,100851.519,359819.414,59357.905,85786.391,NA,29933.094,84109.735,NA,23817.79,65615.659,NA,NA,NA,NA,42448.277,NA,318645.449,10476.195,18223.914,NA,83703.99,41365.263,NA,18507.386,NA,10885.034,NA,23862.945,13240.662,NA,166989.674,357444.477,45739.327,34761.455,13011.394,157242.954,7187836.875,NA,85292.115,40400.505,315719.927,119429.734,NA,37033.694,14346.852,NA,119530.946,NA,10254151.96,NA,NA,98504.002,28225.315,28336.314,94311.375,32960.294,3443039.748,11723.029,39719.195,19404.159,NA,14759.831,54204.455,10745.232,154190.122,15766.48,12238.029,16497.538,64620.222,28791.202,NA,52413.374,NA,33120.604,10972.928,17800.646,14887.022,31016.637,NA,56375.956,49763.577,NA,17398.902,NA,NA,11541.2,NA,184175.722,54457.304,87887.646,NA,11662.563,232276.432,1172085.6,48685.857,65908.083,10653.056,9778267.147,NA,64172.12,60465.524,42265.778,714350.478,11637.891,19908.504,122128.57,240727.291,17199.581,531134.948,NA,23029.926,131411.918,NA,126946.568,NA,44319.783,11314.943,401404.575,13399.784,NA,1911565.526,98806.297,4725834.292,1630084.781,42759.017,1547958.05,1674790.889,155915.109,114096.387,764732.95,26383.618,61409.618,NA,34204.749,13405.173,62970.846,21254.959,11255.679,NA,NA,172467.561,556104.752,734423.764,478067.755,205337.701,23705.318,150471.175,298836.832,102256.011,135337.238,1042222.597,NA,21305.194,150909.525,16448.993,54672.478,NA,73883.636,30463.393,218248.499,46917.886,405848.486,NA,479965.303,545340.005,553967.811,16949.026,10873.493,704270.376,16876.93,17046.718,119178.11,NA,NA,NA,NA,166427.874,314022.69,NA,NA,195780.657,NA,NA,719401.542,NA,NA,68460.391,21378.262,NA,NA,71251.721,272448.311,19280.6,NA,54013.742,1798322.651,NA,11852.789,12919.918,1641875.084,281389.369,NA,NA,NA,160184.978,10912.416,NA,23164.655
"NMT.2.4_2012",NA,NA,81911.95,427032.092,NA,91574.636,28219.376,NA,12056.313,89935.699,106460.616,364962.978,NA,36411.574,3711284.888,10252.4,281242.069,NA,1741131.257,NA,18350.259,NA,227930.258,168548.542,170545.352,14500.216,NA,NA,NA,73615.44,1571595.915,NA,319918.623,34533.125,NA,66375.293,NA,41542.06,19539.237,422821.105,71003.429,NA,NA,11248.881,16924.535,NA,63191.622,114649.142,21140.713,48891.67,762784.218,20302.181,NA,107620.919,144709.254,NA,81808.761,198776.158,303029.982,NA,45982.837,130858.075,NA,NA,232491.678,NA,118905.741,61593.003,96197.542,98590.162,NA,242142.525,108646.822,17193.991,NA,42764.118,1104311.714,NA,116655.761,NA,132431.662,297057.533,54989.179,23222.064,18254.557,172279.541,40735.088,NA,1175967.442,NA,NA,NA,193348.894,509420.655,356121.694,NA,280173.87,463481.215,3138295.678,NA,13316.017,395974.731,36110.199,62589.751,32490.794,NA,45741.681,NA,NA,782999.333,36127.932,57375.617,29179.267,NA,37175.099,171306.812,NA,43454.355,38237.757,NA,58053.196,68963.007,NA,21608.788,21372.229,35751.87,19261.257,NA,16621.814,NA,NA,NA,39242.129,26913.399,62087.863,429352.033,67609.148,59011.124,NA,NA,150527.794,NA,16110.212,13550.073,14082.066,3516536.105,93142.43,NA,12329.437,NA,41870.279,NA,55890.679,34187.893,31954.08,NA,4835793.196,22635.342,60246.957,18508.255,61124.443,16905.777,NA,405015.129,82342.495,24513.816,27634.075,28803.986,17352.968,144427.707,45306.757,NA,15793.356,69664.941,70130.037,NA,10420.111,101216.504,71416.989,31221.173,16596.957,11412.754,10478.749,NA,NA,29834.929,60727.294,191745.694,611511.9,22144.545,NA,22701.358,292608.747,153113.494,NA,523369.107,56559.191,784340.085,833827.008,5348033.919,4204628.356,21352.593,470700.204,74359.184,NA,575785.569,83088.136,239747.075,205804.559,38843.969,297508.377,20925.158,NA,21932.856,NA,13737.772,NA,77464.071,30309.449,NA,18801.135,NA,17850.877,21646.451,32625.849,555259.521,274544.866,90843.013,NA,446420.698,317842.12,113469.823,266304.233,663178.174,877551.432,NA,31368.675,11461.299,NA,NA,67520.873,170418.254,397595.92,130200.779,22052.497,16297.01,240418.973,93297.355,159736.556,56853.659,841625.606,NA,NA,NA,13168.765,57250.245,NA,49821.066,NA,204973.732,42374.994,149130.055,28504.13,467550.607,12126.657,NA,NA,18608.421,541932.927,87414.411,66407.488,78057.244,165454.748,506089.636,282714.839,175992.288,44866.795,NA,12770.878,NA,265745.693,11092.407,NA,325401.143,17091.005,46311.032,48491.795,57466.664,163894.671,186657.79,93603.17,107926.812,21854.454,NA,NA,1003172.764,NA,NA,NA,886588.652,315097.282,1991171.92,NA,NA,376386.287,NA,NA,NA
"ORT.1.1_2012",NA,NA,NA,14859.16,NA,NA,30706.877,81949.275,23045.606,48071.241,302358.545,NA,11228.77,13082.803,12296.992,11509.808,692311.708,13150.9,NA,10428.82,128264.758,NA,381833.663,49145.94,63532.836,7732991.965,NA,NA,NA,NA,14300.033,56496.467,1235161.106,21813.654,37798.802,NA,16572.589,NA,192981.388,396657.809,61552.072,NA,NA,168270.624,NA,17498.076,NA,245958.045,NA,122727.096,NA,16757.278,NA,413591.786,277708.527,NA,190281.453,NA,547224.784,25169.333,145583.096,211809.642,NA,NA,NA,NA,98819.036,392240.251,498791.6,409943.415,15083.594,903792.76,20725.482,39223.588,75595.832,NA,1764958.773,NA,NA,10439.561,NA,10346.061,52576.928,30981.838,NA,53520.689,13055.508,113676.36,226704.853,142354.661,NA,19193.366,NA,567720.868,NA,NA,102955.982,1066203.027,15399.299,NA,260759.079,123212.083,157933.307,295856.261,NA,36067.877,23762.229,NA,25414.995,18759.802,NA,NA,15002.277,NA,149851.314,NA,71144.964,NA,NA,NA,345896.799,NA,NA,138858.228,NA,NA,NA,NA,19224.485,NA,188226.197,337568.844,721132.849,32296.217,48009.289,353467.853,5789100.256,NA,170960.78,63298.036,NA,76823.613,NA,42016.79,114702.178,16812.972,124730.545,NA,10442723.87,NA,NA,664999.651,18344.251,42188.877,99928.147,25956.991,5804470.252,16803.607,60072.359,18741.136,33413.789,29180.949,90418.791,14706.398,127642.735,15533.771,NA,41051.905,127581.104,15269.879,NA,15472.577,13600.952,43369.63,10141.19,24570.786,19686.77,25700.1,75039.064,96050.52,92026.089,NA,23192.066,NA,NA,15681.167,NA,165446.744,183508.75,85725.741,NA,NA,306383.296,334106.005,142110.225,145717.896,188068.052,4155593.158,NA,43049.459,14186.578,36075.628,779267.254,13440.185,27347.526,183978.446,406262.078,67836.457,90198.93,NA,16543.346,94088.153,NA,124846.562,NA,12038.428,NA,84236.075,12955.057,NA,1673073.034,1614093.988,3910168.094,96123.941,20809.497,1396671.729,1403522.446,161408.11,195224.825,686231.98,NA,110790.535,NA,NA,NA,104169.337,15442.47,31664.439,NA,NA,NA,348008.076,264693.956,594900.375,115561.854,31445.866,83960.924,155547.016,NA,163940.048,948842.368,NA,NA,135858.909,81784.522,NA,NA,18767.999,17935.502,234620.987,23640.918,163462.278,NA,319682.38,708743.867,714169.015,NA,47010.981,894562.645,24573.127,56130.532,29630.319,NA,NA,NA,NA,129052.953,274972.688,NA,NA,1115159.689,NA,NA,1017749.158,NA,11908.751,53705.318,16667.072,NA,NA,86994.246,233131.727,24107.052,NA,67989.399,1940716.6,NA,14242.717,20318.556,1819440.686,67614.803,NA,NA,NA,245816.462,NA,NA,85941.333
"AZT.1.7_2012",NA,NA,15215.988,782992.267,NA,85222.925,153473.908,NA,867963.619,24343.829,218718.379,13461.326,35889.88,39002.602,4431655.66,34088.106,409617.734,NA,2109033.236,NA,111928.785,17819.338,403527.691,234456.296,236502.576,47890.085,NA,NA,NA,89927.253,1997990.75,NA,1102934.441,55471.63,NA,91211.657,13605.993,53629.255,142778.706,414892.464,37851.573,NA,NA,414524.312,NA,NA,333786.33,89739.856,115691.564,126370.478,1242254.6,77756.19,NA,371363.904,113183.522,12685.623,91269.315,295992.843,225544.643,NA,34528.419,163195.376,12312.683,NA,772619.703,29263.499,120225.487,359486.726,484938.15,432110.189,NA,466964.852,127195.069,148965.538,NA,20822.201,733878.687,11629.134,233844.572,NA,164138.3,346074.648,83752.526,14407.067,19425.258,659598.575,78272.484,NA,879747.587,NA,NA,NA,336887.663,931754.156,475828.739,10263.051,89375.812,691908.114,4696269.973,NA,62714.742,61276.419,149475.755,342910.59,12602.977,NA,43236.633,NA,35355.052,1184835.937,NA,87450.636,51261.442,NA,19971.371,613981.166,NA,13238.999,15381.675,NA,165305.106,54065.531,43984.499,25180.554,41437.32,11383.969,13270.085,NA,18938.66,NA,NA,18703.574,53465.792,211298.729,13206.195,103985.506,39088.538,42054.421,NA,3307891.286,410589.674,18634.334,32751.563,24769.878,46165.936,2312291.064,491310.276,NA,43958.695,NA,10507.195,36963.738,31022.759,20139.057,53051.885,NA,6060254.592,60332.268,98024.795,NA,65324.808,48363.439,15247.356,52750.769,29802.054,50592.427,16455.822,12368.611,72111.129,154282.417,105291.563,81118.278,122130.373,90479.997,54328.286,37323.421,44546.839,161159.257,37719.206,116791.668,37617.367,39023.225,23872.108,NA,17642.209,27629.338,21371.094,238069.508,4108156.968,34989.412,326447.01,25758.214,286701.761,420040.646,12353.898,557270.032,125022.257,699346.914,2706954.154,10251991.56,8662724.535,28754.421,543030.549,131323.692,13924.907,681405.271,174319.58,436391.075,151343.173,67465.081,484246.505,310857.4,12575.039,392046.017,NA,35547.936,NA,114218.484,18532.308,NA,27764.686,29532.713,NA,NA,140501.862,904689.567,464592.399,120613.423,28722.261,740478.162,506296.598,210079.615,422368.585,868160.705,1343193.778,21767.954,97366.649,16153.882,NA,NA,338049.219,30087.511,200178.942,461671.369,20772.96,34417.759,932075.498,73608.878,382563.41,135703.147,1322668.388,NA,NA,NA,2237338.387,NA,NA,55330.674,NA,240880.96,90433.356,289483.64,101509.599,509458.193,24701.705,18928.398,NA,78538.805,1103047.084,20275.217,35364.34,580164.196,NA,27264.225,307732.549,411573.501,47045.323,NA,10283.104,NA,1166882.934,23417.978,NA,1378123.333,14523.805,38690.619,41566.347,80182.416,12821.317,718905.041,99963.557,260179.247,18382.311,NA,NA,1732563.753,9402528.013,NA,NA,1731543.095,208443.008,1812106.954,14650.201,NA,147428.882,21028.627,NA,10444.824
"IDT.1.10_2012",NA,NA,NA,NA,NA,NA,19974.326,43833.185,14441.285,104480.519,130298.898,NA,NA,NA,10547.832,13999.694,1685630.353,37416.603,NA,NA,33755.491,NA,199236.264,112870.735,130888.099,8110720.836,NA,NA,NA,NA,NA,168037.559,657350.004,26859.14,10324.599,NA,37624.291,NA,175364.924,245347.871,28153.825,NA,NA,138460.273,81135.351,NA,NA,229813.047,NA,67034.454,NA,23133.139,NA,299952.235,285064.212,NA,114029.003,NA,369547.796,NA,33047.812,24678.46,NA,NA,14088.214,NA,65583.864,236169.557,369525.096,367409.129,20879.783,762239.885,NA,42014.856,52917.623,NA,1257650.902,NA,NA,NA,NA,12773.048,13005.859,10843.271,NA,59100.688,27306.685,34772.503,191913.495,92358.055,NA,NA,NA,663219.732,NA,NA,61904.777,1355698.223,NA,NA,132784.985,24890.091,103915.652,151025.489,NA,NA,13093.735,NA,31521.496,42478.123,NA,NA,NA,NA,22993.862,NA,99022.163,10152.254,29283.957,NA,323848.443,NA,20851.23,127581.843,NA,NA,15130.487,NA,23508.615,NA,234314.634,393387.515,490637.108,20305.181,49138.406,172411.276,1695945.939,NA,98801.738,125183.231,121731.878,12819.438,NA,17463.532,15064.781,10532.592,53250.952,NA,7542110.162,NA,NA,48543.977,21789.618,23974.275,17246.78,18034.054,2512375.842,11290.926,41224.912,NA,NA,17320.307,14090.95,NA,21619.886,NA,NA,24890.275,162256.965,50863.495,NA,39196.178,33286.412,41939.085,19760.147,25458.222,12693.938,18222.491,13121.906,60517.116,NA,NA,281445.613,NA,NA,25259.661,NA,106811.465,133560.821,138830.765,NA,NA,483319.36,623490.582,NA,140905.716,10273.808,8007130.663,NA,20766.938,25538.236,49991.151,465436.543,22337.126,146999.202,166138.343,98589.367,46557.357,46845.305,NA,15012.497,102836.47,NA,115391.84,18335.825,20099.972,NA,90802.264,32052.38,NA,1439316.021,NA,810973.032,745903.416,249322.09,981172.012,686395.338,85921.083,94211.082,425912.951,NA,100167.423,38253.895,548310.577,10300.628,136965.555,18103.618,11958.911,NA,NA,NA,501750.262,831171.846,571515.326,11762.552,59229.926,226450.967,99722.574,NA,13252.974,857116.932,NA,NA,112793.7,22625.529,17183.472,NA,41769.711,26974.382,165662.651,23732.427,233146.12,NA,250353.36,268140.944,304758.406,13357.5,34464.924,499045.915,29058.868,NA,73716.594,NA,NA,NA,NA,99270.99,329112.492,NA,NA,882653.152,NA,NA,1051581.455,NA,24658.04,41799.197,NA,NA,NA,45357.107,187296.813,11414.419,NA,38680.665,1548500.325,NA,NA,NA,1421079.257,63285.402,NA,NA,NA,160011.39,13383.977,NA,107423.413
"ORT.3.10_2012",NA,NA,11919.746,NA,NA,81646.29,NA,48916.366,NA,75507.232,265182.644,NA,22813.763,20541.854,14586.376,120651.273,141690.142,NA,NA,NA,141054.248,NA,183792.918,386818.807,592324.057,73574.022,NA,NA,NA,NA,NA,180570.886,994816.801,NA,468236.333,NA,16608.422,NA,60643.371,438556.843,72732.351,NA,NA,17976.508,203571.18,NA,NA,276467.365,NA,89981.185,12129.668,NA,NA,31335.255,342751.381,NA,57841.863,NA,214364.987,33799.198,42825.578,70183.194,NA,NA,NA,NA,80860.662,NA,31033.414,26695.918,NA,112571.899,138626.976,33022.905,37590.261,NA,1783744.715,17643.591,NA,NA,75560.33,NA,60767.725,29365.532,NA,42356.61,NA,487557.273,2074455.907,NA,12331.44,NA,NA,1549689.275,16611.196,NA,62930.348,525328.665,NA,NA,NA,810228.244,NA,24109.442,NA,15062.734,88596.363,NA,NA,58213.631,NA,NA,NA,NA,21589.583,NA,213807.133,17452.211,23364.72,NA,64320.206,138994.43,NA,21350.256,NA,NA,46390.296,NA,11772.121,NA,136795.242,468807.393,951078.489,27354.71,16655.421,63895.346,25201120.54,NA,32224.214,58323.015,132861.517,848789.647,NA,NA,204407.338,NA,86578.354,NA,NA,NA,NA,299476.214,13897.95,182186.923,84975.959,NA,3505492.097,NA,34564.982,NA,NA,29663.207,19416.932,15919.401,214637.115,121188.256,12564.764,58365.458,39002.8,NA,NA,68629.316,75568.266,12995.281,25103.838,NA,NA,NA,NA,93907.479,182681.383,14406.715,166921.308,108018.284,NA,31874.954,NA,156005.933,116445.337,135890.373,NA,NA,526247.575,196609.221,46553.155,29767.695,156734.934,8127321.691,NA,35780.871,110968.594,67253.869,331362.785,17574.042,15740.756,50589.08,201290.737,11730.405,1069292.742,NA,NA,123123.669,NA,162237.688,11395.181,32913.578,NA,320909.061,73846.978,NA,1135056.012,1252868.624,2317098.288,12897.42,150033.195,1547593.454,1547838.752,140629.128,171700.092,709880.751,NA,59967.767,12473.816,503001.492,NA,87921.062,18489.047,17458.514,10284.565,NA,NA,470700.32,741591.768,370715.869,145665.446,127475.113,283275.467,154623.517,13584.396,225021.657,792439.585,NA,NA,NA,81278.994,38568.107,NA,233860.872,NA,263726.214,40988.412,141321.365,NA,384372.759,407358.863,428850.415,NA,12816.236,746903.55,154892.909,81641.163,72985.151,NA,NA,25712.429,30511.061,49284.381,97279.194,15417.641,NA,108717.993,NA,16378.02,148002.569,NA,NA,81638.264,18383.369,NA,NA,57908.083,237067.646,10617.378,NA,23707.98,1721672.728,NA,49810.724,NA,608132.405,30626.622,NA,NA,NA,637170.115,10506.708,NA,NA
"CAT.1.5_2012",NA,NA,62391.199,NA,NA,11779.911,14467.684,14335.362,18582.539,32467.147,197517.78,NA,NA,94223.524,14247.861,25026.618,2281629.324,15228.33,14905.732,NA,41737.15,NA,340600.704,39754.655,47464.034,5731498.021,NA,NA,NA,NA,NA,39462.292,1174933.345,13004.568,119769.023,NA,17966.114,NA,135772.819,239287.89,44553.036,NA,NA,97880.023,48875.442,12213.249,NA,285861.448,NA,94049.91,NA,18557.89,12624.992,180384.406,232561.201,NA,104057.936,NA,230630.893,34026.182,123127.75,113326.134,NA,NA,36892.501,NA,130708.852,426870.634,333853.232,297966.334,28392.018,450541.81,13150.722,24089.361,17435.856,NA,886293.709,NA,NA,NA,NA,17185.807,62106.637,42229.644,NA,259441.836,10218.685,266758.424,349059.748,110509.43,NA,NA,NA,893796.759,12278.192,NA,520173.165,1891006.653,NA,NA,121699.651,46026.451,148475.992,345966.419,NA,NA,16192.136,NA,28465.962,56789.498,19525.488,13858.501,NA,NA,79200.782,NA,117123.074,NA,NA,NA,131362.946,13126.318,NA,159175.069,11583.266,28378.219,89706.288,NA,17193.333,NA,48280.075,96698.764,103958.004,101479.352,144337.15,66826.381,11418696.43,NA,20380.065,241285.989,NA,279795.411,NA,27338.925,217636.819,NA,111782.101,NA,7046420.532,13447.834,NA,543302.516,22898.629,30462.804,78873.949,20336.35,2482374.326,NA,45951.302,29254.99,NA,13594.172,21915.556,NA,171475.702,15495.571,NA,33740.308,56065.326,102638.006,NA,17241.518,75585.178,24795.377,33902.492,NA,13472.074,33052.708,31541.97,79248.892,59442.519,NA,81578.865,18366.253,NA,16917.146,NA,171426.983,259245.967,176099.789,NA,NA,605981.408,329157.66,10852.246,265146.318,10747.017,7177957.393,NA,33498.872,15906.95,19084.615,573521.318,15009.434,57611.989,419445.725,216074.053,18358.913,77497.304,NA,10528.372,169220.362,NA,197000.391,NA,18670.669,NA,14912.642,12004.201,NA,538673.798,NA,185262.005,302794.868,308523.898,2400473.975,3272132.531,238999.272,50290.665,1165166.762,NA,196122.248,14960.988,276959.616,NA,36499.838,31593.493,19464.36,NA,NA,NA,242555.48,498894.134,851341.377,44264.122,12235.949,102158.502,67764.041,NA,157213.064,1333497.819,NA,23735.24,82290.25,90224.424,21429.787,NA,166415.867,19734.937,650251.58,15006.679,196861.043,NA,255611.534,53850.739,87606.494,NA,11842.961,624675.297,46159.984,79602.995,147143.218,NA,NA,NA,NA,191952.524,209441.978,NA,NA,496896.871,NA,NA,716368.965,23831.594,111058.109,94573.703,55038.923,23664.092,NA,97769.963,278935.734,NA,NA,10307.749,1681659.644,10198.869,NA,21471.348,1602130.815,55723.321,NA,NA,45595.182,169994.245,59017.872,NA,107083.118
"AZTW.1.8_2012",NA,10829.417,36413.719,NA,NA,10296.532,NA,NA,10739.537,14108.798,143595.301,130701.344,NA,34951.643,NA,15638.938,388253.832,NA,NA,NA,48516.812,NA,204221.061,181364.516,172392.144,12528.666,NA,NA,NA,10764.723,14186.399,NA,888464.338,NA,NA,29995.722,65852.897,NA,10017.408,559446.755,111076.258,NA,NA,217368.428,NA,22636.791,NA,141633.777,15502.809,80691.638,5558325.978,837770.036,18561.042,41856.523,124422.572,13561.066,70014.672,2192621.472,438538.434,NA,50752.266,137833.732,208380.107,NA,1197981.958,18368.647,68377.938,292552.664,496412.601,387384.064,26339.511,567315.991,79272.284,208529.95,NA,61392.751,917482.021,NA,NA,NA,39237.087,238939.951,44471.187,12199.108,13766.533,560924.788,317067.444,NA,747249.048,NA,NA,14192.461,2481543.941,207830.412,28677.938,NA,140403.232,439813.297,168269,NA,141802.678,144426.639,36289.48,173316.93,727546.485,NA,13515.645,NA,15312.061,19577.897,17214.689,17988.169,NA,NA,116373.585,214653.193,63587.113,11740.889,NA,NA,228968.661,27459.299,13747.572,20060.065,71016.736,13657.491,51841.281,NA,28883.379,NA,19996.572,50331.918,569539.784,62037.862,96596.645,451605.136,61435.071,785148.026,NA,125138.83,34728.791,10693.097,10503.394,19073.45,257237.483,86949.634,149401.973,45998.822,29082.097,NA,43065.04,124065.56,27262.871,19541.028,50651.816,NA,4885085.706,414750.967,17311.681,465957.725,978985.588,452443.507,13885.018,496260.319,46323.485,13306.194,14936.776,15961.078,61345.352,216038.524,595165.657,28704.842,166876.676,84105.455,37983.792,13620.09,487623.447,138613.589,66749.732,79896.509,31231.425,246205.823,137291.403,NA,85268.981,NA,477711.81,425212.748,637164.034,257546.06,792663.435,384070.813,146596.716,544034.183,33671.777,605053.019,47145.49,1772689.757,16723110.21,2608306.89,8762366.478,54438.928,219669.292,76660.879,15548.536,611381.412,67691.709,1679162.116,102213.203,3369859.059,3800163.894,369757.786,NA,583167.975,22329.392,287314.065,14411.05,145012.358,94400.029,NA,41310.87,55897.419,NA,NA,57882.502,731825.741,314051.168,544771.991,57099.818,2937972.442,2855881.4,51714.757,1053148.483,2122850.501,2888360.472,52801.235,99417.202,255895.178,NA,NA,68264.252,24653.282,142319.343,549278.879,135962.364,22542.791,605549.395,66089.48,149111.898,165332.055,1606630.636,NA,NA,NA,NA,NA,NA,46665.391,NA,356549.502,25792.058,389783.097,893070.147,516051.049,15545.505,29213.279,NA,28955.446,585084.387,54989.409,34465.649,318876.67,NA,56086.311,NA,NA,46643.998,NA,10641.204,NA,660240.069,NA,NA,804681.637,25028.875,42132.162,62323.818,23296.106,NA,125796.481,86357.114,172152.936,NA,NA,NA,1530511.335,NA,NA,NA,1386479.308,20751.451,48603.242,NA,NA,215751.435,NA,NA,NA
"IDT.3.3_2012",NA,NA,22809.739,13380.237,NA,16286.478,50887.105,79524.371,17083.887,119596.337,90266.825,NA,NA,23609.633,14313.578,18100.736,1268989.232,NA,19907.773,19850.523,203084.224,NA,410786.238,39803.015,40807.204,11517405.93,NA,NA,NA,NA,42848.995,110491.316,1065748.353,35544.87,31371.835,NA,26681.392,NA,307167.996,358536.278,28895.817,NA,NA,322214.537,43821.2,16726.679,NA,180283.136,NA,92022.496,NA,29756.954,NA,325963.88,192140.845,NA,193328.845,NA,713401.799,50432.867,26299.816,60677.889,NA,NA,11847.386,NA,143104.238,630599.39,523993.944,452724.061,35410.556,835277.65,48487.11,53716.029,67024.362,NA,1361975.844,NA,10004.081,NA,11439.359,11488.064,23934.339,NA,NA,224145.966,33201.305,30278.323,648793.386,87316.301,15724.522,17237.307,NA,248036.307,NA,10021.083,62570.367,571899.137,NA,NA,224034.662,32300.518,165239.486,544358.302,NA,28594.198,14416.854,NA,60517.011,114025.761,NA,50894.303,NA,NA,97712.36,NA,348361.14,18579.754,89733.822,NA,417938.956,32485.991,NA,98104.741,10116.795,NA,NA,NA,34156.436,NA,312341.823,756313.529,845481.608,60936.883,70530.423,425432.566,5557573.263,NA,145326.36,113144.325,171884.423,71306.766,24477.07,10069.26,10860.077,NA,201306.04,13269.802,10093920.46,NA,NA,142196.874,65892.788,19392.838,101247.433,38330.107,5026548.941,11965.785,13943.221,NA,NA,18952.31,59651.674,NA,529486.964,15433.564,36821.226,11893.972,85012.181,11729.788,11668.837,13843.532,41939.44,20674.431,27552.843,109337.717,28746.192,28443.974,NA,246390.37,16328.005,12885.424,328458.392,NA,NA,10254.589,NA,433966.586,107692.498,89587.352,NA,NA,177682.773,520856.055,10440.977,11857.087,15070.853,10574528.08,NA,82671.682,44298.755,21202.286,1230001.265,10336.7,220355.032,16174.182,172187.74,38981.771,79913.287,NA,10389.593,185056.248,NA,269562.645,NA,10464.697,NA,72447.302,93938.875,NA,2379010.143,62322.299,3285645.691,1334466.26,205262.903,1268346.865,1305058.375,114941.656,101866.463,682209.146,NA,309057.607,15952.33,864639.779,15001.46,326046.398,14017.922,30694.849,NA,NA,NA,785584.153,911278.587,786775.112,75602.009,98515.741,284667.851,68406.37,NA,178001.389,1316833.049,NA,61866.117,152573.848,94537.647,39117.127,NA,14695.343,36911.102,232826.146,30319.384,299771.019,NA,364223.63,549953.928,298464.733,13690.408,15641.048,795931.42,55048.869,70602.504,111123.767,NA,NA,NA,NA,228502.795,321759.511,NA,NA,803038.404,NA,NA,43612.704,NA,26466.577,247772.652,20282.455,NA,NA,140054.741,453838.991,18766.861,NA,65677.019,2062875.691,NA,NA,25023.269,2008802.946,123402.905,NA,NA,23981.83,171141.02,19681.239,NA,62902.221
"NVTW.1.3_2012",NA,NA,109494.63,NA,NA,21822.336,30185.746,12503.187,23467.162,33912.924,126585.665,NA,NA,57053.74,15197.677,94532.345,1010440.509,36578.786,NA,NA,70289.725,NA,224071.951,46391.216,48884.122,5302558.89,NA,NA,NA,NA,14901.269,20285.905,904972.649,23542.948,46453.178,NA,24714.445,NA,180083.108,279516.065,56031.152,NA,NA,140992.48,12861.804,18171.865,NA,230643.263,NA,86758.892,NA,22463.675,NA,262867.658,202652.529,17298.61,110585.103,NA,201990.993,31143.299,90631.381,373030.292,14327.498,NA,10738.952,NA,97756.708,274333.499,490456.781,408433.508,18060.876,579471.556,12093.687,20477.699,18645.317,NA,987512.718,NA,NA,NA,NA,13679.432,126363.475,NA,NA,62631.351,NA,44983.48,311866.195,115395.657,NA,NA,NA,293287.804,NA,NA,154406.007,892211.047,NA,NA,159501.039,332480.375,173003.829,194966.653,NA,11863.937,10342.937,NA,28873.521,28415.983,NA,NA,18279.125,NA,10366.594,NA,86166.451,12415.563,16232.779,NA,82436.443,NA,NA,57897.952,NA,NA,143428.607,NA,13363.415,NA,56646.019,89641.01,26989.296,12390.827,79832.579,258193.121,1786166.558,NA,33555.378,118221.257,103059.69,17789.399,NA,NA,19259.226,NA,95425.006,NA,7387167.428,12787.808,53787.309,334843.937,43506.536,12584.182,106391.314,31893.264,3399350.506,20368.848,44624.2,87626.098,NA,12070.467,55380.067,NA,177980.378,NA,NA,65977.526,114676.997,113676.565,NA,44803.212,12479.102,20182.103,83902.052,NA,NA,40729.979,44072.635,67305.983,14024.794,NA,112362.803,NA,NA,12294.015,NA,81207.696,709698.368,23040.173,NA,NA,237141.433,457065.96,12657.888,290690.24,129485.477,6589660.7,NA,20761.573,13182.286,50852.051,652580.797,NA,169163.47,418075.65,217941.123,54216.705,31635.776,NA,13992.533,430565.218,NA,440030.452,NA,13458.93,NA,63055.152,280216.066,NA,561043.148,678295.54,663048.897,NA,256038.48,2142611.73,2407866.126,100921.19,31204.547,968504.817,NA,153876.176,99009.82,14114.469,NA,193885.366,31476.947,11062.066,NA,NA,NA,186380.117,740641.902,543364.146,65196.756,35784.631,138402.726,164485.305,NA,158080.56,1189982.61,NA,NA,105507.731,33618.323,NA,NA,19377.909,29514.422,619097.647,NA,258286.76,NA,250601.797,153867.183,130137.688,223469.226,38396.346,411259.753,44112.627,15030.317,222438.878,NA,NA,124601.021,139525.968,87076.714,353425.564,220764.405,87971.137,341111.559,NA,NA,913679.341,15904.035,35711.069,25351.926,57434.75,NA,NA,90885.158,264987.172,18144.268,18146.239,105201.958,1537166.963,NA,NA,110940.069,1464222.973,93330.029,NA,NA,NA,152989.077,NA,NA,36654.004
"ORT.3.5_2012",69806.671,NA,25315.994,NA,NA,32003.816,59197.66,33393.323,17427.368,94959.616,417344.108,NA,NA,89585.401,31183.924,49127.662,454600.459,11282.526,NA,NA,322632.757,NA,299811.742,381189.221,307568.524,4515598.609,NA,NA,NA,NA,35321.59,43771.656,659194.649,NA,188036.024,NA,39955.443,10301.094,212169.341,312606.709,40600.948,NA,NA,45733.487,12299.619,NA,NA,218470.618,NA,105020.572,NA,11209.046,NA,76903.279,160038.218,NA,108360.704,NA,414511.144,NA,45761.186,268924.895,NA,NA,55129.648,NA,81102.479,157654.293,222533.044,213447.095,NA,318152.213,142238.222,92948.609,139748.943,NA,1723932.082,NA,NA,NA,15646.675,19871.961,77525.8,NA,NA,47990.941,11280.964,422649.949,1353141.965,31399.178,NA,NA,NA,517745.817,NA,38965.004,49761,464796.833,10528.658,NA,50921.073,304377.26,25707.753,92728.77,NA,11593.027,47461.316,NA,18261.812,45898.913,NA,10898.187,NA,NA,60988.421,NA,465609.494,NA,27594.873,NA,114192.168,71217.194,NA,34171.022,NA,11981.251,14143.462,12746.963,10342.509,NA,30295.237,71948.002,1063741.369,11949.884,68692.667,29265.265,17101413.62,NA,16545.878,69359.607,27362.619,542641.72,NA,24476.249,10497.295,NA,132131.343,NA,3900110.789,NA,11153.786,26082.981,21923.055,78745.591,42492.48,14788.649,3225304.35,NA,22424.186,44203.227,11089.278,53334.235,25553.307,11176.889,66674.697,42045.301,NA,31147.742,71327.569,96469.381,NA,64504.35,18490.525,43758.374,13076.663,30425.651,NA,42599.551,45369.723,72769.323,150153.363,NA,19526.816,10574.58,NA,12536.844,NA,279032.715,152317.702,67975.689,NA,10662.222,199122.227,419065.095,28500.372,358863.139,10937.957,7486704.489,NA,19056.35,10917.273,102133.449,479632.565,10475.925,23394.572,415385.406,367497.37,22269.162,242531.651,NA,18176.805,128990.013,NA,156874.188,NA,40148.645,NA,533476.954,103169.642,NA,623301.072,NA,851697.457,690418.138,160004.102,2200559.1,3083415.932,223647.988,161896.397,1124112.279,35102.096,232278.857,NA,NA,NA,367478.346,37699.27,12586.605,NA,NA,NA,378407.704,356690.056,79682.658,67964.214,130449.238,451494.628,91880.159,NA,81862.944,570216.804,NA,NA,51927.065,58051.543,NA,NA,127559.542,18592.93,591519.5,26155.422,394982.03,NA,340051.662,242369.924,198602.953,15823.899,28241.995,602076.392,13473.249,24064.496,109213.868,NA,NA,NA,NA,56534.636,226554.949,14280.399,NA,397040.817,NA,NA,452320.329,19852.687,106650.142,129811.526,44929.805,12600.155,NA,121885.88,293885.874,NA,NA,35373.409,602917.626,NA,14712.762,10030.179,1070203.356,154484.327,NA,NA,14456.486,193693.117,18898.33,NA,51815.809
"ORT.2.5_2012",16389.915,NA,26834.716,NA,NA,52720.869,48763.949,74467.2,28888.961,91411.884,302136.332,NA,21661.324,29081.898,NA,12244.729,1088024.999,10660.095,NA,10642.502,254525.405,NA,402713.823,134890.469,39353.181,9570071.853,NA,NA,NA,NA,27440.014,120497.189,1761443.308,21146.901,58816.466,NA,14538.086,NA,262086.611,367895.396,88529.797,NA,NA,423447.091,15694.604,13939.601,NA,348480.462,NA,123878.368,NA,42153.829,12308.713,307159.974,220357.292,NA,238229.135,NA,686386.698,NA,49235.312,217050.345,NA,NA,17998.121,NA,149947.108,276589.098,593546.546,484977.418,23585.051,934100.119,11702.198,74986.793,93217.288,NA,1471173.152,NA,NA,NA,NA,NA,66310.082,NA,NA,392466.763,12615.733,151837.289,619293.251,264286.377,12643.416,16851.412,NA,507638.971,NA,26675.346,222181.034,1282044.641,NA,14020.752,254204.14,11908.171,234592.362,203637.519,NA,38557.714,29269.367,NA,40538.544,47206.55,NA,19130.797,NA,NA,72306.742,NA,216699.992,17524.488,NA,NA,339010.571,10365.697,10627.781,96537.503,10373.298,11512.353,NA,NA,NA,NA,177972.428,362007.366,54863.857,17665.726,57993.072,250156.447,7924445.037,NA,135457.985,53225.051,103705.909,124294.272,NA,25114.533,92480.215,NA,229411.524,15925.814,12637321.16,NA,NA,178407.45,21572.753,67691.557,87218.876,31365.079,5860691.186,22027.538,19655.152,13604.435,NA,28535.71,25369.193,10116.059,NA,NA,NA,27346.837,157621.834,88531.039,NA,27533.935,39539.875,194628.221,10241.795,73079.379,37374.921,44796.768,167363.394,146393.548,18591.761,NA,40462.682,NA,NA,11751.705,NA,141736.636,NA,54076.828,13204.174,NA,129922.189,542655.151,20321.699,314818.818,94559.607,8394462.032,NA,31951.239,27712.728,31642.159,1066605.028,19568.713,52554.51,433823.638,448463.833,170813.703,57575.5,NA,11010.481,493536.992,NA,544273.667,NA,10335.413,NA,966646.973,19570.801,NA,1923465.476,848682.536,4892033.439,802630.76,10018.857,1733331.404,2500038.618,213217.312,164313.759,1014839.085,NA,144410.996,11606.478,15609.948,NA,305574.463,31893.074,NA,NA,12471.24,NA,179534.24,383960.242,726369.191,176755.499,20457.6,327735.316,47342.815,NA,138179.971,236514.718,NA,27131.856,144021.94,40293.809,101180.96,NA,NA,49909.657,343423.803,108349.712,301995.295,NA,343963.786,631028.241,607947.952,16392.661,67481.203,1493724.213,80757.82,69918.393,102375.288,NA,NA,NA,NA,130965.752,481200.167,12837.584,NA,740917.762,10692.183,NA,1066752.584,NA,26776.59,62271.198,23925.073,NA,NA,147643.548,238636.587,24721.458,NA,58020.235,2130224.845,NA,29060.242,12653.748,1952821.507,96383.353,NA,NA,10151.467,208620.483,11939.992,NA,15505.729
"UTT.2.3_2012",NA,NA,NA,NA,NA,NA,NA,71873.259,NA,18342.642,196020.315,NA,11814.623,NA,NA,10046.309,646740.58,NA,NA,NA,137576.265,NA,126060.51,180235.267,158784.454,15402.73,NA,NA,NA,NA,NA,31834.825,673186.773,NA,NA,NA,22065.525,NA,126303.717,243002.653,21222.696,NA,NA,68752.363,136347.259,14561.025,NA,212350.027,NA,48114.617,NA,NA,NA,288058.819,144918.666,NA,71262.974,NA,224933.021,NA,34785.914,NA,NA,NA,NA,30372.857,50543.924,315353.279,451585.28,370200.365,24077.168,368977.285,15295.944,42840.988,NA,NA,486630.91,NA,26520.75,NA,50548.26,NA,NA,NA,NA,19293.993,NA,40981.482,266007.566,NA,NA,NA,NA,246335.576,NA,NA,25516.166,774665.314,NA,NA,82645.603,156719.381,103969.553,186612.877,NA,NA,17574.635,NA,21696.821,18214.169,NA,10546.984,49075.265,NA,76247.414,NA,81289.956,NA,48430.517,NA,110148.269,NA,NA,27870.123,NA,15732419.64,15043.145,NA,22324.116,NA,204555.811,372432.256,372251.757,268501.979,11378.337,170067.717,955995.898,NA,84926.034,20323.044,84365.564,113694.486,NA,NA,NA,NA,71745.407,NA,NA,NA,NA,213049.464,38177.803,10336.537,27049.071,NA,3902527.693,NA,267945.976,14815.595,33480.636,NA,21335.272,NA,NA,140057.164,NA,21158.334,53766.705,26709.429,NA,NA,40104.336,60695.43,11109.024,12163.225,NA,49518.769,17441.545,38426.119,107004.621,15860.995,209926.731,NA,NA,30118.031,NA,105585.56,399636.275,19253.507,NA,NA,92338.231,225157.886,37491.541,115282.794,49729.343,4715182.736,NA,15165.954,19609.33,11343.045,236029.999,NA,124106.033,121328.112,126928.437,54149.177,49892.604,NA,NA,NA,NA,10123.669,NA,NA,NA,254609.66,73965.528,NA,1571023.255,56625.016,2535133.003,1334787.292,286814.599,84428.925,14205.319,NA,100711.924,41592.206,NA,91994.267,33825.047,435711.022,NA,342056.651,19788.536,NA,15511.428,NA,34300.74,274187.293,548749.505,398202.278,38462.602,NA,394646.469,114826.249,186690.998,100000.317,673966.211,NA,NA,NA,51638.824,NA,NA,21726.994,NA,13494.012,74034.064,381509.767,NA,207934.538,488946.912,203212.002,26319.373,23821.588,1162812.783,26546.89,10180.627,82100.834,NA,NA,NA,NA,59706.889,17537.488,NA,NA,966384.72,NA,NA,126772.758,NA,NA,44539.879,NA,NA,NA,54453.648,232525.973,46911.393,NA,30305.491,1059283.514,NA,NA,13213.009,981920.359,48982.817,NA,NA,NA,187182.987,NA,NA,22575.171
"IDT.2.4_2012",NA,NA,NA,NA,NA,16787.247,NA,40966.511,18676.625,13526.015,448718.93,NA,NA,28399.927,NA,14863.183,704994.228,16137.715,NA,NA,75887.878,NA,410600.18,44480.445,61982.575,8830171.371,NA,NA,NA,NA,NA,22738.565,971717.422,12586.367,34983.679,NA,11966.688,12043.644,54444.336,333840.094,33166.411,NA,NA,258547.951,13315.481,NA,NA,308269.56,NA,64636.75,NA,11696.009,NA,402231.872,72536.347,NA,185856.016,NA,602331.12,15475.6,36661.065,70604.988,NA,NA,NA,NA,125886.808,386557.806,429415.828,412876.05,NA,903954.126,24151.536,16367.92,29681.095,NA,1248240.734,NA,NA,10970.392,NA,11128.477,22286.925,NA,NA,69890.834,27380.91,75254.275,466352.167,159608.67,18034.201,15445.599,NA,467158.776,NA,NA,29531.73,1239644.963,NA,NA,210142.465,12017.324,102305.847,192884.073,NA,16728.609,15242.085,NA,46590.306,59692.394,NA,NA,10076.418,NA,292287.87,NA,342332.391,NA,14387.409,NA,286050.395,NA,NA,48058.531,NA,NA,NA,NA,12794.903,NA,196493.433,374577.994,649384.721,40814.828,45337.778,374245.109,5191654.717,11524.046,82732.116,89870.337,357403.847,71902.316,NA,35432.134,85247.053,NA,240406.859,10288.6,11743698.02,NA,18293.278,119876.664,NA,29564.188,106632.954,22669.172,4814332.224,NA,10830.454,40675.835,NA,22577.665,69298.801,NA,180658.616,21252.709,NA,16466.815,82052.647,38979.39,NA,14045.458,55361.751,43847.309,28470.801,30020.546,23001.87,33439.234,22985.192,174246.582,12549.025,NA,106849.038,NA,NA,11518.64,NA,325361.736,NA,74425.344,NA,NA,190810.667,624982.744,18264.671,130496.227,115849.657,9156729.046,NA,65640.752,22080.589,35547.788,826602.151,23247.696,10332.421,143769.648,23735.761,55210.181,75921.317,NA,11130.347,127837.682,NA,143239.372,NA,24300.55,NA,91108.131,15460.564,NA,1859911.205,515615.045,3383838.61,935265.92,16997.612,1501130.21,1849115.372,168772.782,217232.74,793086.271,15259.22,410277.432,38479.966,214380.505,NA,174208.207,19130.62,14553.549,NA,NA,NA,786125.733,473242.186,207690.08,52239.501,61225.594,202507.881,176492.336,NA,100401.069,860454.284,NA,19639.323,97866.211,64484.742,24965.693,NA,63774.687,36860.033,210149.507,25309.651,433566.259,NA,316319.296,361039.165,397460.508,10692.312,13472.641,736378.419,87232.541,59293.393,51609.08,NA,NA,NA,NA,96540.086,310519.263,11529.122,NA,946655.515,NA,NA,1270450.507,NA,28882.894,184379.969,15014.44,NA,NA,365256.724,319366.146,13739.751,NA,50014.775,2434067.474,NA,NA,17293.606,2143536.182,32594.06,NA,NA,15426.096,275349.697,NA,NA,62356.069
"WAT.2.7_2012",NA,NA,162253.736,NA,NA,186744.975,24318.457,51540.962,447393.708,22052.426,145913.431,NA,NA,21408.814,23473.16,173880.126,94660.062,NA,11083.787,NA,51495.05,NA,164656.689,720073.467,583325.668,116289.736,NA,NA,NA,NA,14956.798,NA,553609.274,41340.358,575510.223,11737.134,63250.703,NA,325548.871,357378.326,47949.009,NA,NA,27700.78,211873.906,NA,NA,220577.897,NA,NA,NA,73138.308,NA,12268.673,268834.614,NA,172740.466,NA,256706.27,25056.094,NA,43079.573,NA,NA,11137.7,NA,79399.515,13755.633,49517.027,63606.343,22856.149,170131.2,370672.382,12599.07,NA,NA,829352.752,NA,NA,NA,11745.969,NA,30818.17,NA,NA,60154.848,NA,582987.395,1767706.659,NA,12974.004,NA,NA,1055520.717,18735.094,12118.519,217908.091,103227.248,15380.965,NA,NA,688195.822,NA,73475.414,NA,NA,24543.242,NA,NA,45324.514,NA,13032.861,NA,NA,NA,NA,124851.44,NA,42738.334,NA,55911.308,164092.938,NA,15547.447,14010.868,11870.646,26945.5,NA,45567.669,NA,250851.043,544737.506,742184.578,47466.25,NA,143314.124,24109920.55,NA,NA,21181.629,114606.189,869742.438,NA,NA,13806.049,48342.74,80705.611,NA,NA,NA,NA,10454.585,24400.759,83818.211,12141.044,NA,1643303.537,NA,72814.704,337048.667,NA,11163.287,NA,NA,171491.415,120104.105,NA,12393.041,22216.97,84804.928,NA,156203.658,85768.718,25991.613,17123.96,12751.1,NA,37650.892,11307.38,20982.596,142126.805,NA,267471.66,28840.438,NA,15275.619,NA,153438.293,25685.698,110886.918,NA,12011.786,305315.372,253175.524,NA,342480.661,11052.925,7585274.012,NA,55990.068,18849.165,208248.835,579592.638,NA,11856.573,359073.311,24068.865,57034.514,508477.709,12438.359,24292.008,842275.404,NA,1090885.366,10700.716,34220.072,NA,512116.672,55767.579,NA,1036800.14,NA,440185.908,441879.415,97278.502,713374.522,428737.656,50598.73,22464.326,368480.029,NA,66830.006,15192.497,849432.399,40253.112,77290.787,36265.941,11535.682,NA,NA,NA,395355.107,424151.132,293725.565,275995.958,197432.586,178383.031,128624.774,NA,153933.872,995570.217,NA,NA,NA,998512.063,NA,NA,162438.667,NA,204542.442,17370.148,359059.123,NA,364579.217,366250.601,365718.803,10403.242,NA,620626.77,146156.791,13918.308,190956.389,NA,11660.269,NA,NA,18755.745,63511.25,NA,NA,80343.783,NA,NA,58828.912,NA,11608.393,38260.168,21131.994,NA,NA,61635.491,174870.403,NA,NA,37775.61,1290299.176,1212637.412,NA,46876.046,1178271.827,114900.675,NA,NA,31382.635,490748.98,NA,NA,NA
"NVT.1.6_2012",NA,NA,156008.249,22017.748,NA,14316.296,43134.708,66962.063,13058.445,30333.277,162951.974,NA,179174.552,53548.84,43758.384,684583.166,54686.751,NA,21000.081,11271.088,97614.646,NA,183964.5,943414.531,791556.062,115034.609,NA,NA,NA,NA,NA,157412.663,439908.345,29749.057,496043.441,15972.979,25551.897,NA,81045.229,378228.759,60571.436,12227.965,NA,18233.198,290027.833,NA,NA,258932.346,NA,49516.173,27919.563,83100.062,NA,42419.047,237051.358,77612.814,121276.82,NA,153737.153,66128.28,27349.4,17180.809,NA,NA,22206.742,17592.858,64029.687,NA,22104.743,24515.456,NA,87626.596,136853.771,46353.473,42335.644,NA,1408252.151,NA,NA,NA,35960.803,25795.638,NA,14965.038,NA,18036.15,NA,604151.715,1692195.845,NA,NA,NA,NA,676207.877,NA,13149.158,104859.883,15113.882,NA,13273.471,14469.142,240748.066,NA,97386.25,NA,NA,76467.073,10696.589,NA,117649.075,NA,NA,10684.212,11540.411,13999.152,NA,159295.325,16871.079,22588.262,NA,25202.888,108185.734,NA,14628.194,NA,10457.147,31868.44,NA,10524.451,NA,259194.815,465661.22,818447.989,53449.873,NA,73103.403,22909780.03,NA,NA,210813.849,127909.464,27508.457,NA,NA,15481.839,NA,85089.472,NA,10614.893,NA,78157.285,123061.838,64503.417,23133.107,77606.653,NA,1780084.011,NA,66868.717,25656.539,NA,26634.46,14157.231,92536.82,386873.271,205647.975,NA,NA,32892.613,57840.061,NA,10780.318,136360.706,20699.116,15665.619,NA,12602.76,26685.163,NA,88948.378,184229.494,15072.428,316217.207,16920.661,NA,35570.763,NA,123080.351,19265.877,79041.772,NA,NA,127974.885,544477.742,18670.688,168069.332,40566.322,8222992.322,NA,49825.613,18741.922,173445.568,441818.061,NA,461456.424,418308.205,79133.575,62403.362,359309.424,NA,NA,241830.628,15972.7,264731.971,19928.075,31605.658,33191.64,123695.284,11375.426,27041.01,554193.62,NA,NA,11371.677,43407.622,21530.746,NA,51130.154,132408.478,35867.151,NA,123397.858,16974.561,303641.894,NA,188772.963,42694.757,21944.175,25859.529,NA,NA,297118.585,548429.42,357062.85,261711.816,136366.643,396432.54,152278.873,NA,165255.047,690866.703,NA,NA,NA,16215.136,NA,NA,105881.844,NA,543716.212,838492.534,494240.168,NA,52986.14,624223.656,341633.676,371647.019,16110.043,426384.318,36039.858,16126.768,92131.679,NA,NA,218540.848,177136.427,35639.206,100056.86,533931.702,313000.851,67340.661,NA,13146.62,85819.366,26595.772,36124.096,98177.676,59461.855,NA,NA,115804.615,194682.962,16101.701,45588.715,241253.745,1504524.609,NA,NA,295811.843,1346514.087,238150.981,NA,NA,25260.35,192699.867,NA,NA,NA
"IDT.1.6_2012",41477.136,NA,NA,NA,NA,92142.397,10912.478,55114.897,15905.069,33041.218,420894.72,NA,NA,24921.646,10157.018,14257.67,1192054.307,10036.287,NA,NA,88775.868,NA,257702.97,58819.858,61495.848,9754599.673,NA,NA,NA,15738.225,14220.622,10537.74,1086536.524,10900.594,32214.481,NA,13065.862,NA,169293.383,406981.399,33708.529,NA,NA,382160.071,19269.813,17118.457,NA,322018.705,NA,170846.561,NA,17349.278,NA,333960.375,355545.918,NA,161014.397,NA,344884.913,NA,89243.706,235962.224,NA,NA,NA,NA,156694.089,252872.471,372412.422,560104.105,28397.447,760295.81,NA,40876.275,NA,NA,1562999.863,NA,NA,NA,NA,11781.743,100563.185,NA,NA,70383.106,26213.504,84355.419,384419.769,152154.658,14880.515,19343.008,NA,555492.907,NA,NA,111841.337,1273579.04,NA,18425.653,304971.991,19835.67,279140.547,185858.142,NA,39722.116,NA,NA,10375.141,21169.025,NA,NA,NA,NA,31099.689,NA,89473.017,10835.874,10350.854,NA,322730.105,NA,NA,87912.767,NA,11076.177,14842.609,NA,10378.796,NA,175309.486,361216.174,33780.521,35611.674,23667.242,69487.257,6017475.203,NA,113024.445,70096.75,236442.889,90474.24,NA,10775.633,104317.73,NA,180024.775,NA,12323376.34,NA,NA,275055.225,32331.705,45880.466,90405.375,27282.477,6012226.601,16034.714,31099.923,NA,NA,20670.227,87061.367,10899.302,NA,NA,NA,20163.101,109347.981,NA,NA,31802.314,NA,61035.369,NA,59019.888,11713.595,47270.246,10087.663,134708.698,26923.633,NA,134267.49,NA,NA,10458.761,NA,191858.532,335250.461,103354.304,12897.889,NA,330374.764,730095.908,NA,10382.759,191177.263,5568845.472,NA,33228.658,103798.384,68834.583,823283.223,10099.26,61280.43,NA,312170.389,48949.787,89666.466,NA,12421.167,371532.887,NA,447905.323,NA,72745.71,NA,447862.701,20137.836,NA,1848158.308,1706237.632,3591597.017,30433.831,259801.764,1763984.382,1767941.368,163147.119,120147.33,796979.415,NA,100133.974,11324.656,231819.72,NA,162166.554,23204.295,NA,NA,NA,NA,658712.644,912101.632,206960.862,166047.641,99816.847,331291.623,91501.24,NA,249126.386,1190058.098,NA,NA,150325.869,29425.946,NA,NA,13322.428,31172.1,259614.828,31198.19,348734.622,NA,387508.237,479961.813,227440.6,14031.756,83285.64,756049.778,73169.592,67925.933,101897.037,NA,NA,NA,NA,133990.079,305527.125,12661.87,NA,1099227.436,NA,NA,1301967.005,NA,18638.292,31453.673,22296.482,NA,NA,233652.235,203514.956,19585.958,NA,44523.197,2050095.114,NA,NA,12576.256,1826206.44,53679.158,NA,NA,10994.936,184044.3,NA,NA,46386.344
"IDT.1.3_2012",NA,NA,76523.326,10127.599,NA,31672.887,42002.818,88672.154,28609.758,60135.241,504190.351,NA,16694.175,29938.226,NA,NA,2303586.864,17998.644,10676.147,13076.098,270571.507,NA,411059.056,62530.188,68988.576,12238172.07,NA,NA,NA,NA,25101.599,124219.603,1529502.898,NA,128602.018,NA,28915.441,NA,269718.702,526025.632,55215.987,NA,NA,616178.19,11752.063,11986.726,NA,387411.721,NA,236087.332,NA,30150.743,NA,434108.903,288786.972,14094.718,136146.332,NA,501127.553,12171.105,184813.195,110396.481,NA,NA,25693.168,12092.805,237097.906,646612.045,963728.681,770595.16,42050.014,1183343.957,13705.672,126581.888,91372.643,NA,2089832.339,NA,NA,10518.442,12833.898,18934.521,88595.572,13512.566,NA,133774.899,11458.359,318356.9,610103.672,184356.083,NA,17930.87,NA,956315.975,84547.131,33511.142,321437.665,1102254.872,NA,14023.556,447330.768,16267.86,172988.701,514335.582,NA,23189.915,13776.76,NA,13543.172,92154.561,13645.921,NA,NA,NA,52462.862,NA,195934.881,20849.381,28408.709,NA,244715.153,21855.542,32760.354,108328.7,13976.99,NA,171849.278,NA,19426.128,NA,297736.672,464283.035,517490.776,26953.102,70362.755,217725.846,13091362.95,NA,168299.997,83045.632,348741.935,280044.698,NA,49677.366,14291.747,NA,130379.578,NA,13735476.83,41100.865,11982.652,521202.78,28728.776,13531.891,150044.872,41785.681,6965983.704,24284.383,40030.409,152752.292,32894.103,14647.514,193569.755,14320.664,142744.19,18432.354,10438.355,219880.998,225756.322,72322.64,NA,12615.155,11390.648,185228.256,16452.787,129464.117,45213.523,59203.306,12233.497,142047.586,55591.777,NA,27952.7,24106.85,10094.661,10054.256,NA,151818.475,157085.39,68698.119,14380.984,17345.047,281426.424,652894.401,35689.946,307206.137,311556.286,10324948.15,NA,30590.41,29253.452,32443.409,738740.303,32562.224,30062.85,437464.508,125550.453,73843.954,150711.237,NA,26878.223,529937.842,NA,635488.614,NA,19978.991,NA,388037.554,20584.918,NA,1817440.533,1988505.953,3909227.109,NA,54527.704,1918472.133,1752607.611,173143.113,175706.013,885993.006,12088.687,194317.876,NA,32223.443,15187.129,225981.554,52278.851,14222.894,10454.243,NA,13036.965,974074.416,682607.757,828116.9,128801.459,272280.656,434007.404,161380.298,19254.4,264886.771,1888475.412,NA,11648.55,206890.112,NA,31212.231,NA,12027.609,51158.594,340315.8,71058.336,366974.374,NA,455662.607,657318.145,731128.397,NA,194539.555,870193.09,108880.869,98889.069,386151.626,NA,NA,NA,19193.03,305467.677,502329.266,12155.639,NA,1243418.168,NA,11715.883,1563515.495,NA,72294.674,76548.239,NA,NA,NA,353273.155,323397.27,18518.232,NA,145175.901,2769803.012,NA,75831.781,33604.944,2326047.055,98557.087,NA,NA,23486.772,258036.548,56493.336,NA,79551.274
"UTT.3.10_2012",NA,NA,30821.44,NA,NA,55447.347,NA,46304.05,16864.275,32493.313,220761.055,NA,NA,NA,NA,116530.653,1029111.9,NA,NA,NA,25158.275,NA,207381.549,194023.678,161316.351,117453.871,NA,NA,NA,NA,NA,11171.534,1381742.264,NA,546517.354,NA,38436.419,NA,108802.698,322019.066,39957.262,NA,NA,111199.439,265339.332,37820.713,NA,270402.097,14029.924,NA,115983.801,30010.917,NA,207612.323,185571.495,11816.148,83617.543,19608.894,356383.5,NA,133531.59,32154.499,NA,NA,14795.753,14800.727,75402.333,273014.569,483451.876,402814.795,11322.3,579803.919,20263.139,70432.803,NA,NA,1112622.202,26942.8,19968.445,NA,72102.117,NA,NA,23221.113,NA,162217.744,NA,1723303.305,388213.565,NA,18404.469,NA,45764.193,326642.648,NA,NA,222539.743,829072.485,NA,NA,182640.578,NA,61125.78,183610.476,NA,10679.294,10485.793,NA,19310.471,14297.841,NA,NA,NA,NA,249803.693,NA,NA,NA,20112.759,NA,315128.682,NA,NA,65222.227,NA,NA,21055.53,NA,20715.306,NA,131470.761,279555.373,806829.812,33159.736,12408.156,20334.893,22367186.05,NA,44901.185,24616.199,17412.763,818204.479,NA,NA,44812.5,12033.465,109199.523,NA,13800.625,NA,10487.517,1583545.3,22736.176,12539.29,53466.159,NA,4441442.24,19256.218,33370.853,35070.177,21765.976,12090.302,NA,11109.925,37276.667,125128.454,NA,15423.413,100401.521,101613.557,NA,NA,67907.57,72027.022,22484.982,11534.452,43406.648,34441.03,372762.819,44303.881,200033.744,NA,15444.297,98580.137,NA,15090.184,802032.181,69633.678,175740.045,18153.431,NA,NA,138852.849,263217.034,16899.943,351575.283,52929.509,479160.151,99411.083,1944352.228,1262613.939,11732.224,359344.915,14146.27,20136.317,398568.766,305546.859,84993.234,34332.542,NA,38168.645,45765.033,NA,52569.485,NA,10504.83,NA,74867.791,14932.035,NA,880090.273,NA,1494219.691,951804.913,17722.053,449990.147,206804.802,54387.451,116235.949,253117.789,74859.82,137279.792,66206.673,108025.093,217081.786,161676.247,54040.318,10692.259,11912.195,NA,10206.292,NA,NA,333873.978,66820.066,NA,522320.54,78761.011,123590.391,151668.976,939275.802,NA,NA,NA,NA,NA,NA,60472.405,NA,94177.294,17952.371,298658.271,10687.748,217984.273,407640.897,394316.297,NA,20557.876,1650424.325,45593.977,27902.815,41611.538,NA,NA,NA,15388.317,52402.999,87665.439,11733.535,NA,737771.765,NA,NA,807369.822,NA,NA,72396.717,NA,NA,NA,73064.823,323470.952,NA,NA,30833.682,1433455.858,NA,NA,13760.123,1209653.689,38826.086,NA,NA,NA,225702.327,NA,12499.576,27186.322
"WAT.1.3_2012",NA,NA,49215.507,NA,NA,91036.177,15642.587,47488.309,30885.223,86660.77,285635.794,NA,NA,46942.324,16556.317,11942.214,432154.938,NA,NA,NA,121264.437,NA,328184.307,65638.945,159533.263,9785648.448,NA,NA,NA,NA,14331.936,42975.557,1045019.286,20830.418,23714.189,NA,28840.451,16120.461,181023.404,403016.384,39003.151,NA,NA,398181.901,32785.116,20822.085,NA,291712.845,NA,28105.368,NA,28480.63,NA,13302.375,376693.792,NA,148279.708,NA,584776.822,NA,18102.3,97898.302,NA,NA,NA,NA,138887.068,148306.54,665146.899,540792.886,11968.739,922841.606,10253.914,34480.519,40371.411,NA,1949508.62,NA,NA,12552.164,NA,10743.326,32838.484,32595.582,NA,175770.396,32877.079,77808.815,706795.468,197005.582,15142.456,18308.199,NA,560099.214,25304.731,NA,120666.075,702157.576,NA,NA,274376.673,530127.508,138632.946,74575.218,NA,15093.565,50269.661,NA,12738.925,78220.549,13334.401,NA,12015.133,NA,188260.126,NA,504956.363,NA,13050.94,NA,285941.096,NA,NA,157255.136,NA,10771.98,102767.536,NA,15660.839,NA,238486.801,476203.896,864535.149,39381.428,12794.16,618053.196,4173563.805,NA,117174.98,101246.487,416092.237,47031.918,NA,22347.363,NA,NA,60671.447,NA,9496552.295,14469.745,11774.21,82133.739,20115.68,17148.039,84439.39,15633.69,4044719.082,25380.171,101328.464,17613.682,NA,30507.417,14151.573,17052.053,30713.601,NA,10561.919,16479.284,238315.808,37340.919,NA,60308.733,NA,15409.336,NA,91050.56,41848.152,37690.114,45391.023,30715.687,29184.192,NA,31926.5,NA,NA,29908.089,NA,115245.785,16663.501,23748.809,NA,NA,509138.035,1012043.225,115261.141,209844.705,213343.847,10269337.64,NA,81246.867,17525.958,140029.083,958967.122,13272.402,16991.987,238023.153,36549.771,26737.441,182615.235,NA,17428.217,352009.09,NA,462757.942,35132.94,15030.583,NA,231587.93,18078.337,NA,1081895.377,1060922.928,1766394.306,10244.35,51568.867,1533530.627,1466248.443,153906.244,338169.042,793103.785,NA,82290.219,NA,NA,NA,115115.797,33523.199,11317.257,NA,NA,NA,518411.265,753563.208,278773.563,241236.01,24151.874,148854.271,106621.425,NA,198758.848,842455.664,NA,NA,170916.798,27027.586,NA,NA,129184.755,47734.61,348438.347,30720.791,206005.658,NA,110314.353,425976.499,406782.079,20670.543,60056.824,914505.003,67686.625,58231.81,43783.405,NA,13160.12,NA,NA,73276.831,498730.356,13141.888,NA,913766.026,NA,15802.122,1082043.16,11610.991,21150.483,28453.457,34067.37,NA,NA,127210.416,205412.542,18238.74,NA,38713.881,1892585.625,NA,14737.224,10206.667,1778122.095,63912.856,NA,NA,NA,273654.219,19170.101,NA,53465.673
"ORT.2.4_2012",NA,NA,36643.024,16255.052,NA,38911.195,15831.93,63791.774,31341.164,27626.066,224555.452,NA,NA,24406.505,NA,22842.628,1459476.929,15226.704,NA,NA,201590.933,NA,375090.123,154025.056,242660.901,3910454.277,NA,10216.804,NA,NA,26807.697,23740.988,1222309.457,10141.228,31987.158,NA,25190.103,NA,266999.786,387899.891,90523.336,NA,NA,285965.383,10105.828,29930.194,NA,496386.12,NA,82271.747,NA,NA,NA,286037.005,227208.524,NA,99003.792,NA,536397.385,NA,43275.871,161779.125,NA,NA,NA,NA,163258.722,545966.094,723501.137,631729.775,39223.219,920486.45,23053.964,28342.429,79833.468,10584.846,1266348.308,NA,10595.324,NA,NA,NA,76253.102,23067.252,NA,343921.782,20225.956,124982.064,403775.956,812431.04,NA,20053.034,NA,759042.766,NA,59062.667,226469.973,1532480.485,15552.317,13292.283,267825.561,14381.412,92470.381,465628.166,NA,26344.707,19149.899,NA,82076.421,91111.307,NA,NA,NA,NA,14319.315,NA,88126.848,NA,34306.48,NA,420601.503,10040.215,26366.511,188753.944,NA,18892.359,12154.827,14358.744,15463.186,NA,205074.941,293914.4,901768.038,40128.942,15193.452,400041.116,4356016.517,NA,106515.118,65958.587,75512.738,46127.734,NA,31524.05,11830.446,NA,141465.367,12753.799,14235162.93,NA,NA,133026.366,24166.194,50960.182,84881.849,46690.134,3251057.927,33480.832,18373.238,88576.339,NA,56484.836,33966.911,15860.547,37394.52,31343.196,NA,13759.539,345775.902,59790.999,NA,72752.613,23982.583,40995.358,NA,22534.632,NA,20601.314,73186.114,63844.568,12432.656,NA,NA,NA,NA,18174.529,NA,126990.457,NA,54441.155,13707.04,NA,323401.377,635549.05,197202.637,314517.244,157896.471,8984757.075,NA,15883.345,66342.279,33072.378,218058.64,19947.919,29026.894,509020.2,351610.59,52741.838,62503.535,NA,20770.186,377646.514,NA,420973.897,NA,10584.656,NA,97170.324,18223.512,13899.23,1204760.355,1482265.04,2067700.321,NA,11958.552,1270480.732,897938.461,102778.307,78709.882,570383.213,NA,142649.626,NA,NA,10058.318,343814.424,33237.153,10267.938,NA,NA,NA,231170.467,290990.15,828516.101,102009.674,NA,149153.515,225123.374,NA,261171.644,1357943.158,NA,NA,92517.137,145041.776,31122.672,NA,159856.033,24012.299,275738.805,29516.39,268576.857,NA,356986.25,445435.922,515536.441,NA,73293.509,664344.984,59220.333,54308.99,301606.866,NA,NA,NA,NA,76392.116,314930.631,22598.964,NA,1048329.177,NA,NA,1268279.718,NA,28497.523,169722.745,NA,NA,NA,118238.477,379637.863,NA,NA,64190.048,2061701.063,NA,10421.681,17147.066,2016399.903,119996.172,NA,NA,13713.087,225295.406,20538.363,NA,57281.941
"ORT.1.9_2012",NA,NA,69862.73,NA,NA,92786.517,63800.289,71717.353,10892.333,51492.255,279384.538,NA,NA,22790.993,13007.332,15627.784,1120057.557,27254.522,NA,10858.064,69667.498,NA,265944.996,27593.67,37964.502,10438080.68,NA,NA,NA,NA,22902.621,119207.96,1212199.404,NA,37642.516,NA,14499.743,18481.063,186988.853,328008.421,44882.004,NA,NA,164378,20899.273,12807.648,NA,419344.005,NA,244950.285,NA,18418.696,NA,480041.061,150324.905,NA,152219.344,NA,226909.294,14606.36,22422.844,126822.64,NA,NA,NA,NA,187193.658,317884.837,642076.491,542364.355,10141.392,784943.419,NA,22933.374,26994.628,NA,1156166.273,NA,NA,NA,11491.756,NA,134884.625,13351.381,NA,242817.286,13955.412,101156.169,309414.961,228263.436,NA,21708.574,NA,781632.887,NA,17173.943,191862.811,1481356.983,19008.719,30291.695,243785.912,16716.277,312141.382,323095.713,NA,32540.418,18376.093,NA,11043.895,76893.655,NA,NA,26270.595,NA,62598.686,NA,52900.964,12427.098,19399.411,NA,318839.533,10112.016,NA,30529.482,NA,11425.082,NA,19860.175,10832.538,NA,310872.767,489104.728,940373.116,47861.437,30079.561,341726.231,6282327.416,NA,124740.367,84525.578,370777.31,91903.422,NA,26047.393,106473.168,14211.379,380473.649,NA,14830932.38,NA,10726.3,246415.974,61354.958,37731.319,155269.956,38774.165,5800790.61,NA,36490.028,NA,NA,33729.518,19183.355,15217.611,139961.156,23702.5,NA,20366.354,191668.412,60296.285,NA,17052.967,15256.119,47765.38,18594.918,13932.878,NA,64018.721,96590.596,215118.335,12357.5,NA,142701.226,NA,NA,23402.905,NA,407973.154,350714.066,136063.511,21270.635,NA,312893.554,555909.132,21304.87,277111.81,15157.96,8852275.994,NA,66277.995,15634.615,88003.69,794079.346,11029.188,77884.15,510105.592,341558.669,11413.515,71340.782,NA,18460.241,445133.674,NA,486268.378,NA,19939.408,NA,84982.342,40665.273,NA,2481671.972,2241152.612,4917561.919,NA,125200.342,1821321.412,1638423.478,168792.878,85324.992,773152.135,NA,198472.083,20624.122,373107.542,10600.854,223186.453,17811.502,13472.722,NA,NA,NA,488858.465,916164.118,433817.31,10964.757,10681.253,591384.977,259839.261,NA,159029.145,1020856.647,NA,10137.307,130976.437,113839.07,NA,NA,30303.216,35509.257,216939.873,11951.821,293535.114,NA,248924.701,568613.522,593894.444,12403.235,18248.763,987147.158,54480.84,55846.812,167313.949,NA,NA,NA,NA,146858.942,381264.933,18435.804,NA,1382755.621,NA,NA,741574.677,NA,49257.122,218696.613,18844.792,NA,NA,95277.527,377686.349,NA,NA,166717.555,1971081.002,NA,25192.021,23379.519,1783014.798,68854.87,NA,NA,15838.71,212613.402,34930.658,NA,57750.073
"ORT.3.1_2012",NA,NA,66980.696,10547.097,NA,NA,33344.473,45776.36,31950.634,57346.712,111504.404,NA,NA,25207.49,13302.645,83189.7,265942.513,NA,14403.175,NA,76902.267,NA,150866.867,345499.78,309943.318,2429237.156,NA,NA,NA,NA,NA,NA,1244519.163,17852.201,225025.333,NA,29510.746,NA,166610.689,302295.877,45758.529,NA,NA,96012.591,109702.142,11308.635,NA,245288.792,NA,121834.242,NA,22422.749,NA,161203.169,190591.907,NA,66152.899,NA,176858.743,15360.555,210064.203,98915.446,NA,NA,16077.062,NA,136258.384,107774.919,222332.901,242291.939,NA,241946.703,119283.429,66033.656,NA,NA,1254690.667,NA,NA,28926.377,14837.704,11435.806,31170.258,NA,NA,53651.329,NA,547090.091,1119298.266,16303.831,14505.39,NA,NA,977406.34,14789.617,NA,136511.866,410772.573,NA,NA,23842.394,339360.459,67907.74,95632.983,NA,26942.775,32392.459,NA,15879.253,15396.143,NA,NA,NA,NA,10973.528,NA,78553.691,31769.97,11599.106,NA,72188.184,51787.91,NA,19679.163,NA,NA,46911.98,NA,14589.579,NA,271659.403,514972.758,612160.063,54773.456,16194.511,110675.139,19691959.47,NA,36605.558,49371.599,267595.356,10016.793,NA,NA,238883.322,NA,156920.357,NA,2748685.969,14403.057,NA,603378.926,14172.167,90771.337,91197.048,14108.053,4252015.911,NA,10149.353,40970.55,NA,16059.448,85116.873,NA,207346.392,65569.411,NA,16452.676,62986.217,14911.5,NA,39756.122,27008.216,54721.475,12993.862,NA,NA,18842.282,50469.026,71757.801,164905.346,NA,10591.659,27330.39,NA,13256.511,NA,90524.583,528681.636,57394.63,NA,NA,207154.741,458324.844,NA,40248.459,77160.726,6132313.514,NA,32932.543,105044.223,46990.361,528980.7,NA,28270.492,143493.625,206087.016,40198.738,383738.655,NA,19211.694,315488.043,NA,413306.899,NA,12605.18,NA,195760.631,11237.207,11480.493,1448697.894,24502.311,3176675.285,1652185.768,346215.281,1245365.294,1035475.283,107952.929,47335.298,595769.665,NA,76542.033,NA,17281.55,10579.401,313282.804,14779.689,13783.027,NA,NA,NA,195536.989,463107.598,649812.742,69559.983,105308.673,522421.616,85159.332,NA,183654.135,457952.026,NA,NA,12514.261,79799.587,NA,NA,91329.953,NA,176851.284,19862.126,836390.564,NA,243263.068,429465.35,509872.344,NA,10447.363,662054.718,37660.058,34868.563,210711.438,NA,NA,NA,NA,126288.2,94660.727,NA,NA,226569.208,NA,NA,629424.242,NA,17546.856,19623.444,13536.762,NA,NA,56858.073,271299.563,21322.053,NA,60152.681,1382349.125,NA,NA,NA,1150705.489,148971.38,NA,NA,NA,164463.808,NA,NA,NA
"ORT.1.6_2012",NA,NA,94743.252,14081.492,NA,17552.253,10535.358,104861.485,45811.006,19840.288,728099.69,NA,NA,41861.841,19951.578,79345.765,1864854.905,NA,11646.737,11222.695,222990.621,NA,487653.026,92260.331,162153.429,6939177.83,NA,NA,NA,NA,40982.194,63665.305,1382260.956,20847.779,695394.954,NA,27755.111,NA,386189.578,592465.361,109180.308,11298.269,NA,288187.165,22146.661,11167.504,NA,491305.447,NA,151622.986,NA,12760.712,NA,385353.528,394942.284,17842.864,237178.945,NA,461513.15,44712.114,134586.763,87007.33,NA,NA,38555.849,NA,248359.892,465388.138,1145714.071,308200.653,35095.209,830751.228,NA,86127.655,144957.53,NA,2085879.962,NA,NA,15226.513,11149.584,18842.462,84629.439,10283.284,NA,157433.277,21716.412,1499989.48,551335.546,51343.097,NA,12693.667,10894.193,699679.548,46333.689,33024.327,108199.323,1496610.73,NA,10153.684,521565.347,18003.823,90168.784,388294.551,NA,NA,21595.167,NA,15350.655,80924.517,27887.028,19993.738,15356.064,NA,42608.574,NA,299367.056,28538.913,79068.258,NA,409195.616,13332.787,26040.92,39470.418,27546.841,13473019.57,221546.936,NA,25063.077,NA,195641.064,402403.32,993891.202,19531.854,68452.929,115915.684,16722773.14,NA,105182.741,40790.451,285755.053,1122459.204,NA,14658.672,352147.831,10042.462,155501.553,11582.118,5583553.781,49135.027,NA,59982.976,11600.101,145313.462,142561.756,30690.418,4638884.812,51827.123,59464.825,24578.378,25970.099,28003.662,36615.241,NA,223080.042,68906.717,10990.247,10368.81,171279.351,71043.422,NA,11486.645,13136.747,102084.61,14376.597,17816.665,10546.123,72570.416,83684.334,253561.26,209879.623,NA,41894.672,125649.286,NA,30100.447,NA,267926.097,219530.285,27830.901,24980.817,18152.043,92546.64,1435919.587,34412.237,253982.624,11037.473,13359633.9,NA,61044.959,122406.184,22891.143,566886.433,NA,30505.95,496133.722,561612.433,37535.453,57356.89,NA,10969.449,478512.784,NA,609939.149,NA,13618.287,10076.537,278557.391,21911.411,NA,2032166.962,2140463.368,4555505.159,NA,96988.422,1687683.998,1444099.691,164649.077,240481.743,776453.506,NA,397962.994,NA,36677.763,19009.493,324166.174,23608.283,13630.402,10644.172,NA,NA,1153755.539,1375297.772,1515868.558,145006.153,327304.133,816837.222,165768.54,NA,281547.651,2010384.379,10061.883,10081.23,118214.601,60831.286,NA,NA,12772.381,10070.209,347734.244,30952.223,691599.674,NA,500590.918,761174.598,485584.634,15619.145,173148.295,726659.383,104884.097,69907.148,102388.709,NA,NA,NA,NA,262240.236,406231.427,NA,NA,1074283.855,NA,10679.197,1387067.285,NA,66289.86,142815.472,22843.647,NA,NA,154040.31,412797.719,16090.5,NA,172107.475,2415944.082,NA,58778.667,11271.216,2229582.403,119014.518,13591.409,NA,11122.654,454207.538,11817.07,NA,61127.86
"UTT.3.3_2012",NA,NA,46491.313,NA,NA,91421.704,13085.005,45257.727,23718.401,39699.467,154217.193,NA,NA,18905.714,NA,142935.419,907838.489,NA,NA,NA,28381.207,NA,101640.371,189436.131,100248.611,96329.684,NA,NA,NA,NA,NA,NA,1178296.292,NA,376771.938,NA,11880.58,NA,20202.145,215365.873,27508.581,NA,NA,58748.662,184153.759,NA,NA,186591.674,NA,NA,152724.812,NA,NA,121413.94,174408.264,10197.491,50105.758,27586.061,203904.773,10413.435,127802.505,NA,NA,NA,64221.565,17427.297,42327.69,115824.389,394849.175,294158.225,11006.766,492166.859,NA,304361.638,NA,20683.81,726283.601,NA,11822.756,NA,11005.043,22048.802,NA,21867.385,NA,84358.679,11063.065,1267607.152,205811.508,NA,20244.124,NA,37177.557,184422.207,NA,16593.915,62706.651,582515.166,15692.145,NA,137593.153,14755.73,158948.394,89619.141,NA,NA,11993.872,NA,28171.394,NA,12005.926,25906.498,23524.505,NA,16670.18,NA,12767.829,27199.357,NA,NA,181503.577,NA,NA,70761.94,NA,NA,31932.754,NA,15839.072,NA,178422.818,306255.116,535027.235,34800.11,NA,16869.668,17159526.08,NA,NA,108273.348,NA,504238.746,14851.187,NA,141035.311,NA,150335.387,NA,NA,NA,27302.45,1280090.561,53569.695,55816.589,22052.245,NA,3700136.123,11840.95,26421.678,NA,20488.674,30044.39,15419.434,NA,37380.04,140288.625,NA,39946.474,113375.859,NA,NA,11189.024,37907.859,199150.19,72137.952,NA,40960.053,27396.473,NA,114333.282,119111.506,NA,95101.183,33687.187,NA,15087.856,NA,115835.328,146480.826,14706.879,NA,NA,93233.44,306157.89,18815.691,NA,54517.217,932761.434,11799.22,475077.735,267416.084,NA,157029.187,NA,134710.556,NA,186714.929,54458.193,10723.333,NA,74693.787,26574.884,NA,23427.014,NA,14761.917,NA,21640.042,21201.683,NA,50735.358,NA,NA,NA,26590.514,NA,NA,13886.696,75756.153,56653.736,78109.258,169505.967,54820.954,100366.113,171334.434,148875.018,13777.112,NA,13908.938,NA,54353.441,273675.507,535898.111,93406.742,23030.013,25132.649,509373.117,15624.007,223462.287,107091.025,687934.07,13975.456,NA,NA,57065.822,NA,NA,63110.574,NA,248583.145,15729.503,505611.527,NA,137999.384,333840.732,389833.544,66679.349,25398.57,859982.178,25054.076,24669.845,229677.739,NA,NA,35701.065,55988.093,58202.268,50687.679,113035.213,54896.898,387190.34,NA,NA,430108.808,NA,38132.02,64593.883,16767.303,NA,NA,133756.974,265039.716,NA,20020.093,170957.142,1129391.109,NA,NA,76568.265,991651.319,39071.023,NA,NA,NA,161953.951,NA,NA,38966.486
"AZT.1.10_2012",NA,NA,57808.748,674833.38,NA,43357.435,46831.067,NA,14513.065,46933.299,102000.243,12349.617,NA,68289.775,3654354.239,43390.403,456600.596,NA,1711683.693,NA,128090.221,NA,247981.833,292462.098,280960.362,NA,29229.876,NA,NA,82126.087,1013591.259,215121.269,1096704.984,58423.819,NA,62327.825,12387.946,11216.43,12010.624,318131.921,28745.287,NA,NA,67618.512,NA,NA,97825.526,146316.051,57738.393,19907.256,NA,13736.762,NA,338019.85,183108.555,NA,116071.001,NA,186482.779,NA,242952.988,224671.343,NA,10461.439,51182.496,NA,107301.057,161890.083,298378.738,163299.703,NA,531915.243,69706.503,NA,278861.79,NA,1102458.257,NA,193298.792,NA,182606.241,14515.082,109126.288,908347.517,592390.94,181386.822,19174.098,NA,742890.449,NA,NA,NA,34416.16,346532.167,404382.086,NA,604464.527,828333.476,3611425.863,NA,48170.797,268514.613,73029.799,214152.584,NA,NA,45761.012,NA,16996.098,12042.798,NA,40553.192,29444.238,NA,18163.066,67180.425,22714.981,140163.74,31466.177,NA,162980.333,29133.099,27526.153,28524.087,NA,16951.158,17959.599,NA,NA,NA,14493.09,29668.006,508864.204,NA,NA,454864.203,41733.345,NA,NA,2347927.901,539718.265,NA,19851.496,NA,NA,1455746.237,150618.298,NA,NA,12194.787,12236.748,1393007.787,66600.658,12639.471,50778.148,NA,3399893.319,NA,91291.02,NA,53328.29,33762.779,10549.069,10317.506,32159.154,29230.92,NA,74991.46,149318.142,NA,NA,57911.914,16584.149,75336.107,93210.995,NA,NA,62550.427,NA,106322.51,28124.521,NA,19149.289,NA,NA,16229.916,NA,437898.39,102094.124,84249.034,NA,NA,317809.691,358814.935,158990.022,15380.699,116170.731,5371840.98,20550.511,23381.626,35395.281,14165.601,284203.144,NA,NA,12840.526,13228.033,262919.683,251330.647,NA,13554.709,212398.727,13913.899,217285.273,NA,27735.824,NA,96587.41,140718.355,NA,140101.922,NA,66313.146,184736.922,103412.781,1023550.643,793294.209,90058.605,50391.546,461613.77,NA,45024.354,21759.387,147708.682,NA,43687.263,33189.617,10010.603,NA,41263.501,29671.67,55780.403,218421.719,407737.734,91442.715,74195.57,366212.485,149378.36,37617.382,70500.845,1062509.853,NA,NA,NA,NA,NA,26727.364,69994.307,NA,379288.441,37749.974,299213.624,NA,282013.473,42014.577,45878.879,20782.663,59949.723,1180474.29,14095.927,29217.399,146357.359,145401.503,502158.675,353553.48,160066.758,67957.079,NA,10885.036,NA,780388.797,12075.229,NA,121625.142,556595.602,46925.055,14288.538,575792.648,64944.343,428739.108,38936.932,168433.808,20325.819,NA,18794.587,860575.604,NA,34419.141,NA,787685.851,331383.94,229220.57,26402.602,NA,195475.753,19585.885,NA,82151.877
"IDT.1.4_2012",NA,NA,17021.225,NA,NA,12610.445,11819.071,70534.111,NA,12741.397,49783.349,NA,20506.654,30407.55,NA,24597.203,1390488.697,12928.778,NA,13022.204,83568.922,NA,171478.94,16517.62,29539.995,8380069.484,NA,NA,NA,NA,15839.291,39945.209,714965.675,26145.577,59382.406,NA,22258.275,NA,220218.349,147923.559,13241.002,NA,NA,109316.175,33501.331,NA,NA,201836.837,NA,132396.101,NA,17766.15,NA,261097.032,328078.355,NA,73464.905,NA,318705.17,37390.543,30720.943,37019.391,NA,NA,NA,NA,82935.316,447569.524,444395.138,247110.752,17369.994,474218.201,17108.785,51325.084,14413.854,NA,868252.522,NA,NA,NA,NA,NA,17286.901,13845.094,NA,121953.171,NA,115027.951,279600.889,128107.916,NA,NA,NA,627598.808,15614.862,NA,44276.483,1326547.91,NA,NA,149416.047,11390.565,66786.106,291422.704,NA,NA,10584.754,NA,19799.385,13534.152,10428.937,NA,NA,NA,343043.691,NA,NA,NA,NA,NA,158106.982,NA,NA,87036.986,NA,12009.805,86964.226,NA,22549.55,NA,381329.234,790887.233,488116.897,64595.612,47620.567,181258.824,5415414.138,NA,113502.559,119715.502,29426.213,68014.849,NA,NA,NA,NA,102005.875,NA,8162899.283,19396.789,NA,99186.276,NA,25316.748,86897.858,24183.483,4633072.035,14609.899,12438.72,43063.88,NA,13489.724,58088.093,14519.486,206015.949,14648.065,10333.931,10619.693,81887.526,32692.798,NA,NA,NA,13329.577,NA,10959.83,NA,22577.947,NA,66673.404,22555.592,NA,NA,NA,NA,12706.109,NA,149257.008,37593.233,117979.953,NA,NA,386062.542,339872.391,17540.454,209058.963,13089.211,1012140.365,NA,36414.986,34548.223,15688.539,673848.314,10500.078,15269.242,238718.251,50157.952,77666.169,71465.827,NA,15984.96,254377.669,NA,347854.251,NA,17374.77,NA,38096.777,198871.178,NA,925732.562,995327.678,1542616.94,16821.41,NA,1160390.387,919676.229,107763.247,126828.405,563434.904,NA,188360.579,NA,17191.317,NA,164044.039,27535.747,13914.269,NA,NA,NA,375982.08,667081.368,471803.291,109731.057,69072.668,147113.66,70382.204,NA,144915.835,276585.081,NA,NA,108900.857,28410.122,NA,NA,33287.602,26480.527,263995.493,55765.788,202602.069,NA,235546.988,489340.528,212767.695,NA,27147.515,448638.833,44886.585,46382.256,205169.743,NA,NA,NA,NA,50264.138,311558.814,16835.65,NA,769967.594,NA,NA,932959.518,NA,16678.437,54355.225,21922.253,NA,NA,33218.801,200910.622,17131.045,NA,38937.706,1266398.299,NA,NA,37742.586,1136305.62,69234.397,NA,NA,32912.064,169397.086,11655.611,NA,42420.79
"IDT.3.9_2012",NA,NA,99029.397,18260.531,NA,11320.088,95048.433,79440.792,10136.658,34112.532,197532.49,NA,13074.598,12252.878,12325.12,174837.429,352380.975,10927.828,NA,14576.248,66376.197,NA,364514.661,153134.125,87747.104,4590521.35,NA,11036.126,13546.005,NA,50940.211,47476.575,830943.18,39103.74,422009.015,NA,65781.329,12926.33,498138.748,357956.976,10508.639,NA,NA,327620.348,150660.285,37997.683,NA,310006.728,NA,145561.816,NA,90459.033,19824.625,316265.697,204689.248,16290.66,110083.024,NA,592338.475,51408.226,43349.138,70340.354,NA,NA,27555.797,10295.721,84001.51,326913.678,615088.404,602827.502,23695.137,737238.93,12524.547,42128.384,106082.256,NA,921107.054,10314.26,12564.095,16660.163,25770.273,NA,29714.73,NA,NA,562835.762,24164.003,1134162.179,517094.873,31782.375,15156.521,17085.029,NA,379780.585,25760.149,NA,281628.083,877308.124,13049.635,NA,271625.896,29060.081,168282.718,245616.235,NA,25826.213,31934.36,NA,59074.193,116233.581,23792.293,NA,NA,NA,85109.437,NA,238877.341,14190.442,18275.817,NA,327846.065,NA,NA,23178.511,27369.077,11373.81,198514.234,NA,14041.325,NA,188301.752,448658.369,834160.727,49883.622,22702.629,29307.849,24278123.19,NA,34148.868,46741.966,179705.627,857999.738,NA,19020.112,16627.816,NA,112437.247,NA,3818040.969,35621.214,14087.005,56920.436,18895.166,263166.721,132591.23,NA,5008285.91,23996.319,62227.483,10385.128,NA,NA,140764.655,16676.466,336204.679,75176.359,22790.166,15092.879,107827.383,31387.262,NA,22996.659,65702.909,48618.951,31098.901,50574.689,20736.219,13789.691,14257.852,118027.245,226423.458,NA,344527.674,57337.372,NA,25691.696,NA,205150.836,36213.05,42333.593,12025.145,NA,140268.281,205217.908,60255.455,90457.838,53691.662,9320317.517,NA,25340.337,36319.245,31795.476,1127974.139,15497.936,23815.136,114437.427,85763.962,141589.759,49592.768,NA,12747.984,155121.171,NA,169151.298,15443.497,31602.011,NA,202234.024,15293.759,NA,2563108.361,61401.498,4558077.983,1482395.311,31247.41,1058378.282,948261.269,98529.109,210539.395,597361.475,25941.273,120747.083,75070.806,705015.024,12367.869,151094.329,25737.267,13327.107,NA,NA,NA,963412.633,996970.915,842565.074,125725.549,54633.449,125597.775,226597.309,NA,193111.179,1788046.732,13027.76,NA,46119.537,NA,NA,NA,12814.863,12545.93,197009.594,47892.298,270048.92,10896.016,290821.718,544318.451,553088.067,13091.712,20244.79,699379.201,58677.044,48370.657,186083.863,NA,NA,NA,NA,122464.603,213283.675,NA,NA,801939.965,NA,NA,1049148.782,NA,21761.999,72881.65,16620.597,NA,NA,135967.893,303755.198,25099.884,NA,74006.837,1928158.449,NA,NA,49787.948,1810637.238,204157.495,NA,NA,38226.916,224633.915,NA,11485.981,NA
"CAT.2.4_2012",NA,NA,144685.141,37364.589,NA,13546.04,50379.96,NA,12050.788,11010.898,209415.209,NA,89522.914,106483.647,16676.872,327065.01,459808.258,11925.244,10124.811,NA,100477.949,NA,139321.45,136653.363,134935.281,39380.914,NA,NA,NA,NA,NA,14749.952,717570.307,28507.25,343440.044,17050.801,11777.524,NA,51739.102,138160.73,18491.759,NA,NA,36961.176,202634.771,NA,NA,165419.859,NA,26993.471,32402.059,30787.461,NA,176153.782,94098.255,26344.265,34581.134,17801.125,52185.113,NA,17404.42,29637.901,NA,12347.049,37617.28,13089.53,45975.249,284871.829,258331.596,240080.16,22570.725,216048.705,NA,34079.122,NA,NA,408562.027,NA,NA,NA,43162.943,30172.085,NA,13101.415,NA,186824.09,11056.225,705312.244,173170.948,NA,15717.349,NA,NA,305607.758,73780.13,NA,167107.497,729958.612,19007.568,NA,72752.448,46068.574,127328.072,171073.219,NA,NA,NA,NA,19338.015,17835.919,NA,NA,12698.519,NA,57484.162,NA,47774.558,13602.71,15424.158,NA,18819.196,NA,NA,32896.637,NA,13720.097,85340.564,NA,18353.108,NA,60469.13,79861.167,409139.965,14088.143,NA,22394.877,18627401.78,NA,NA,698009.336,17202.676,19240.237,NA,NA,252110.811,NA,80307.138,NA,22476.002,30713.984,339552.63,100379.125,58051.236,25041.423,12385.646,NA,1015417.123,NA,38875.697,109266.396,NA,28926.916,NA,43067.164,32142.655,149060.604,NA,NA,68350.291,38979.66,NA,21349.485,123984.875,10775.223,17382.841,NA,NA,18596.02,NA,189619.29,48296.547,NA,641763.26,36255.699,NA,23895.914,NA,73689.292,14657.983,NA,NA,10342.997,31646.826,181413.962,NA,157958.42,30414.75,5756479.711,NA,29209.345,10202.645,23121.571,838075.276,NA,1226325.603,207632.779,35851.141,27674.976,12336.408,NA,NA,85843.558,NA,81594.096,NA,12073.352,14975.012,775613.729,34182.657,13053.641,190913.779,NA,NA,NA,NA,103024.101,19670.041,NA,49251.585,62556.766,NA,117203.834,19693.569,75609.255,NA,214077.944,19885.987,12159.775,NA,NA,NA,13849.009,106112.856,495804.795,37459.644,104417.867,366810.254,92348.826,NA,89699.534,879186.079,NA,NA,NA,35267.677,NA,NA,NA,NA,916120.556,400165.036,451741.049,NA,107845.172,23660.972,30242.953,343182.679,12601.905,564676.349,25342.388,NA,65063.331,NA,NA,173318.293,179534.129,37163.633,57421.03,346947.202,164991.159,463313.084,NA,NA,583320.377,33299.799,82446.054,42502.046,78449.022,16453.587,NA,176741.63,257469.724,NA,38203.617,154463.637,1459702.057,NA,NA,114191.881,1319097.013,218169.128,NA,NA,NA,147497.459,NA,NA,16536.311
"NMT.1.9_2021",NA,NA,52244.963,16257.148,10408.731,NA,15002.458,NA,NA,30577.767,451053.072,63170.686,19470.494,35777.91,14959.204,NA,1047698.629,NA,NA,NA,NA,NA,122456.616,422570.278,270733.302,NA,NA,11447.937,NA,NA,122583.278,NA,584020.659,16217.402,NA,608379.105,14901.256,NA,10520.89,196816.472,33711.242,NA,NA,33414.416,NA,NA,111677.153,32949.391,327333.255,30257.208,4741012.74,398475.056,NA,42191.892,93487.138,12141.774,34875.085,749823.778,277008.959,NA,149677.045,42811.076,152253.08,NA,1815554.62,35029.729,40701.993,201550.902,87902.054,99696.666,15492.983,440739.826,232664.68,317967.084,11184.469,59192.445,1524515.561,11484.271,16999.398,NA,27082.928,769851.288,43503.257,29610.807,49188.481,501214.129,494302.587,NA,1317323.507,NA,NA,21423.353,2101573.317,288297.17,16056.078,77404.174,391115.775,487231.028,228864.297,NA,11458.394,558969.916,33533.039,220661.606,727872.639,NA,57538.38,NA,18329.786,NA,21770.945,86612.456,35274.562,NA,19786.345,134398.109,NA,16615.122,12258.275,11006.375,46819.685,132191.446,53899.884,288427.477,104395.929,13190.805,17261.714,37605.097,19252.527,NA,17773.367,22926.484,60875.872,20114.249,56600.466,186408.661,18624.791,531546.344,NA,45153.628,317627.111,NA,48293.163,56596.966,211354.379,95244.658,258282.513,59304.982,NA,NA,18001.072,191494.627,41505.423,NA,33750.693,NA,4010025.395,310938.486,155547.518,28156.61,876251.174,555413.036,NA,217873.508,NA,NA,42625.139,10048.743,27584.967,92203.031,399049.532,42757.14,71873.173,11254.869,30487.101,22839.45,322082.42,40881.887,62554.206,175870.506,16724.015,196714.284,20925.032,NA,183080.334,24664.467,32533.348,407181.287,152380.822,314232.904,364591.324,263729.501,3593092.719,486168.655,481118.483,363731.913,1263037.793,950893.725,10878408.51,2175533.861,6801038.521,10962.301,74832.788,226204.912,116685.363,419538.357,NA,866703.722,81313.531,2686705.616,3793964.875,41593.651,NA,38852.771,11703.493,61202.305,10542.433,21886.121,41112.146,10570.688,34217.554,36488.216,NA,NA,13017.28,399086.788,68439.52,292040.171,41049.805,1605398.477,1971656.752,19354.994,1035397.949,2037776.911,3400995.424,34595.239,21254.196,130020.623,NA,NA,37696.492,109305.446,341993.44,124013.918,100898.997,21850.855,172481.38,77950.735,18390.712,25610.854,1429970.674,NA,24416.265,NA,NA,29784.568,NA,183174.324,NA,150505.604,55691.104,230202.664,611168.376,235837.515,11211.517,13306.908,NA,13416.26,757501.673,184079.393,81951.409,279510.547,NA,37815.149,10947.29,14722.518,57116.954,NA,NA,NA,200513.754,NA,NA,261741.475,23929.51,31360.12,34135.066,99328.896,NA,133565.229,146977.18,58802.71,11644.203,NA,10739.8,1349129.624,NA,NA,NA,1214573.257,NA,114341.848,NA,NA,807560.29,44618.184,11841.06,99262.178
"COVW.2.2_2021",NA,11289.683,126994.028,27807.371,NA,76433.358,NA,24761.685,NA,11965.94,310457.619,53773.198,13663.473,39359.098,28899.908,644628.557,317901.407,29993.808,NA,NA,61409.268,NA,240523.222,168122.05,143141.467,14610.852,NA,37221.45,NA,NA,24224.217,42165.978,692422.75,31716.768,43522.137,16175.937,38163.781,35392.999,45921.548,298672.055,57164.814,14188.205,500457.334,58331.318,70821.383,NA,24135.403,115503.508,194565.586,59360.579,4012619.022,177668.961,27271.957,NA,30894.247,167211.732,18477.058,1413808.712,88101.879,33857.893,21272.714,17333.284,321496.449,NA,2302650.129,46482.487,32780.75,54845.276,177135.537,157433.852,88268.973,83577.566,98297.081,249371.299,NA,397025.215,650253.883,NA,27627.993,NA,11048.492,113535.178,NA,35026.144,10070.503,134143.218,413164.269,NA,505735.272,NA,NA,30961.77,1445156.098,53010.821,16851.864,NA,419754.187,244185.564,167826.959,34808.944,NA,371322.704,28947.526,70643.894,172498.975,11835.99,17679.774,NA,214926.371,31421.958,NA,NA,35782.713,15841.018,31681.805,77473.395,NA,NA,NA,NA,10582.349,93229.318,91533.912,14892.967,46408.284,28023.476,20799.89,10209.787,10976.32,NA,56274.483,96480.877,552410.113,130576.8,22995.198,16251.098,679152.073,228588.144,10423.337,16389.773,521771.863,46689.801,NA,10327.45,150518.29,35686.019,58010.23,248916.292,NA,NA,41198.041,32683.376,45481.584,NA,980189.173,NA,3984091.774,181490.016,134700.927,101445.693,293507.05,267771.57,NA,475325.258,39690.327,510106.128,154475.641,20757.461,125551.68,42611.327,101274.373,55136.747,52309.977,23126.609,10567.665,12823.508,209146.093,118138.635,18236.518,211822.467,13715.775,129963.584,64505.172,NA,167613.934,NA,NA,172731.546,859011.607,1143044.22,3503381.91,92905.916,1371740.92,581076.386,51711.483,228356.458,206678.12,2805564.117,11122459.57,6810771.651,13337333.54,18695.226,159128.161,61881.649,1531960.851,456225.34,NA,1170867.842,51831.195,350342.695,1090488.067,40705.43,NA,412876.741,35921.823,167213.034,3109175.865,275814.684,26862.471,58216.321,620888.867,576621.616,780619.049,28709.046,333057.758,344837.702,49480.644,1038891.965,73630.997,1385845.022,1231912.753,12495.983,1123030.911,4730481.488,2220509.044,41036.024,22021.927,87445.376,43754.633,NA,73355.79,112086.442,384088.525,210244.153,NA,149859.851,463383.373,35982.842,81940.021,28845.406,1630231.505,NA,12650.908,NA,NA,51658.219,NA,21694.082,NA,31902.623,35509.63,124615.982,955892.301,209248.586,252038.857,275639.87,67947.798,702948.702,732947.399,76378.311,80934.469,85842.176,NA,104235.388,68288.363,23894.444,70573.513,NA,1046292.781,803104.797,55559.34,NA,313977.46,81801.591,28672.343,NA,29551.392,57471.734,NA,120948.297,301178.067,69007.315,44051.525,51839.558,207257.527,2112352.869,NA,72667.049,569846.425,1916255.512,80678.713,12773.661,13969.027,NA,341694.146,NA,16884.434,NA
"WAW.1.6_2021",23075.723,NA,106509.106,NA,NA,191393.702,107960.924,90626.614,NA,51804.917,209742.143,NA,NA,13226.182,NA,80455.513,167618.943,NA,NA,NA,53769.658,NA,233627.613,558075.673,541712.271,103229.1,NA,NA,NA,NA,54643.881,46288.185,271455.146,19043.478,208605.886,NA,56565.394,NA,283439.541,210523.452,12188.639,NA,NA,20999.006,262110.012,NA,NA,97086.912,NA,NA,NA,20931.385,NA,12302.188,274395.443,33208.366,122711.028,47379.009,215672.122,NA,19108.737,83553.22,NA,NA,22029.299,NA,133764.518,10258.191,66687.049,75890.221,20194.246,180063.385,391409.859,48118.015,NA,10962.999,823926.705,18688.501,14413.546,NA,29645.582,12521.806,59073.147,40272.858,NA,366838.818,11554.791,237141.141,2081568.052,NA,NA,NA,NA,46719.031,130864.751,26935.734,244720.602,82696.409,NA,15557.851,NA,538484.388,12572.865,119374.052,NA,49682.919,10058.541,NA,NA,116641.216,NA,13048.991,11663.539,NA,38453.948,NA,85820.967,NA,28013.179,NA,49076.68,375259.615,NA,115731.869,11545.941,611890.866,41616.212,NA,NA,NA,69815.512,122505.574,45830.249,18427.785,11684.618,71468.847,16203945.61,NA,31951.564,10519.471,147313.009,520040.078,11423.286,42722.174,257103.926,NA,43267.513,NA,NA,NA,NA,15382.221,47092.155,36706.407,30390.527,NA,1534019.593,NA,144714.482,55118.222,35829.829,10868.014,12142.525,13587.254,34123.072,145926.884,NA,50555.771,27700.145,37422.569,NA,NA,11396.157,11807.909,NA,128751.686,NA,NA,37564.657,78025.383,105122.435,NA,23149.454,35419.339,NA,187584.069,NA,125548.399,NA,150324.051,NA,NA,2372400.467,1243794.509,12065.324,304522.911,593108.693,8598027.838,NA,59009.609,27072.159,NA,186803.572,25166.357,18275.042,596239.294,11161.842,33055.264,43610.907,NA,21214.52,337150.87,NA,344543.461,NA,11664.92,NA,153032.215,17414.413,NA,1400232.773,1589740.344,2815383.346,NA,35277.871,786726.2,455185.409,73282.751,10391.292,339729.208,NA,22014.045,NA,29548.979,11760.359,79762.822,11993.431,29060.827,NA,NA,NA,611192.506,820968.145,469284.593,97729.661,159709.291,379386.834,81972.36,NA,25572.919,2208912.154,NA,NA,NA,60498.43,NA,NA,120173.481,NA,88043.443,14399.965,124656.613,NA,203790.979,395228.458,366370.478,NA,14324.266,570414.45,269389.075,125785.913,72736.965,NA,NA,NA,NA,55594.436,73152.633,NA,NA,10481.375,NA,NA,NA,NA,48057.246,10421.267,NA,14461.521,NA,98746.259,110771.628,21331.744,NA,160976.389,1661919.9,NA,55583.43,31216.406,819801.784,44637.994,NA,NA,27637.485,1128387.424,NA,NA,22215.347
"WAT.2.1_2021",21214.898,NA,110528.38,NA,NA,191592.717,69003.448,99042.955,NA,93475.221,608861.989,NA,27199.564,36527.279,NA,66553.41,676767.747,NA,NA,NA,150105.829,NA,232263.109,713524.984,356496.495,101970.72,NA,NA,NA,NA,45990.478,87787.213,1470101.008,13823.8,440796.264,NA,50535.844,NA,268318.572,362724.767,55840.042,10206.763,NA,146863.824,14984.471,NA,NA,126935.275,NA,52631.629,NA,NA,NA,71437.555,306297.44,37983.364,167838.778,50894.745,778413.486,NA,37725.037,91609.431,22866.274,NA,18413.013,NA,224710.787,128229.212,59018.827,40417.182,32630.007,733491.57,458194.912,37444.245,NA,10659.316,2084284.545,17370.767,11656.989,NA,16093.678,18138.27,118806.996,12394.636,NA,301866.112,10028.416,423336.726,2800772.953,NA,NA,NA,NA,440909.506,31114.667,22611.848,149282.824,533364.574,NA,46056.387,NA,946673.963,57910.889,121257.992,NA,48570.906,90943.639,NA,21831.616,241825.689,63029.801,47243.564,25304.334,NA,13625.939,14376.961,385450.919,10820.946,22683.701,NA,15320.956,270857.116,10064.485,212377.888,52840.55,16240.405,69456.108,NA,35311.38,NA,122440.811,170342.809,96656.513,18604.264,11013.034,88462.651,29043260.66,58027.666,54773.72,51764.192,192779.184,65957.838,19977.762,244908.662,12106.505,NA,139958.339,NA,28792.409,NA,NA,43290.649,182881.974,39137.955,115801.273,19075.761,3452313.228,NA,345670.772,1021908.747,29920.041,15204.896,40793.938,36743.473,101708.569,284901.871,16699.977,204136.205,39700.846,156668.774,NA,13932.105,227695.071,78488.5,31586.261,33779.54,10174.869,NA,78309.406,63057.907,233273.328,19994.181,763274.99,49766.229,12869.736,25946.985,NA,253587.476,28310.525,788439.573,28484.072,NA,5393114.849,1174331.255,223188.201,763312.764,12784.947,10941526.33,NA,51525.283,23572.308,10759.907,676763.972,60642.045,610135.135,760854.053,57334.022,104547.121,95030.129,24015.654,20217.204,982695.11,NA,1246060.43,19778.427,61257.897,NA,184229.689,129620.549,NA,3892237.208,2299315.61,6221514.655,11159.259,27187.029,1821111.691,1731036.086,140174.219,340006.116,818687.848,13242.652,19044.806,19286.327,2371342.885,14843.592,88681.179,25514.063,395324.664,NA,NA,NA,919021.524,1297852.817,112534.13,101966.326,158401.434,641280.946,41838.2,NA,49557.866,1965797.964,NA,37714.126,13792.779,152028.692,108026.773,NA,196650,NA,140918.103,159989.517,192643.311,NA,305771.241,438977.757,469267.1,NA,11413.944,1577028.476,294367.037,228669.205,135114.707,NA,NA,NA,NA,60387.701,193859.888,24173.039,NA,87453.991,12056.449,NA,129794.81,NA,77201.876,22384.057,13400.802,14908.98,NA,109666.104,88804.275,NA,NA,233015.365,2680331.728,NA,22081.969,55191.419,2251604.191,37054.945,NA,NA,49774.79,1048517.425,10896.265,12369.105,NA
"AZT.1.3_2021",NA,NA,51560.077,248260.018,NA,119470.892,109432.342,NA,10856.28,23412.762,81999.259,19785.249,NA,27685.302,3594148.502,12585.251,351325.155,NA,1575666.439,NA,19126.642,NA,140685.517,147000.006,126110.697,NA,NA,11430.747,NA,54256.514,762011.607,42145.79,736862.22,NA,NA,17399.985,NA,17364.783,10747.69,153815.488,14531.841,NA,690783.164,80490.484,NA,NA,382466.612,76842.045,295644.195,11315.397,432015.38,48394.245,20119.984,20333.526,36227.633,NA,25884.6,326680.04,29309.272,22686.67,97273.742,92368.735,193034.322,NA,436548.009,10915.936,29497.677,75673.011,122528.282,151639.512,60841.334,88026.005,63391.142,11922.059,15926.085,338664.374,374837.499,NA,405346.662,NA,56792.794,43130.446,19387.599,17293.86,24228.162,247000.095,62356.082,NA,308038.735,NA,NA,NA,166292.234,130336.435,281959.564,15898.378,492701.987,275747.448,2752185.557,NA,NA,167915.22,19452.623,71652.005,NA,NA,16083.504,NA,89727.46,508610.624,57245.91,52225.18,47145.393,NA,NA,552478.547,NA,31393.716,NA,20556.606,28562.628,54672.892,40702.429,55759.135,13280.556,NA,65528.43,NA,12492.584,NA,NA,30951.968,20623.218,30299.333,NA,28353.326,45673.203,19777.748,NA,NA,21833.172,NA,36677.39,NA,10069.649,2839476.206,64448.254,NA,NA,NA,NA,318134.107,41961.391,NA,1763261.655,NA,3122000.946,NA,48449.96,20302.764,14351.453,12592.199,NA,49317.006,33713.673,12682.332,147208.307,12556.393,292673.253,98360.479,10398.196,175740.61,13173.568,28769.749,28865.258,16070.58,27133.965,16662.035,20754.581,NA,NA,NA,15712.4,NA,10647.541,11263.995,10751.344,152383.594,102557.257,632367.911,1821698.916,NA,428928.834,111601.324,297413.478,288845.272,18786.641,1912019.048,489125.432,4357729.901,3121221.108,27804.652,104219.787,33800.363,19266.68,364139.931,28830.988,188271.204,36831.397,14814.166,121110.723,115420.88,NA,131742.134,13929.081,403355.783,941132.763,NA,572841.585,NA,16914.239,NA,NA,NA,16665.514,280293.648,65834.344,1042887.656,181631.011,284162.079,184942.985,NA,590331.949,1170163.722,404697.444,27448.926,11868.966,18185.406,NA,NA,126388.005,36574.813,200787.329,437811.65,NA,31446.988,675234.017,65244.033,313922.007,67467.686,379433.148,NA,NA,NA,21284.404,NA,NA,16270.755,NA,129594.211,82842.734,1225487.035,79638.298,163064.156,14705.757,10237.098,NA,202823.447,637859.181,73670.706,45474.924,617189.268,NA,10445.579,78653.943,192044.901,64259.181,NA,NA,NA,89958.369,NA,78159.121,78889.271,33890.282,54040.798,43183.012,55874.999,23392.01,713054.575,60715.617,44832.504,13234.286,NA,NA,1074050.728,NA,21115.401,NA,994922.936,177785.095,13495.912,NA,NA,263640.55,NA,NA,27430.554
"NMT.2.8_2021",NA,NA,24500.742,10139.054,NA,NA,11448.872,NA,11344.65,NA,141995.166,36670.944,NA,NA,36104.878,NA,177531.687,NA,15091.798,NA,30761.261,NA,180408.458,347334.045,328361.617,NA,NA,NA,NA,NA,160987.743,16121.333,391609.472,NA,NA,542811.524,44905.02,NA,29091.33,86477.56,12484.362,NA,NA,87389.222,NA,NA,81303.905,10658.227,341293.834,31907.431,3844947.498,529046.984,NA,14549.359,37330.202,23598.546,50606.544,23483.667,51942.255,NA,30869.581,13607.166,35109.187,NA,3197373.351,16212.519,26962.709,47767.425,38659.661,64845.664,NA,196261.287,43697.244,407223.512,29256.613,58321.568,428543.982,NA,71829.969,NA,12694.762,1513130.125,20542.764,16514.609,118763.498,123578.769,935269.566,NA,649497.83,NA,NA,65826.458,1408293.415,115969.295,12740.755,134088.919,163330.303,150790.49,595689.457,NA,12213.021,114846.369,55650.901,57564.012,140903.568,NA,25656.14,NA,NA,43849.027,NA,107707.37,448651.723,NA,NA,146381.34,NA,19454.595,21904.057,NA,55664.879,17789.104,57683.504,17701.562,68806.885,30460.769,NA,NA,25907.237,NA,24624.36,17641.263,32005.071,29104.19,51785.131,222621.95,50773.476,198842.327,NA,19027.572,117268.097,10484.608,61967.406,21993.123,113995.718,241340.287,71792.332,69903.118,11643.661,NA,11517.825,14894.894,65921.68,10094.746,28259.704,NA,2865386.421,245675.099,27560.351,43866.719,133983.496,366176.541,NA,133877.653,42916.378,NA,10066.241,15535.513,26052.581,245260.872,305613.577,13405.555,53822.776,29012.54,44759.966,21213.148,27992.044,50350.42,31192.462,108706.496,NA,138995.156,19120.655,NA,139644.073,NA,NA,297058.338,51579.186,47856.269,178086.703,183266.875,224751.402,508512.181,88079.464,453568.794,12554.456,3527006.407,6752196.617,6142591.42,12090426.45,13135.73,49832.531,49269.93,20937.383,648293.98,NA,766228.935,NA,1407152.461,2499090.42,169336.896,NA,178907.287,14516.806,78699.012,NA,167535.192,27442.452,NA,11822.411,NA,NA,NA,26048.79,141824.498,12433.041,228093.883,49983.256,1209120.814,1670148.143,25954.485,1042251.504,2009769.946,3337798.441,25530.125,19836.491,68858.152,NA,NA,11926.896,161870.716,404528.279,468038.531,NA,139731.254,176618.804,63848.685,16899.906,NA,620903.512,NA,32780.853,NA,88291.07,71225.109,12842.944,49197.293,NA,54737.205,42044.937,191818.683,343312.707,85994.731,NA,NA,NA,12500.615,495926.765,44415.292,37917.32,120069.101,11491.83,37026.392,NA,43364.809,99495.275,NA,NA,NA,109717.06,NA,NA,145311.064,61414.209,11396.393,24472.9,139376.842,NA,248860.68,51523.334,96853.543,15689.35,NA,NA,1630509.049,NA,64255.585,NA,1544306.728,12826.931,12874.221,16247.062,NA,83143.538,NA,NA,NA
"MTW.3.4_2021",NA,NA,157592.47,237193.245,NA,30819.832,76625.3,NA,NA,41695.072,179017.998,NA,11397.747,34555.646,2846447.315,19156.036,236037.91,NA,1268816.491,NA,25521.641,NA,208082.952,249129.98,238043.364,NA,NA,13956.224,NA,33722.052,1080966.953,27489.765,333895.843,28570.463,NA,59904.279,15484.078,35734.238,41739.735,179546.882,19863.39,NA,103783.042,43374.48,11273.565,NA,59391.006,80490.178,177385.678,11626.057,10891.647,11274.326,NA,10673.902,84576.156,NA,57709.648,302882.81,90311.237,32081.767,25243.744,105873.307,203356.736,NA,212592.784,NA,69094.713,NA,30076.616,12517.92,NA,127017.518,136527.9,49172.707,49733.532,327981.886,741933.183,NA,286785.633,NA,82254.947,73268.886,55393.72,33653.068,11192.423,496670.088,13179.599,NA,1008563.036,NA,NA,NA,NA,93764.777,303011.541,20463.929,188016.256,24043.14,3353079.281,NA,NA,151217.957,NA,33650.189,NA,NA,54203.676,NA,13739.64,681977.014,54803.524,16264.19,94758.147,NA,41336.082,120003.726,NA,408507.677,52453.099,20198.663,40148.283,75840.665,82509.205,25474.943,13264.813,NA,17938.441,NA,11146.173,NA,NA,15020.539,138029.858,14047.362,15428.254,151164.124,97109.562,NA,NA,NA,60826.881,NA,NA,30558.893,NA,2454499.081,53851.554,NA,NA,NA,NA,38064.751,21864.84,10331.551,812647.177,NA,3100881.092,NA,224109.226,12174.413,16789.379,37258.747,NA,11433.786,20281.645,NA,194084.443,45933.909,15581.859,18112.629,NA,39010.14,13167.391,48813.656,49524.827,13676.919,11079.739,NA,19480.846,29487.332,NA,12313.983,NA,NA,NA,10519.001,NA,238189.402,22920.704,514951.348,1375387.672,NA,407966.078,116484.512,97054.178,41402.618,82577.935,1589154.502,17603.479,40489.03,13650.28,19186.549,64386.3,17181.552,19166.723,46385.259,NA,14531.578,211196.228,33983.029,NA,20827.38,NA,30567.314,14076.72,271013.059,608471.937,120814.261,451454.593,NA,52984.183,NA,NA,46716.082,NA,266418.381,86405.177,552377.368,14057.176,169194.689,NA,NA,346408.91,305082.843,NA,15138.901,12914.394,15537.993,NA,NA,NA,67654.009,293623.669,317874.946,15850.927,44953.93,50556.461,113884.334,NA,53138.513,1271771.018,NA,11084.155,NA,NA,24279.509,NA,30402.041,NA,168483.082,156840.326,77712.185,NA,174417.549,13877.091,34236.929,20554.989,156614.493,905294.708,38606.556,78379.51,240169.637,NA,39441.936,131278.44,36411.178,43424.535,NA,10786.549,NA,18871.877,NA,24422.498,NA,50018.195,21270.466,16142.762,84131.024,17581.438,1435951.849,193968.578,58574.442,13586.15,NA,NA,1605543.942,NA,28364.533,NA,1509509.264,23269.672,15079.846,36897.697,NA,227238.583,NA,NA,NA
"WAT.2.9_2021",136456.506,NA,37221.332,31127.526,NA,166901.796,11611.989,74374.29,12448.567,66453.325,724171,NA,NA,134724.446,28352.966,153579.969,173121.325,NA,11696.481,31660.104,106008.327,NA,399029.849,966342.556,914142.055,51154.034,161903.389,46913.547,NA,NA,NA,78679.854,968021.728,14553.067,796871.968,NA,NA,64856.243,10644.352,384439.974,54574.293,NA,NA,149793.83,821753.761,NA,43418.38,98144.89,32116.002,192278.922,158036.907,13495.567,NA,30826.736,325656.1,NA,250074.558,126649.821,609086.333,14735.652,64341.814,340142.821,12478.46,61430.691,46582.017,NA,216306.044,NA,44431.566,81994.323,37422.568,456759.37,414650.652,45070.445,172433.978,42437.136,3358538.57,57516.192,NA,10057.181,13413.066,35204.744,698773.965,2839007.809,1796763.012,679497.132,33682.103,314075.973,2919164.47,NA,10631.782,23862.25,55926.92,469897.688,146079.804,30436.651,646336.526,213479.518,11223.606,15629.605,NA,1489018.267,10607.929,136384.598,NA,27617.553,136173.744,NA,12392.841,299069.19,75695.738,15693.097,24947.95,NA,103297.98,NA,373061.462,NA,225197.974,NA,13578.421,404534.057,NA,257435.87,27991.762,NA,161599.534,NA,14973.474,NA,34852.816,586110.444,99243.292,29917.894,56069.063,126464.58,29838032.88,11281.388,49991.288,40686.883,571235.78,1437417.51,28398.534,246683.714,20367.494,NA,108402.84,NA,13353.879,30246.069,17338.203,22144.833,149227.852,73453.881,73763.695,13382.248,4466650.504,NA,157677.646,261060.125,72447.946,10131.527,89269.078,91281.299,113666.99,155480.75,15293.216,475700.282,10939.413,175334.024,18659.303,15700.847,221923.432,97254.353,30196.284,251100.036,25698.996,NA,71789.232,11482.438,288449.007,NA,18498.464,132833.103,12262.542,14615.983,NA,111333.643,168657.104,371983.209,NA,11504.162,7396275.1,908045.494,273882.029,628986.057,2154544.086,12308506.85,31937.202,1032049.99,646567.836,45628.831,273085.514,34429.469,14796.604,1024808.062,83728.568,71010.244,132663.582,69474.493,195155.477,641555.51,NA,646969.204,NA,32282.711,NA,492815.321,30194.834,NA,1767753.737,NA,3484575.874,1901449.567,255519.255,4157333.695,7863386.205,449122.338,360033.096,2317467.603,33669.929,26450.903,40993.195,86670.922,69474.408,NA,518480.165,231745.346,NA,220878.201,NA,639177.775,983872.984,1170464.474,107923.835,203853.148,67311.845,186068.291,NA,81159.229,3135443.656,NA,NA,126140.203,62489.249,206606.309,304579.033,NA,599169.699,49668.676,15267.381,25533.134,84140.22,353561.688,359071.78,NA,20239.175,1062684.847,402806.247,252358.789,14045.575,684830.576,1338644.342,11898.848,45203.001,113685.599,213014.073,45064.953,NA,70397.843,NA,NA,66251.577,649038.353,473098.351,112607.692,517184.333,95664.169,20986.961,390906.5,68565.741,22936.114,NA,197244.442,3006433.386,NA,45065.973,41203.726,2592715.752,40411.107,439582.358,NA,16029.515,1578251.744,32771.152,34257.001,NA,NA
"MTT.1.6_2021",NA,NA,NA,NA,NA,27541.049,16672.539,46842.956,17860.296,153928.593,227552.726,NA,NA,25661.563,NA,11284.096,2112892.545,10954.834,NA,NA,251087.996,NA,201205.753,953114.712,947252.133,5484332.228,NA,11338.246,NA,NA,NA,225875.53,514499.547,NA,154008.905,NA,30454.037,46935.569,53337.117,405890.448,28221.443,NA,528911.465,15186.935,59776.344,NA,NA,133722.597,399849.412,88950.913,NA,NA,NA,93232.539,279589.04,NA,63966.058,601655.817,110577.399,10665.294,62175.276,85874.115,455293.01,NA,13356.824,NA,42666.028,180232.871,73153.337,101060.881,17724.863,391951.94,154204.35,87586.264,53406.238,580030.708,2056210.047,NA,NA,21418.356,NA,NA,NA,112200.902,NA,57651.259,11465.479,124675.536,1186942.399,77482.17,NA,NA,NA,503312.211,NA,NA,67718.93,845909.054,12090.781,NA,NA,723250.902,35026.956,128714.914,NA,NA,334100.017,NA,67015.9,23212.68,NA,NA,15714.212,NA,12130.497,NA,31384.251,NA,22111.232,NA,74787.995,87548.275,13290.805,410227.513,NA,NA,NA,NA,15225.74,NA,90987.893,144854.978,548597.637,15712.889,18295.819,180229.875,9449312.255,10285.204,34894.052,31257.242,70608.229,188127.451,NA,31120.788,154537.396,NA,52246.905,NA,4623855.418,NA,NA,10703.197,74389.033,12369.336,234777.759,NA,2821269.115,NA,27998.887,NA,10808.559,11428.975,NA,11131.75,11147.819,NA,57141.471,NA,47216.297,29634.867,51648.239,60270.286,22647.625,NA,13804.566,NA,NA,NA,11662.27,NA,82362.459,NA,44773.746,10876.361,NA,30978.043,NA,53240.754,102528.298,964010.597,1527469.341,NA,2485401.672,214285.846,195388.859,61201.479,14724.892,4829651.952,NA,84124.938,40690.815,63458.574,137624.678,13805.135,15884.501,49562.244,33753.219,37289.996,134149.895,NA,10744.846,49323.189,NA,63544.821,52432.32,52544.961,232262.415,43277.343,346356.108,27249.409,493971.126,29528.388,300499.54,437737.022,92167.827,306329.226,83437.691,1077569.481,237239.597,182661.317,32788.029,20581.561,226071.619,886687.333,NA,90849.521,10121.66,17189.218,NA,NA,329626.084,469079.332,906082.752,122091.985,10041.987,156381.982,281845.789,132827.005,512060.547,80393.908,676524.339,NA,NA,130748.422,28778.861,12656.328,NA,63776.571,10034.346,231051.71,45348.649,147539.841,NA,309462.49,322386.225,365797.495,NA,343449.885,543715.98,301633.053,133251.015,259777.351,NA,NA,NA,NA,27836.574,185470.733,NA,NA,209644.42,NA,99092.529,238715.649,NA,NA,58637.216,11990.161,NA,NA,83123.42,63948.955,12098.851,NA,19062.012,1617622.361,NA,72959.592,19271.758,1391003.62,33928.072,NA,NA,NA,1250823.792,NA,17019.514,108822.756
"ORT.2.9_2021",123289.806,NA,17476.28,NA,NA,73720.87,14110.844,17512.17,30355.685,54500.414,455929.776,NA,172791.914,99456.159,13901.122,15935.771,1949492.55,11363.291,NA,NA,69289.449,NA,247363.197,198888.72,136699.982,7452421.836,NA,NA,NA,NA,34713.734,70503.851,765906.718,12222.462,46604.352,NA,53339.258,18653.92,141244.225,223221.756,51144.137,NA,NA,285409.107,29547.806,10240.665,NA,137875.086,NA,34672.888,NA,NA,NA,144478.812,247911.433,12013.158,143038.69,NA,167691.673,12956.649,11294.894,718431.191,20999.383,NA,NA,NA,151588.069,419015.731,394598.571,265135.89,11280.592,475327.043,21401.895,40522.713,187164.441,17195.665,1416203.368,11334.588,NA,NA,NA,NA,333427.186,107966.752,NA,639265.677,21829.497,130719.569,402860.616,349026.469,NA,11152.382,12920.989,764084.455,NA,54785.488,903466.109,1423311.036,NA,NA,254900.787,NA,209306.418,464528.178,NA,12654.984,23685.657,NA,68313.444,121720.334,NA,26971.702,18085.91,NA,170985.161,NA,151080.618,NA,39432.455,NA,94199.627,33427.16,NA,353323.627,13679.985,NA,NA,NA,14944.411,NA,13738.566,106643.63,11253.443,NA,10165.018,109449.419,5415659.296,NA,17168.255,35816.039,352778.064,12121.989,NA,102267.356,12444.422,NA,123053.739,14081.68,11659981.19,NA,NA,110469.743,129150.149,14199.392,50621.568,10103.853,2604238.704,NA,46483.105,102732.235,NA,98583.473,26437.212,12590.81,19385.347,NA,19655.217,64922.551,193786.918,70799.186,NA,84580.986,21751.461,16921.485,NA,178768.688,55090.402,NA,NA,34061.768,40299.202,NA,NA,NA,NA,13641.06,NA,139686.582,390020.505,781102.338,12941.77,NA,3690699.671,811401.965,85435.29,176085.571,17052.497,7866555.492,NA,47990.006,21095.205,61599.504,262047.646,15822.03,18247.441,276691.769,419776.73,77833.043,20844.36,NA,21972.438,227943.93,NA,195216.558,NA,NA,NA,281388.161,82230.388,NA,445010.044,NA,421027.831,521054.476,552872.609,2822651.135,3398623.909,245699.785,473740.861,1377909.716,17743.748,28711.391,NA,11856.806,NA,217622.197,165820.648,31026.528,NA,NA,NA,184251.786,504612.698,506386.159,NA,59221.812,95260.561,232283.256,NA,78916.563,2021473.423,39718.998,136024.774,NA,126062.53,NA,92567.1,30654.098,504354.37,448807.582,90543.782,NA,145427.945,80949.419,85376.533,12186.231,33569.372,599783.136,95465.629,104529.003,87209.214,NA,NA,NA,NA,88632.425,448759.357,23411.304,NA,370072.803,11035.233,NA,273727.087,NA,180712.443,187452.438,33176.846,41255.113,NA,261700.096,96679.979,17229.172,NA,28980.854,2417113.803,NA,64416.47,34078.597,1985583.268,63173.228,13972.235,NA,86622.811,143248.191,104497.826,NA,26388.969,NA
"UTWV.2.1_2021",NA,NA,140241.843,151759.23,19635.442,NA,785589.622,NA,NA,32362.916,285076.268,21742.715,NA,35530.365,1834529.435,80018.655,696312.417,NA,868250.813,NA,32593.5,NA,151182.665,131901.243,123737.42,NA,NA,NA,NA,22835.805,1082860.977,49561.309,224885.747,52853.366,NA,20821.237,NA,NA,13887.634,165986.478,15403.347,NA,NA,13014.264,NA,NA,487898.749,49781.624,144221.221,24619.023,3281218.995,316910.038,NA,23596.954,125140.506,NA,139168.88,889032.774,92599.621,NA,31811.251,38895.751,94436.923,NA,716389.814,22692.881,105619.899,172685.144,11820.511,17860.333,11052.961,107880.695,214755.721,59168.613,NA,14673.869,872551.518,NA,194565.699,NA,115564.009,333786.251,25577.572,12811.105,11137.257,365038.119,157337.009,NA,778994.308,NA,NA,NA,974341.331,319754.116,11500.887,15364.594,529848.406,602818.428,2599434.33,NA,11402.942,539312.213,46562.942,204907.592,83717.349,NA,16684.25,NA,11788.65,324993.186,79727.956,NA,27618.025,NA,NA,986207.032,NA,62876.018,49434.414,NA,16872.838,130399.808,53179.721,52847.542,71671.814,18338.412,156691.344,NA,24340.778,NA,20639.107,46451.956,116967.008,95997.711,32540.592,180167.806,97591.731,245848.167,NA,NA,114150.732,24304.953,10544.985,30570.645,46201.447,2899705.153,141956.763,NA,NA,12942.134,71789.77,30214.154,47404.862,13223.137,15776.778,NA,2396241.412,151709.496,152647.462,132852.839,283048.099,234939.842,NA,107311.747,13475.494,64290.136,10060.881,NA,NA,306812.515,331848.227,NA,81737.258,NA,77409.315,NA,67166.965,NA,12596.515,35996.211,21057.007,82378.828,26325.834,NA,85921.16,10326.883,25246.457,115796.728,3226670.299,265901.74,603392.241,150331.59,1744333.158,374292.365,73382.775,942756.688,32042.75,862512.292,5651300.723,12694880.08,11738402.13,10151.451,268775.435,171759.336,55890.771,1216703.138,NA,435557.412,43701.948,1542982.305,2845996.944,181994.551,NA,176324.786,34064.552,91813.462,NA,NA,55691.39,14345.361,11512.285,14200.758,NA,NA,2480462.118,465685.269,153746.011,153397.193,106390.028,886684.278,943740.039,19317.296,538289.732,1152404.143,1858369.847,NA,11979.943,31904.394,NA,NA,31321.386,139745.963,440539.198,105780.362,52616.666,147831.773,346614.328,75278.111,124507.602,27402.076,1948861.823,NA,NA,NA,13750.75,NA,NA,177423.343,NA,187388.791,60640.756,111941.594,574006.089,176173.473,NA,NA,NA,19047.53,194551.033,145238.549,84578.136,53356.761,NA,74149.443,195177.365,109840.943,72482.441,NA,NA,NA,76002.111,NA,NA,125595.419,10940.245,52901.905,15431.817,41936.132,20972.195,859349.796,43961.677,72712.548,NA,NA,NA,1162453.699,NA,22953.217,NA,1069749.185,19834.923,11979.411,10015.449,13893.611,556378.512,37614.008,12025.687,14017.111
"NMT.1.6_2021",NA,NA,21098.089,NA,NA,30258.747,14694.17,NA,19758.425,21392.124,370153.669,137538.767,NA,NA,NA,NA,998435.476,NA,NA,NA,38353.304,NA,294838.67,425934.965,452659.464,NA,NA,19071.25,NA,NA,21053.563,16394.883,1278441.832,NA,NA,10863.136,11587.889,10727.317,22202.35,378058.378,13324.425,NA,NA,183063.756,NA,NA,44653.905,111737.03,51095.18,89456.54,6525125.271,892197.726,NA,19007.417,113635.247,40492.653,83398.647,2500348.016,404359.569,NA,89777.086,33618.356,203600.108,NA,697533.871,13992.441,160137.939,506275.309,366443.097,245513.005,45627.058,641304.949,468171.847,NA,NA,48088.595,1639559.466,21153.833,22608.406,19321.69,NA,446058.187,16971.048,19837.7,43464.068,392952.898,125433.488,NA,2161497.516,NA,NA,12370.183,2391175.234,307482.455,16035.758,NA,419785.53,452282.379,40107.974,NA,115035.941,328028.562,180215.98,733272.875,269055.394,NA,24557.592,NA,46780.818,30968.947,64277.178,224650.718,251869.17,NA,67935.546,58734.864,87015.528,NA,36788.557,11725.904,64501.132,416364.088,14946.337,173080.261,111390.658,11396.154,136330.374,NA,24021.747,NA,18005.744,18338.268,67578.599,30890.895,31551.429,714202.744,57853.241,950001.09,NA,55054.061,102579.629,38238.559,153897.548,107566.201,286243.464,13283.76,43582.532,569007.921,10402.068,78964.276,12066.162,22000.84,175775.521,27828.584,21186.782,NA,4918702.248,423730.851,130137.7,12189.136,353092.448,705677.16,21426.514,423341.69,23314.284,10532.653,12817.851,28613.831,52538.81,268286.354,1021358.782,62507.862,224380.081,96331.208,13703.28,37191.053,229202.095,13860.804,66233,107881.125,10914.68,233020.229,71646.721,NA,251867.19,14631.486,32768.268,240988.718,969990.321,326523.211,248644.667,446591.619,2772338.858,569529.106,48494.793,355815.641,1148092.972,3787939.047,9705974.369,4649065.818,7834019.964,90071.04,93376.182,73078.069,16322.682,412444.606,90084.041,967405.815,39819.056,4713070.639,5336121.008,253127.712,NA,175691.273,13173.146,64376.492,12817.321,169479.245,105841.395,10237.497,26906.535,NA,NA,NA,210410.386,66820.367,NA,293149.414,164798.878,1468081.393,1888382.789,32225.963,1023188.559,1806391.776,2713744.325,107727.321,11094.973,47358.432,NA,NA,118701.161,495247.727,807060.689,353389.876,43071.4,177140.261,603166.925,51613.507,195403.524,21281.601,1966734.204,32837.757,NA,36387.554,60226.084,NA,90377.517,NA,14803.598,16705.534,215181.74,1937573.343,320775.266,NA,NA,NA,64281.664,1612888.291,218390.735,182932.985,26291.984,NA,15146.152,NA,NA,61114.645,NA,10114.364,NA,77681.814,NA,NA,212254.202,NA,10734.008,33560.938,13141.566,NA,52222.327,331981.315,80134.829,NA,NA,NA,2762301.105,NA,41677.62,NA,2273461.57,NA,80063.906,NA,40108.048,622385.854,48972.999,13999.917,NA,NA
"WAT.1.6_2021",39930.99,NA,36717.293,NA,NA,71030.368,22549.978,71479.696,48377.902,166241.05,209240.986,NA,124301.332,17031.029,NA,13272.446,2989166.905,16393.354,NA,19660.099,51411.44,NA,523987.662,101190.676,85200.166,10286643.04,NA,NA,NA,19162.001,13539.186,56406.347,1021867.965,NA,12639.293,NA,11930.973,11848.295,93292.075,193651.788,123818.928,NA,NA,175365.967,68285.5,NA,NA,151862.898,NA,112056.12,10851.347,13784.502,NA,329112.983,313710.385,12109.796,221204.331,NA,460193.449,14684.83,64798.467,164409.835,131372.914,NA,26707.485,NA,321669.749,371564.016,56874.176,24899.044,29650.367,2271854.16,20569.276,64713.803,112623.734,61778.213,1966240.285,13219.028,NA,16844.218,NA,19436.836,216642.706,215616.251,NA,498657.358,119899.323,56263.852,721128.034,314056.514,13011.792,12284.264,NA,1010523.8,NA,22762.291,262967.193,2256424.373,45542.833,44810.779,277746.895,90766.733,95234.4,383570.404,NA,39193.687,15393.781,NA,157453.76,135847.9,NA,NA,15851.161,NA,15049.786,NA,72945.439,12842.922,22809.677,NA,191384.728,12229.728,NA,717563.383,NA,NA,NA,12665.388,14822.339,NA,100939.999,145462.576,294897.408,48363.577,25336.602,1564949.669,3815849.56,11559.988,56508.911,42116.326,367140.892,30651.608,NA,244269.586,13018.945,10071.669,113876.002,11428.024,14788511.95,NA,13912.994,113416.601,118179.952,33160.965,41894.611,41888.553,4539874.976,NA,55713.221,16915.916,43218.726,14175.558,42040.789,17204.661,NA,NA,30785.079,15491.186,376350.548,139715.589,NA,102490.479,12277.371,22865.746,22427.35,30073.887,17171.803,NA,16877.118,95571.207,13080.843,NA,41949.4,NA,NA,18271.523,NA,151452.65,445121.29,984723.08,35294.732,46973.4,7355838.428,1000025.929,202184.667,321797.023,17717.231,10927301.67,10509.457,187692.749,102992.445,16610.203,498230.448,15934.439,22297.644,557623.987,197949.32,27340.363,33276.12,13589.04,48361.717,290367.427,17358.692,285851.081,NA,67001.705,10053.151,128785.038,26413.169,NA,1944363.754,12442.465,2730990.06,1519203.451,415530.268,1331668.763,1024943.767,97938.92,503722.959,607833.609,18122.544,24169.397,18731.627,95335.101,NA,151230.311,74242.305,43362.871,14461.188,NA,NA,293268.759,659871.725,1076430.76,67800.09,95472.844,63922.938,223074.505,12769.68,76840.382,1380017.106,20524.721,158304.084,78499.007,19025.388,NA,35517.475,33420.976,61125.041,716621.568,83897.882,NA,191323.45,393528.157,424901.5,NA,28204.485,934946.101,207736.017,222184.195,114538.593,NA,NA,NA,NA,104893.736,469312.189,17697.715,NA,699664.231,NA,NA,974230.068,NA,122388.03,50250.528,17262.281,31186.273,NA,159633.476,149589.939,11759.692,NA,269202.593,2672471.095,10771.116,31182.846,11302.358,2629367.723,18445.361,NA,NA,725347.446,180777.968,364792.186,NA,226927.833,NA
"UTT.1.9_2021",NA,NA,35256.635,NA,NA,17106.998,19919.394,34903.838,28627.666,54489.319,196079.815,NA,NA,NA,12596.193,56335.787,2154230.838,NA,NA,NA,194744.978,NA,135495.589,356689.392,348236.72,39240.383,NA,NA,NA,NA,31031.864,245020.111,807103.319,28303.821,388397.68,NA,38797.012,20014.797,142378.344,147357.409,12561.623,NA,NA,20036.53,235059.288,NA,NA,92799.707,NA,NA,NA,19301.598,17353.668,120807.09,271225.354,18021.567,92619.946,NA,345433.323,NA,38096.763,68648.011,53874.284,NA,NA,NA,131653.65,244076.56,158656.113,147844.97,20044.14,1125353.016,NA,12934.415,76858.91,22861.355,1151352.565,14033.599,19659.063,NA,17993.595,11656.081,66046.398,145810.07,NA,263670.905,62735.956,878252.256,398812.446,NA,10090.967,NA,NA,502643.612,39344.228,NA,660691.987,962878.68,NA,13404.018,152802.922,18619.508,198240.012,254580.734,NA,19420.769,18874.552,NA,61381.121,104903.994,16721.787,13544.273,25440.072,NA,61669.231,21750.019,44833.74,NA,29719.255,NA,121867.925,11613.847,NA,394109.477,18251.889,NA,60470.562,NA,NA,NA,64415.039,104509.864,119366.339,21133.593,52107.521,26660.607,20728838.45,18613.11,28850.816,51762.655,37690.204,10969.707,23931.201,71173.271,353872.974,NA,NA,NA,NA,21073.379,17759.792,43680.451,102240.025,17406.821,13374.327,NA,3097703.064,NA,71845.016,NA,29592.97,60033.461,33695.019,17902.25,NA,122339.886,16227.928,30751.272,242638.591,NA,NA,101415.337,49967.785,36695.772,28326.582,97710.647,50856.815,NA,17205.246,87983.78,108311.357,21145.207,576560.842,58631.065,10369.22,323414.15,NA,37391.405,637717.644,172789.175,10478.61,NA,3952276.154,597138.212,87979.083,NA,199660.585,5572639.557,12267.69,21738.948,17659.898,NA,161512.552,NA,447439.132,22820.755,41719.167,37411.077,11660.301,NA,32556.88,56592.632,NA,64345.999,53758.657,NA,NA,128391.572,123000.356,19567.252,2557243.784,758666.629,972501.011,10280.902,546626.065,490907.811,225930.871,31344.719,215459.785,226844.423,15898.993,22514.541,12988.669,665685.366,NA,161456.028,10412.962,45936.052,NA,NA,63036.256,NA,24198.251,503588.421,NA,50505.451,400867.304,36684.155,136764.983,28172.312,809788.556,NA,NA,NA,36234.88,NA,NA,38938.641,12581.504,75319.39,29821.067,164201.552,NA,120704.887,230306.149,232048.744,34860.929,53297.977,703042.754,54690.668,73858.708,39957.735,NA,NA,30967.771,98211.671,28083.623,116842.25,71213.477,14458.594,284617.958,NA,NA,405250.401,NA,28945.816,53230.911,NA,NA,NA,53394.569,89566.039,NA,48214.78,289954.208,839324.362,NA,38818.77,89253.258,1014128.148,13902.101,NA,NA,179307.63,107792.843,146143.685,12672.31,103446.935
"IDT.3.5_2021",NA,NA,45103.717,NA,NA,19920.586,168767.616,62591.931,NA,82067.656,133052.356,NA,168347.28,NA,10166.58,39213.464,56378.875,12147.734,NA,22589.549,135364.142,NA,199498.222,231362.785,225887.594,7154774.268,NA,NA,NA,NA,76978.667,85560.936,487771.188,16003.325,13520.994,NA,43257.369,12700.126,301088.321,224262.58,44438.007,NA,NA,166932.478,13535.199,NA,NA,150020.554,NA,51903.494,NA,27314.529,NA,87808.1,193104.608,29558.9,103022.814,NA,115204.339,16205.513,NA,186849.745,NA,NA,NA,NA,155127.099,66637.527,270641.749,231277.611,NA,325892.332,58272.806,20065.025,99742.364,13364.201,1210107.228,12045.024,NA,NA,NA,NA,96057.422,NA,NA,190582.75,11953.653,51103.588,1320036.906,64642.649,NA,NA,NA,70108.535,NA,13249.667,138424.442,144462.36,NA,21218.981,160283.165,28839.643,141223.017,111196.313,NA,50446.753,51173.321,NA,15609.878,89361.144,NA,NA,21949.839,NA,16567.904,NA,46836.499,12128.784,34140.765,NA,38660.73,85305.73,NA,NA,NA,18221.774,NA,17086.926,10116.343,NA,46065.57,72261.529,314406.395,NA,24942.989,517206.015,4157638.265,15150.622,94944.158,NA,118551.771,74739.699,NA,100534.821,74704.009,NA,73714.75,NA,7545252.114,NA,NA,29080.271,63695.983,30574.568,48691.276,37494.173,2272077.014,NA,31874.125,NA,12618.596,14487.998,20811.875,14670.464,77371.633,NA,12146.969,20965.306,60634.814,24081.217,NA,52486.278,NA,25094.031,NA,61858.175,15385.809,NA,24472.673,98957.117,48382.73,NA,10353.091,NA,NA,NA,NA,133274.532,37582.946,70273.842,NA,NA,273928.47,882078.826,47643.751,75522.522,10283.57,7548841.141,NA,20948.388,13707.449,17888.219,298753.715,NA,14648.904,208535.747,19256.495,14454.833,116858.628,NA,32731.794,135029.865,NA,163836.029,NA,26417.501,NA,286272.366,14778.742,NA,1082524.914,1288446.814,1994540.236,47577.175,38399.733,717356.842,362198.136,57152.047,121857.97,279542.413,NA,24449.846,NA,14641.052,NA,142171.268,227455.315,34194.851,NA,NA,246754.557,288324.345,603175.282,80642.846,117594.395,83584.294,116847.079,148814.843,216295.924,22312.487,1046172.705,NA,NA,123441.111,NA,25274.483,NA,14986.62,NA,93472.347,442681.164,235847.823,NA,104731.136,373331.839,418201.446,NA,59520.084,433400.649,61220.179,33930.139,125399.303,NA,NA,NA,NA,102644.831,228760.534,13290.042,NA,221205.482,NA,NA,152965.565,NA,37863.444,29089.899,12378.044,NA,NA,215120.242,113516.622,16556.509,NA,178088.131,1924130.946,NA,35297.968,29628.471,1745906.582,79756.334,17429.939,NA,16705.49,68067.031,NA,NA,NA
"NMT.2.4_2021",NA,NA,83209.817,575436.874,NA,59669.737,86034.697,14183.183,15450.213,35751.502,627646.265,552124.863,11370.074,84867.451,3162580.939,15986.223,347040.891,NA,1638131.915,NA,18756.215,NA,298448.044,296278.868,360107.761,113675.772,NA,NA,NA,55801.045,2084565.471,NA,345402.307,42020.387,NA,98320.148,10501.165,51181.473,15730.222,323940.077,10475.851,NA,NA,18556.304,10803.608,NA,47313.155,69057.846,NA,43657.86,1483365.377,104457.337,10813.567,101826.236,150384.448,NA,99760.713,362808.792,217336.751,NA,28638.654,130227.962,42781.255,NA,332387.943,NA,116779.12,147138.452,42495.915,22395.854,10418.566,337966.862,284294.368,14798.358,NA,15599.725,926909.511,NA,587680.47,NA,200898.435,145635.53,89684.269,53595.509,41242.176,401882.073,49911.309,NA,1261851.524,NA,NA,NA,562864.983,416977.042,425586.165,NA,475571.678,588335.819,4076450.4,NA,10773.065,679668.96,27151.346,149040.956,40353.739,NA,81756.812,NA,19272.424,694213.736,98143.241,94315.185,65857.38,NA,28670.892,144747.196,NA,46717.063,102978.89,NA,33015.229,192960.619,12271.425,21468.647,37576.096,15340.463,42904.383,10925.374,21730.651,NA,NA,11692.822,265183.35,47851.211,52758.593,660900.367,107776.872,124711.767,NA,NA,321008.997,18743.502,37808.214,55345.03,12547.604,5096199.337,67643.799,NA,89070.186,NA,343331.547,19442.887,123934.579,12765.492,20578.07,NA,5059859.171,61645.785,91074.578,59361.571,89676.663,77340.861,NA,664795.596,72335.635,56734.993,18299.75,11309.257,41304.128,171525.8,97757.398,28005.541,12612.589,26082.158,21130.753,15273.552,57330.838,15590.306,11740.203,29187.187,13489.232,42478.566,11216.782,NA,56159.783,NA,67866.253,190131.616,698571.743,331510.325,492909.125,46564.923,2785270.809,204905.259,176854.106,661755.066,17928.038,1365115.14,2724117.671,11016994.27,8238481.627,37943.722,469598.16,52243.595,19338.09,826158.202,14063.47,314088.569,76624.727,421868.493,1396194.489,74395.496,NA,47790.441,NA,11684.768,NA,177126.455,10132.107,NA,10952.501,35293.689,16290.036,NA,54955.589,1037683.96,518297.06,139496.825,18807.448,649063.196,403689.097,41298.478,296547.169,629385.306,1098774.589,NA,11340.173,47172.023,NA,NA,171469.83,185139.599,523630.164,235321.671,17476.093,93987.162,93464.182,172952.072,295366.219,27730.269,1181042.381,NA,24076.713,NA,48781.135,202176.688,NA,198444.578,NA,115101.458,81896.668,224353.263,146973.223,310863.852,NA,NA,NA,13913.764,1921708.386,110429.33,125237.899,422592.527,103724.46,471861.248,266687.683,NA,29459.005,NA,19383.454,NA,256043.142,10174.769,NA,362867.153,23740.836,91373.487,16742.229,767279.616,165593.522,244320.294,164388.716,72696.234,40695.031,NA,NA,1491276.261,11938.341,16177.539,NA,1280738.175,510850.265,2376875.336,10195.82,NA,490770.179,25408.615,NA,42651.104
"NVV.2.5_2021",NA,NA,368613.608,18942.57,16176.289,31837.907,765730.216,57183.86,NA,15215.367,147994.678,NA,10951.356,47615.155,46456.047,905841.419,50687.474,89628.917,10206.93,32615.556,88796.5,NA,174128.385,329390.192,185166.122,42363.464,NA,NA,NA,NA,104930.435,112115.378,727375.127,388660.103,340518.576,44504.233,121452.952,NA,319900.601,70592.363,42932.534,NA,NA,NA,92882.004,NA,NA,25859.425,41275.928,41998.132,91274.076,93905.281,NA,15411.988,160131.752,154229.798,135233.732,25177.588,138038.447,NA,113624.37,453514.54,NA,NA,23802.468,18025.187,67909.939,NA,17159.077,NA,19926.197,98437.135,181450.939,27360.635,21751.335,10090.626,790796.834,37993.998,16013.781,NA,16648.78,42443.981,336051.127,NA,NA,674808.414,26288.25,1146096.217,1166353.762,NA,10072.49,NA,NA,42955.707,320769.569,24247.41,535541.172,89811.984,23578.9,150879.191,35924.036,794264.425,NA,80448.432,NA,18496.933,34487.58,NA,12316.059,22371.785,119663.505,108541.413,35417.755,51172.098,12844.874,NA,NA,13789.461,37146.847,NA,15015.74,162929.425,10682.906,91432.744,32790.814,NA,250465.692,NA,11852.65,NA,66880.334,574284.747,215517.432,16378.032,92490.288,37567.74,21826740.87,11493.774,23989.77,127113.435,529353.106,120921.931,83744.435,38619.047,76842.207,97185.556,168196.487,NA,10018.014,43934.222,713037.843,142537.116,95495.307,23191.312,79199.468,NA,5564780.032,NA,717081.112,294929.813,14510.689,NA,23974.039,10852.316,28385.902,678982.016,15803.752,NA,NA,222203.814,NA,NA,416710.957,NA,28827.923,NA,NA,NA,NA,231435.557,168738.819,12415.602,809739.688,48223.664,NA,18903.684,NA,297097.325,264388.86,404307.524,NA,NA,2214850.323,962265.989,73038.331,665954.759,38638.088,4798896.291,13364.208,64306.613,37024.497,13085.941,1182986.957,NA,1357736.628,1192200.769,NA,11621.852,85548.685,10462.25,23834.546,108065.055,79240.353,123918.313,NA,15487.857,NA,82227.094,18415.143,NA,688010.699,880836.225,819825.379,NA,66424.442,3144177.531,3901481.014,283862.845,243571.159,1412535.209,NA,22828.793,14619.77,36143.858,10535.625,23981.905,63964.424,12406.831,105844.979,NA,133265.345,NA,NA,242478.684,NA,200940.119,546663.435,51954.649,197103.107,10117.663,1801196.724,NA,12203.672,NA,NA,10786.186,NA,119659.315,NA,1114654.072,49807.369,384963.002,10238.785,87039.988,201558.5,255019.353,760884.631,13005.079,289145.69,123691.615,83094.038,51108.78,15603.315,14211.259,1061467.274,2186524.747,136102.215,51342.683,565848.499,281020.878,33182.924,100083.574,NA,40227.26,47563.872,730636.534,18840.785,15567.955,156320.456,NA,150141.111,89974.09,11545.214,1418970.746,1902241.693,1808411.325,NA,99511.969,1230831.024,1730129.024,754131.643,80371.799,38186.865,21918.545,646645.586,NA,11679.442,NA
"ORT.1.1_2021",37100.305,NA,NA,NA,NA,12876.091,47616.514,134385.043,32380.953,122862.751,641634.092,NA,131930.032,48422.71,11546.468,11219.219,1691637.759,14102.234,NA,26935.757,341210.227,NA,513227.539,32514.42,73719.951,11790094.29,NA,NA,NA,NA,36244.2,209656.123,1230025.939,NA,41957.32,NA,29226.005,15884.846,142090.072,266915.141,68882.927,NA,NA,730103.559,77529.771,16582.41,NA,152278.111,NA,127808.546,NA,NA,NA,330397.543,294701.486,NA,218031.421,44519.999,565558.467,17729.317,13268.882,336186.54,14379.727,NA,17853.003,NA,162844.352,517191.397,375353.059,367680.6,35298.336,1441451.944,18551.87,22169.455,187039.745,37175.461,2050536.98,NA,NA,NA,NA,NA,310147.093,141853.694,NA,111877.343,10514.506,93447.609,826206.739,175067.222,NA,20868.244,NA,566431.197,NA,25984.057,390303.449,1118992.782,13524.18,73411.838,486379.344,139355.458,193570.168,567503.49,NA,101968.393,44357.933,NA,17110.747,47501.87,NA,NA,18045.059,NA,387411.319,NA,33605.82,NA,19495.104,NA,119513.062,32048.207,NA,492907.958,NA,12628.377,NA,NA,20522.412,NA,215048.282,360228.723,429845.382,40780.332,74819.962,1089223.68,7063291.84,35750.555,289342.023,86213.676,NA,97860.253,NA,273684.073,23754.808,13204.257,140514.247,NA,14758666.45,NA,14209.296,66902.921,97866.816,19924.715,168832.917,58911.052,7243756.673,NA,33451.66,11940.63,45246.771,92708.797,25724.974,12575.054,103193.882,NA,11531.473,163545.972,296681.832,15406.995,NA,21748.437,34397.385,54051.269,19305.961,619176.688,224702.906,NA,45144.032,100109.101,43897.211,NA,10028.923,NA,NA,10110.961,NA,188245.315,241936.433,665862.584,45264.917,NA,5107234.174,469611.276,378449.701,158658.849,91590.81,5390353.332,NA,92420.208,45904.108,64846.085,383659.206,63518.865,56667.269,193021.221,274524.422,62761.604,21487.298,NA,13503.018,296443.416,19968.666,351644.76,NA,37898.024,NA,52716.463,32580.1,NA,2401367.379,NA,5376492.577,2357394.009,31580.576,1925097.622,1910071.488,196476.672,400880.827,866478.659,NA,38397.814,11171.972,10949.277,NA,115537.345,11760.84,117319.817,NA,NA,NA,993947.697,613816.133,1078526.503,17854.491,225900.212,122798.238,198488.496,NA,105013.957,1294500.262,10530.304,211993.448,281700.058,NA,NA,83302.766,37608.207,227237.822,226761.565,114459.649,NA,203058.012,688042.76,624197.918,NA,193761.468,1123891.883,149239.374,218667.324,351622.542,NA,NA,NA,NA,205589.453,360722.015,13575.865,NA,927198.538,NA,NA,1215694.076,NA,126477.543,33465.813,12197.266,27440.493,NA,164909.713,88866.205,19594.58,13872.459,328929.4,3035452.916,NA,68490.388,35548.374,2786931.81,40083.88,NA,NA,198922.39,75937.377,160876.111,NA,78468.858,NA
"AZT.1.7_2021",NA,NA,68211.662,547700.581,NA,69453.113,381444.501,NA,283733.356,106558.577,389873.432,10107.022,43312.478,83030.91,3552140.948,27371.468,763191.977,NA,1667512.171,NA,70233.202,18494.056,609589.919,308832.818,176958.815,24507.32,NA,NA,NA,67042.865,2546901.542,18208.928,735834.977,49575.647,NA,119424.856,12075.421,10325.008,146599.159,246814.941,26950.617,NA,NA,154788.829,NA,NA,230605.613,77536.166,80310.06,76504.279,802312.642,14142.348,29078.7,212246.428,170110.098,11383.737,104754.487,181996.169,296107.133,NA,11421.45,135804.768,NA,NA,430741.612,NA,164412.068,645853.215,257020.166,177421.762,13477.644,570102.34,209893.166,119436.945,NA,147733.059,1531575.66,20156.347,747565.521,NA,240242.06,373930.132,99065.186,24700.149,30876.701,351974.879,58023.818,10848.623,1013774.568,NA,NA,12208.966,258061.537,546383.661,455331.986,37182.389,685584.248,884331.431,4466478.985,NA,54827.327,202066.95,83172.2,538091.203,11948.437,NA,28405.79,NA,40201.862,12099.293,12874.359,234143.877,60275.728,NA,136680.645,509120.091,NA,68513.535,16402.541,NA,69434.17,131448.233,23623.857,137362.674,97154.852,37271.868,24623.373,NA,17628.996,NA,NA,21462.32,190085.397,239766.613,NA,657776.932,54320.141,79404.84,NA,NA,110135.011,10415.133,112011.99,113881.606,20908.467,5276920.064,246860.322,NA,30596.072,NA,39761.948,NA,105898.55,14098.88,46842.739,NA,4388673.494,23031.872,95331.428,53436.192,65761.461,27905.748,14339.795,11524.079,68252.942,47705.517,27521.708,17864.028,95245.32,120243.424,58328.818,78683.007,84656.306,45751.569,96998.915,196856.763,58242.583,NA,28574.798,58033.102,11589.182,NA,22390.035,NA,27804.741,NA,11832.734,197076.514,3669665.578,464051.822,NA,24028.025,3055187.745,270235.456,144880.345,876872.204,58133.766,421981.408,1058070.712,7554013.569,5500518.713,12458.268,429283.343,79796.294,NA,1005198.838,15009.885,180205.355,61876.792,249743.96,889570.576,386652.92,NA,411011.953,10195.015,25064.9,NA,219921.268,15033.305,NA,47791.348,NA,NA,55019.494,167033.283,876945.331,447542.027,93975.854,147731.518,467609.122,198029.018,38704.509,133710.731,396456.877,471532.214,NA,26190.311,243142.065,NA,NA,221302.151,18267.564,183998.419,264153.6,NA,184419.514,888590.006,26836.046,246441.163,28316.405,1806285.682,NA,NA,NA,2323772.028,NA,NA,49196.642,NA,216057.297,122848.014,218140.052,139323.477,262505.621,18020.992,15703.909,NA,61164.868,1147719.511,98418.053,116882.156,396572.469,NA,87575.9,309224.838,446863.245,35919.814,NA,NA,NA,637182.96,16552.444,NA,778150.738,30325.853,30673.951,19057.07,70475.148,12275.883,854182.54,130848.111,76844.764,19683.137,NA,16235.094,1985384.363,8865556.067,44064.819,NA,2115527.355,460301.319,13784.166,19062.918,50780.979,138753.303,82567.858,NA,13752.157
"UTWV.2.8_2021",NA,NA,25468.806,570175.962,NA,71510.704,124254.784,13350.049,NA,14844.366,152740.69,13071.31,NA,16758.746,2808635.23,41598.665,674378.837,NA,1306512.932,NA,48156.731,NA,278180.988,150830.519,116112.183,10795.176,NA,14952.277,NA,48786.751,1679753.523,124214.345,255844.908,203791.693,11495.892,78279.756,28809.86,35697.477,10808.388,53436.048,17020.217,NA,23430.554,37040.919,27239.835,NA,33015.6,103328.577,15284.129,36535.686,NA,13747.296,NA,33032.409,69666.773,NA,56631.67,95249.981,75477.297,28956.756,149882.123,452395.493,72446.306,NA,74334.051,NA,204360.878,141382.541,26981.354,52142.225,NA,153427.584,71463.22,33683.383,24476.784,15530.244,157931.231,NA,222948.591,183798.274,72802.046,72826.084,325425.999,NA,NA,309011.715,15687.007,17735.057,368344.74,NA,687739.14,651797.37,NA,143071.845,309544.68,96476.453,181006.041,261202.622,3737367.17,NA,14665.06,124764.588,21505.486,97623.312,NA,NA,19980.419,NA,NA,700724.009,12833.44,20413.851,16259.324,NA,12307.972,92270.304,NA,363015.593,26147.43,NA,19309.679,49486.404,73955.43,124507.458,27865.291,22710.926,15173.636,NA,NA,NA,32185.633,82546.946,47532.619,32986.519,25299.779,199604.251,248176.112,NA,19894.703,48505.376,245766.688,NA,NA,NA,32965.397,2591479.904,327752.72,NA,NA,NA,NA,175135.552,38295.604,19576.097,206689.327,NA,2961125.459,NA,11161.829,94662.76,41139.422,18845.572,NA,36066.046,104726.774,18752.814,720846.386,52513.952,33559.748,27158.94,NA,13108.92,14940.19,NA,68614.803,NA,NA,NA,11258.073,16213.982,11487.449,23392.382,NA,NA,NA,211083.024,NA,306327.483,353943.173,89930.285,40576.83,NA,1345145.839,61449.865,345256.491,188850.166,15561.737,767389.626,NA,119217.286,77331.796,11808.315,86891.67,48109.478,17827.996,215561.003,29958.525,11779.186,21963.164,22035.58,NA,160568.531,NA,168479.379,NA,NA,30416.085,NA,15438.274,NA,102758.509,155445.046,44071.449,NA,30340.768,559964.924,246686.087,41324.307,134776.812,225646.996,NA,32350.427,13270.521,94852.941,11479.967,19079.885,90629.473,16825.25,NA,NA,205805.299,217958.091,12418.641,39595.104,NA,86995.12,527172.106,115054.495,137883.322,11446,758719.933,NA,11337.201,NA,69969.23,22211.818,NA,21873.52,NA,359577.68,37455.558,554957.392,NA,54502.377,77818.671,87428.734,NA,400898.106,541926.799,86418.169,60811.695,228860.418,NA,63032.695,236827.524,18898.415,35301.984,NA,NA,NA,68754.014,17418.027,NA,74587.249,46538.055,112048.998,39302.998,183797.104,40764.822,868281.218,49856.821,57568.305,14341.333,NA,36634.065,1078243.393,NA,42446.909,13483.757,1015939.852,60903.029,1952545.47,53755.757,17951.261,330612.123,45562.209,NA,18457.305
"IDT.1.10_2021",NA,11235.965,NA,NA,NA,21886.516,21891.635,59910.707,11680.821,96495.254,719202.708,NA,91701.045,32754.82,NA,12915.094,1867666.312,23322.572,NA,10817.45,328037.341,NA,428458.267,114604.904,150945.134,8731040.203,NA,10521.098,NA,NA,27385.444,190404.794,926594.013,NA,26490.979,NA,45759.82,44989.353,149974.239,227922.062,52744.142,NA,NA,274056.197,38288.767,NA,NA,141880.273,NA,53125.98,16773.898,13624.099,NA,224473.176,294662.639,13137.534,159360.186,NA,561553.626,10613.991,36785.601,129736.869,15954.212,NA,38019.054,NA,112352.945,254153.931,306007.098,332209.298,NA,1308418.172,15918.989,35151.87,210090.969,19534.046,1775440.464,NA,NA,NA,NA,NA,48328.137,106665.95,NA,202108.989,49605.782,18771.841,737637.409,82440.36,NA,21188.137,NA,676806.206,10964.322,NA,158755.121,1273478.614,13000.405,11352.29,316773.776,10511.61,428166.501,264078.923,NA,26317.726,33256.026,NA,83322.325,66555.085,NA,NA,NA,NA,275795.98,NA,172740.093,NA,29423.036,NA,93446.175,15137.938,NA,380773.564,11813.901,26149.361,18845.233,NA,NA,NA,87831.569,124834.257,464325.69,19247.851,11246.344,639368.873,2496417.687,10390.028,128530.328,41476.307,92990.756,26092.083,NA,114704.416,11519.693,NA,44390.696,NA,11497385.3,NA,11302.928,72390.125,66478.227,10018.526,34726.684,32490.872,2667108.452,NA,24973.305,NA,13315.627,10226.158,59017.851,11202.759,NA,NA,22319.259,24767.781,268067.277,111433.072,NA,152997.691,24163.379,52925.934,14812.565,391674.298,113675.414,NA,14437.898,57951.98,21852.893,11944.093,254732.795,NA,NA,17526.088,NA,108360.132,216280.861,711371.721,10230.979,NA,4673692.972,798535.456,77627.182,226225.965,28551.2,8484643.184,NA,306663.179,174854.843,46415.182,649993.218,NA,15637.403,338810.252,55352.976,21608.637,47508.962,NA,26110.856,242290.407,NA,188400.957,17369.84,34870.106,NA,48484.366,13984.448,NA,2350890.122,1761130.731,3460927.309,NA,324196.066,1897615.111,2126035.32,164895.8,325621.658,894344.977,NA,21288.96,24239.621,308140.147,NA,138521.717,185896.6,145423.5,NA,NA,31064.568,769068.642,1186036.15,813414.482,21549.089,110331.676,127668.425,203067.821,30328.041,53265.631,1160769.712,NA,13461.359,158462.671,51294.539,52714.816,NA,15779.41,24406.053,154518.635,651724.136,92980.858,NA,181244.552,317671.384,339505.1,NA,94556.653,975387.762,48401.85,57159.301,85236.532,NA,NA,NA,NA,86390.53,314262.198,NA,NA,713140.247,NA,NA,863867.246,NA,44993.855,32480.73,NA,NA,NA,133396.35,118308.345,16954.529,NA,67339.921,2713925.604,NA,31906.258,20964.052,2492108.991,16249.52,NA,NA,34994.574,145274.664,72533.638,NA,79014.122
"CAT.1.5_2021",60704.554,12651.166,17207.9,NA,NA,13684.179,23345.711,17231.63,10345.679,78359.598,403949.063,NA,50700.541,98569.828,NA,13042.355,2119930.87,10425.52,NA,NA,113334.794,NA,326017.702,119821.618,65645.481,5919239.791,NA,NA,NA,NA,18309.628,103985.026,647974.838,NA,128424.158,NA,11142.786,15762.963,42797.537,131148.392,64594.278,NA,NA,251260.307,51042.845,NA,NA,103679.795,NA,61103.507,NA,NA,NA,104397.471,203832.987,14014.781,113343.586,NA,241547.511,16555.267,53407.162,351922.267,51946.867,NA,43844.986,NA,119582.864,378294.669,295938.826,125583.796,NA,471626.845,27033.952,66433.318,42057.239,35555.277,845400.826,NA,NA,NA,NA,33517.951,254046.851,147586.488,NA,229930.845,31793.541,258088.892,536340.828,105583.579,NA,NA,NA,543771.649,56803.014,19894.459,172667.514,1103116.753,23512.873,NA,133818.531,11091.268,54476.813,283419.946,NA,NA,25383.958,NA,67583.971,91991.163,22494.354,14666.792,11121.961,NA,70798.13,NA,91501.693,NA,NA,NA,75465.758,NA,NA,410734.746,NA,NA,87029.344,NA,14133.103,NA,30557.211,99590.103,152220.803,126021.569,181566.433,326866.518,11900276.39,NA,25064.688,33323.092,NA,286176.862,NA,103704.637,10229.582,NA,73550.484,NA,9140048.737,13146.509,NA,52605.376,68523.36,20489.473,74969.941,34754.055,1956656.034,NA,73374.339,NA,15834.627,52343.103,13219.272,17478.761,63795.607,10420.016,22376.978,12676.876,133862.607,96074.169,NA,87010.891,21146.61,24613.323,29659.135,151332.472,48748.627,31640.852,45568.834,43699.347,39998.24,NA,68600.674,10059.763,NA,28565.656,NA,122340.27,221431.431,703834.954,NA,NA,5524167.937,365345.346,178360.44,321868.383,14442.426,6578035.545,NA,40676.064,14094.612,10366.349,286417.53,11161.824,16957.805,411283.65,13991.57,51483.676,21910.83,NA,15383.826,232099.265,NA,262448.022,10203.556,21348.232,NA,55467.402,25026.096,NA,624020.378,462023.017,315760.965,10509.368,365428.285,2488636.472,2771856.875,217491.885,84941.745,1064374.582,NA,32472.801,10310.62,212265.184,NA,41523.276,266962.029,52389.349,NA,NA,NA,205161.683,481083.465,425380.709,NA,140024.935,131755.495,169107.349,NA,47917.122,1396653.837,NA,25319.109,91218.493,98319.984,128269.653,NA,88697.767,22455.699,430797.849,399399.467,81227.999,NA,128843.925,62798.1,65397.429,NA,45928.962,587537.941,41812.422,96018.028,162567.12,NA,NA,NA,NA,159745.997,245293.071,20499.083,NA,252474.462,NA,NA,363302.998,NA,343713.75,20834.145,16045.771,79981.146,NA,236800.59,58231.974,NA,NA,38100.462,2372365.758,NA,41398.361,33340.595,2068472.832,13631.618,NA,NA,247377.15,81963.671,186079.633,NA,95685.161
"AZTW.1.8_2021",NA,37738.415,36217.785,NA,NA,20886.906,12047.649,NA,30256.136,110691.015,387166.633,176664.353,11273.986,70324.098,115005.009,25931.223,441423.006,NA,49786.178,NA,59458.621,NA,266013.463,462490.293,442941.011,NA,12151.001,43385.227,NA,NA,12423.54,29504.265,897346.571,NA,NA,195174.103,93246.913,32484.495,36679.554,380969.741,279744.394,NA,NA,637553.879,13013.305,21499.112,21098.774,75377.222,11715.99,50344.394,9069825.539,1150409.392,NA,52569.786,60330.619,57834.64,80613.529,3308979.94,605746.33,NA,89571.341,354939.895,260862.313,NA,1134470.205,17296.108,152945.938,467456.108,452570.051,364994.311,21215.146,929790.785,136025.404,165135.477,26128.854,96720.298,1445024.289,11314.388,21182.182,19364.816,50701.247,781794.043,298069.081,32415.563,26554.777,409951.141,195983.849,NA,1681622.293,NA,11438.614,15569.407,4050968.306,28940.713,57049.497,71887.601,1273544.198,273541.576,117540.637,14194.775,288378.894,47255.428,338874.06,305630.059,835966.252,NA,24318.661,NA,10973.965,51113.928,28481.268,72472.059,21287.222,NA,103770.472,387392.713,50437.251,17949.362,11687.287,13329.12,185203.197,58774.301,12069.296,47102.957,233574.357,NA,60546.288,13001.569,13830.105,NA,34486.517,26736.301,255168.029,83004.712,49972.502,987242.52,415923.365,2668105.904,NA,161449.995,62774.078,12607.492,24129.177,188105.153,364607.628,85778.498,132793.736,172927.235,18875.688,NA,25622.128,62405.746,120704.276,14671.101,43283.073,NA,5772121.138,651467.488,45164.027,644022.145,510462.304,849043.971,NA,444870.458,42175.986,15686.939,41432.977,24476.655,174938.474,423306.683,1246498.337,10262.318,271761.206,163058.819,81775.724,390194.564,747238.33,14504.274,101589.632,39264.198,15339.135,227133.172,203960.021,NA,319814.028,NA,627447.1,344718.292,946701.823,277691.02,23811.992,768073.209,802195.624,694221.451,448190.912,1069156.256,300992.535,2317965.639,22744300.97,12011449.81,6244863.557,41187.327,328472.638,203323.287,22189.211,852869.15,55483.676,1379901.312,14829.593,7385929.689,7127069.335,422211.523,NA,656689.881,15346.965,121871.169,10024.705,110554.527,11088.557,13487.303,128291.381,NA,30092.475,147206.601,78134.596,964862.608,403546.4,474450.359,307145.272,2264793.12,2295815.833,45142.529,1280106.998,2727034.513,3676672.766,55886.214,26632.079,76773.768,NA,NA,238747.102,33892.203,224750.157,608214.895,69457.844,180546.377,730548.609,153613.929,469441.549,69624.69,2346395.411,NA,NA,NA,NA,NA,NA,65654.883,NA,311723.044,64733.19,458657.65,2763006.528,348313.868,18183.989,30212.123,NA,11883.996,1479703.283,191658.331,256180.256,403099.476,NA,44018.756,NA,12303.138,23017.156,NA,16809.948,NA,421691.017,NA,NA,517207.596,56791.275,100206.953,57675.535,50192.575,60297.663,95882.819,114964.317,95873.096,NA,NA,24450.716,2231195.203,NA,65325.742,NA,1972365.692,13182.47,10437.699,NA,NA,125172.266,30958.333,15129.283,NA
"NMT.2.5_2021",NA,NA,11160.751,17879.382,41056.616,12535.142,11366.172,NA,NA,14379.453,185015.121,44767.411,NA,12895.782,15656.498,NA,80878.153,NA,NA,12382.816,24304.505,NA,113856.873,379398.426,387478.413,NA,NA,NA,NA,NA,136378.101,NA,264341.621,NA,NA,1190238.852,47923.928,NA,35060.163,109008.359,37380.119,NA,NA,63099.016,NA,NA,231130.117,14787.854,NA,46412.646,5913144.385,741248.321,NA,14310.789,90638.751,13152.357,77386.461,1977555.411,179082.047,16341.646,104868.23,NA,150070.667,NA,2369242.813,42429.493,28906.33,NA,14729.485,12642.456,NA,317653.933,88923.773,161313.609,NA,70681.634,1033266.186,20866.69,12555.439,NA,NA,1596395.716,32183.623,61780.721,108895.733,487620.565,337235.307,NA,1579733.123,NA,10291.888,33213.218,1761465.651,55117.602,15170.372,81150.251,623235.545,NA,314162.768,NA,NA,854972.74,10095.385,20128.209,164638.396,NA,56216.823,NA,10254.263,15222.16,NA,47245.454,70606.932,NA,10671.419,164158.055,15543.005,15686.509,24570.676,NA,21569.673,59069.221,18677.092,85639.245,37240.127,15350.882,NA,NA,31177.7,NA,21589.359,221293.798,136734.68,248880.835,66404.944,322675.035,26041.011,689185.051,NA,46206.395,76666.096,NA,35420.51,61668.858,125284.744,110467.336,124983.47,50129.984,NA,NA,21188.971,103917.528,192662.929,15737.132,NA,NA,3849368.244,320965.61,56665.597,NA,172817.122,464985.934,NA,143055.316,12045.698,NA,22041.715,97033.491,25572.862,83584.851,513947.173,NA,15192.176,103822.51,29769.623,133010.085,46696.664,17091.522,64545.3,51939.503,10658.855,160061.752,44937.356,NA,44958.477,11357.767,NA,164667.305,90723.484,214512.095,429544.387,274738.691,1861317.637,459366.541,10115.647,37336.786,448943.359,3487767.922,9938566.105,8627890.46,13117131.05,18813.97,66646.106,11368.317,127123.109,19350.421,13970.323,886063.076,50041.748,3640896.455,4494137.438,271672.816,NA,306964.022,NA,80026.674,11871.427,NA,44356.367,NA,11479.931,NA,22592.424,NA,43270.37,139322.052,10425.935,264697.218,13824.423,1397660.005,1871641.345,15248.646,951660.958,1904780.486,2980045.897,21459.355,18251.174,107774.338,NA,NA,10565.482,NA,130179.378,238211.066,16733.034,98566.933,251091.701,16214.954,11865.392,15260.103,626489.226,NA,12511.535,NA,21893.357,372295.013,NA,163340.781,NA,27094.019,24303.839,160829.18,148256.789,126618.062,NA,NA,10348.454,NA,1329240.649,183098.216,109169.397,248687.633,NA,99335.528,17954.632,43990.033,76041.53,NA,NA,NA,NA,NA,NA,21459.754,11188.846,21698.735,NA,57399.803,NA,171695.356,50159.562,73297.764,10904.414,NA,22145.355,1306258.612,NA,NA,NA,1149558.617,21425.26,10852.335,14445.633,NA,862091.698,10477.496,11232.57,13803.754
"IDW.3.10_2021",36857.656,NA,27384.004,NA,80012.576,14926.844,NA,NA,NA,69845.113,437525.16,12245.284,NA,NA,15486.942,NA,1153815.499,NA,NA,NA,18096.063,606957.927,176023.863,385930.718,288135.961,17127.934,NA,309099.592,736565.331,NA,NA,13081.878,237873.125,NA,NA,NA,NA,388933.86,NA,319059.012,18047.281,NA,997231.521,33026.599,NA,13070.475,NA,229408.368,307307.435,24913.197,NA,NA,NA,89005.213,111829.824,NA,30943.624,378964.374,173657.458,18653.147,98765.532,NA,433305.276,NA,11704.221,16637.46,57405.732,93099.672,42797.052,68492.452,28136.947,295383.458,96610.973,NA,NA,473969.583,1575873.565,NA,NA,NA,NA,NA,NA,14392.702,NA,106391.239,10026.31,NA,965991.693,NA,11487.668,NA,NA,267329.664,NA,NA,96460.75,439383.776,NA,NA,25100.213,373202.237,21327.543,97099.454,NA,NA,37085.694,NA,153962.466,74273.818,NA,NA,14575.051,NA,19927.768,NA,57774.368,NA,52469.439,12973.399,52005.074,44499.551,21781.856,190609.604,NA,10149.321,NA,NA,458664.554,NA,NA,13714.199,59515.682,NA,15796.392,216716.127,20797.228,NA,NA,NA,132241.787,NA,NA,12184.685,34340.134,NA,56766.895,NA,39509.357,NA,12977.421,99477.126,34944.869,NA,470101.458,NA,2445385.686,NA,27230.099,205261.573,NA,35863.424,NA,165763.306,24808.286,NA,301403.818,33208.946,14398.121,24413.867,50147.312,169956.568,NA,NA,NA,21988.41,NA,82896.028,871240.94,47086.099,13137.744,87177.247,NA,NA,NA,1463692.403,NA,126222.013,83078.918,1372419.296,2328100.487,NA,1877368.718,614823.558,112236.946,100441.083,12250.765,5330024.919,NA,19276.016,14629.165,31208.066,793219.098,47136.748,30730.043,140025.833,12388.601,NA,47523.854,NA,10911.929,13685.607,NA,21140.49,25118.182,33972.033,1267091.161,80709.332,781318.414,57961.54,NA,76314.462,NA,NA,74860.608,NA,NA,1765594.522,39570.259,16665.265,32084.592,21001.149,998891.134,293807.827,11170.262,16352.991,105221.673,29601.676,NA,NA,26810.686,134895.458,157483.699,67003.718,18648.268,48573.086,133062.877,30324.342,30224.328,157633.414,639296.319,NA,31534.585,NA,NA,134513.494,NA,194340.762,NA,NA,21357.097,62632.261,NA,337912.706,NA,NA,NA,624176.902,123136.229,116067.507,73026.147,200826.288,NA,NA,NA,NA,38254.822,NA,NA,NA,290241.894,NA,421963.688,272227.625,NA,NA,50204.114,NA,NA,NA,43946.365,67488.14,NA,NA,NA,1478197.368,NA,13951.154,NA,1345900.587,NA,NA,NA,NA,366466.652,NA,894775.313,72171.599
"ORT.2.5_2021",55124.123,NA,14730.388,NA,NA,28815.93,64755.457,86675.899,16185.519,54592.219,114969.33,NA,48722.327,31577.369,NA,24643.106,1415163.47,30624.312,NA,12372.488,175731.439,NA,352234.96,186608.56,164084.224,9058714.399,NA,NA,NA,NA,33232.967,145667.23,1048954.588,NA,13591.064,NA,46201.214,10702.294,187312.772,151751.64,18080.14,NA,NA,71137.488,61962.117,NA,NA,133305.125,NA,16530.171,NA,NA,NA,226340.547,186449.771,14520.854,265830.717,NA,255433.615,NA,13828.733,202969.911,NA,NA,20926.352,NA,155201.306,322776.95,232014.302,123081.514,37897.749,1006829.075,22779.122,133482.145,94930.987,12916.27,1499558.412,NA,NA,NA,NA,20760.553,145881.926,27388.66,NA,333211.342,25963.724,116048.037,589158.085,194392.904,NA,NA,NA,592404.205,NA,41336.708,271336.026,1316166.638,12474.785,11645.194,189318.358,16532.538,283734.001,222047.161,NA,40689.392,13574.323,NA,10231.243,47837.194,NA,27559.714,10885.934,NA,24294.397,NA,24462.801,NA,48343.515,NA,148765.142,14334.739,NA,227070.796,12503.573,11939.653,NA,11727.501,24243.896,NA,202902.389,307428.019,74312.691,38154.194,20346.591,416606.606,7646828.999,NA,65916.631,60964.782,138752.151,124898.078,NA,132628.859,13186.119,NA,164186.171,NA,11599197.63,NA,16534.793,40667.492,48579.666,34136.857,76575.52,47713.151,3905785.513,NA,22015.19,15379.345,NA,57785.554,13366.712,14897.364,10280.123,14046.059,NA,12320.996,198888.183,68864.857,NA,53293.842,39967.196,59054.516,NA,113692.394,53732.577,NA,37664.993,151082.018,32275.123,NA,11102.411,NA,NA,10469.208,NA,262035.374,NA,484030.443,10353.094,NA,2914600.576,383098.271,232382.98,340104.928,1453382.788,6862965.396,NA,36880.905,11539.596,19764.103,272696.094,50289.034,44397.896,428600.694,222414.419,107756.999,10717.94,NA,25250.214,232765.259,NA,268254.467,10546.045,13129.901,NA,737590.641,18365.878,NA,1818933.65,2070525.483,3916607.334,51040.888,NA,1764216.864,1517565.109,144683.258,349026.065,739154.93,NA,39453.223,10542.436,13965.51,NA,202502.022,12765.159,26293.465,NA,10870.936,12539.219,156102.802,501364.317,453881.022,NA,52458.841,284577.57,79691.11,NA,41687.195,791792.892,NA,31831.167,178076.017,30567.082,184144.21,NA,21957.728,34458.227,175496.984,293601.361,289563.072,NA,109895.218,399191.448,422098.642,NA,114543.348,1014877.673,85377.218,120723.585,200612.582,NA,NA,NA,NA,19669.446,361300.909,14407.204,NA,291774.448,NA,NA,705785.546,NA,80501.114,47249.898,17585.21,NA,10156.246,68817.12,109055.014,10202.592,NA,184075.145,2426060.073,NA,61428.153,27364.992,2217218.099,27433.192,NA,NA,108456.944,143763.207,117777.134,NA,77726.418
"UTT.1.5_2021",NA,NA,10240.081,NA,NA,11531.306,24556.247,50772.951,41699.097,50117.364,281932.081,NA,NA,26334.386,NA,52692.377,2708224.782,18408.809,NA,14418.138,67343.141,NA,127405.939,172611.135,264954.879,171959.612,NA,NA,NA,NA,25725.814,23505.49,1109975.898,60168.072,365075.454,NA,19931.642,28197.236,57670.691,185954.974,12162.752,10077.648,NA,14988.045,271360.577,NA,NA,137815.955,NA,NA,NA,24488.325,17311.231,101474.239,361057.55,41080.224,140155.028,NA,431271.796,NA,136864.777,NA,84857.587,NA,20096.717,NA,177394.67,351127.903,197662.728,159902.645,28136.916,1111772.328,28940.956,59585.543,10379.787,31429.944,1353430.053,13742.557,14496.712,14077.283,15407.582,10415.438,NA,206918.494,NA,238666.483,114270.122,868300.909,416764.154,NA,NA,NA,11315.91,600228.705,124165.409,27458.89,318719.785,1219586.384,14146.021,NA,183041.668,41959.002,63626.369,399784.751,NA,NA,17127.124,NA,13035.186,134858.95,37949.644,54404.927,30761.47,NA,17139.102,NA,66655.125,NA,30831.761,NA,92576.733,11755.039,NA,549475.72,16314.667,NA,86833.167,NA,19457.344,NA,161042.697,251885.887,131926.028,38642.537,21143.201,32087.776,21078494.04,NA,10684.368,63301.49,32176.641,16498.934,37931.086,131226.23,11376.602,NA,31883.456,NA,61511.821,34797.942,40695.811,269533.455,111315.652,64454.173,33692.757,NA,2622166.912,NA,83727.95,NA,36840.743,19231.657,NA,20230.78,NA,159132.946,NA,13005.673,184986.786,NA,NA,64683.677,23431.11,12367.702,123543.186,16595.675,NA,14683.78,12604.622,52231.01,224743.229,NA,130921.656,54862.748,NA,16491.718,NA,29049.787,108005.756,516092.196,NA,56057.062,4354549.592,829703.883,100325.632,10613.454,32465.512,7598237.785,NA,20122.51,26852.616,22800.771,220293.956,NA,270043.313,11758.08,NA,47244.22,12060.336,NA,10308.518,45054.741,11000.611,57876.633,19763.762,NA,NA,NA,69319.878,NA,513714.913,NA,NA,19253.781,152982.414,11263.844,NA,NA,162550.376,18762.26,NA,24315.752,14165.535,116215.78,NA,138456.416,10194.312,29756.782,NA,NA,54467.513,NA,13352.418,312934.006,12658.264,89064.18,301976.819,45721.611,243965.944,71163.221,753301.507,NA,NA,NA,54025.346,NA,NA,54664.791,NA,142706.685,79994.672,365827.817,NA,123779.614,329181.012,329757.896,13208.148,13174.597,915554.22,37433.868,97337.548,42738.41,NA,NA,53871.183,155649.904,39556.024,188695.658,103044.39,31584.28,268458.775,NA,NA,381679.253,NA,89588.202,10272.459,NA,19614.92,NA,32327.02,92487.336,NA,148525.223,575278.412,1340791.017,NA,51352.336,119468.027,1236891.005,28142.519,NA,NA,305082.876,75379.946,235796.563,18865.483,123315.951
"COW.1.2_2021",NA,72610.018,464229.969,NA,NA,24410.184,NA,166851.991,NA,13423.455,271263.943,NA,NA,38942.935,NA,962098.994,25431.935,187163.019,NA,10328.462,106308.698,NA,118913.171,128761.225,105178.203,24502.83,NA,NA,NA,10259.097,NA,33990.28,1112495.998,246341.132,50780.319,40553.278,156733.024,NA,63131.908,77178.905,11259.526,300823.55,NA,11510.153,294723.467,NA,27876.382,24750.109,11110.565,33640.778,34431.33,1503631.544,NA,12574.648,75067.616,1480171.992,87990.772,11012.104,97142.997,NA,501742.873,NA,16761.47,NA,13945.935,316588.253,17504.384,NA,NA,NA,11895.802,75870.205,171554.838,74012.498,NA,13547.259,620086.916,105269.671,41923.65,NA,97148.606,14760.532,NA,12390.739,NA,295487.475,14211.845,54829.311,746619.21,NA,15906.703,NA,NA,124788.927,64179.113,29156.915,376408.354,121258.104,NA,209842.437,11923.726,1016623.452,NA,79256.654,NA,54016.033,26620.249,NA,10140.588,32053.712,66813.455,28227.616,69809.201,72662.733,11116.054,NA,103604.076,15559.136,NA,NA,10271.401,88432.266,NA,86551.116,66523.833,1082358.976,48501.201,10215.432,15019.183,37997.506,374059.846,670642.313,25151.379,85106.333,NA,138046.647,38430.967,NA,205802.383,12287.721,184409.214,49307.252,16522.593,33692.622,10156.891,NA,83560.925,NA,18271.759,NA,28990.257,416026.336,82232.991,13221.633,15701.952,NA,4804241.351,NA,877286.563,80491.162,15482.473,16143.481,NA,15741.786,93896.465,1585212.247,31955.72,NA,NA,37131.203,NA,NA,34289.451,208335.888,20097.534,NA,NA,NA,20593.22,220611.321,25348.629,15031.017,1080819.823,19331.92,11521.423,19582.891,NA,182544.282,26389.048,531852.715,NA,27605.47,2481832.846,403164.55,230726.191,372601.215,1165972.579,4570675.297,NA,78552.653,52995.458,14330.157,493824.118,10042.038,2238573.678,470906.419,40436.794,10033.385,129044.516,NA,NA,NA,92742.698,NA,NA,28464.401,NA,11068.575,21298.75,NA,1787478.681,2077719.794,4122480.648,NA,NA,151716.191,40159.86,15675.827,142002.852,29476.478,NA,59179.565,NA,19344.664,NA,80804.087,41309.058,38569.073,216240.705,NA,41659.59,222791.862,553236.996,131195.401,NA,32552.698,182233.45,50556.397,NA,NA,1012669.779,NA,18995.114,35992.502,NA,23780.498,23289.436,158910.538,128004.791,14956.716,30325.102,267180.735,NA,87157.461,625879.975,631616.578,27930.985,NA,1965918.597,74070.487,83155.143,35149.878,NA,18093.547,208046.883,10641.482,20621.038,84990.856,1403281.715,987037.419,35538.431,67987.181,NA,11084.911,NA,47363.122,220105.939,NA,NA,NA,66398.612,60440.33,23439.11,1866203.154,2244296.146,1563768.04,NA,118226.551,2108435.392,1524659.207,10961.722,NA,41914.188,NA,621599.96,NA,16581.769,NA
"IDW.1.5_2021",76134.447,11466.606,19926.848,NA,344850.647,13045.958,NA,NA,14666.947,16104.062,402136.806,31789.948,NA,NA,131464.388,NA,218972.287,NA,NA,NA,146569.673,691902.77,322303.456,17775.227,54234.569,NA,18043.336,620386.712,602017.836,NA,NA,146347.688,503473.515,NA,NA,22399.201,NA,1125642.182,NA,111358.408,27080.057,NA,NA,33283.705,NA,239613.215,NA,137042.815,NA,32186.295,NA,NA,NA,124411.753,114486.984,NA,86391.949,NA,247614.046,491021.981,23905.63,NA,NA,NA,25739.286,NA,233205.21,320079.807,318477.215,118350.772,12266.549,246758.055,103794.892,NA,52439.444,14604.71,1196629.063,NA,NA,NA,NA,NA,NA,12363.731,NA,73969.131,16551.684,NA,673660.852,NA,14048.227,11363.933,NA,63580.926,NA,NA,72404.832,325504.923,11100.895,NA,229919.149,44121.247,84212.429,283625.822,NA,NA,39040.284,NA,37254.924,221523.54,NA,18900.372,15479.517,NA,33764.284,NA,194745.108,NA,19757.644,88931.474,26556.412,80045.375,10416.002,41910.685,NA,NA,NA,NA,258227.853,NA,NA,NA,49168.949,NA,NA,335007.792,13045.604,33987.021,NA,NA,263980.111,NA,10186.885,54595.81,14267.306,NA,51425.274,NA,NA,NA,NA,19098.686,27739.275,NA,29052.472,30716.976,1251373.958,NA,141373.225,549898.25,NA,25771.483,NA,53421.9,39246.737,NA,58819.456,23543.365,30666.659,75033.296,NA,13610.582,NA,NA,NA,33642.617,13866.241,NA,297060.114,46361.672,28233.325,16192.247,11174.618,NA,20325.615,3384941.663,NA,91841.625,114878.647,1642412.986,158070.214,NA,323533.391,1264738.094,68804.924,425572.311,209844.439,9727522.969,NA,39639.819,25484.337,88628.34,785738.215,1074793.331,26242.328,670571.726,33483.498,24090.723,17949.42,13531.132,NA,472499.369,NA,400387.536,101259.81,11271.853,104784.754,15774.335,58717.582,NA,NA,NA,NA,NA,1105060.428,NA,NA,34214.271,130873.402,NA,NA,14884.473,11420.173,10022.8,NA,146027.383,211290.715,33002.371,NA,NA,30299.854,237880.143,332386.97,352124.459,41493.792,23413.682,216730.499,105574.537,20104.972,57315.4,1020893.975,NA,40950.412,NA,15273.788,129306.818,NA,21053.168,NA,NA,32058.47,42501.165,NA,224908.471,NA,NA,NA,19480.779,429444.682,123525.198,185896.554,131412.949,NA,NA,NA,NA,41930.72,NA,NA,NA,361160.455,NA,NA,447561.982,NA,13367.918,33015.43,NA,NA,NA,75093.3,97060.228,NA,NA,NA,2070969.777,NA,28894.373,10044.886,1890502.923,NA,NA,NA,NA,66511.564,15980.827,902467.805,NA
"WAT.2.4_2021",NA,NA,47991.091,NA,NA,156021.88,59369.19,76427.852,NA,193813.729,558588.084,NA,NA,41819.435,11370.023,131715.379,64890.586,NA,NA,10766.331,112936.478,NA,210714.106,642723.89,584158.248,43605.055,NA,NA,NA,NA,24559.467,54467.279,615786.741,NA,694501.944,NA,23236.247,NA,138553.633,249627.175,39164.697,14597.633,NA,14494.465,33382.956,NA,NA,88289.754,NA,42856.592,12925.931,NA,NA,12434.281,325480.952,NA,166774.663,NA,205168.586,15018.567,13310.719,112398.915,NA,NA,29234.815,NA,119112.724,NA,45608.718,26057.142,NA,123590.429,138844.291,41331.609,40712.097,NA,1798185.224,58491.969,NA,NA,41983.708,17043.833,76427.325,31300.031,NA,231861.057,11233.213,531802.813,2275959.638,NA,NA,NA,NA,175792.604,79346.359,15899.57,151757.263,16402.958,21302.631,10540.878,NA,406674.859,NA,59533.61,NA,16730.187,126876.658,NA,NA,71871.318,146717.746,20256.668,19577.65,NA,48799.529,NA,204517.931,17356.277,183820.166,NA,11914.867,213632.765,NA,66387.648,11048.544,17873.487,274599.387,NA,19526.23,NA,144997.643,247143.135,447968.81,34822.822,11338.799,64748.924,25926600.65,11502.225,NA,45421.405,525218.802,892507.191,25260.139,50854.94,410886.255,NA,136047.925,NA,NA,NA,NA,44737.014,32044.016,15400.94,28905.821,NA,3661789.297,NA,66678.87,62756.12,NA,38440.106,13944.836,10124.653,145259.282,169439.092,15716.734,56902.791,15643.071,125678.394,NA,11512.666,58457.895,11609.572,24039.208,18284.287,NA,11759.821,105585.714,58467.092,344436.219,NA,40528.811,117101.465,NA,103658.643,NA,21827.588,65642.092,99541.735,10279.067,20029.174,1180656.395,855988.016,85000.23,306936.827,19932.716,6532823.572,NA,46773.668,35539.662,73144.151,335966.8,15138.548,29267.966,862663.33,105195.802,102805.845,137807.023,35515.168,12039.378,321652.675,NA,351413.028,NA,16214.467,NA,104437.947,10736.937,NA,1149389.84,570258.522,2063650.004,563054.343,51627.162,1613114.545,1556844.573,141702.162,256867.935,666946.464,NA,NA,NA,10125.969,NA,69435.625,12531.157,62070.498,NA,NA,NA,430014.202,733753.401,438405.785,33895.04,87123.77,77905.195,54923.11,NA,55469.046,966951.919,NA,24960.601,14228.882,79387.227,40124.613,NA,20448.28,NA,329446.273,19592.891,39468.434,NA,219381.214,432094.956,459323.565,11363.196,17260.681,579048.928,126875.931,91334.937,60551.633,NA,NA,32201.656,12005.875,61840.819,151353.164,NA,NA,20647.921,NA,NA,41429.138,NA,119221.915,12787.204,22426.171,24788.104,NA,83794.463,100849.083,17555.981,NA,176587.295,1560634.581,NA,88863.332,46383.684,1439190.206,21325.73,NA,NA,41584.389,508511.78,NA,25250.297,NA
"IDT.1.2_2021",15227.427,NA,29992.406,NA,NA,21164.621,16259.494,55609.915,28707.762,151110.598,221726.686,NA,66629.796,26957.918,NA,NA,1270625.134,22205.437,NA,NA,53965.712,NA,266184.861,50670.53,69886.961,8082831.455,NA,NA,NA,19402.444,20145.56,60963.743,729606.945,NA,21941.946,NA,NA,26533.684,101390.406,192374.595,12755.751,NA,NA,484053.482,39902.743,13266.617,NA,155042.899,NA,83115.304,NA,NA,NA,161940.321,265752.509,NA,144127.041,NA,597109.033,NA,22440.836,247085.453,50176.474,NA,12408.431,NA,192618.964,289955.562,330429.103,117531.796,21595.317,788613.195,12709.125,15797.765,104437.763,36545.892,983357.666,NA,NA,NA,NA,NA,111037.577,143306.18,NA,153282.78,56085.678,29409.924,906623.322,114328.33,10458.998,10301.707,NA,768649.715,NA,82802.418,170060.155,1700414.94,11284.842,34769.509,147357.016,32063.147,232091.409,224975.624,NA,56517.86,15768.516,NA,89960.743,53381.717,NA,NA,19951.847,NA,133194.454,NA,162159.558,14559.457,10183.886,NA,154837.062,13402.159,NA,384560.717,NA,NA,NA,15758.66,12394.256,NA,13121.468,57522.69,368046.749,26786.072,33629.42,859061.556,2807793.032,33552.829,108227.393,14570.687,148151.013,27901.77,NA,117475.653,39199.367,12194.864,48808.937,NA,12527657.2,NA,NA,34395.994,63608.296,13501.926,111346.142,40468.467,3901288.133,NA,17047.831,NA,NA,61727.279,83572.12,32248.346,65584.556,NA,14000.313,99344.203,164873.747,28302.866,NA,11997.13,37616.553,10745.75,18173.549,355011.77,19864.172,NA,28807.907,35930.569,NA,NA,NA,NA,NA,15233.193,NA,88676.053,243511.469,849097.011,11354.809,NA,7171903.452,715966.317,18991.622,103756.093,86279.465,8246265.175,NA,133214.005,75000.584,32000.606,572504.93,12743.359,27689.905,148832.27,134202.389,54997.885,44046.128,NA,11615.064,231241.843,NA,291094.378,13346.236,38671.532,NA,197147.129,13820.276,NA,1603681.968,1771916.126,3726248.642,53366.38,350301.005,1653891.073,1542934.622,171444.706,282292.157,728773.132,NA,20032.212,13705.38,10151.348,NA,87991.787,234347.905,71786.517,NA,NA,10172.835,675487.621,1024244.771,152884.347,30174.059,83769.713,68433.144,103720.158,25448.492,87955.532,1635502.928,NA,23532.478,139654.524,64794.924,93345.259,NA,29120.321,20467.276,87784.45,473184.26,38316.069,NA,123506.542,321399.044,300917.868,NA,12458.308,437438.526,138962.662,182209.472,41644.778,NA,NA,NA,NA,95156.285,325878.905,11576.998,NA,424085.487,NA,NA,583890.833,NA,57685.14,12065.096,NA,11349.319,NA,77311.584,105654.239,15125.999,NA,151035.626,1481096.199,NA,39920.728,16289.696,1558402.303,15763.003,NA,NA,201420.245,125581.031,184746.521,NA,82444.872
"UTWV.2.7_2021",NA,26415.086,41404.334,53556.665,NA,17770.018,13652.236,NA,26717.573,32466.064,308798.671,127153.544,NA,10990.004,56426.943,10726.997,62797.192,NA,20646.136,NA,44396.303,NA,222301.549,283947.213,297300.121,27004.482,12086.294,50634.957,NA,NA,120802.904,32524.585,377722.967,NA,NA,328675.112,12592.454,49454.496,13225.934,291903.949,20738.72,NA,510957.052,14067.858,NA,12252.095,218079.323,213140.703,594158.415,45668.316,5137589.271,767333.262,53741.093,16199.391,10095.804,15788.983,22238.36,2541977.053,120023.108,15938.431,107519.389,143707.125,713194.36,NA,4689741.483,48530.334,110384.283,17823.808,40850.838,64903.599,17068.381,137938.965,231160.441,292519.022,26642.346,1052380.792,538459.627,14307.35,27412.016,215411.892,10552.898,1774343.11,95060.857,24977.67,166556.349,564243.819,934174.063,NA,1085757.673,NA,292664.656,327252.271,2321054.705,57184.883,18046.014,92023.222,245252.088,68219.078,416659.058,NA,22948.549,740257.967,NA,178491.241,92859.527,NA,39065.359,NA,94682.654,70035.738,20654.683,118201.228,14052.336,NA,16956.413,130659.036,18585.243,37731.745,55597,13350.265,11179.919,201583.278,36092.388,146746.893,254680.349,45320.254,NA,NA,NA,NA,25677.311,43129.16,59252.03,22416.047,78536.678,418286.963,195825.865,577303.416,NA,34262.913,268694.498,28443.625,75765.657,43116.935,179157.545,120084.893,409141.608,69204.067,53815.231,NA,24084.494,96617.443,58973.58,15517.593,1661008.596,NA,4110921.447,255071.619,24985.315,139656.622,230328.746,358951.147,NA,260183.48,47560.372,12084.441,554278.364,12232.161,43217.269,337515.214,521082.405,116785.997,117640.998,22123.961,52567.026,28843.279,81947.616,50987.697,30036.105,169439.782,17082.517,135234.338,18413.586,NA,424825.544,17659.528,12622.845,801737.899,39333.32,712972.367,1535159.092,205544.27,2030989.606,833617.134,149536.824,781154.095,14744.288,3360977.347,14097124.59,16618684.79,5669068.419,39932.331,144823.171,105229.325,17279.439,1010666.188,35929.87,1271676.26,28791.182,3258606.567,4519098.684,202349.291,NA,213135.14,30606.36,260947.051,1045660.982,92558.877,107135.822,20553.753,19743.794,64387.507,26200.953,10200.392,NA,448271.733,70392.777,916563.063,269066.88,1601665.728,1716516.953,39735.62,1212159.439,3221537.146,2784284.138,22211.362,153221.471,10552.81,NA,NA,308039.366,62276.489,280276.811,328281.543,12928.059,149824.126,1406364.921,171909.475,297718.316,89343.52,1119647.202,NA,NA,71581.168,NA,NA,124137.639,NA,106259.394,64943.304,1267754.334,2180099.992,281103.474,18276.267,NA,NA,553825.112,421393.495,316763.133,108131.892,295678.963,15502.693,121236.757,NA,NA,130600.891,NA,NA,NA,10975.596,NA,299761.533,20283.022,185634.304,140829.648,72985.55,20595.562,12807.645,343475.768,84604.874,98171.199,NA,NA,NA,2163222.12,NA,72026.938,NA,1870802.899,20297.07,152520.651,13081.528,NA,1280292.046,19998.934,19385,NA,NA
"UTW.1.10_2021",108367.357,633091.593,216151.022,10060.969,12462.645,32069.232,36840.121,225845.971,NA,40381.248,351223.059,NA,NA,175901.236,34108.862,2214256.431,47539.355,292516.373,NA,230163.906,57660.065,NA,239366.258,164639.766,143032.111,131554.3,NA,NA,NA,NA,49514.663,14511.498,1124829.684,1918441.304,311799.054,145174.283,22844.107,NA,94553.94,158534.488,16688.833,344297.408,NA,14676.529,19600.325,NA,NA,11622.66,10274.183,64381.33,118639.604,5470977.409,29549.716,14993.176,15536.092,2886487.278,93999.533,22174.106,127319.808,NA,248122.397,23777.934,21599.992,NA,NA,20386.741,68769.606,NA,32303.72,12859.683,39205.247,107518.911,291452.551,111967.573,10159.193,13021.537,1010342.082,NA,91245.758,11872.365,104594.008,NA,21217.676,44993.672,NA,551679.324,10973.803,29162.565,1277670.005,NA,NA,NA,NA,138824.245,254241.322,82074.398,793543.13,15318.729,NA,460893.517,13597.527,353356.094,11656.113,151752.591,NA,198241.414,25468.496,108766.825,NA,35633.526,233741.167,70793.668,274011.041,10218.856,119409.575,NA,NA,11811.784,60916.773,NA,28787.439,277952.606,NA,67405.139,721495.541,15268.041,370198.828,NA,10513.556,135807.087,342692.893,508885.489,46036.281,72584.943,NA,383742.315,33299.274,NA,388647.325,19731.548,321348.509,882489.073,41746.845,107666.159,11826.321,15270.373,119780.931,NA,52723.165,17108.274,145428.219,274038.824,142495.075,19082.661,11015.017,NA,6629857.384,NA,250925.158,31014.881,17500.624,16214.681,NA,17360.996,144445.011,2644982.416,10635.022,56814.048,NA,66444.779,NA,NA,19045.496,90348.915,10450.306,15160.663,NA,14748.954,11331.275,802635.278,63566.715,59658.544,2547002.613,296161.352,38581.524,18637.361,NA,326121.865,1220208.071,436846.934,NA,12474.593,1318988.19,380676.557,222449.95,786919.059,321328.509,3523215.327,30695.546,79180.924,12354.892,10331.604,139833.74,14669.079,5519273.24,1127056.661,51607.149,18682.193,119913.91,NA,NA,302767.281,640745.01,286391.093,NA,11136.66,NA,212265.1,39924.413,NA,3098781.537,11929.281,8093289.241,3012191.793,118623.713,261047.579,75617.547,32019.835,272867.359,110533.486,36901.343,45781.541,10118.762,18891.938,NA,78055.515,227936.32,46222.376,360855.071,NA,15352.108,65320.502,291700.658,364877.946,21962.447,126844.295,636689.781,133321.969,22659.863,NA,1511899.223,29192.384,NA,17426.091,82678.148,NA,98345,NA,24350.284,21747.21,275282.943,NA,133331.268,867803.777,1010063.337,27468.401,NA,2120329.198,157411.949,147397.126,198639.828,NA,NA,48548.749,131903.239,85665.977,NA,1481075.252,1376217.465,54788.872,391126.413,NA,56957.045,11706.224,30199.46,100536.493,NA,10825.014,15546.651,291200.198,42884.949,13284.444,5569208.639,4658491.178,2747910.45,NA,50601.533,3041794.607,2708744.971,55346.355,11078.222,83026.633,NA,459327.147,10400.528,12916.219,63336.331,NA
"IDT.2.4_2021",29923.045,NA,NA,NA,NA,14091.669,12075.755,27370.629,10433.573,120959.985,438076.11,NA,35073.47,16112.202,10417.854,10064.14,687042.601,12878.902,NA,14390.722,31174.648,NA,204778.351,71334.041,173841.163,7117103.165,NA,NA,NA,NA,NA,40626.038,322820.948,NA,40377.644,NA,NA,NA,47072.464,156281.806,23512.816,NA,NA,252865.153,20333.316,NA,NA,148758.427,NA,24630.556,NA,NA,NA,148695.411,164869.674,NA,118320.049,NA,235568.407,NA,NA,156349.852,NA,NA,NA,NA,111614.521,194869.107,334124.95,324970.087,10567.969,1112636.124,17236.296,11842.403,104512.086,NA,823872.652,NA,NA,NA,NA,11226.781,65676.027,11657.414,NA,76615.93,21456.105,50900.306,255332.814,120598.145,10257.894,21943.184,NA,360459.576,NA,NA,74205.702,980110.319,NA,10890.665,306388.215,15878.312,210129.625,285468.232,NA,20177.48,11328.84,NA,24079.477,68798.965,NA,NA,14999.477,NA,233988.83,NA,124865.121,NA,10234.298,NA,136855.567,10890.942,NA,135772.165,NA,NA,10310.756,NA,NA,NA,76017.494,113032.616,267269.464,13032.96,28712.446,263507.116,3579063.703,11074.072,76035.775,31391.072,143178.864,41454.396,NA,73722.186,42006.48,NA,65143.09,NA,9913816.017,NA,NA,NA,20236.182,15867.985,90276.927,NA,2825226.575,NA,70167.426,14891.933,NA,51670.17,69752.678,11491.519,40520.535,13060.873,NA,66320.395,116754.778,14790.256,NA,71943.61,NA,NA,18547.797,190609.241,31261.59,NA,31088.696,41251.519,11643.528,NA,53470.371,NA,NA,14311.893,NA,115078.225,NA,433110.072,NA,NA,3459235.436,389382.377,39748.597,56040.128,13422.103,6354563.871,NA,10413.45,17155.094,16217.238,330017.117,NA,NA,121500.884,78143.39,41076.975,10948.148,NA,12725.007,62849.48,NA,79392.078,NA,NA,NA,31694.129,37092.166,NA,1528205.929,1466019.385,2612011.63,63310.112,NA,1451288.581,1277781.654,149071.162,181751.024,644998.296,NA,19620.013,15456.186,125671.407,NA,91182.503,400075.108,46371.775,NA,NA,NA,512162.03,784410.489,440139.991,41518.657,24707.372,60406.529,104292.936,NA,37305.068,769161.953,NA,NA,109694.219,43209.429,59204.105,NA,21778.018,21703.086,120276.016,171698.7,110917.981,NA,148473.122,148888.063,274240.614,NA,117851.358,365402.282,47141.337,69182.212,55135.17,NA,NA,NA,NA,38017.59,245794.38,NA,NA,428186.713,NA,NA,560698.063,NA,30957.762,47173.634,14357.243,NA,NA,69729.653,90163.122,NA,NA,62525.223,1507444.231,NA,27978.519,32974.924,1395574.765,11004.066,NA,NA,11044.415,58106.221,19414.562,NA,33748.729
"UTW.1.1_2021",NA,77080.971,127332.766,NA,NA,68406.122,NA,71059.226,NA,15771.984,74249.314,NA,NA,166652.85,29440.396,1883449.605,24335.901,56085.086,NA,34048.076,25416.992,NA,122002.87,133121.288,124982.444,69979.581,NA,NA,NA,NA,11160.411,20718.406,766163.775,394419.987,56172.966,36254.152,82320.43,NA,116351.713,84794.991,11049.806,89460.344,405723.477,NA,10291.448,NA,NA,30421.509,88194.055,23478.828,41019.554,1675285.882,NA,14034.011,26861.569,1554260.335,105986.368,168083.337,19365.331,NA,136295.676,NA,100743.418,NA,NA,NA,15810.708,NA,23106.502,11457.251,NA,29471.981,61420.087,27068.57,69446.925,197284.694,241957.554,NA,53743.154,NA,70350.651,NA,NA,NA,NA,255887.891,NA,14294.998,472059.66,NA,NA,NA,NA,85640.227,NA,10997.344,93782.27,40507.996,NA,174493.311,NA,353058.165,NA,31980.206,NA,17920.28,26500.882,10047.709,NA,NA,11969.548,NA,47143.091,10858.915,37691.814,NA,NA,15767.618,35376.087,NA,14714.813,45556.578,NA,11410.902,207407.09,94537.991,NA,18667.636,10386.256,139205.791,244115.733,425100.742,125771.447,53400.371,NA,71392.896,67904.448,NA,52132.911,13337.549,247341.764,122794.752,NA,NA,NA,NA,87933.256,NA,NA,NA,92368.469,232927.552,20606.477,11219.373,126343.485,NA,3653221.88,NA,79877.933,13948.899,NA,NA,NA,NA,43354.693,783947.394,91329.359,NA,72509.966,38317.184,NA,29653.395,10954.479,17087.486,1396976.436,NA,NA,20188.123,19378.359,343486.988,28792.751,21881.426,1091320.721,127702.041,18399.497,10686.318,NA,319757.746,173426.392,229632.241,419855.449,15017.102,399464.907,645073.87,144120.46,158610.678,10965.712,1102411.854,NA,54293.897,22152.08,17817.599,195566.913,16090.082,2506172.647,287976.155,11131.634,16045.095,82554.135,NA,11912.268,38660.253,37277.942,17828.266,NA,16141.62,22196.943,18431.854,34443.988,NA,1060699.165,1229502.227,1691737.122,NA,28522.77,98251.444,17040.404,292673.896,44059.596,51918.195,NA,29800.027,273289.83,41037.792,NA,28829.668,23219.88,10432.787,63444.21,NA,53267.641,17911.478,120865.441,81088.536,NA,105890.618,153527.02,48352.293,34390.183,NA,474901.758,NA,NA,NA,36066.068,NA,NA,59018.855,NA,21663.49,25931.975,217718.869,NA,70408.251,487846.368,505218.626,40275.179,94254.774,698041.338,24758.525,NA,370724.252,NA,11459.055,55886.116,42186.857,19175.008,NA,1315835.31,1218236.394,42385.869,90904.74,151184.305,27922.735,NA,20987.371,24407.874,NA,NA,NA,58446.297,46295.433,16481.545,1539091.753,1815949.572,1089864.791,NA,NA,1836360.254,1072575.318,43791.178,NA,41654.741,NA,124011.067,NA,NA,NA
"AZTW.1.7_2021",NA,NA,18920.789,588704.222,11621.288,NA,450996.457,NA,NA,36664.822,381795.273,NA,NA,65266.451,5725154.015,25607.924,700884.559,NA,2416375.706,NA,19363.184,NA,285745.812,144021.348,136603.403,NA,NA,10383.469,NA,138755.092,1601807.277,NA,901584.105,48659.234,NA,65555.626,NA,20904.599,23579.576,362246.989,45232.164,NA,733679.739,58084.893,15554.511,NA,666631.752,168026.336,493333.386,38689.275,1807414.532,115361.264,NA,10553.299,47079.828,12770.169,39590.097,725597.501,114030.557,30108.042,108626.357,136188.584,361884.053,NA,207361.381,14438.009,76867.434,303374.769,99733.467,202599.681,62266.942,108840.118,213777.878,32596.547,17988.305,432630.617,1146890.234,NA,478669.816,16478.557,127265.951,37902.31,29453.628,13278.501,NA,242499.728,20170.423,NA,827678.217,NA,11668.124,10138.586,508012.889,489761.92,472570.849,30378.387,187101.866,796457.85,4409561.272,NA,18782.611,370905.734,36167.792,415774.414,41502.484,NA,44736.296,NA,65947.906,55221.178,NA,134640.062,11784.692,NA,24554.91,1071877.583,31508.389,57098.952,88058.169,NA,11379.583,170753.404,79741.33,162954.252,70785.885,14346.532,21883.599,NA,10945.703,NA,12424.096,42255.347,84212.206,87243.092,NA,191737.057,27162.454,102048.671,NA,NA,135556.593,12887.92,92717.914,34651.741,12673.626,4571629.868,141727.452,NA,26683.234,13098.353,12987.878,78652.224,178864.063,11529.654,1240214.789,NA,4842463.875,36712.205,47530.859,NA,30673.858,54693.388,13304.67,74492.961,53970.714,15435.349,292241.388,NA,355681.042,77667.766,74219.04,147632.555,54522.253,15299.978,53467.043,29543.09,26333.759,11027.284,14904.046,41946.483,14219.394,18409.048,35177.414,NA,51632.438,10551.223,98578.972,309276.458,52112.973,976451.425,2164521.027,23030.791,3009059.168,648108.63,221845.003,584406.022,25253.608,3633677.397,3266593.761,9731473.466,8276006.833,110092.11,423674.916,129696.801,36012.149,941856.912,NA,473290.337,169119.357,334139.4,1099019.972,147383.794,NA,157217.875,NA,68305.513,1505078.883,NA,11838.974,76694.125,10815.816,16970.656,NA,17111.744,18696.211,405268.118,123096.457,980079.102,229590.865,593977.882,496228.13,35872.655,1109025.431,1734293.89,803920.436,NA,28095.899,108152.9,NA,NA,154078.821,217588.965,559717.267,484040.09,NA,240942.012,237513.962,103956.138,226689.81,134164.433,1920155.506,NA,NA,NA,30300.216,NA,NA,105228.781,NA,358048.744,38016.318,446891.013,257869.567,307772.263,16931.779,15184.43,NA,474393.561,1244371.353,112241.875,81394.014,158256.732,NA,49146.813,225262.271,NA,34331.019,NA,16649.388,NA,274684.02,NA,307814.369,428273.934,31956.967,30123.19,35861.745,110745.879,20161.256,953540.002,83973.637,51449.703,22572.549,NA,NA,1604470.642,NA,75626.913,NA,1587057.475,401412.134,17985.685,NA,NA,426630.299,11430.644,21885.803,NA
"CAT.2.9_2021",13853.593,NA,13773.492,NA,NA,NA,11766.781,47747.134,12911.561,22897.591,145866.889,NA,446146.586,24501.428,21386.432,41339.979,1215796.659,NA,NA,NA,106024.752,NA,123381.361,242494.764,253566.853,67385.074,NA,NA,NA,NA,NA,225323.147,571510.561,NA,503035.798,NA,NA,NA,18648.555,110594.757,NA,14115.644,NA,112300.581,17428.112,NA,NA,113680.25,NA,38459.357,NA,11088.82,NA,84540.458,184771.598,NA,52422.838,NA,147588.951,NA,37475.266,NA,16085.204,NA,50151.428,NA,91483.326,167197.183,192135.589,193755.149,14845.161,596319.543,NA,119339.904,60515.663,NA,636198.634,20727.558,NA,NA,10165.457,14712.329,NA,92081.648,NA,110416.482,20953.923,631914.153,247309.747,NA,11603.136,NA,NA,380290.655,43974.939,28851.617,79869.506,438051.884,16471.268,NA,174747.27,309703.698,106063.947,215648.983,NA,NA,17887.553,NA,20220.011,NA,11756.43,16301.432,14612.19,NA,20697.56,NA,NA,NA,NA,NA,98532.134,NA,NA,129779.125,10896.136,NA,50326.714,NA,12630.742,NA,191064.573,356039.947,223416.781,49015.825,NA,47499.766,20945527.34,NA,NA,69757.385,NA,735820.654,10324.193,28708.789,278558.684,NA,28304.114,NA,13333.161,NA,NA,34698.216,101081.659,17455.267,13729.672,NA,2458228.491,NA,25433.329,149484.57,NA,35496.171,10486.511,41726.107,73933.75,80369.966,10686.087,15629.927,70282.375,40950.42,NA,34679.24,29556.32,10578.05,NA,30178.43,11153.216,11097.58,10640.455,15109.284,187571.559,NA,33093.309,118677.937,NA,15211.473,NA,52416.86,56853.937,14402.314,NA,NA,1247912.594,73758.33,100075.773,185657.544,11123.968,230275.879,NA,31126.647,11802.019,21476.539,256273.82,NA,22350.279,367340.087,38160.239,NA,10226.153,NA,16698.323,89101.14,NA,61355.569,NA,NA,15003.27,274947.751,55332.463,28967.52,135218.954,NA,NA,NA,NA,NA,NA,NA,164540.237,NA,66213.349,NA,19672.208,64202.917,NA,90318.99,12708.005,NA,NA,NA,NA,NA,NA,480597.697,20490.258,170421.974,130222.675,113095.968,NA,59712.355,639607.073,13635.811,NA,NA,19616.654,NA,NA,61817.786,NA,170160.956,858726.111,138466.641,NA,109262.73,362088.238,459949.018,NA,48681.658,389185.839,33287.393,41258.594,192404.696,NA,NA,NA,NA,52540.356,137800.785,NA,NA,213750.922,10362.757,NA,275670.94,NA,45895.765,26939.141,10614.223,NA,NA,68263.111,83042.431,NA,NA,116353.548,1420418.082,NA,78575.277,18666.605,1296008.891,NA,NA,NA,12020.008,94719.195,32897.534,NA,34597.107
"IDT.1.6_2021",106400.4,NA,NA,10841.052,NA,23411.202,35794.753,49334.976,16931.841,96843.851,627924.315,NA,56775.38,21951.31,NA,NA,1150367.056,16890.118,NA,NA,18299.095,NA,233132.382,25447.873,48895.673,7817645.303,NA,NA,NA,NA,24336.167,47197.352,672750.876,NA,24562.16,NA,15866.671,11596.181,110626.367,211473.796,13384.256,NA,NA,289123.037,23402.901,NA,NA,132291.016,NA,94253.9,NA,NA,NA,186765.359,170984.065,NA,99810.197,NA,373574.579,NA,16198.364,288070.686,NA,NA,NA,NA,175270.716,308982.923,267104.251,252812.149,18918.283,582774.973,13496.063,10062.482,10393.065,16446.354,1052267.007,NA,NA,NA,NA,NA,146102.109,46269.276,NA,210540.258,67494.141,62024.772,692140.916,160607.538,NA,NA,NA,469888.511,34460.549,10566.672,282256.133,950122.321,NA,22502.951,262911.073,11738.716,118690.513,241486.882,NA,58920.858,10617.827,NA,53343.566,24709.57,NA,NA,13838.098,NA,134582.876,NA,84297.259,NA,NA,NA,159186.821,11931.472,NA,135044.163,NA,NA,22775.057,NA,11817.898,NA,48797.105,62814.44,73606.778,29173.726,35356.404,427024.43,4545613.902,19934.936,84736.087,19091.601,110539.965,66720.754,NA,92106.249,17895.033,NA,80506.13,NA,11501999.24,NA,NA,91037.277,76239.73,10850.978,29889.498,23831.032,4079194.111,NA,42841.095,NA,NA,83112.695,33151.462,21364.872,NA,11177.154,NA,76157.918,128630.195,NA,NA,34968.951,10956.863,16324.463,20212.441,101588.325,36852.707,NA,28966.875,80596.379,15209.279,NA,102388.61,NA,NA,17566.716,NA,148810.551,238625.727,343658.05,NA,NA,2044477.023,518951.072,35050.617,11702.044,12965.911,3782577.332,NA,34631.071,53139.767,63949.677,487883.597,NA,15926.347,NA,310719.799,33984.909,22054.845,11647.002,10436.488,320061.281,11379.815,315191.497,NA,44032.647,NA,375624.942,54918.499,NA,1387470.099,1369603.776,2082828.523,21125.976,195808.293,1235385.994,861509.376,93187.993,231371.789,504172.854,NA,10164.971,17495.427,210250.041,NA,160462.618,130794.618,49670.071,NA,NA,NA,469546.223,809919.386,366448.905,35109.299,140273.91,300309.239,73924.823,NA,86120.631,1117694.595,NA,NA,125378.553,22558.233,40148.632,NA,43863.795,14434.628,107570.474,378647.179,267347.256,NA,157666.792,311267.26,319698.719,NA,50081.701,622193.36,89766.947,129640.233,106581.652,NA,NA,NA,NA,60952.32,264941.684,NA,NA,552216.083,NA,NA,662197.277,NA,20013.147,31114.191,NA,NA,NA,68367.358,103925.147,10951.191,NA,110078.134,1695849.222,NA,64494.721,21458.149,1561134.052,29000.409,NA,NA,32009.143,89696.019,44839.374,NA,30336.823
"IDT.1.3_2021",15455.051,NA,42020.344,NA,NA,12976.615,11549.3,102327.907,16960.912,72514.217,694670.365,NA,23179.609,28687.067,NA,14733.508,2071582.514,26083.677,NA,NA,249255.883,NA,431188.145,143674.771,205533.52,10870311.04,NA,NA,NA,NA,49085.329,142750.142,1077263.872,NA,155001.961,NA,11601.337,19168.077,214537.299,284498.149,66576.959,NA,NA,537550.729,14643.008,28503.658,NA,200782.311,NA,181910.66,NA,NA,NA,293950.808,259979.592,13627.917,121376.569,NA,489857.384,NA,47070.14,239387.489,16030.336,NA,23834.88,NA,240637.686,638713.362,626071.683,140690.451,14902.727,1088616.163,41363.216,85745.298,129812.681,33223.596,2495124.471,12216.5,NA,NA,NA,20484.854,227062.28,86208.616,NA,106133.336,41344.433,265574.807,819667.214,212847.45,NA,19077.141,NA,736534.946,122201.768,23722.099,148016.275,1494714.043,NA,12042.537,450500.971,244582.228,113276.101,488382.955,NA,51365.556,49512.073,NA,53314.235,121021.842,19385.054,NA,15480.688,NA,324582.667,NA,209063.893,NA,14386.793,NA,257277.494,25837.19,15284.927,291562.123,16845.633,NA,135981.214,NA,10470.072,NA,72767.469,117671.688,454601.004,11813.584,19100.916,1111383.339,11882119.86,NA,138522.575,32475.669,93770.159,250518.59,NA,246313.471,25349.234,NA,67781.211,NA,14749788.85,38581.122,NA,27700.084,41329.126,36592.44,80355.608,47859.071,6040817.285,NA,76218.121,108003.278,15692.393,15745.108,87472.365,26040.941,47053.777,12303.344,21923.918,18321.637,236368.218,86905.886,NA,75700.254,17963.509,29661.325,23252.603,333449.973,85109.299,NA,33414.128,67814.869,42364.969,NA,NA,12229.53,NA,10777.268,NA,139656.932,120986.217,661235.879,27756.835,NA,4589766.411,644264.45,88492.136,313568.241,11240.537,9071747.651,NA,31815.038,19195.488,16928.861,546206.172,21242.284,19999.032,392008.758,397500.503,62119.175,12757.054,24600.15,20115.002,218786.275,15767.66,241392.218,NA,10595.906,NA,371535.503,13304.299,NA,1934654.75,2154875.039,4083513.718,28018.084,33202.415,1935227.476,1752561.273,169758.886,473876.78,831385.869,NA,33801.342,NA,10970.412,11332.097,217488.2,17386.711,40923.697,NA,NA,62661.306,874508.782,1173165.925,1031623.614,11055.794,94626.565,141430.382,152265.957,57752.679,43602.956,1266665.45,NA,19025.872,201766.593,NA,52436.314,NA,38931.684,15719.63,192337.272,282999.575,86505.687,NA,255861.978,566030.081,573538.428,NA,247291.512,1008534.989,189652.866,260819.572,271646.784,NA,NA,NA,12723.651,204260.2,485218.626,13028.117,NA,892462.828,NA,NA,1173547.657,NA,123538.964,28322.503,16289.517,13345.05,NA,96493.524,142196.819,16038.276,11601.089,244741.907,2499337.578,NA,134599.524,52765.661,2340512.673,26825.215,14009.562,NA,220370.999,167434.896,196370.246,NA,57755.692
"UTT.1.1_2021",NA,NA,15353.628,NA,NA,29881.601,33996.659,56314.815,22408.25,76736.606,165953.64,NA,NA,15207.936,NA,84288.729,1032139.933,NA,NA,10527.331,18195.906,NA,156521.34,347975.505,399498.486,93290.675,NA,NA,NA,NA,15471.335,16284.965,897723.891,NA,474149.492,NA,25205.606,NA,98348.682,143349.716,32899.176,12789.326,NA,107052.829,250377.003,NA,NA,143601.763,NA,NA,NA,10813.907,NA,105744.269,198179.173,NA,84731.267,NA,140568.525,16173.61,48000.923,95513.448,NA,NA,NA,NA,100287.784,136803.62,335757.908,277090.075,NA,995869.315,NA,12865.489,23051.918,NA,751701.866,NA,NA,NA,14347.624,NA,32588.024,29067.871,NA,61980.513,11722.119,1102872.51,294076.858,NA,15800.09,12826.916,NA,114570.836,30278.272,NA,134940.499,798365.242,NA,NA,244320.54,15389.773,148863.779,191692.884,NA,14766.49,NA,NA,47741.578,95211.98,19532.179,31066.561,19518.003,NA,55351.134,NA,44357.073,NA,NA,NA,188413.147,11584.039,NA,152246.551,NA,13811.43,61245.473,NA,12450.578,NA,94503.383,182499.384,122662.93,28467.684,25115.977,30818.885,18376925.87,NA,42987.779,24386.974,98152.15,621800.429,27157.818,57285.711,227129.42,NA,19496.66,NA,12454.678,17902.072,NA,102149.565,74440.125,10080.362,39546.682,NA,2978715.914,NA,28520.589,NA,NA,67273.654,16825.747,10850.936,66692.274,99113.054,NA,48045.271,194149.389,58189.044,NA,51501.336,38293.207,37542.139,NA,74249.391,26559.457,16669.15,12129.596,NA,262764.487,NA,17143.187,58334.122,NA,12605.492,NA,45802.91,371553.429,262095.807,NA,NA,1218351.068,410961.209,234570.827,22522.876,793145.495,5645175.703,14559.188,21075.499,16319.311,NA,101894.765,NA,21314.718,52011.151,44711.638,20982.776,10912.639,NA,16148.266,31795.363,NA,39564.766,NA,12170.199,NA,12338.178,20561.22,NA,482518.785,606249.626,523059.543,NA,549111.316,485506.241,201236.346,42782.745,337403.496,186336.237,NA,14106.367,14845.233,NA,NA,98986.766,18036.8,47135.989,NA,NA,67669.122,62960.403,245904.757,166305.889,12749.958,75029.76,238487.257,72812.891,250830.273,12025.352,442352.845,NA,NA,NA,204571.354,NA,NA,33173.558,NA,148801.976,18561.635,421355.689,NA,106848.983,320746.844,361545.128,13226.436,22715.938,718194.603,28064.957,38375.502,79158.844,NA,NA,NA,12857.286,19866.748,144873.074,18064.855,NA,256870.216,13977.631,NA,319418.188,NA,27562.574,10563.968,NA,NA,NA,47966.185,98492.57,NA,NA,135341.175,1394313.937,NA,16413.561,23105.955,1247694.383,19371.916,NA,NA,17328.17,92766.59,37847.992,NA,25825.146
"UTW.2.3_2021",25264.504,35508.12,29857.912,NA,205899.611,15937.23,NA,NA,57094.334,49434.924,496639.175,45260.589,41194.539,NA,185653.76,14081.348,97939.628,NA,NA,NA,56350.182,662597.769,253282.533,209318.104,204067.629,NA,NA,608099.202,601996.757,NA,NA,43013.332,905958.872,19547.324,NA,31860.79,NA,1449443.007,13241.255,142853.601,58674.124,NA,NA,23120.643,NA,282391.832,NA,118640.212,NA,118152.442,NA,NA,NA,10341.436,130948.199,NA,79993.301,76221.961,322969.958,140268.979,64626.863,NA,47306.018,NA,46908.327,NA,241046.787,54851.796,139976.173,48286.159,NA,325318.628,151519.849,10931.6,108942.735,35393.811,1417192.086,NA,NA,NA,NA,NA,NA,10350.972,10340.358,140049.749,10877.157,NA,1649039.042,NA,12047.588,NA,NA,427606.929,NA,NA,115008.702,266971.761,14071.432,NA,37449.168,352214.729,99591.734,84187.526,NA,NA,12293.912,NA,14694.645,183721.328,NA,NA,10876.804,NA,85520.989,NA,194966.402,NA,37750.199,68718.04,11828.966,122419.599,15056.448,23399.862,NA,19402.727,21481.649,NA,437928.74,NA,NA,40832.284,177381.973,10647.174,NA,792215.979,44652.881,41632.667,NA,NA,225360.659,NA,NA,161152.008,27856.138,NA,53822.901,NA,NA,NA,NA,235464.78,93021.769,11710.12,510150.556,NA,3717433.116,NA,52574.55,62945.008,22660.442,45849.146,NA,69723.792,17632.909,10980.615,1756028.425,29863.997,26115.557,86591.035,NA,13458.094,25615.122,17559.338,11668.97,28045.041,11496.709,NA,200688.363,19608.258,12464.203,10948.792,10396.172,NA,34306.378,2073030.05,NA,79696.354,140318.784,2417849.269,447985.77,NA,425678.196,868874.69,175751.795,238525.384,242516.291,8692656.592,NA,157447.079,65799.168,32981.677,1389325.215,399342.016,13013.902,292827.542,11726.653,101323.022,138907.647,NA,NA,47446.604,NA,67515.396,32219.032,13453.401,156589.861,105101.51,128735.335,NA,27985.366,47971.947,NA,NA,170917.202,13422.549,NA,NA,165769.935,14565.892,NA,33362.399,24988.934,16163.224,NA,43018.195,279726.521,60732.951,NA,NA,NA,328210.062,800963.506,728718.697,39479.923,68692.963,67573.564,99850.039,NA,74350.771,412413.707,NA,NA,NA,NA,26764.965,NA,112875.016,NA,NA,446863.616,65773.683,NA,282706.558,NA,NA,NA,126968.095,993247.628,129386.569,194421.913,24966.796,NA,NA,NA,NA,65244.556,NA,NA,NA,361326.998,NA,18670.958,451256.148,NA,22717.634,35931.337,NA,NA,NA,316491.44,115361.444,NA,NA,NA,2829668.818,NA,171357.548,33810.99,2368465.445,NA,NA,NA,NA,71822.225,NA,1054666.102,NA
"IDW.1.4_2021",195927.05,17908.639,243780.874,NA,518705.372,18904.442,NA,NA,40233.544,135300.851,555496.047,12971.706,11701.986,NA,227899.997,11474.985,1173802.354,NA,NA,NA,450986.397,565228.462,384783.978,440207.82,156881.304,12625.079,NA,489871.086,368137.982,NA,NA,214491.593,1420768.949,NA,NA,36764.3,NA,1330788.343,10255.628,137465.59,82371.444,NA,NA,868441.102,NA,246770.572,NA,146426.206,NA,56723.664,NA,NA,NA,202042.906,120220.454,NA,111214.784,NA,397284.75,400982.486,221368.895,NA,12873.063,NA,11223.698,NA,260276.646,536229.852,602869.7,315136.798,26433.7,823265.336,29875.144,NA,95119.627,19813.49,1826210.54,NA,NA,NA,NA,NA,NA,134835.642,NA,373800.802,25887.918,NA,793539.842,NA,11542.962,16056.014,NA,421302.875,12660.155,15315.165,573485.343,836744.716,NA,NA,282723.659,25087.375,383908.296,574186.619,NA,NA,108276.272,NA,116186.032,290730.957,NA,23077.013,14397.902,NA,372583.277,NA,287484.249,NA,52224.656,602756.404,154462.407,45784.587,21147.188,273671.154,NA,18618.041,20954.582,NA,566493.96,NA,NA,11024.617,163593.873,22078.724,NA,1010496.922,31647.428,20743.875,NA,NA,629051.983,16515.487,19953.595,168337.372,57919.681,NA,32866.676,10247.231,32281.73,NA,14688.172,240813.443,100062.008,36217.065,29580.902,26302.821,3082263.416,NA,842274.38,35631.236,37989.166,69623.14,22080.167,37466.675,17538.74,10326.428,80399.802,12324.823,166539.474,150925.706,NA,168264.023,17388.376,38920.498,20479.399,387877.849,86814.844,12220.216,134637.722,59298.603,25209.806,NA,11486.415,NA,45434.444,6069407.808,NA,163376.11,711926.048,2058672.731,380069.717,NA,3127693.138,1457566.863,152550.277,556695.786,35922.215,13404905.94,18291.922,32222.56,78898.837,371434.571,718564.138,1296384.371,11952.332,1007741.897,163533.505,11243.948,158494.165,21712.893,43660.786,185136.799,NA,203449.188,418898.702,NA,78253.014,225710.993,20139.01,NA,NA,NA,NA,NA,1838330.814,NA,15064.435,134904.255,291115.693,17248.056,NA,14729.536,11743.674,28258.444,NA,76728.814,267273.719,62949.816,NA,NA,16480.362,478397.69,875514.785,983375.864,36348.056,79023.102,203629.614,168313.099,NA,102365.06,1743521.804,87750.285,NA,47070.453,125339.089,NA,31528.92,NA,NA,82308.92,14366.574,NA,147159.316,12183.406,NA,NA,146016.29,1834873.9,261973.767,329288.702,94064.986,NA,NA,NA,NA,57191.216,NA,NA,NA,674342.677,NA,NA,925992.281,NA,27051.887,66492.365,NA,NA,NA,148665.584,75328.696,NA,NA,NA,2628239.449,NA,93991.631,18478.098,2481547.524,NA,NA,NA,80472.804,44471.053,83152.411,947447.686,34490.664,NA
"WAT.1.3_2021",61658.401,NA,37787.181,NA,NA,14386.66,16725.536,26569.914,21282.722,28024.894,722343.935,NA,56182.78,21875.144,NA,NA,1347786.978,12326.344,NA,NA,63333.388,NA,247361.345,140008.175,91310.464,6238641.351,NA,NA,NA,NA,10988.811,50633.41,882013.087,NA,21886.674,NA,22228.356,25029.808,84495.072,161362.534,18886.488,NA,NA,81152.211,11119.581,NA,NA,110728.773,NA,17237.131,NA,NA,NA,136341.636,164980.601,10505.906,117846.718,NA,283191.732,NA,32339.773,145204.969,11448.869,NA,NA,NA,113019.965,112521.183,335277.672,240239.795,NA,828562.014,NA,39359.729,86932.872,15017.955,1059388.323,NA,NA,NA,NA,NA,67734.812,69416.394,NA,85740.582,30247.025,39367.411,596560.927,142437.738,NA,NA,NA,555481.179,49583.678,13061.976,89595.678,1162833.825,NA,NA,248550.802,10712.726,159044.737,80372.277,NA,22191.164,12562.993,NA,54167.96,130071.237,19261.704,17179.499,NA,NA,128764.095,NA,206642.845,NA,22967.903,NA,174061.026,NA,NA,278994.479,NA,NA,103702.027,NA,13390.215,NA,64214.89,82874.548,300263.413,NA,11953.683,482658.269,2793944.81,NA,51752.371,14388.862,483924.495,28984.595,NA,75283.429,44517.694,NA,34530.212,NA,9772938.783,12315.965,NA,101857.852,24085.926,50314.68,46670.331,26628.874,3074533.907,NA,71443.29,12590.862,NA,68875.352,55745.325,29136.049,NA,10783.068,12585.368,76903.563,217016.688,42539.691,NA,14588.16,13730.099,13529.809,NA,143452.77,55486.986,25388.631,NA,16061.436,19590.536,NA,NA,NA,NA,10743.229,NA,69266.097,20271.023,108032.249,NA,NA,5868732.68,573411.435,176791.566,162824.097,35034.019,7583879.359,NA,67185.662,21178.12,14565.56,503900.272,16673.591,22573.841,229266.202,89068.268,36590.329,19004.651,NA,12143.406,87052.577,NA,112015.122,NA,25443.219,NA,119719.388,29628.175,NA,1189957.283,1260593.42,2040683.307,NA,30278.294,1475372.809,1295085.313,132874.382,376769.479,643162.596,NA,14008.011,NA,NA,NA,76368.753,89438.375,13693.097,NA,NA,NA,369577.42,710412.524,263419.925,37324.443,52858.284,43114.026,120889.972,NA,39454.578,820453.613,NA,NA,111228.338,17714.646,NA,NA,45223.278,NA,156629.995,151320.476,57702.383,NA,148421.891,211836.756,227691.276,NA,12490.088,689532.476,61540.956,60568.041,27347.806,NA,NA,NA,NA,61273.062,287744.763,NA,NA,476463.974,NA,12706.935,49689.835,NA,39468.303,78284.714,NA,NA,NA,66815.515,92290.262,NA,NA,47905.765,1877251.014,NA,16648.277,18618.404,1813292.982,20006.715,NA,NA,35907.514,122430.034,45635.722,NA,14208.655
"WAW.1.3_2021",NA,NA,155614.092,NA,NA,20368.239,93197.037,52342.219,NA,16372.499,414803.182,NA,NA,10790.596,NA,94061.263,123051.357,NA,NA,NA,35042.279,NA,215157.775,654427.625,569590.795,108855.68,NA,NA,NA,NA,55162.255,12384.906,505461.142,21296.334,397244.715,NA,52581.436,NA,299929.789,222601.519,28399.449,NA,NA,13983.503,223974.456,NA,NA,103524.592,NA,32948.993,NA,17419.965,NA,13568.97,257760.467,33594.541,118668.421,29543.397,309339.477,NA,NA,16737.035,NA,NA,NA,NA,157354.469,NA,21663.874,17432.461,10071.033,262271.286,258757.877,11813.979,NA,NA,1264602.353,17487.174,NA,NA,13835.528,NA,21097.875,38049.355,NA,23286.879,NA,307306.096,2211954.669,NA,NA,NA,NA,34551.719,329276.716,NA,152952.799,153216.702,14550.577,NA,NA,1171189.254,NA,61346.909,NA,NA,64477.637,NA,NA,114818.12,119814.309,20351.876,10946.918,NA,25257.204,12264.851,220258.456,NA,NA,NA,25466.246,218379.984,NA,100407.046,25145.275,NA,239808.87,NA,37899.625,NA,246102.216,409269.758,57269.764,46048.012,12508.694,51227.444,22787242.97,NA,NA,65983.585,174147.572,749036.241,14819.217,39976.678,16312.28,NA,29194.486,NA,NA,11285.952,NA,NA,74905.757,23901.282,23441.727,NA,953634.621,NA,158339.7,138097.211,NA,40145.47,NA,11881.398,72918.132,148498.033,13813.829,60403.328,10379.885,92531.299,NA,24116.66,84662.997,60915.018,52749.758,NA,17873.498,NA,NA,62079.024,117393,30537.908,744804.897,69221.904,NA,29738.655,NA,51389.528,NA,402171.295,NA,NA,1523529.681,793799.345,30364.613,451795.126,12615.046,9177626.161,NA,141206.367,40404.152,88163.427,172749.139,12793.316,478955.655,618374.5,108971.2,16401.765,167645.242,NA,67156.691,599601.426,NA,648131.653,59399.545,15743.679,10349.518,96019.633,103922.616,NA,2561080.966,746605.705,977056.965,11305.52,27885.46,578573.145,298507.158,43516.154,18113.715,219714.964,NA,19958.157,22672.438,906407.088,NA,74895.12,154628.902,23275.156,NA,NA,20792.599,791734.034,749024.166,306729.771,75644.715,157586.157,320060.442,20526.71,25628.777,48774.069,1944918.382,NA,NA,NA,NA,22795.081,NA,37916.329,NA,86312.258,11605.812,132091.158,NA,210814.426,273714.352,287762.847,NA,14013.142,663912.711,269070.352,157615.861,39213.131,NA,NA,NA,NA,28700.453,97352.004,NA,NA,51043.514,NA,NA,49474.87,NA,40126.523,35423.303,NA,15050.201,NA,241199.185,107327.871,19200.432,NA,124160.193,1794201.415,NA,37049.629,24046.122,1582077.493,35772.159,NA,NA,32440.079,1357601.176,10421.94,NA,38594.178
"MTW.1.2_2021",NA,NA,323420.174,383750.786,NA,15169.263,172197.887,11038.625,NA,99767.129,265091.176,NA,195760.698,131019.303,3543281.375,31820.768,82312.471,NA,1574813.762,78841.745,49746.065,NA,453763.874,146931.375,50918.421,11521.877,NA,NA,NA,67696.979,2221494.372,31526.953,562814.947,20371.783,NA,86121.234,38913.769,44043.531,11397.007,184893.622,12672.299,NA,NA,17466.052,57111.372,NA,49898.906,10542.422,10005.415,51787.151,10603.19,45077.86,NA,40038.987,276250.282,NA,108701.56,94624.559,140035.072,NA,185784.75,175379.126,NA,NA,94641.736,NA,114597.866,11477.442,10001.052,20012.635,12257.899,107972.422,404242.777,12972.502,89972.418,26630.864,1612025.716,NA,405567.328,NA,298730.433,61027.106,189686.063,164100.987,NA,910338.457,13649.651,14427.499,1143998.245,NA,NA,NA,NA,114073.509,510982.748,10057.414,537818.337,23474.308,4361988.084,NA,13486.84,797586.782,10378.604,264568.316,NA,NA,35922.886,NA,13185.89,12939.84,48312.623,11565.467,136080.309,10932.624,37614.464,111316.679,NA,431884.911,35915.629,NA,20621.987,303444.895,71366.402,145558.091,21146.802,12787.559,25020.713,15387.317,13259.319,NA,17543.679,33613.484,90102.442,24531.611,22228.067,328428.858,151429.749,14153.687,21293.318,NA,162587.69,13156.723,21945.096,67683.954,19692.541,4434457.076,298745.487,NA,13501.095,NA,16824.248,104402.397,221119.781,19580.536,16421.131,NA,5436723.207,NA,689147.096,NA,24387.074,42438.913,NA,12820.811,46192.141,149061.234,10611.374,37374.78,NA,NA,NA,NA,32192.403,14330.377,61111.605,12084.442,11972.754,NA,11648.256,153400.872,14425.059,36146.415,NA,NA,NA,22768.112,NA,216449.558,56325.773,674909.245,NA,NA,4567523.956,1010712.25,133631.964,19045.643,1314644.509,3656393.809,24208.584,49291.141,25448.092,13559.761,572881.122,28219.3,10764.289,79377.578,10284.732,NA,151428.19,28595.597,NA,32022.923,NA,27431.795,NA,10892.249,13102.382,15537.889,17667.56,11424.045,281757.734,355422.281,198916.172,NA,NA,1184809.836,853238.366,91693.936,27134.79,482580.88,NA,23325.453,13051.123,472328.171,NA,NA,12148.899,58110.421,NA,NA,15757.164,NA,NA,534305.36,19777.067,210922.29,98500.159,122119.218,25058.204,29966.668,1262870.33,NA,301427.919,NA,NA,286145.84,NA,339801.258,NA,283906.867,386111.554,107728.742,NA,144152.773,114385.905,104956.884,36948.535,11419.29,620307.572,253459.144,156280.956,129323.309,NA,119884.165,27789.934,45337.684,41051.043,NA,10088.536,NA,28872.972,12717.561,NA,52020.486,32461.606,202442.098,68158.023,198575.519,58193.594,1059981.895,190838.883,101204.805,13126.634,NA,67980.363,1673106.958,NA,29145.901,NA,1530743.626,495842.522,12291.946,119286.783,13030.324,1387082.354,NA,19641.512,14688.919
"IDW.3.4_2021",NA,NA,NA,NA,128935.608,NA,NA,NA,13083.168,16858.903,41565.935,NA,20300.509,NA,49966.429,NA,741499.398,NA,NA,NA,141898.877,538497.588,154594.984,573623.824,42547.204,NA,NA,704587.634,707853.805,NA,NA,152583.815,315392.252,NA,NA,NA,11339.68,606310.591,10582.961,142995.841,59381.859,NA,224887.742,373651.782,NA,49995.78,NA,122429.657,228800.187,22486.782,NA,NA,NA,14186.785,46392.387,NA,31475.312,397306.855,81919.884,35054.643,25855.092,NA,336510.322,NA,10848.124,15184.135,69071.609,220259.97,346167.854,227402.209,12490.171,211794.503,41958.848,12269.22,25427.476,523373.233,501186.322,NA,33523.527,25233.543,NA,NA,NA,76359.885,NA,320474.837,36047.663,NA,402926.564,NA,38792.516,34963.592,NA,208346.767,NA,NA,401350.724,363099.766,23707.889,NA,35268.326,188777.356,67739.708,181827.226,NA,NA,11969.934,NA,81127.462,81897.353,NA,NA,NA,NA,NA,NA,57465.032,NA,24851.375,54729.69,145140.166,25890.267,11550.257,30767.505,NA,NA,NA,NA,440504.714,NA,NA,NA,244393.075,14516.191,NA,216060.142,31332.283,11264.564,NA,NA,53516.336,NA,NA,NA,21552.341,NA,75336.104,NA,17539.729,NA,NA,74271.258,19688.966,NA,2675923.797,NA,1272322.036,NA,11767.598,163986.277,NA,NA,NA,25499.027,12875.715,NA,676592.557,30431.102,24482.984,14052.974,NA,153700.027,46213.052,17585.049,NA,20799.774,13746.772,33517.375,59961.951,32640.73,12777.845,NA,NA,NA,10457.081,1914056.139,NA,203361.366,596325.087,1288531.715,3109039.178,NA,293041.617,839826.728,53890.419,114845.055,113159.809,5636019.538,NA,42357.726,26537.33,694062.825,178912.593,33455.134,39600.846,163974.266,14775.674,NA,24138.743,NA,NA,39398.435,NA,50476.529,45622.631,823308.903,1780908.299,48440.87,1054324.858,10513.699,NA,19953.825,NA,14652.471,1081600.413,NA,NA,297980.879,105050.723,NA,17280.233,12775.935,219762.106,562757.119,57301.007,NA,44781.996,19313.922,NA,NA,32586.193,320510.344,629078.059,488991.057,NA,107558.329,181240.442,18933.333,36839.615,123450.252,1637024.837,NA,32819.709,NA,NA,71855.235,NA,26062.36,NA,NA,129669.007,27450.076,NA,162656.481,NA,NA,16664.008,282152.021,290206.982,66808.867,32075.631,26358.826,NA,NA,NA,NA,61662.951,NA,13459.023,NA,124976.537,NA,158682.466,128621.034,NA,14627.858,11124.088,NA,NA,NA,68367.563,99230.897,NA,NA,NA,1442795.318,NA,83638.879,NA,1246336.659,NA,NA,NA,NA,39845.835,NA,802227.643,NA
"COVW.2.7_2021",NA,145284.162,468840.053,10155.987,NA,77773.97,22435.669,170657.795,NA,11028.976,175127.684,NA,NA,57500.255,NA,896286.886,192859.227,148997.466,NA,37126.726,56179.222,NA,179571.496,69330.451,83813.445,53156.89,NA,NA,NA,NA,16541.717,24280.906,757366.967,510547.944,88520.249,26620.307,291865.474,NA,386028.84,102330.457,11877.626,240420.476,NA,14565.661,597078.838,NA,50682.899,20120.534,NA,41589.61,23086.348,1002147.321,NA,41275.838,71732.109,947940.618,213324.468,11568.815,81485.582,NA,14771.792,NA,NA,NA,17466.341,211880.832,57334.225,124953.196,NA,36626.787,39411.152,75589.079,382520.709,348148.908,23792.112,25482.557,583054.468,249969.597,267622.441,NA,81111.43,39183.062,11650.974,26557.972,NA,723543.38,17974.984,222574.17,605571.235,NA,10039.138,10028.734,NA,109931.511,291271.44,163086.226,462345.568,372240.742,NA,165481.555,NA,679622.111,24307.203,267292.66,NA,50730.323,12786.164,NA,11428.467,27278.067,91091.682,20786.264,54284.181,74772.761,12096.51,10064.186,11703.466,94487.297,39130.137,NA,22468.476,276351.873,18568.013,13010.612,457184.042,724853.912,184883.784,15235.968,18956.087,51263.36,490639.485,816961.507,44927.966,84446.694,NA,96771.722,53868.072,NA,204659.435,19267.351,297659.274,322224.718,11560.325,22040.66,74431.535,NA,130024.241,NA,651190.016,14143.085,138962.794,11228.746,20464.019,17072.643,22319.771,1146793.331,4256705.642,NA,537935.272,249472.607,10884.759,11436.971,NA,NA,79893.939,834052.297,62974.292,NA,16248.185,21148.744,NA,NA,39714.136,35808.469,1890380.639,NA,NA,NA,16933.501,461651.47,14213.509,35001.444,1651811.522,13099.738,40413.229,25472.951,NA,257788.189,685103.646,314933.801,NA,48133.376,2522682.962,472306.724,114110.488,271278.238,3324545.94,2286608.804,NA,33034.092,18914.809,28833.127,494059.749,10267.732,3570175.369,398992.319,10722.351,43560.002,128573.737,NA,NA,128849.813,169526.608,136722.262,NA,71903.538,NA,28130.245,37882.455,NA,2950147.916,2896919.26,7870184.076,NA,93871.149,318173.352,128295.143,28913.351,166852.084,133859.843,NA,NA,NA,10553.513,NA,NA,160437.118,78329.389,212271.25,NA,24650.909,10712.934,83722.379,281701.38,NA,317476.49,245621.439,26683.421,18147.862,NA,1138916.914,NA,NA,13017.272,16098.485,11132.822,29923.055,106669.425,NA,24075.472,20186.468,200506.007,93350.123,116533.733,768755.105,842019.641,41119.88,NA,868769.758,85259.85,35533.972,30783.632,NA,19919.501,205034.118,72374.164,25191.366,NA,1590499.416,1085833.417,116080.321,99030.245,NA,156558.725,NA,13377.946,32294.316,NA,NA,NA,71354.951,34821.195,23824.78,1992273.011,2270772.364,1456437.752,34663.084,85662.738,1810859.878,463274.82,23158.924,NA,22943.985,NA,316083.154,16748.585,NA,NA
"ORT.2.4_2021",116014.062,NA,27232.432,NA,NA,11165.688,40630.263,57219.168,50383.568,97787.891,86153.823,NA,41271.136,44396.321,NA,NA,2644112.561,19472.63,NA,NA,179918.501,NA,430231.549,209233.255,205697.846,6719895.713,NA,NA,NA,NA,26814.254,123655.049,944246.606,NA,31383.332,NA,30574.985,12006.071,148011.738,221736.176,15909.242,NA,NA,26919.84,30206.659,NA,NA,127686.006,NA,66043.523,NA,12736.348,NA,188886.479,292873.02,15097.969,166796.9,NA,403821.918,NA,21034.454,241567.473,78474.619,NA,NA,NA,160316.942,394257.359,220345.502,76973.527,35945.23,1743937.6,22501.317,49247.748,77976.739,39111.078,1557938.411,10469.713,18838.419,11279.224,NA,13886.635,190710.515,173421.361,NA,365352.231,91881.556,73450.311,631802.915,589473.971,NA,26205.927,NA,315812.798,NA,14465.332,184748.42,1304512.243,19275.059,27837.853,285964.514,18227.603,102751.554,328917.784,NA,28427.61,41857.5,NA,138259.286,110612.795,NA,16078.296,NA,NA,10995.918,NA,147719.91,11515.678,22301.713,NA,166058.447,20628.497,NA,654022.44,NA,11520.061,10849.128,NA,11359.592,NA,55206.663,81903.507,292490.492,16175.809,29526.104,852894.566,3740293.903,NA,15579.881,30772.329,249038.782,42697.415,NA,200915.476,24717.846,NA,90580.722,NA,15332649.69,NA,NA,35019.645,49130.423,13029.276,92320.043,47599.049,3055348.889,NA,25868.034,56763.022,40600.282,14516.497,13443.189,23240.673,NA,13364.779,19685.912,12425.093,409302.651,48090.714,NA,17969.724,29486.894,25353.621,NA,81274.685,45175.55,NA,11908.034,49168.7,35986.151,NA,NA,NA,NA,11546.926,NA,105510.65,13293.832,920028.691,14263.443,NA,5169735.961,697549.921,205475.523,217149.485,16689.535,8282999.408,NA,104004.196,64854.621,17943.724,201866.895,17561.944,33832.531,320280.956,201486.505,66184.083,42373.702,NA,14465.498,420556.567,NA,482839.613,NA,11599.535,NA,83015.272,25511.266,NA,1495975.878,NA,2686004.757,1722950.451,NA,1453389.314,1007727.805,120805.459,292005.809,639167.19,23240.802,22982.788,NA,26270.696,NA,202022.21,100035.236,28743.866,NA,NA,NA,335716.429,658971.273,866197.965,NA,36560.905,153655.322,113941.846,NA,60041.543,1464519.477,15711.399,96648.415,67822.071,48596.152,NA,122850.444,12027.752,126166.771,194196.201,90042.392,NA,175301.613,299300.289,380292.869,NA,119964.59,983533.279,113443.556,77492.179,342946.477,NA,NA,NA,NA,68702.65,271037.449,NA,NA,422560.877,NA,NA,639952.588,NA,84103.88,102834.89,NA,21483.711,NA,420075.316,85696.113,NA,NA,150937.266,3201860.726,NA,44923.529,30375.147,2593420.578,30857.519,NA,NA,344208.396,192136.374,244414.576,NA,139145.779,NA
"ORT.1.9_2021",108101.776,NA,90449.91,NA,NA,48821.419,120866.612,100344.581,12421.56,99075.429,83932.756,NA,132158.357,NA,11677.796,10702.532,2384848.054,25184.133,NA,18649.036,174778.686,NA,448210.447,55990.019,33290.517,11706304.65,NA,NA,NA,10453.878,63272.241,317335.933,1222904.78,12786.603,42588.493,NA,24937.48,10137.413,248362.721,232693.457,27405.75,NA,NA,99688.893,14237.473,13896.586,NA,158863.187,NA,248896.274,NA,14394.492,11984.254,254477.519,283087.37,25764.07,174486.512,26000.044,478987.796,12649.777,44843.218,239631.39,17810.407,NA,12589.622,NA,267652.71,534346.982,380355.096,294539.391,31208.956,1600538.328,22225.504,20899.629,102185.962,37255.778,2070433.762,NA,10286.6,NA,NA,11816.485,227416.58,61944.066,NA,307549.155,95797.311,82202.257,643460.59,191718.534,NA,27327.753,NA,863091.497,NA,21815.142,482475.242,1502125.962,27170.147,57376.551,370140.291,NA,426278.929,477501.856,NA,77226.976,24492.286,NA,12880.587,90268.712,NA,NA,37195.621,NA,77339.886,NA,89803.056,24573.384,16226.524,NA,209948.141,24778.313,NA,497340.889,12014.704,18954.468,14030.836,10526.85,15169.167,NA,94085.572,149544.83,350284.958,22165.624,10543.531,1420782.767,6754943.477,10836.323,129657.341,38219.78,89665.51,110302.764,NA,274588.048,48333.077,NA,273187.03,NA,14097998.19,NA,NA,115227.401,122359.128,25819.012,85574.885,64038.393,5587177.783,NA,69704.078,NA,29678.25,97057.585,34169.973,10292.733,33328.96,10087.865,12995.07,28203.85,226782.396,98012.54,NA,48073.56,27445.18,90539.826,40283.936,97266.305,27015.603,NA,38915.789,170414.952,27334.756,NA,222240.013,12263.252,NA,29009.772,NA,377016.189,406088.319,785008.429,10064.482,NA,5264379.848,541080.738,64611.372,481748.151,16794.915,8693982.002,NA,14999.142,51254.919,11417.65,604159.808,31215.328,31395.977,659497.937,194165.081,67574.741,10331.471,NA,12051.393,449440.416,17106.783,399124.856,23503.407,28082.358,NA,48603.641,134540.056,NA,2378193.25,NA,3136917.659,1824534.515,139801.013,1521821.296,1119613.93,124717.575,233435.066,603171.225,17818.871,27000.076,11212.05,437095.922,NA,161209.402,20450.601,34203.904,NA,NA,NA,818797.573,1222759.5,975531.194,15601.163,175717.838,328006.959,223988.923,NA,42973.827,1654850.367,NA,12108.168,241386.369,29973.851,NA,NA,42031.485,37264.635,169971.692,266480.055,159571.33,NA,199380.338,543936.857,647203.113,NA,30663.706,1241328.984,190223.202,246368.09,164297.42,NA,NA,NA,11990.678,155067.937,395662.139,13287.317,NA,329894.176,NA,NA,898959.299,NA,122404.354,38258.58,11461.064,22174.693,NA,427702.249,132696.035,10407.057,NA,372141.83,3393749.81,NA,88469.569,26386.727,2827097.925,71726.275,NA,NA,121064.206,88136.463,217834.589,NA,83453.073
"IDW.1.2_2021",11560.59,14156.435,103082.392,NA,401278.531,20012.288,NA,NA,15196.912,188106.945,198314.727,21188.408,NA,NA,179115.902,NA,1590359.382,NA,NA,NA,259576.401,502946.323,226623.148,316293.42,87140.135,12023.417,NA,443531.047,376735.321,NA,NA,101844.786,444913.473,NA,NA,24670.974,NA,1171998.231,NA,85941.438,51456.083,NA,NA,617628.418,NA,244107.067,NA,117403.413,NA,31047.365,NA,NA,NA,198355.781,198957.526,NA,130899.423,NA,633626.35,115054.586,23270.247,NA,NA,NA,15683.415,NA,228552.512,612485.658,534480.815,196801.652,24303.528,803620.436,34416.222,NA,NA,21927.879,1162944.423,NA,NA,NA,NA,NA,NA,76217.738,NA,207706.099,25151.636,NA,970698.512,NA,12290.616,10409.309,NA,571894.685,NA,NA,92588.237,1233958.247,NA,NA,253274.916,45397.691,273349.856,519022.443,NA,NA,77813.598,NA,14109.256,144205.273,NA,18931.69,NA,NA,188998.049,18604.357,343462.648,NA,29841.268,294939.921,57788.995,24707.066,18662.218,195481.867,NA,10207.65,12393.041,NA,468116.531,NA,NA,24339.893,151281.191,40247.114,NA,679783.527,10570.316,10313.883,NA,NA,183842.678,NA,NA,23732.441,48119.775,NA,51203.79,NA,12254.408,NA,NA,69243.318,51525.8,25404.055,30924.097,NA,2560739.204,NA,129922.96,203732.174,40584.9,NA,14183.223,25543.009,50622.668,NA,45274.652,90979.182,33014.226,70575.007,NA,101059.504,27040.162,14813.361,NA,137479.638,40531.778,NA,112942.762,71731.711,20829.736,NA,22713.709,NA,17808.815,1920832.759,NA,73272.192,845964.994,1571280.857,206254.322,10341.005,2902466.562,876901.264,56416.881,392566.196,10386.448,9810089.28,NA,NA,234950.565,279125.532,284122.536,656144.539,15518.479,506590.807,22939.649,12499.093,16991.206,NA,11873.929,302611.71,NA,306409.225,117638.244,NA,155213.298,64054.803,67055.579,NA,11595.117,NA,NA,NA,1631194.354,NA,10819.761,14566.284,191409.509,14823.131,NA,18918.512,97487.126,19169.425,NA,54460.829,231596.915,34325.353,NA,NA,NA,179650.592,451140.333,203596.101,11573.44,39841.509,164718.833,13597.062,NA,43871.045,710271.211,NA,63622.581,NA,25965.578,155253.741,NA,101691.254,NA,NA,27108.558,NA,NA,166659.574,NA,NA,NA,65393.486,479737.182,162043.828,203853.214,14278.165,NA,NA,NA,NA,96817.735,NA,NA,NA,560496.137,NA,NA,738748.038,NA,11514.977,24494.824,NA,NA,NA,276682.872,71802.756,NA,NA,NA,2111830.688,NA,57053.183,25462.236,2011622.084,NA,NA,NA,144600.85,21659.323,93506.155,739319.107,40269.851
"CAT.1.1_2021",12056.366,NA,NA,NA,NA,12090.62,19835.853,63270.381,17266.74,103114.534,415386.597,NA,30931.771,15678.655,NA,NA,1641385.123,13720.49,NA,16774.358,182453.341,NA,331691.98,148196.528,131335.779,6533685.198,NA,NA,NA,NA,15132.798,90562.152,713881.463,NA,111587.132,NA,13597.091,20027.694,95775.468,231963.506,38745.096,NA,NA,287198.07,52107.731,12152.743,NA,119891.523,NA,106862.11,NA,NA,10166.109,155344.471,244370.912,NA,132330.704,NA,672091.444,13888.325,38721.296,149216.515,11851.456,NA,19900.237,NA,109361.372,247230.599,359131.287,271797.374,19702.85,825741.301,NA,62286.096,75192.287,15257.433,1347511.122,NA,NA,NA,NA,NA,77785.529,102533.859,NA,292975.674,31312.917,170963.752,804837.977,45720.103,NA,NA,NA,457229.532,NA,17658.505,378858.328,817754.189,15784.45,10357.931,247903.984,NA,217268.517,149139.608,NA,30961.946,20426.945,NA,62602.968,41293.921,NA,23740.734,19175.395,NA,120130.99,NA,160148.367,NA,14106.329,NA,175798.908,NA,11027.12,315570.032,NA,10480.34,NA,NA,11003.43,NA,115904.598,194981.831,297983.742,11078.287,40757.761,322538.124,9824485.735,NA,69499.053,56507.175,58122.459,188964.534,NA,77710.202,15634.836,NA,70503.719,NA,8436685.784,NA,NA,63665.144,70682.863,34683.494,96837.49,23848.563,3490445.188,NA,35543.058,NA,11355.577,63707.672,NA,12569.588,45602.923,13567.543,NA,77442.333,186627.239,18238.508,NA,71567.228,12214.746,69018.505,20052.814,186049.903,66494.157,23058.478,NA,89959.62,41315.906,NA,90391.87,28838.178,NA,12495.701,NA,145543.652,529139.59,481113.051,11251.389,NA,3185416.248,272823.47,176207.382,36450.094,11089.347,5861782.394,NA,100603.196,60067.57,30289.625,530423.583,11671.012,57818.641,40892.779,133135.149,13240.235,13498.968,NA,10991.016,314362.739,NA,301949.479,NA,18409.516,NA,NA,71761.416,NA,1515315.382,1342912.789,2315981.956,33156.232,365015.065,1237587.499,938590.088,105437.957,186781.265,496782.821,11860.759,24853.51,16280.173,182571.383,NA,92665.58,171115.759,33470.118,NA,NA,NA,NA,37044.798,750110.713,44000.284,35505.639,38665.5,65494.606,29631.371,53691.509,985459.758,NA,NA,117228.811,54888.533,NA,NA,79363.553,11300.432,172910.908,172762.405,53730.07,NA,178383.501,353755.713,369363.883,12417.016,14542.165,861524.894,67645.849,87055.072,180123.641,NA,NA,NA,NA,87460.545,214847.927,NA,NA,449145.052,NA,NA,532533.015,NA,46970.951,11526.468,NA,NA,NA,289130.363,77656.493,12144.804,NA,124444.82,2170718.713,NA,64659.467,29536.226,1860229.807,19596.258,NA,NA,34224.876,119937.192,41416.492,NA,61630.653
"IDW.1.6_2021",56117.053,NA,81236.369,NA,197197.607,18220.411,NA,NA,13551.494,38386.169,163918.196,11609.187,NA,NA,83504.515,NA,317636.732,NA,NA,NA,39832.874,306211.011,230280.921,300490.1,121101.283,NA,NA,297072.513,277071.208,NA,NA,52917.079,517725.939,NA,NA,32710.711,13793.902,663266.825,NA,106214.834,107170.465,NA,NA,836203.597,NA,131683.347,NA,99417.174,NA,NA,NA,NA,NA,85734.554,82822.791,NA,45410.21,NA,248849.903,242384.195,22617.244,NA,NA,NA,45199.702,NA,214733.888,301810.944,401296.053,91637.996,22540.879,550151.95,11008.489,NA,26315.319,11893.82,446525.789,NA,NA,NA,NA,NA,NA,25527.954,NA,117332.719,13469.996,12155.521,551521.083,NA,21455.011,11669.721,NA,149977.632,NA,NA,140790.737,218609.618,NA,NA,165989.411,36085.105,190556.836,248534.308,NA,NA,25612.569,NA,36195.266,129661.15,NA,NA,11415.011,NA,NA,NA,59805.057,NA,23422.356,272107.17,166587.511,10674.981,11030.251,79074.823,NA,NA,11318.323,NA,279718.228,NA,NA,NA,122081.53,NA,NA,612370.927,NA,22985.172,NA,NA,433025.454,NA,NA,34940.89,28352.223,NA,80214.691,NA,14171.703,NA,NA,22978.205,13026.301,11662.897,18539.15,45556.35,1525637.135,NA,268595.383,65375.691,12216.419,10796.798,79504.183,NA,21804.261,13850.339,24799.167,142743.147,72703.743,117284.347,NA,16666.425,10532.353,NA,NA,325340.64,82028.043,NA,86019.881,41776.146,13957.663,10105.247,10662.971,NA,20112.619,3530310.931,NA,164997.591,451048.248,1252534.82,211454.774,NA,884078.266,1263197.926,141700.098,200255.246,307670.743,8606205.319,NA,85303.408,148972.427,444668.147,532277.067,1709687.742,NA,258881.516,78226.3,25640.627,37744.417,NA,10037.063,399547.968,NA,458751.471,94604.566,12929.9,35671.629,46425.452,37101.412,NA,NA,NA,NA,NA,1748736.769,NA,NA,31546.49,143776.417,13984.115,NA,16666.204,41620.082,11292.397,NA,96957.138,81058.802,24122.597,NA,NA,NA,176817.665,216190.372,650677.619,11429.814,48686.777,147315.784,74644.728,NA,68988.334,848751.082,NA,50230.017,NA,17210.112,45928.608,NA,15866.433,NA,NA,11812.107,76443.474,NA,97700.49,NA,NA,13856.643,24540.012,450147.102,154324.475,228079.519,120392.754,NA,NA,NA,NA,24668.85,NA,NA,NA,253711.133,NA,NA,319154.67,NA,10432.239,26877.645,NA,NA,NA,78264.117,67785.457,NA,NA,NA,1735100.055,NA,52765.171,NA,1585735.511,NA,NA,NA,NA,14937.918,NA,422938.783,NA
"ORT.1.6_2021",11904.402,NA,28157.732,NA,NA,18276.05,15125.668,45258.481,13134.324,85272.175,339691.714,NA,25106.154,18353.162,NA,14908.589,1020712.808,NA,NA,NA,116057.626,NA,276783.703,116437.064,166301.139,3204158.476,NA,NA,NA,NA,11260.439,107880.968,384397.617,NA,320625.171,NA,21432.226,NA,123936.828,183177.469,30150.237,NA,NA,84339.739,153493.53,NA,NA,85323.546,NA,49640.203,NA,NA,NA,161548.008,242754.42,12577.153,83090.065,NA,280089.697,10109.348,52013.657,86445.337,NA,NA,39407.494,NA,173423.254,182667.013,96709.67,36271.657,10726.227,690962.551,NA,106089.771,43338.482,NA,1562750.216,NA,NA,NA,NA,11962.423,63499.26,18671.784,NA,92991.188,53373.631,503562.522,350814.245,20442.717,NA,NA,NA,232128.623,48124.474,32837.334,86051.294,545629.271,NA,NA,213160.449,NA,84313.182,89799.169,NA,18234.636,NA,NA,58739.207,50353.62,11816.133,NA,15859.328,NA,10812.596,NA,99021.053,21439.297,14047.397,NA,88354.709,NA,NA,116972.102,10220.698,11015.543,71395.536,NA,11799.973,NA,14975.862,274654.222,71070.701,NA,NA,25682.989,15575529.22,10241.831,NA,10883.914,59018.492,534971.668,NA,61027.351,11508.207,NA,48625.521,NA,2567552.485,12150.284,NA,18980.024,22321.244,35045.033,41905.39,NA,1866410.417,NA,45091.095,NA,11278.453,37265.169,17124.33,NA,NA,26129.863,NA,53576.292,90215.905,31701.111,NA,26209.503,17973.593,12487.509,NA,NA,NA,NA,34262.945,74794.477,166758.933,NA,10205.364,60850.211,NA,12777.34,NA,94321.391,82794.525,246480.886,11487.695,NA,1105410.295,575377.085,31852.793,137948.861,24320.918,6418299.434,NA,67033.442,23027.558,14683.652,147992.912,16201.411,10285.188,120716.471,90445.707,46916.35,18883.52,NA,NA,225320.308,NA,211485.065,NA,27985.734,NA,76849.395,11385.983,NA,805151.461,20104.722,1275112.377,858180.729,41434.977,677582.024,439735.409,67150.75,45807.485,280971.554,NA,29361.05,NA,NA,NA,61874.625,35998.99,13271.031,NA,NA,NA,428910.194,650565.405,264104.269,NA,63261.221,135099.848,35206.812,10422.924,19132.952,376194.038,NA,NA,64078.921,20451.642,NA,NA,13108.78,NA,115705.929,216779.679,113743.97,NA,104331.856,274027.469,223152.035,NA,77654.882,436482.296,51054.377,64214.573,228251.23,NA,NA,NA,NA,75476.23,202468.652,21987.05,NA,344644.613,NA,NA,455650.004,NA,53497.573,40995.001,12391.92,11000.905,NA,120574.551,56390.159,NA,NA,115427.965,1670413.455,NA,12322.245,21140.648,1581811.605,26319.38,NA,NA,40713.399,144153.037,33883.809,NA,31964.181
"UTW.1.4_2021",NA,418391.881,237111.067,NA,NA,155318.648,NA,142936.742,NA,80712.272,53505.683,NA,12275.582,129268.53,12682.789,1383105.078,18304.003,145633.502,NA,71474.307,20533.806,NA,107351.686,144726.498,121683.984,15948.692,NA,NA,NA,NA,11932.846,NA,658852.918,663119.724,161432.456,74279.337,130693.25,NA,149743.646,80309.391,26512.246,215772.981,NA,18243.481,344142.438,NA,NA,15355.4,11941.117,18159.958,66200.867,2818041.078,NA,NA,34790.65,2489129.783,100525.827,54881.063,19658.561,NA,29852.509,14059.831,NA,NA,18441.863,420693.667,25831.766,NA,11639.653,NA,15977.37,43576.284,187638.127,55153.166,NA,NA,436701.269,87441.409,103991.038,NA,83169.093,NA,NA,13609.851,NA,189862.115,NA,73212.376,594649.121,NA,NA,NA,NA,77819.276,61286.042,19090.904,208950.945,26742.262,NA,257126.232,NA,216231.36,11806.289,111678.147,NA,49737.842,13726.788,29936.964,NA,30520.16,58872.763,28188.496,53251.983,63040.391,NA,NA,NA,13959.425,19340.159,NA,15973.096,126314.969,NA,NA,492668.813,887387.768,36226.173,NA,NA,54079.917,234489.036,421957.933,24185.181,49419.641,NA,62443.947,13010.59,NA,216029.659,12093.187,79926.239,489641.229,10051.241,10498.537,15289.578,NA,21761.57,NA,NA,NA,96673.898,11050.877,100859.193,16775.178,47881.252,NA,1759786.778,NA,133307.772,91726.077,16807.615,NA,NA,NA,110331.034,2127169.206,47777.452,NA,NA,103863.56,NA,NA,73789.375,83274.335,12144.657,17755.569,528643.708,13528.826,12544.189,332653.585,21611.05,11007.569,17528.941,116399.286,10928.479,12936.343,NA,177766.641,64839.355,105461.584,NA,104272.39,227941.891,372548.908,46550.038,610606.228,809939.79,4885517.117,NA,24460.079,17129.538,NA,111338.279,17873.431,2605982.898,931174.616,19883.827,21248.728,66465.106,NA,NA,61335.136,126774.024,73468.285,NA,16513.485,NA,26467.481,31442.503,NA,1634383.948,1944692.633,3548084.681,NA,86262.174,137651.727,36574.694,14760.664,38738.455,53108.726,NA,10921.949,NA,NA,NA,NA,12837.888,27480.236,254673.654,NA,36177.984,127791.653,349632.283,217670.694,10504.327,106804.361,471881.865,127305.072,64552.438,NA,836235.361,NA,NA,NA,24276.955,NA,NA,66261.066,10924.186,17550.766,27555.547,273251.439,NA,72541.498,657043.87,381696.429,46382.865,NA,1261675.555,48471.649,46872.305,53660.821,NA,16375.699,136238.371,43246.476,19416.697,NA,1371645.651,1232631.134,14485.686,108207.541,NA,15554.017,NA,46326.931,14948.772,NA,12417.079,NA,115923.469,62217.887,10799.591,2520170.517,2559872.824,1185825.803,NA,24154.921,2210863.034,1274435.936,21221.166,NA,40353.64,NA,176046.619,NA,NA,NA
"WAW.1.2_2021",67548.272,NA,108126.353,NA,NA,135106.964,41834.4,63270.18,28135.379,48282.902,266295.784,NA,NA,27293.459,NA,198008.869,965435.913,NA,NA,NA,70359.298,NA,324879.366,1368966.743,1248209.013,218486.847,NA,NA,NA,NA,14160.619,NA,780067.796,11394.576,557154.27,NA,34508.628,NA,142458.055,361677.487,37344.901,NA,NA,18923.911,215737.729,NA,25740.104,193624.926,NA,53730.898,38957.943,NA,NA,60669.248,221694.636,14024.17,155778.3,NA,559187.173,NA,46878.607,103203.884,NA,NA,NA,12685.073,265234.115,16428.427,128597,37930.432,10077.172,292281.497,241815.519,31943.532,NA,NA,3584512.256,41086.594,NA,NA,28669.178,11086.653,72641.88,45600.842,NA,139478.111,10397.417,785773.826,3275675.219,NA,NA,NA,NA,285498.944,45563.621,11199.939,157434.443,132625.715,46437.907,17701.593,NA,544061.118,13021.827,66919.804,NA,40492.995,248806.626,NA,22020.556,247673.464,NA,11077.01,144930.199,NA,11075.384,NA,101148.364,NA,78496.308,NA,12031.981,137720.03,11376.83,41148.699,NA,10538.93,27429.206,NA,39462.865,NA,66642.81,567147.458,202003.136,19866.94,13596.236,104473.09,26873891.82,11720.561,NA,20984.235,363267.445,96222.789,10632.804,140377.303,NA,10500.581,209825.127,NA,51905.346,NA,NA,65395.355,47447.153,16112.161,20415.395,14391.99,1351999.889,NA,178274.829,513302.632,11101.454,16898.263,20128.279,10451.37,18793.722,123604.432,NA,49645.798,158694.302,49519.182,NA,NA,58654.108,49809.441,16764.294,11600.513,NA,12474.083,41445.098,74127.873,362224.962,NA,11021.594,71941.53,NA,13252.447,NA,273518.984,57939.235,292241.856,34590.618,NA,1648431.549,1252692.736,240645.932,285295.702,413959.298,11350658.13,22031.512,238618.497,133434.797,20261.655,821361.841,14341.771,25546.556,373434.362,14776.288,11817.502,184383.782,10067.591,28180.553,330110.601,NA,357401.533,NA,17645.067,NA,21488.568,13104.624,NA,1612753.345,1732857.203,2899964.088,NA,192586.498,1246442.575,770642.195,108979.494,106225.73,493299.371,NA,47312.199,31091.656,16721.111,17873.534,72688.959,39131.622,120457.985,35054.382,NA,NA,267184.158,630489.235,232245.598,29885.079,286354.082,272921.818,140046.202,NA,25416.764,835391.259,10817.022,NA,NA,92264.179,NA,13233.278,247914.85,NA,174374.912,73764.922,276027.655,NA,334991.594,352951.722,340423.582,NA,56994.2,876616.236,154867.835,182627.556,58035.869,NA,NA,19559.694,18269.753,86486.876,134820.585,NA,NA,86158.872,NA,13866.875,127913.759,NA,74291.243,15560.113,19553.505,20165.657,NA,343202.835,92867.539,10717.754,NA,199193.66,2565718.808,NA,95439.388,55299.811,2199623.143,20277.26,NA,NA,40699.313,379817.829,NA,NA,18724.198
"NVTW.1.10_2021",71765.328,NA,23216.331,13914.676,NA,54886.261,33538.945,18810.319,NA,18324.509,168934.646,NA,NA,84509.532,26320.623,22182.16,221756.145,19125.882,NA,NA,126327.682,NA,181271.137,20373.082,22895.352,8316959.841,NA,NA,NA,NA,23373.109,90489.037,334135.049,NA,14925.002,NA,11321.859,NA,116557.675,169624.804,54159.593,NA,NA,423285.481,NA,NA,NA,124554.331,NA,34923.259,NA,NA,NA,115365.958,117765.322,NA,52549.648,NA,115504.596,14511.06,11337.64,663224.134,17108.366,NA,64466.962,NA,123032.06,119281.081,420611.712,373566.937,NA,530450.505,NA,77136.34,42377.506,10238.785,634442.782,NA,NA,NA,NA,42560.647,403385.549,NA,NA,103249.133,13546.82,50788.013,302263.271,210358.781,NA,10569.958,NA,123301.556,NA,29036.905,81919.694,202530.851,29979.496,NA,318687.782,154147.605,231416.164,108772.157,NA,13994.701,NA,NA,54989.341,26088.914,NA,11225.589,12275.913,NA,27684.317,NA,96369.389,10332.42,NA,NA,141507.8,NA,NA,23684.795,NA,NA,15237.762,NA,NA,NA,37709.072,62001.482,283573.158,21933.162,148917.473,408663.368,3379123.037,NA,35545.813,109610.196,14626.338,48068.493,12608.629,63251.311,53388.866,NA,40632.732,NA,11430470.79,NA,NA,14747.554,16239.11,11532.312,79445.087,29807.7,2954191.491,NA,20413.891,22331.144,NA,44718.352,12026.181,NA,83022.806,NA,11243.358,80694.439,99355.886,195035.327,NA,38013.471,NA,52468.901,15455.019,192962.697,54562.014,21309.437,15633.779,74622.913,23373.443,NA,70404.341,NA,NA,13593.918,NA,131715.003,165267.161,96669.424,NA,NA,356482.609,344412.578,NA,350112.289,14332.138,4951350.172,NA,18907.219,17919.605,27312.711,418031.638,NA,39392.553,475179.885,46068.796,41444.792,11704.024,NA,11885.698,222789.388,NA,200996.834,NA,15043.059,NA,110240.608,38747.292,NA,852572.549,827843.493,979746.96,14229.331,143412.252,3335282.974,5058279.073,339135.923,54116.257,1624428,NA,12317.226,14532.787,288296.342,NA,120683.985,393717.161,40761.381,NA,NA,NA,412681.21,364773.148,641716.637,46586.084,104025.073,158598.022,58457.682,NA,69250.249,1155257.844,NA,NA,140645.745,NA,34650.828,NA,NA,17303.928,618563.886,NA,113039.002,NA,95974.966,123292.749,120754.775,NA,125569.329,339106.711,61254.582,95163.864,156092.555,NA,NA,NA,NA,59302.575,262844.168,15688.955,NA,234131.263,NA,NA,346133.925,14011.078,260428.372,13599.253,36959.077,47226.652,17985.141,154091.358,101505.499,NA,NA,42026.932,1533376.63,NA,12974.611,23299.667,1395411.413,25330.268,NA,NA,22822.209,56619.866,12041.964,NA,NA
"CAT.2.4_2021",27313.189,NA,77870.815,29467.558,NA,11198.596,133808.792,NA,16486.818,22941.965,246479.101,NA,144658.891,11268.789,24350.098,222057.578,692231.829,24086.931,13209.104,NA,80654.395,NA,238995.153,208771.468,229937.56,26992.274,NA,NA,NA,23718.806,10377.943,42607.534,522544.03,73160.502,524462.357,27683.519,NA,NA,90019.264,118988.62,29244.851,10789.288,NA,200120.277,345837.095,NA,NA,105158.595,23405.069,34076.877,11679.124,25795.191,NA,98392.92,143000.001,31671.69,55628.794,NA,325591.137,NA,78083.156,31894.271,NA,17389.613,113306.892,NA,92787.333,174836.208,276584.904,244235.465,12769.065,362751.384,12380.366,89747.576,14576.232,21408.088,777165.744,32807.1,NA,NA,29936.782,61969.991,16778.247,37809.06,11287.55,129821.802,15864.305,547944.475,467492.427,NA,NA,NA,NA,188098.935,188317.043,24498.857,310009.616,403897.673,14522.005,NA,190499.399,25327.741,205738.868,123006.08,NA,NA,13314.75,NA,39981.159,40151.353,NA,22416.061,19882.193,NA,49466.603,NA,76248.198,NA,NA,NA,66562.978,NA,NA,86554.877,19054.593,NA,75637.314,NA,32745.057,NA,19762.549,373316.383,100048.537,16455.794,NA,19759.112,21457856.81,NA,NA,550720.331,NA,12540.792,19818.159,20509.706,13362.102,14154.507,40508.874,NA,22706.392,29679.075,184303.296,127920.555,200879.77,17391.889,13323.318,NA,1214374.401,NA,29653.747,189335.501,NA,22734.868,NA,54566.001,33379.783,164153.963,NA,13460.636,84196.628,74356.733,NA,59530.934,218891.044,42774.375,27413.509,44563.595,16961.655,22997.514,NA,87620.562,115954.51,NA,330300.29,100037.103,NA,21001.427,NA,40857.287,12250.029,219971.245,NA,NA,692031.073,295987.787,104143.109,278226.606,309210.009,6104456.643,NA,43346.223,40023.995,31404.882,542676.524,12077.904,560118.481,354838.754,44209.131,16358.073,67821.905,NA,12194.021,193926.123,11769.994,182033.699,NA,19094.467,14056.986,782683.715,42466.601,66097.287,245841.942,NA,NA,NA,10360.9,65417.644,NA,11658.891,92726.18,43113.124,27887.409,27668.695,13446.439,112851.085,NA,146877.949,23313.962,33130.139,16936.229,NA,11584.33,NA,85840.396,262429.669,23192.009,104894.493,346679.128,66381.104,10357.21,32337.173,1386773.713,NA,NA,NA,57750.364,13326.724,NA,14624.965,NA,909436.684,919203.197,310312.218,NA,107696.362,24351.977,29388.804,277860.296,10411.367,574976.163,51471.3,71154.529,72810.516,NA,11478.98,273103.242,550601.694,77056.675,208169.402,215831.616,53459.236,221957.378,NA,NA,310959.532,10327.285,513162.007,17614.232,52573.959,107216.907,NA,214225.99,57753.692,NA,159117.698,411597.036,1914490.607,NA,201015.885,160687.609,1856853.269,100185.946,NA,NA,NA,87819.13,NA,NA,15599.322
"NMT.2.3_2021",NA,NA,61254.828,NA,NA,14244.472,12613.271,NA,23887.501,42861.051,257505.71,116665.884,NA,10852.13,NA,NA,1098966.212,NA,NA,NA,51516.304,NA,21486.835,554395.331,518846.076,12822.474,NA,21173.682,NA,NA,34269.493,NA,295806.471,11426.136,NA,99822.712,42769.025,10005.919,25817.215,151886.929,11457.042,NA,NA,21733.61,NA,11504.184,13401.048,58523.744,85760.47,NA,4465634.843,584733.944,NA,39777.82,141359.489,NA,92614.346,1315179.673,209097.432,NA,263754.596,13208.797,183762.757,NA,642747.2,NA,36509.915,160052.17,79553.562,102023.975,10343.43,437834.511,71621.924,18035.335,19116.913,18569.331,634548.857,NA,69656.908,NA,NA,151916.709,NA,51579.783,157552.499,79352.279,210842.224,NA,615644.221,NA,NA,NA,1704203.687,284215.96,12436.206,NA,101706.62,594025.212,38313.556,NA,41416.734,260504.513,26070.833,107255.447,102412.021,NA,40353.892,NA,21171.453,NA,23885.467,79548.34,132592.441,NA,28999.507,209976.727,10832.19,14212.824,27933.589,NA,61147.725,25896.318,13860.79,158064.284,25555.421,NA,NA,NA,27169.068,NA,18964.262,54590.388,138546.218,409568.618,49111.992,192376.313,NA,406825.306,NA,58031.741,254512.065,16725.807,32152.127,16562.012,227479.171,NA,100036.981,85140.9,10784.384,NA,13664.63,216330.184,104589.982,NA,25592.527,NA,3549825.273,247004.832,71499.579,NA,345822.452,674690.147,NA,217282.29,15020.274,NA,12458.096,19475.656,105976.563,33809.108,245390.352,40217.16,35172.551,NA,11651.928,NA,222441.543,21887.347,22782.755,73156.875,NA,266399.267,52031.917,NA,93911.185,22792.554,64487.243,232086.618,151123.432,109461.328,325628.264,381545.841,742765.328,386948.762,787970.795,11158.445,302307.757,1302920.809,10917245.17,8156071.865,15991587.96,23239.662,32964.691,96706.818,18235.423,11265.626,10009.511,785164.232,19288.133,1351772.957,2652956.777,27793.755,NA,17398.59,NA,91346.233,47527.404,15219.266,58359.691,NA,11817.765,NA,NA,11924.739,20016.918,110201.618,NA,291374.97,15883.259,1486348.003,1990771.463,31762.63,1152819.162,2016786.622,3747999.641,15765.367,42999.183,88278.269,NA,NA,56073.043,132423.899,391663.553,52733.64,13530.731,96371.793,72894.069,36000.412,15265.285,NA,169102.444,NA,57449.736,NA,222357.644,78015.542,NA,79507.165,NA,52618.783,NA,351381.67,1173321.215,164036.16,NA,NA,NA,NA,152234.286,58947.691,29463.056,436955.794,NA,19561.816,NA,13743.602,31405.361,NA,NA,NA,196407.527,NA,NA,28483.006,18315.199,NA,31972.185,11553.363,NA,57828.111,35461.973,61593.511,NA,NA,NA,800228.709,NA,53661.301,NA,677902.769,12115.687,79741.47,NA,NA,281890.138,14595.725,30786.59,118703.079
"AZTW.1.5_2021",NA,NA,45190.426,114542.868,NA,10339.553,24392.9,NA,18981.997,57839.704,217635.167,770714.918,NA,14703.95,12922.125,15912.864,1146463.768,NA,NA,NA,45260.029,NA,167509.94,297705.156,332926.873,NA,618643.416,163270.622,NA,NA,49950.393,23456.207,481738.555,NA,NA,186856.334,25265.315,NA,12305.038,350668.653,63777.89,NA,NA,165124.494,NA,NA,114061.316,14880.351,39025.155,106513.337,1669787.707,355953.242,NA,64437.318,182032.931,22486.965,79963.924,43621.412,509963.857,NA,25563.708,253001.067,58856.469,36333.63,1380296.735,35776.428,136383.214,276162.552,126725.027,142893.567,22947.266,698431.148,375803.996,127065.471,NA,52472.786,1306139.528,11670.742,44555.95,19789.776,NA,885233.756,531023.611,3513242.667,2355331.996,308648.533,572515.55,NA,1241769.485,NA,NA,27808.812,1407246.335,372847.151,77696.339,103468.254,317973.939,583372.026,96763.607,NA,24843.646,661108.433,48837.434,206099.594,405340.187,NA,54858.235,NA,38642.021,43357.21,16172.884,357037.733,73261.129,NA,34378.914,11665.909,54569.763,NA,162647.381,NA,49113.634,175212.921,32602.632,162417.908,182199.713,22935.536,16401.111,NA,32628.508,NA,11541.374,248833.104,84998.249,25345.998,28553.26,594776.693,79484.182,924524.427,12979.436,42002.394,395343.184,15504.208,135290.067,189566.809,69841.629,16633.277,78426.798,23407.833,NA,20996.525,16868.814,24188.199,79731.407,35349.497,35306.415,NA,4446957.079,157973.66,58845.593,15524.539,139879.341,227486.714,NA,102466.987,21195.79,10260.593,10970.317,11049.166,57620.471,149031.642,376876.637,69381.169,121817.515,493940.329,32968.344,37423.108,220773.936,NA,63785.201,65240.359,11099.009,87951.074,11014.257,NA,56439.988,NA,63814.824,343889.55,57832.006,385744.109,258523.23,123391.334,3464327.592,626617.53,70337.512,1180569.077,1151618.77,3634554.571,6172945.164,12502950.11,12421590.05,34396.446,236214.577,204058.269,13648.473,1039578.703,49227.18,584430.971,102493.844,2383787.332,3836004.972,242258.287,NA,245544.579,19855.203,33947.747,NA,NA,26011.662,NA,61781.116,95608.975,15153.871,NA,24309.045,727118.298,237760.475,238502.566,48372.705,1168276.803,1254622.956,44440.297,810024.716,1485812.536,2466304.113,24009.599,13519.201,90276.996,NA,NA,61193.482,879617.44,1180149.086,290329.702,50879.633,250659.008,970557.257,64441.482,67498.135,46455.77,2344977.872,NA,NA,NA,NA,NA,575020.862,157328.949,NA,150045.775,14987.055,363712.762,307659.13,328069.392,16426.263,26128.821,21928.65,NA,2868699.784,192147.728,158590.104,97618.999,1875243.934,2318009.48,19523.845,197401.393,111542.572,NA,45918.815,NA,167484.479,NA,NA,182735.05,1956798.883,212433.724,29529.495,1652846.63,30208.439,113283.812,86149.473,75501.067,18038.145,NA,23392.274,1768316.851,16268.939,149224.076,NA,1600828.338,145890.89,1911013.102,22679.521,34965.752,722512.12,82691.976,10709.159,14424.683
"UTWV.2.10_2021",NA,NA,23066.296,245223.27,NA,129016.842,47546.971,10451.264,NA,206401.815,275947.936,NA,NA,73151.145,3630513.071,36361.094,43591.259,NA,1718500.915,NA,119722.046,NA,224546.716,277689.117,289451.524,NA,NA,22466.786,NA,89354.882,1256524.601,133061.743,317730.774,76340.835,NA,64719.879,28220.198,11618.76,105586.404,266162.781,45235.56,NA,359745.489,20033.125,28756.293,NA,27952.393,88175.908,240449.622,72503.296,20102.844,32630.511,NA,24123.238,122865.965,NA,146357.533,197205.248,229673.737,10535.358,30067.298,77241.318,373372.93,NA,57468.159,NA,76935.897,NA,10633.158,13763.402,13893.095,190511.142,207176.47,23478.492,51321.25,402755.061,1369224.53,NA,325398.888,13383.27,184190.917,NA,26057.632,127095.343,NA,306927.83,10570.605,10610.585,1546823.128,NA,NA,NA,NA,54006.688,356110.684,NA,340437.387,12958.622,1575604.612,NA,16492.482,203314.018,11840.16,90020.202,NA,NA,61653.645,NA,14493.814,19593.44,15445.73,36904.754,24411.883,NA,NA,60084.189,11489.361,462431.305,39567.023,NA,234308.133,119831.44,83310.558,19972.009,41423.971,29914.957,10600.783,NA,12466.287,NA,12152.397,25143.733,440726.726,NA,NA,346898.216,330392.941,NA,NA,NA,265201.662,NA,57560.142,20847.235,NA,3567695.851,24230.984,NA,10700.485,NA,NA,53709.535,67027.965,11460.878,249202.579,NA,3557377.301,NA,52165.557,31781.751,101084.523,14934.657,NA,26863.566,33533.779,32736.345,39127.411,12501.544,26304.361,56598.215,11033.393,87884.035,30671.094,13216.452,47417.862,37528.226,19750.921,43955.955,15480.112,NA,10081.178,10053.49,NA,NA,NA,20075.162,NA,68320.613,28080.657,493970.618,990280.969,NA,686316.524,83615.357,74540.381,300745.402,225693.854,2326365.381,25998.959,43410.237,10602.893,31491.733,326153.308,15831.773,24992.535,403093.074,46159.714,NA,93812.072,20192.74,16131.326,55487.9,NA,71180.352,14992.551,29397.266,524231.324,NA,150230.706,21703.648,238206.401,251815.626,137241.549,37394.895,NA,664664.001,359671.321,649321.444,241328.52,312847.251,NA,12132.294,360639.238,512484.412,NA,NA,80224.769,76660.939,NA,NA,100732.268,307085.946,590699.987,357937.871,130262.4,40937.208,359126.821,74742.729,71975.722,25293.468,1343971.758,NA,NA,NA,11773.167,NA,NA,215709.43,NA,175208.28,50844.971,127513.988,NA,290182.861,54118.767,67123.342,23236.273,301725.378,658587.978,82226.544,63911.498,171493.26,NA,74658.877,25631.272,51015.577,138944.29,NA,NA,NA,38396.991,NA,124429.107,36939.083,61842.012,21949.662,19440.023,121273.566,37222.674,838490.637,197636.381,45403.688,25881.409,NA,12151.85,1701998.941,NA,57621.416,NA,1559559.506,15142.366,1549746.939,43775.563,10559.631,387947.086,NA,NA,12557.557
"ORW.1.1_2021",NA,60287.292,110583.596,NA,485945.898,10217.211,NA,NA,21156.831,20665.034,502523.869,55143.59,NA,NA,12643.965,12851.947,1392514.409,NA,NA,NA,261131.42,657358.032,272493.833,362549.417,436782.082,23116.817,13616.817,586738.591,457495.922,NA,NA,319588.203,710845.668,NA,NA,31874.736,NA,1448946.174,13251.462,181297.601,47773.528,NA,NA,98729.442,NA,265082.289,NA,134882.141,NA,53219.171,NA,NA,NA,168609.26,215425.908,NA,128048.156,25086.129,342654.218,23565.91,10310.082,NA,NA,NA,11507.762,NA,347671.607,508848.869,378281.664,73062.588,29028.71,484167.316,299536.086,NA,54175.083,13309.244,2139308.525,NA,22487.007,NA,NA,NA,NA,85853.008,NA,591704.712,56701.436,NA,2085324.545,NA,15250.832,NA,NA,637833.455,37222.915,NA,808268.823,970780.452,NA,14362.698,100256.088,448195.258,186544.07,701430.27,NA,NA,29571.234,NA,13684.762,164112.091,15700.341,17702.771,20268.258,NA,141272.335,18582.894,152745.132,NA,36805.868,497412.863,19930.802,301187.342,24461.764,206402.283,NA,53683.322,27378.283,NA,1043494.844,NA,NA,17883.482,151841.524,35586.457,11420.389,875963.227,42519.069,48245.131,NA,NA,582475.997,NA,24276.085,110596.611,47743.924,NA,26678.307,10936.976,72010.35,NA,NA,33546.457,294871.78,44591.052,49643.916,NA,2611112.46,NA,228493.289,242562.273,15491.961,56290.405,20776.177,11956.734,51547.937,NA,43752.113,10242.249,33593.144,58530.044,NA,382861.456,16857.676,NA,NA,25225.622,NA,15759.644,101283.105,56403.681,12538.883,NA,21696.494,NA,23432.949,67813.22,NA,140138.062,378211.362,975245.905,298075.702,NA,2302027.689,922397.197,189512.657,315738.023,1135438.747,10403447.35,13067.595,70784.249,325464.376,379193.559,290346.309,20001.699,12191.685,504975.271,74929.751,85715.015,50877.882,15267.572,12987.606,281828.959,NA,316011.995,13398.385,13783.019,297578.903,190092.708,101456.711,NA,10292.828,NA,NA,NA,741074.572,NA,NA,21451.18,227835.586,17140.588,19836.164,19644.388,153911.359,25134.599,NA,NA,275997.189,70116.068,NA,NA,NA,335587.092,727472.822,995300.518,55242.88,173125.422,143397.817,125824.811,NA,97841.997,2408058.573,70908.803,NA,35293.265,196622.906,NA,204947.24,NA,NA,44558.94,67815.7,NA,337018.497,NA,NA,NA,23730.029,519723.992,289555.452,320454.69,98087.896,NA,NA,NA,NA,96417.721,NA,NA,NA,363693.64,NA,NA,499055.169,NA,NA,126173.484,NA,NA,NA,130927.96,94719.077,NA,NA,NA,2299539.457,NA,123871.917,66087.906,2116138.842,NA,NA,NA,96990.015,399157.046,108057.438,934923.748,19290.502,NA
"UTV.3.5_2021",NA,NA,63973.011,NA,NA,14927.056,NA,NA,NA,NA,NA,NA,13396.462,224718.346,20313.001,19048.389,68113.904,NA,37590.188,425227.6,58664.891,NA,60743.338,12720.079,NA,16548.287,NA,NA,NA,NA,NA,26223.23,364120.424,37394.214,29960.991,11085.507,461111.593,NA,74150.952,NA,NA,17115.626,NA,NA,15170.527,NA,NA,32399.989,NA,25093.004,11885.92,NA,NA,NA,NA,20373.544,NA,NA,NA,NA,20066.845,NA,NA,NA,53870.326,NA,11896.444,NA,18535.506,14620.139,NA,NA,NA,1888220.615,171483.807,123416.174,NA,NA,NA,NA,241285.803,19506.164,NA,NA,NA,260725.561,64230.67,10520.736,NA,NA,NA,53662.704,18364.499,10997.491,NA,713173.567,281140.999,NA,15566.08,58364.896,NA,NA,16742.491,23145.863,NA,NA,NA,10773.924,NA,NA,NA,NA,81379.262,1247014.172,39331.265,NA,NA,765774.678,NA,NA,22163.833,10699.432,129246.586,23770.049,12973.248,282069.33,NA,334991.048,10569.475,NA,773673.944,695817,46140.807,111041.451,1995079.707,NA,30137.991,NA,50130.448,NA,32796.101,15201.241,NA,NA,36445.629,13114.099,84657.563,NA,NA,28799.73,24282.68,17150.217,47140.538,412404.22,12748.573,NA,4728277.606,NA,102319.145,12372.366,35151.784,NA,NA,127287.048,11497.234,24282.305,118661.809,11758.024,NA,12992.314,NA,NA,6013647.84,22741.46,5331151.761,72983.373,56364.44,NA,12632.308,125726.559,10978.607,10624.057,179209.82,92960.697,134174.476,12585.721,NA,249819.471,939953.9,11601.412,NA,64349.498,34528.285,168287.554,284636.614,140933.841,16614.439,1741353.621,NA,16052.722,33142.608,22242.362,103626.584,NA,27648.275,126277.197,NA,NA,62326.212,NA,NA,NA,NA,NA,NA,53639.759,NA,NA,12891.09,NA,1209364.036,1512772.021,2439217.808,30481.085,105631.993,68339.434,10434.402,NA,190151.296,45838.802,NA,25948.636,NA,11260.397,NA,NA,109381.897,17396.07,NA,NA,18862.044,92046.782,295299.14,30233.192,NA,44667.993,247323.605,19819.887,18873.424,NA,757276.319,20574.553,NA,NA,NA,NA,1831996.887,NA,12866.869,10950.937,102013.258,912494.956,NA,NA,313590.606,1184406.329,NA,NA,358369.973,NA,135746.178,157664.246,NA,NA,715566.003,10385.933,68093.806,374059.42,30891.764,71332.902,19283.323,27276.962,NA,NA,17596.864,20219.993,61830.197,15545.188,191682.467,NA,34880.914,72709.679,682641.272,NA,74657.708,812911.573,10482.194,40988.35,16544.687,753200.86,85223.261,14207.165,427032.196,NA,NA,NA,NA,NA
"IDW.2.3_2021",NA,17981.977,17476.686,NA,554068.661,NA,NA,NA,16426.1,26356.748,229246.993,55768.38,NA,NA,204368.655,21244.489,861048.069,NA,NA,NA,70326.066,736588.594,325084.716,664208.39,157239.298,NA,12971.306,564761.208,629218.591,NA,NA,27567.184,1313307.491,NA,10888.072,39184.94,NA,1490897.96,11468.11,101893.923,29243.961,NA,NA,328707.376,10221.347,207664.923,NA,171449.379,NA,35205.295,NA,NA,NA,138193.475,81531.742,NA,129783.631,NA,463939.347,165374.263,98136.891,NA,NA,NA,10304.642,NA,333779.388,684462.584,408438.555,232755.426,18083.787,637397.129,35563.564,NA,NA,13511.838,602178.767,NA,NA,NA,NA,NA,NA,97024.435,10874.196,191679.396,10542.505,NA,946436.052,NA,16583.395,21177.13,NA,414852.118,NA,10327.058,189460.805,809887.385,10874.196,NA,210811.465,13282.157,285531.305,411381.366,NA,NA,76593.661,NA,10762.41,83557.174,NA,16946.195,14682.108,NA,106522.749,12875.622,195852.617,NA,45729.264,363067.182,105009.982,19653.997,15959.655,238361.898,NA,11356.217,26342.854,NA,725404.688,NA,NA,NA,139250.383,38562.675,NA,697593.121,13479.63,20317.204,NA,NA,744297.425,NA,NA,141520.984,10569.491,NA,207512.44,NA,20005.394,NA,NA,149366.249,76756.595,21577.49,22428.246,41162.241,3566482.567,NA,13662.314,101109.309,26542.654,74996.797,19919.813,45216.441,51363.539,11074.72,13005.142,10155.812,139053.896,48584.229,NA,98807.821,16289.686,10831.22,10119.545,100327.611,40079.708,NA,173979.499,93927.392,42361.053,17196.729,13050.653,NA,28139.497,3331534.259,NA,207791.871,1170697.869,1418381.881,236079.241,NA,2524687.622,928162.293,66201.195,226429.71,35068.699,9561514.723,10813.584,57248.393,11408.883,404124.63,1145464.459,138461.207,14947.627,181756.81,184622.87,36489.186,17453.042,NA,12338.755,82109.572,NA,112991.172,151624.699,21079.149,67180.861,88954.971,26015.309,NA,NA,NA,NA,NA,1657987.541,NA,NA,28927.776,214281.933,10685.976,NA,35208.678,46905.418,16653.091,NA,124238.472,141884.922,24868.015,NA,NA,NA,130398.435,455622.169,267509.259,13691.036,166192.331,644748.42,272345.948,NA,73860.43,1270496.23,NA,18526.566,NA,34582.94,95805.31,NA,14542.934,NA,NA,22907.025,229882.573,NA,118522.668,10963.278,NA,NA,12285.008,1192575.567,94538.232,261573.112,154954.98,NA,NA,NA,NA,14239.785,NA,14224.566,NA,583910.739,NA,NA,749996.734,NA,21993.348,36762.391,NA,NA,NA,138153.367,91858.33,NA,NA,NA,314320.562,NA,299573.544,NA,1501234.618,NA,NA,NA,23784.406,32685.156,17690.004,1068628.822,NA
"IDW.1.7_2021",NA,10718.853,55126.635,NA,410576.854,13307.696,NA,NA,18734.983,94091.105,453706.388,27035.889,NA,NA,13673.791,12063.223,1025101.758,NA,NA,11622.143,93290.034,707607.925,222119.736,569398.891,125641.124,NA,NA,702974.931,604442.311,NA,NA,61673.367,376575.015,NA,NA,13527.642,NA,1248179.968,11612.205,74890.399,15377.128,11299.918,NA,283840.081,NA,461535.733,NA,142054.362,10791.369,21758.929,NA,NA,NA,172104.837,182780.511,NA,73005.18,NA,346475.243,304082.821,23157.211,NA,NA,NA,26967.743,NA,313248,326710.991,407003.202,363959.326,19137.263,1164178.646,NA,NA,21842.627,16841.915,1434063.539,NA,NA,NA,NA,NA,NA,23043.578,NA,189727.471,16060.17,NA,523558.833,NA,16735.486,17080.625,NA,451873.644,24415.332,NA,225364.9,1165713.642,NA,NA,362735.767,31057.021,208292.71,552400.378,NA,NA,14136.121,NA,79498.895,26737.247,NA,23684.35,18040.294,NA,241779.333,10245.95,164566.001,NA,14073.425,145896.169,164935.375,24801.022,19032.287,157340.323,NA,16154.555,23515.885,NA,265175.257,NA,NA,11791.117,271786.281,NA,10772.488,804652.874,28655.438,18794.159,NA,NA,303815.984,NA,24102.99,61477.792,16163.287,NA,82554.13,NA,19263.327,NA,NA,24179.461,87217.532,13968.05,45218.66,NA,3672224.45,NA,290292.31,180126.246,NA,20469.402,NA,12191.061,31929.852,NA,87499.727,10263.732,65844.842,186270.313,NA,11618.48,NA,NA,10511.938,48628.029,14113.649,NA,139719.539,25258.361,11339.079,NA,16900.641,NA,10823.311,1534411.371,NA,127337.167,363074.733,1252509.294,174889.617,NA,1832966.358,603029.106,147994.484,281779.487,91319.579,5757225.159,NA,49338.969,264864.667,481188.545,356392.76,991800.52,10129.472,696318.164,54640.772,63878.202,210711.422,12836.405,21975.674,90142.881,NA,127965.959,31337.924,NA,244164.879,127290.749,98021.56,NA,NA,NA,NA,NA,407063.291,NA,NA,NA,175396.582,10980.494,NA,19676.623,23864.949,36429.43,NA,43250.8,309913.164,20424.052,NA,NA,NA,189032.749,315032.305,120860.122,58754.962,11680.196,128037.344,54656.338,NA,98797.801,997078.273,NA,21544.878,NA,NA,151462.273,NA,46222.003,NA,NA,13482.597,137552.083,NA,122274.846,NA,NA,NA,182300.319,418918.729,87108.761,233032.838,69476.511,NA,NA,NA,NA,11904.073,NA,11627.641,NA,472189.101,NA,NA,655359.405,NA,28740.128,16430.038,NA,NA,NA,68588.471,131715.665,NA,NA,NA,1697359.424,NA,84437.212,NA,1729631.52,NA,NA,NA,40237.289,11848.385,25932.486,957581.231,17892.65
"WAT.2.8_2021",75865.775,NA,164518.987,11053.596,NA,98771.005,54247.796,55284.696,11763.461,50402.03,217273.318,NA,10609.76,11426.814,NA,36342.726,1542491.649,NA,NA,18973.945,45820.256,NA,346300.579,581633.804,575727.486,111745.304,179826.093,46051.284,NA,NA,16790.951,66405.17,973967.016,10415.149,522494.459,NA,21711.211,NA,213820.685,324040.022,60849.185,NA,NA,163504.794,32727.555,NA,29447.609,36759.766,26530.813,14333.108,63421.111,10485.019,NA,78809.73,554673.572,12775.15,294848.113,135886.354,670181.068,10424.246,42399.732,789841.71,15938.14,65498.036,40209.982,223931.232,200546.184,217584.488,167707.647,215153.235,11743.608,578133.207,469985.061,11777.726,15600.722,34954.654,3051424.47,41604.085,NA,10075.974,12119.485,41500.643,546188.137,2922516.766,1908278.967,308069.312,17854.599,162748.95,2391578.386,NA,NA,32170.681,11647.824,743567.795,310501.78,14825.499,409693.969,1106300.069,40064.634,19083.015,NA,1201979.046,49026.973,299926.099,NA,NA,234341.855,NA,29584.473,279069.722,90134.723,30530.049,25098.832,NA,84836.332,NA,99242.389,69124.697,122079.656,13547.282,30885.279,329743.784,15363.289,409104.402,28837.066,770442.483,284123.523,NA,11932.004,NA,51610.619,479781.067,157412.281,13604.289,108313.571,128649.153,27878571.02,NA,31723.926,81368.226,94668.604,62876.804,12539.23,224831.818,11583.507,33582.712,67108.643,NA,12316.649,26259.704,45195.542,72609.652,90660.045,91231.726,112604.532,27513.255,2349226.098,NA,701430.233,568656.673,30599.21,91463.596,20580.762,59565.352,150738.651,174949.764,13372.294,229389.187,48265.833,464039.872,NA,59616.048,648698.666,93375.879,251892.073,184544.21,68639.386,NA,139706.089,14324.339,232807.593,NA,70237.732,107798.588,NA,23352.094,NA,179123.646,10441.7,1006537.02,24292.128,51914.209,9506983.824,1537770.476,219239.368,1006480.095,607424.619,15514776.95,27850.79,19607.563,63035.394,27448.162,523801.479,20714.373,19027.999,1460047.33,18892.121,23563.489,197722.123,66616.989,70420.959,1697041.894,NA,1939920.283,NA,11675.565,NA,1124478.03,37811.809,NA,1577121.019,1558152.69,2470614.34,NA,49269.416,1787816.738,5798591.373,373326.655,437995.011,1805966.36,13334.105,20119.364,41529.992,165801.56,NA,82845.27,1072187.002,443513.792,NA,167663.414,NA,1360358.373,635790.007,967796.427,NA,193181.781,299519.093,69268.959,NA,33060.405,3651268.207,NA,79779.011,NA,85353.586,173878.898,222307.828,333426.008,NA,484866.604,107454.757,153837.206,NA,288901.038,229240.352,275634.192,15006.731,96149.373,1227872.039,405051.271,228838.184,119176.4,359224.488,1057357.133,52790.769,75467.946,99555.987,182769.658,115542.52,NA,149832.358,12900.079,12363.111,185635.563,635784.377,407718.102,81147.703,553741.95,93545.041,41760.576,337851.866,99457.626,17803.928,NA,204015.868,2811369.681,NA,299050.195,112247.337,2479912.421,46426.492,460416.425,26671.938,68166.328,1602452.75,85644.309,54510.719,11970.502
"IDW.3.6_2021",14286.476,NA,23953.083,NA,88450.067,12109.627,NA,NA,21270.812,41793.353,97733.941,17449.684,NA,NA,31026.206,NA,478778.635,NA,NA,NA,25397.685,502511.994,96006.114,328769.792,537026.264,NA,NA,473754.917,463005.45,10728.234,NA,23164.68,315755.38,NA,NA,17499.053,NA,319412.714,NA,93278.458,11331.101,NA,NA,NA,NA,23031.684,NA,185663.485,NA,NA,NA,NA,NA,255764.417,112802.492,NA,124219.401,NA,195781.74,82564.879,129169.745,NA,NA,NA,26848.692,NA,58604.095,111005.644,112999.991,36227.233,10587.165,353433.7,NA,NA,28526.348,20220.833,806824.639,NA,NA,NA,NA,NA,NA,10280.698,NA,16989.22,NA,NA,246394.509,NA,25042.184,NA,NA,205754.474,NA,NA,51437.442,373869.92,NA,NA,62311.032,83011.921,50685.331,80863.234,NA,NA,28829.738,NA,13706.484,81669.359,NA,NA,NA,NA,15228.208,14714.316,101645.482,NA,34059.146,30897.607,67806.845,NA,10721.035,80593.088,NA,NA,NA,NA,215087.201,NA,NA,NA,118137.039,NA,24945.429,138608.568,139344.534,NA,NA,NA,78651.488,NA,NA,NA,21458.134,NA,102697.059,NA,NA,NA,17249.244,301769.24,13804.173,NA,26149.468,NA,944643.875,NA,98754.562,33509.42,11142.454,12641.758,NA,115650.368,21093.757,NA,36652.245,27504.703,96862.205,NA,NA,28111.928,NA,NA,NA,NA,NA,NA,408079.796,100040.044,27398.798,34009.844,10945.159,NA,NA,901121.944,NA,117502.108,194469.484,24821.487,18215.415,NA,194370.192,1481720.764,139883.606,99078.58,135369.107,7164602.159,NA,15178.72,12215.23,31108.713,305386.485,267730.345,11482.827,107192.569,47830.05,31806.207,12676.012,NA,23348.692,75782.626,NA,78384.289,18980.723,NA,137972.62,20735.361,74518.865,NA,10459.438,NA,NA,NA,1247717.149,NA,NA,18648.877,81449.318,12961.657,NA,33274.078,17551.317,12652.62,NA,33042.238,NA,NA,NA,NA,NA,79456.648,288711.618,43839.098,NA,43566.626,37428.171,150921.356,NA,19475.35,239351.086,NA,37423.928,NA,NA,138328.104,NA,20393.918,NA,NA,18454.002,95187.21,NA,91344.352,NA,NA,11496.424,14478.644,272082.056,NA,13919.316,196009.067,NA,14048.444,NA,NA,25349.704,NA,NA,NA,380531.804,NA,NA,594052.664,NA,NA,28123.233,NA,NA,NA,50214.115,68451.701,19034.787,NA,NA,1198058.939,NA,60240.569,NA,946212.867,NA,NA,NA,NA,95775.329,10305.064,679981.134,213082.081
"COVW.2.3_2021",NA,178533.874,63463.196,NA,NA,NA,43764.074,342678.669,NA,52819.267,57296.147,NA,22229.697,198711.017,26763.032,1936805.703,22823.895,890339.965,NA,210708.8,59003.84,NA,164667.305,103364.383,78331.819,23564.284,NA,NA,NA,NA,42173.133,54004.764,406570.267,1753449.194,361080.257,80534.299,108873.145,NA,46168.194,45867.818,37429.487,115191.037,NA,NA,188844.253,NA,NA,44178.007,NA,63779.751,61229.414,2649949.001,20993.019,10623.057,22163.063,2508517.803,140754.577,17923.011,67581.033,NA,11132.381,NA,57633.297,NA,13814.101,33094.384,136903.74,NA,39091.683,21854.99,12118.524,102506.744,142772.847,245290.048,NA,25376.946,102668.18,47980.605,127042.078,165549.388,102471.424,18178.106,15182.072,11483.786,NA,404728.904,NA,30903.021,412747.552,NA,730818.29,728546.344,NA,16575.245,50033.695,169038.319,486998.95,27448.115,NA,559247.327,24951.125,745772.383,NA,48043.905,NA,47941.251,14480.299,95382.493,10049.441,41111.908,45455.096,74190.113,31635.585,238344.483,15675.27,NA,NA,34575.064,12682.159,NA,NA,100802.9,50823.723,43178.514,351157.369,181006.931,125181.159,NA,NA,113384.253,623072.37,938562.484,86417.244,59230.771,NA,109963.173,10775.321,NA,190833.837,22607.203,371949.583,306095.84,35483.166,15670.598,34952.634,NA,40978.119,NA,NA,NA,138572.617,12026.237,77254.503,29240.459,19020.823,NA,5037779.01,NA,124238.303,54965.422,40622.76,13561.912,NA,NA,188293.451,3081177.532,10723.978,NA,45437.622,193503.988,NA,NA,94306.934,84250.293,11506.789,NA,14301.785,NA,14589.085,230302.704,13344.005,19492.838,2080483.524,94376.855,61415.45,26644.312,NA,79129.863,789436.063,416143.315,NA,33017.449,1471646.892,148598.746,121952.666,1068414.572,753371.89,1431772.979,NA,25801.172,18736.673,19607.663,180680.916,10759.577,4819304.945,1274907.322,11936.71,27396.171,28971.047,NA,NA,10572.242,97683.34,19608.954,10414.793,17682.013,NA,21305.233,80166.13,NA,2405864.026,2285314.755,5454474.053,54083.805,86150.834,208415.427,63590.422,18527.95,161098.762,77184.261,NA,14830.145,NA,18625.016,NA,20503.893,172142.226,10243.064,581935.717,NA,57098.483,351320.276,722173.23,152819.783,NA,156911.477,597681.122,39227.441,98718.113,NA,1560055.326,362692.227,NA,54912.769,NA,NA,NA,27215.581,236365.468,42638.43,157762.79,94431.755,10659.001,36604.925,881074.067,963013.811,89790.29,NA,1361291.276,133135.888,88067.042,40399.053,NA,16361.569,43849.99,140247.518,132053.382,67855.586,1602127.196,1382278.027,10369.707,348039.018,NA,NA,NA,32895.438,27863.058,NA,NA,14707.456,72106.752,30874.13,136584.624,5665468.52,4745512.747,1519107.474,NA,49734.965,3948120.296,1739126.676,38054.966,NA,81409.179,NA,574805.627,NA,NA,NA
"UTWV.2.6_2021",NA,32927.006,92152.018,633162.966,NA,22808.735,246429.792,NA,15917.149,111116.268,776369.139,10789.559,13129.698,48338.826,3486713.498,123463.911,161756.868,NA,1790488.831,NA,52841.955,NA,419586.762,436782.451,452155.801,11322.149,NA,24986.835,NA,78467.288,1447886.205,112818.68,594867.267,338199.951,NA,66254.353,14071.916,23560.496,22010.985,317415.069,20800.517,NA,NA,16729.512,14882.715,NA,86460.225,62958.713,49936.583,33240.589,14945.106,22434.947,NA,57891.037,217038.794,13842.707,116580.372,13774.134,261402.513,NA,127657.083,130211.848,NA,NA,66316.211,NA,105077.344,NA,87056.912,32276.756,14213.811,177145.198,301142.291,20772.353,186084.84,15596.538,1771726.425,21853.622,586630.652,20370.234,333159.15,28605.69,73311.505,27853.164,20641.957,188351.072,18215.626,NA,1828384.91,NA,NA,NA,NA,202613.494,712736.639,23501.806,475046.965,203017.563,5034252.979,NA,NA,407435.052,31806.699,138509.994,NA,NA,77509.092,NA,NA,85818.944,87704.763,38145.38,21205.921,NA,NA,233451.618,116058.015,308026.949,195709.306,NA,26911.045,194780.31,54257.325,63275.273,46806.311,13954.467,197264.482,NA,13519.882,NA,NA,16852.088,211095.162,NA,28825.626,261631.258,1065221.733,12642.415,NA,NA,273809.766,12934.343,14088.135,55000.128,13533.985,4061809.615,46584.595,NA,NA,85879.4,52231.523,106645.853,57234.865,13558,37374.183,NA,3302857.904,NA,138662.305,25141.51,26776.85,58571.672,NA,19983.679,113152.37,68334.514,29881.55,11383.841,14645.672,48750.254,NA,26825.602,20359.627,15177.992,69915.342,23908.992,NA,14503.241,13193.007,14969.485,23505.364,31822.398,11258.997,NA,NA,11145.067,NA,233193.182,98617.041,309639.394,18387.462,NA,1653104.501,376600.92,298780.792,367094.666,28037.781,6425168.47,10351.304,56361.261,37534.475,26871.601,788875.624,20999.174,33297.555,595154.273,66238.427,61869.235,190234.317,60221.59,NA,62381.844,NA,69243.034,NA,10490.601,NA,NA,67058.334,NA,119800.488,119193.333,28393.454,10268.632,117767.146,1184139.077,749603.909,106382.595,290632.926,480986.713,NA,29141.196,11655.84,315508.698,10669.465,NA,138282.851,51458.574,NA,NA,153177.478,NA,41951.847,375703.663,126094.244,108628.804,417047.586,95791.45,49705.756,53273.067,1427624.962,NA,NA,NA,117539.81,NA,NA,308565.498,NA,406319.812,87767.794,403465.95,NA,357442.318,60456.808,43421.27,15825.789,34644.809,507765.207,114999.935,119043.563,475959.824,NA,122958.458,27368.821,44124.512,43446.98,NA,30366.603,NA,95891.49,19832.402,NA,99006.51,170889.532,94671.427,17367.056,359040.725,51566.076,1962934.919,320971.304,65302.151,22965.029,NA,66250.244,2150345.894,10688.529,116685.301,19481.561,1875355.718,422756.16,1970907.252,33904.404,NA,634379.431,NA,14250.131,NA
"ORT.2.3_2021",NA,NA,NA,NA,NA,12085.69,25809.539,73625.946,52730.772,78627.981,168209.689,NA,146685.912,40669.005,NA,12986.904,2240601.031,10617.704,NA,22265.065,128821.916,NA,320019.812,319758.919,420232.731,9435186.605,NA,10184.352,NA,NA,30360.988,148806.225,954514.64,NA,23801.391,NA,15601.864,36689.895,84184.929,212581.602,27763.234,NA,NA,108985.753,112136.177,NA,NA,148679.393,NA,48173.283,NA,10388.097,12554.455,346819.895,307528.315,17837.647,281464.883,NA,298105.196,NA,82073.404,306571.955,75788.776,NA,NA,NA,186968.531,407280.755,134943.525,16461.275,35129.816,1390725.484,10601.19,95407.946,218318.219,44307.338,1814683.925,NA,22410.898,NA,NA,NA,188184.245,154606.731,NA,187079.313,90070.394,48844.555,667261.746,232240.512,10310.569,18565.173,NA,833363.484,10108.774,NA,338871.851,1754459.033,23620.307,42245.613,259058.832,15285.644,215955.921,502054.886,NA,55034.044,57971.395,NA,19920.831,101269.473,NA,NA,10419.085,NA,19910.202,NA,50488.424,NA,15523.018,NA,156808.742,20309.287,NA,281197.622,NA,14755.692,17694.758,NA,25824.021,NA,28472.948,100643.384,115244.689,NA,12695.604,879051.797,3382710.544,NA,42404.869,41326.155,156771.99,34066.835,NA,195120.061,25061.032,NA,94118.013,NA,12828624.27,NA,12450.57,56316.921,51943.315,10963.47,164199.852,56727.238,3850923.19,NA,42110.178,19568.205,34653.525,12359.812,40046.852,17481.909,NA,17702.936,18531.263,13690.999,331742.438,33483.392,NA,137492.746,29276.068,19595.273,NA,50346.077,13545.215,NA,11134.282,65450.851,35555.527,NA,17293.428,NA,NA,54058.529,NA,184365.547,220286.548,224829.488,34292.117,NA,6259021.04,534802.165,411320.107,245149.053,61044.17,9046068.918,13101.393,51700.307,39030.505,25891.8,225145.436,31634.079,24772.372,461165.473,157246.717,47502.468,19472.472,NA,35436.48,330584.765,NA,315088.61,NA,42030.194,NA,439378.681,20318.114,NA,1243887.473,NA,2136658.767,1377631.359,195902.522,1197161.425,815287.978,110429.986,325150.165,515201.449,22441.015,32426.487,11930.428,NA,NA,234466.983,13712.103,49947.445,NA,25253.094,347661.153,142049.456,143711.748,611158.373,NA,29655.829,106868.768,224459.641,396913.152,29990.913,758947.371,31029.172,150965.909,NA,214603.65,NA,12607.051,10693.753,180031.126,653080.991,112079.929,NA,154005.747,376021.024,372131.499,NA,172226.511,819498.222,128847.909,140399.71,150808.22,NA,NA,NA,NA,157256.334,435285.652,11565.854,NA,674604.233,NA,NA,896485.566,NA,82398.798,31639.91,12774.304,24716.211,NA,70282.425,119215.166,12269.286,NA,144605.764,2135575.196,NA,69608.89,15391.997,2053576.428,33898.78,NA,NA,271873.939,187996,191403.449,NA,216220.096,NA
"IDW.3.8_2021",16392.443,NA,NA,NA,128933.061,14965.429,NA,NA,17381.13,43084.011,157762.522,22763.112,17885.066,NA,62068.896,NA,77564.006,NA,NA,NA,91664.138,490346.208,169906.812,187548.138,164299.67,41147.469,NA,742709.382,662867.541,NA,NA,84498.511,240802.318,NA,NA,16647.312,NA,406098.051,11293.323,166681.078,25639.277,NA,733346.951,26364.486,NA,49586.068,NA,183304.246,200425.548,NA,NA,NA,NA,31289.988,166686.437,NA,38770.829,333767.994,161973.532,54367.143,55801.815,NA,208777.864,NA,38090.241,NA,94781.153,175269.39,325370.887,319687.892,11759.916,445351.515,59948.483,NA,59866.016,400045.061,953731.686,NA,NA,15869.003,NA,NA,NA,10899.76,NA,191523.5,NA,NA,938498.631,NA,15714.778,34004.039,NA,288496.606,NA,NA,326522.582,515369.107,NA,NA,180869.038,193260.988,85026.823,246673.035,NA,NA,13391.452,NA,36425.754,45394.674,NA,NA,10383.543,NA,53407.934,NA,38572.36,NA,11862.613,23456.013,113639.026,54937.408,NA,128592.529,NA,NA,NA,NA,161954.387,NA,NA,NA,578418.108,NA,NA,436224.492,33354.07,NA,NA,NA,167145.513,NA,NA,22269.603,10805.185,NA,28541.323,NA,58295.967,NA,NA,85810.555,51007.055,NA,236357.245,NA,1626706.27,NA,61302.617,99026.437,NA,32219.24,18364.527,18384.509,13390.143,13739.484,147199.782,12450.291,32813.245,41952.008,14557.5,94287.229,12208.155,NA,21825.205,18297.599,10969.441,55431.076,84997.34,28897.173,35193.814,NA,18969.166,NA,NA,572773.298,NA,46028.045,801742.152,1684961.744,1303926.699,NA,1483464.298,644705.396,37902.009,141449.256,595924.546,6266170.531,NA,54549.057,25245.957,331544.162,427824.855,118420.402,12543.704,287646.541,49649.938,NA,31179.2,NA,NA,31826.616,NA,35711.658,30912.886,20813.948,84975.234,85514.284,59501.089,NA,NA,12506.543,NA,11607.003,1496197.698,NA,NA,595895.721,254691.826,10594.902,10124.579,28634.405,400305.679,65414.655,NA,27805.952,59772.436,11269.98,NA,NA,NA,135888.285,377017.656,500741.375,19569.25,86336.556,140305.684,89044.504,NA,145253.619,686551.038,NA,23700.131,NA,NA,25015.136,NA,33976.264,NA,NA,102609.069,62478.486,NA,214795.547,NA,NA,NA,313953.16,267658.244,75910.103,83677.899,29992.619,NA,NA,NA,NA,13837.818,NA,NA,NA,209960.68,NA,101984.741,275782.855,NA,NA,19429.666,NA,NA,NA,78989.556,96836.322,NA,NA,NA,1533010.603,NA,102349.695,NA,1427119.664,NA,NA,NA,13715.968,112673.965,NA,775380.781,NA
"NMT.2.6_2021",NA,10112.454,NA,34924.436,12595.779,16313.375,212127.686,NA,19006.157,11115.691,323421.808,17616.369,11540.413,48778.433,37683.404,NA,748140.905,NA,NA,NA,38268.152,NA,139630.177,524212.883,546903.634,NA,NA,10414.31,NA,NA,141682.033,11838.797,238618.139,18245.45,NA,412177.707,NA,15880.282,10146.67,206973.296,18955.525,NA,NA,263815.818,NA,NA,134694.914,49272.508,341882.218,52957.082,5143872.205,655426.874,NA,74271.028,93418.102,NA,144792.877,1656597.664,279237.93,NA,76833.769,125495.566,126999.924,NA,2735643.975,39166.363,66152.691,146140.884,175525.451,126366.819,10147.576,484420.938,86263.896,51034.587,11224.466,62577.994,1059365.418,18455.392,64935.524,NA,NA,1525447.365,126199.03,11275.684,97436.657,398648,570535.749,NA,1059163.047,NA,NA,96535.929,2093737.652,291225.085,17278.998,27797.483,490703.043,476321.382,336048.534,NA,63340.14,36859.991,64452.453,153223.363,164302.381,NA,67507.801,NA,29857.79,60741.858,NA,62866.804,240788.504,NA,34224.45,194686.014,46603.891,35250.156,103775.889,10831.044,30161.525,65892.005,12858.678,90366.88,22790.295,15041.131,NA,NA,NA,NA,14053.507,201135.866,161580.636,12398.127,59561.312,561463.375,28354.874,656071.061,213104.969,41724.397,587859.305,26046.655,31967.199,122203.387,244932.135,115485.618,107491.871,154390.518,NA,NA,236512.191,165400.262,78585.045,17956.693,45120.075,NA,3882873.337,332112.016,48704.698,191184.052,261288.906,568792.587,20057.659,266154.283,23556.971,NA,32266.031,21783.98,92543.092,136614.528,508338.524,76475.231,36037.499,13465.067,54678.575,140328.303,70759.154,12825.663,40509.437,87260.006,NA,66184.32,62692.746,NA,102221.065,NA,57378.012,127986.384,18976.411,278781.565,329030.364,282385.727,3244821.521,839180.111,401648.036,521589.722,1265813.21,4439779.635,11681521.65,7335694.48,5310873.054,13459.558,127110.998,27169.519,22310.04,620437.535,12566.423,939922.938,12909.012,2525170.093,3724545.745,109433.422,NA,68995.069,20918.186,262912.971,11646.34,76213.7,64006.591,NA,19685.822,37800.933,12602.888,NA,19500.812,771810.755,271866.121,306899.982,231380.565,1502995.592,1539653.568,14602.715,1076063.276,2146752.454,3361359.267,25113.004,33736.446,119711.048,NA,NA,62612.317,148654.942,356451.39,77730.57,36070.583,66576.849,230277.416,104476.004,198114.376,24949.71,445123.268,NA,34608.627,NA,NA,162930.705,NA,55277.513,NA,165822.88,67448.333,299795.379,908323.946,218896.195,NA,NA,267503.435,20975.102,409493.576,94006.422,112648.907,62832.92,NA,119242.354,381874.545,850661.256,90202.576,NA,10790.784,NA,313148.014,NA,10034.624,417972.64,138342.787,66065.229,18946.542,111618.643,10733.031,242018.472,155605.91,67084.632,NA,NA,12201.234,1743661.578,NA,14768.147,NA,1401969.163,254810.005,27270.02,12431.237,23652.22,268899.346,21780.627,NA,25523.159
