"Description","C001","C002","C003","C004","C005","C006","C007","C008","C009","C010","C011","C012","C013","C014","C015","C016","C017","C018","C019","C020","C021","C022","C023","C024","C025","C026","C027","C028","C029","C030","C031","C032","C033","C034","C035","C036","C037","C038","C039","C040","C041","C042","C043","C044","C045","C046","C047","C048","C049","C050","C051","C052","C053","C054","C055","C056","C057","C058","C059","C060","C061","C062","C063","C064","C065","C066","C067","C068","C069","C070","C071","C072","C073","C074","C075","C076","C077","C078","C079","C080","C081","C082","C083","C084","C085","C086","C087","C088","C089","C090","C091","C092","C093","C094","C095","C096","C097","C098","C099","C100","C101","C102","C103","C104","C105","C106","C107","C108","C109","C110","C111","C112","C113","C114","C115","C116","C117","C118","C119","C120","C121","C122","C123","C124","C125","C126","C127","C128","C129","C130","C131","C132","C133","C134","C135","C136","C137","C138","C139","C140","C141","C142","C143","C144","C145","C146","C147","C148","C149","C150","C151","C152","C153","C154","C155","C156","C157","C158","C159","C160","C161","C162","C163","C164","C165","C166","C167","C168","C169","C170","C171","C172","C173","C174","C175","C176","C177","C178","C179","C180","C181","C182","C183","C184","C185","C186","C187","C188","C189","C190","C191","C192","C193","C194","C195","C196","C197","C198","C199","C200","C201","C202","C203","C204","C205","C206","C207","C208","C209","C210","C211","C212","C213","C214","C215","C216","C217","C218","C219","C220","C221","C222","C223","C224","C225","C226","C227","C228","C229","C230","C231","C232","C233","C234","C235","C236","C237","C238","C239","C240","C241","C242","C243","C244","C245","C246","C247","C248","C249","C250","C251","C252","C253","C254","C255","C256","C257","C258","C259","C260","C261","C262","C263","C264","C265","C266","C267","C268","C269","C270","C271","C272","C273","C274","C275","C276","C277","C278","C279","C280","C281","C282","C283","C284","C285","C286","C287","C288","C289","C290","C291","C292","C293","C294","C295","C296","C297","C298","C299","C300","C301","C302","C303","C304","C305","C306","C307","C308","C309"
"WAT.2.10_2012",34759.126,NA,261296.858,10855.067,NA,207012.062,16601.333,72351.024,NA,63605.385,370571.145,NA,NA,16668.025,NA,162203.31,43388.081,NA,NA,NA,178796.148,NA,98044.012,430315.204,402161.153,856783.23,NA,NA,NA,NA,10997.73,100874.451,265931.731,20325.985,486306.447,NA,42844.918,NA,206519.761,278368.649,33131.62,NA,NA,15208.812,39317.971,NA,NA,155839.886,NA,82917.804,NA,19269.803,NA,30816.256,151629.347,NA,116943.736,NA,108444.51,NA,75805.584,45471.89,NA,NA,NA,NA,59984.004,NA,81547.297,21911.085,18574.121,72550.967,151508.154,14750.167,87934.835,NA,925942.754,NA,NA,NA,18067.394,NA,12082.036,NA,NA,115620.058,NA,795309.769,1401510.191,NA,NA,NA,NA,550305.392,283758.456,NA,155206.497,140767.887,11696.363,NA,NA,499717.824,14081.817,123417.203,NA,NA,51626.315,NA,NA,93434.591,154629.701,17402.452,NA,NA,506992.077,NA,163321.091,NA,25713.318,NA,17738.582,204681.943,NA,NA,10558.565,NA,313970.156,NA,NA,NA,261661.685,427596.47,513588.375,49947.953,NA,46292.894,24909616.78,NA,NA,80026.775,193930.533,957673.14,14829.841,NA,381103.01,NA,39183.48,NA,111872.641,215578.15,NA,788821.966,17715.057,25229.59,17581.997,NA,2400764.012,NA,120257.451,74597.196,NA,14193.203,NA,NA,61388.578,17907.464,NA,12279.369,56773.782,37337.449,NA,NA,35549.264,NA,21453.064,NA,NA,72659.386,NA,23995.191,114167.366,NA,NA,196883.221,71346.316,NA,NA,NA,90856.855,49897.165,73515.401,NA,NA,146367.529,836886.551,49979.705,144291.122,49679.106,9635978.093,NA,22005.576,86982.743,27709.528,304023.407,NA,110696.493,635467.94,48716.042,10674.701,231833.952,40675.497,NA,231658.787,NA,280647.802,10893.395,37331.739,NA,142660.072,28728.718,NA,1095229.575,NA,751908.778,839138.442,128642.872,826690.401,434222.111,61078.094,40252.619,311975.525,42676.026,74906.634,19036.868,556790.177,10481.479,35751.642,27009.238,NA,17609.259,NA,12285.02,318744.457,692180.189,525557.827,126309.83,46613.216,77504.262,41019.901,NA,82546.42,757471.133,11197.862,50056.872,10861.958,42637.68,22023.207,NA,124945.246,NA,278744.374,NA,126815.661,NA,247273.867,366988.308,473703.24,NA,15669.891,215534.263,47818.222,17865.908,83657.927,NA,NA,NA,NA,23177.874,76058.441,12257.019,NA,54508.465,NA,NA,76272.884,NA,18220.226,38020.515,23264.64,NA,NA,119450,207056.28,10322.266,NA,65640.982,1334412.732,NA,49144.764,10677.578,1113404.496,125060.293,NA,10798.074,20882.955,NA,NA,NA,285461.733
"NMT.1.9_2012",NA,NA,68301.321,NA,NA,NA,NA,NA,NA,15815.068,75025.231,69169.413,NA,16981.054,14469.357,12268.188,771712.825,NA,NA,NA,14211.467,NA,28626.484,71274.432,88688.414,22616.054,NA,NA,NA,11411.169,43394.138,NA,369767.348,17663.729,NA,22798.881,75976.519,NA,20225.562,179748.286,25559.606,NA,NA,17997.665,NA,NA,36233.369,10382.992,57852.736,17703.299,3171108.286,206504.65,NA,20453.974,157816.824,17544.908,39803.213,779492.835,62375.317,NA,NA,21732.606,30310.137,NA,1369150.887,79160.904,26633.812,59959.098,74451.454,81674.466,NA,156607.527,72917.476,361529.933,NA,47896.326,573826.862,11572.758,NA,NA,14494.15,415059.969,19295.218,10191.267,13217.154,17266.199,372027.665,NA,677686.969,NA,NA,22240.36,865237.986,436333.757,NA,65205.519,284298.727,223489.178,272423.047,NA,NA,378368.51,37066.971,122668.796,179572.27,NA,17512.287,NA,NA,NA,NA,20430.419,NA,NA,12888.897,40866.306,NA,37399.472,NA,NA,14261.161,73063.738,NA,80683.603,NA,10988.732,13342.782,NA,NA,NA,17667.527,NA,72221.755,11389.411,25988.984,13533.15,40581.083,78062.165,NA,83287.097,115689.121,NA,28626.015,NA,93509.365,51905.711,179908.522,23962.343,21758.053,NA,60498.396,11029.216,19120.731,NA,18832.971,NA,3626765.605,173483.465,24761.551,NA,140591.276,171758.571,NA,152808.875,NA,NA,20477.585,14666.268,NA,17318.779,256606.902,NA,36915.775,28125.349,13855.057,NA,88919.511,67498.607,14571.335,164578.228,NA,93503.745,NA,25266.168,NA,51324.344,24252.875,21865.624,341522.818,62339.102,14967.506,NA,128080.516,313711.948,284429.672,NA,103492.366,150031.089,446044.753,4446567.44,7864446.337,12222659.87,NA,59537.414,179358.896,NA,317821.357,NA,968281.261,111008.366,1555314.489,3101865.517,171174.238,NA,111627.385,25094.734,22669.736,NA,46217.089,11519.998,NA,22288.892,NA,NA,22280.805,NA,328581.527,44769.194,290276.914,NA,1401891.767,2157837.331,47936.563,655282.422,1256572.124,2567436.265,28194.13,41567.976,36683.515,NA,NA,NA,39287.352,218073.617,123611.546,51155.209,NA,107675.139,20018.616,NA,NA,702195.652,NA,NA,NA,NA,NA,NA,77485.503,NA,160316.303,NA,151914.876,376520.677,164554.823,20679.153,29317.751,NA,NA,287564.203,105158.815,54751.541,14161.704,NA,49926.111,NA,NA,37457.5,NA,NA,NA,118557.005,NA,NA,154412.823,12818.028,17338.656,33094.224,22758.112,NA,116360.189,31369.043,83691.019,NA,NA,NA,496137.127,NA,NA,NA,424436.257,NA,43083.565,NA,NA,NA,11571.757,NA,533047.678
"ORT.2.10_2012",NA,NA,29700.981,NA,NA,76875.751,NA,19284.723,NA,14324.318,140123.705,NA,NA,NA,14625.088,NA,403991.37,42292.702,NA,NA,62590.09,NA,65003.291,76522.901,97901.126,6762515.263,NA,NA,NA,NA,NA,35082.821,429550.936,NA,20084.3,NA,14792.041,NA,104178.98,189582.125,38792.38,NA,NA,90507.528,12548.9,NA,NA,137548.877,NA,30784.543,NA,NA,NA,114759.541,172100.279,NA,63033.686,NA,153798.606,NA,NA,53612.303,NA,NA,NA,NA,45314.474,116828.641,384966.673,373882.013,16129.694,424573.628,NA,37201.515,31166.791,NA,580224.715,NA,NA,NA,NA,NA,26208.359,NA,NA,69969.379,NA,60502.814,151605.979,220348.259,NA,NA,NA,228051.906,NA,39105.769,171943.044,316126.822,21238.874,NA,177096.655,124316.058,277452.39,116818.92,NA,10617.611,NA,NA,45994.003,20290.585,NA,13191.422,NA,NA,NA,NA,29381.008,NA,NA,NA,148536.773,NA,NA,23540.754,NA,31650.763,NA,NA,12233.45,NA,125794.125,150021.07,421884.846,16711.121,11064.392,142159.664,2794564.143,NA,71830.561,32177.93,63934.281,10877.197,12721.508,10145.514,40166.417,NA,89375.642,NA,7762440.883,NA,NA,NA,10081.192,21662.709,61955.618,22905.04,2144635.711,NA,133589.852,22609.605,NA,12627.791,10460.227,NA,45634.768,NA,NA,32990.041,91032.432,NA,NA,43866.091,NA,NA,NA,NA,NA,13123.362,22032.965,37957.36,19253.344,NA,NA,NA,NA,NA,NA,NA,97463.94,375952.985,17299.695,NA,NA,37874.982,381783.298,16816.967,67747.143,55017.715,5743307.751,NA,68035.2,27897.536,13973.327,240653.778,NA,NA,207847.717,47642.471,14399.451,15507.507,NA,NA,108412.86,NA,110373.684,NA,NA,NA,162629.073,32793.642,NA,472832.377,NA,502064.879,743518.438,377823.052,615902.448,232101.942,49619.16,67094.076,215766.632,NA,58969.724,NA,NA,NA,96671.296,89698.581,NA,NA,NA,NA,27135.308,185984.106,173567.064,42984.865,14306.663,83686.556,32845.855,NA,88619.454,382318.794,NA,NA,64205.399,26044.703,NA,NA,11017.21,NA,172821.313,26959.007,148955.819,NA,157811.896,281954.42,367558.462,112845.909,15801.113,142510.778,12151.496,NA,54338.496,NA,NA,NA,NA,27848.459,202023.044,13051.456,NA,350028.181,NA,NA,437317.413,NA,NA,53044.309,10913.437,NA,NA,77367.808,113022.322,NA,NA,23783.146,983726.152,NA,NA,NA,853882.824,69304.642,NA,NA,NA,22573.222,17169.769,NA,63316.813
"WAT.2.1_2012",NA,NA,71705.217,NA,NA,45394.441,NA,31997.684,NA,38792.877,219611.665,NA,13306.702,NA,NA,107806.256,207711.02,NA,NA,NA,37760.102,NA,43021.542,308747.437,290822.083,198402.965,NA,NA,NA,NA,NA,NA,714224.288,NA,512289.574,NA,NA,NA,70531.31,319590.497,48849.038,NA,NA,37176.772,989400.116,NA,NA,206797.652,NA,15498.584,NA,10135.126,NA,71442.612,147094.914,NA,87619.579,NA,81049.092,NA,NA,22408.468,NA,NA,NA,NA,40603.42,11531.331,102008.506,65787.734,13292.192,73139.166,110433.12,18370.517,NA,NA,619082.898,NA,NA,NA,19859.87,NA,NA,NA,NA,98975.18,NA,448466.883,1008439.358,NA,NA,NA,NA,905732.201,NA,NA,136193.863,95881.718,NA,NA,NA,382148.376,NA,58347.707,NA,NA,27287.057,NA,NA,69906.78,NA,NA,14464.845,NA,64038.251,NA,81353.275,NA,NA,NA,36004.797,101117.13,NA,30465.671,NA,NA,NA,NA,13366.984,NA,379215.359,648002.819,175079.094,79391.662,13640.224,34067.225,20519346.87,NA,11483.163,85535.1,179337.059,856981.018,NA,NA,10399.602,NA,62379.148,NA,64803.85,NA,NA,10470.103,49981.627,19101.883,25985.323,NA,1877207.56,NA,42180.934,113964.961,NA,NA,12776.284,NA,98585.063,73216.337,NA,NA,53201.008,14193.247,NA,NA,57551.05,57800.178,19024.71,NA,NA,21777.921,NA,52764.751,87182.02,NA,14575.684,193334.369,13534.881,NA,10260.288,NA,176362.688,NA,75227.162,NA,NA,243967.892,814373.404,39827.142,98317.266,83818.447,7336846.291,NA,27224.534,100434.43,38025.616,682322.269,NA,NA,252968.585,17613.573,14926.757,434583.539,NA,13716.569,336752.926,NA,338495.415,11217.117,49135.909,NA,140549.148,28069.728,NA,1225892.726,NA,1211206.044,1094026.007,NA,924540.611,490935.102,64642.586,34536.304,351776.557,23491.079,53963.218,43350.831,537487.476,NA,67755.763,41027.652,15959.874,13876.933,NA,NA,235150.92,524200.516,163589.133,114500.628,34143.424,336912.22,29417.82,NA,84610.622,432953.037,NA,24281.664,NA,64827.14,25258.397,NA,135877.441,NA,105007.169,32114.531,204185.353,NA,250534.291,216319.409,87603.222,NA,NA,725928.031,53427.671,11600.298,73493.683,NA,NA,NA,NA,11442.492,23859.686,NA,NA,140615.694,NA,NA,156542.397,NA,NA,46052.295,14087.897,NA,NA,88261.449,88738.694,15636.582,NA,NA,1064968.813,12438.956,NA,18115.101,914989.348,48725.948,NA,NA,20874.182,307943.792,NA,NA,NA
"NMT.2.8_2012",NA,NA,NA,32840.705,NA,17779.456,13210.567,NA,11372.381,42460.998,171181.767,23945.216,NA,11075.967,27480.65,15650.036,105816.616,NA,30411.935,NA,71650.544,NA,150046.61,420063.883,522905.636,30283.298,NA,NA,NA,NA,183200.684,29973.605,390574.944,NA,NA,428787.741,18816.157,NA,26923.552,117488.113,13667.75,NA,NA,15616.827,NA,30730.63,10651,71787.146,293475.865,25313.35,3636743.233,453198.416,NA,74307.889,27770.909,NA,146828.996,998260.581,64708.605,NA,76755.047,13425.124,30936.226,NA,3666235.538,55506.622,12854.46,22366.008,60962.785,82017.466,NA,161960.428,18523.706,260012.59,156841.852,65987.796,457563.339,17680.752,85931.762,NA,NA,1052217.403,NA,10444.993,44907.693,201578.319,1393568.303,NA,508679.908,NA,NA,95285.361,1787050.668,60376.367,NA,57108.518,269432.498,192528.975,529068.358,NA,16596.668,152508.486,56584.857,57441.732,205699.406,NA,62468.92,NA,NA,40483.008,NA,20999.41,133350.716,NA,NA,224724.187,24682.259,19174.809,32442.424,NA,20971.156,17926.446,11981.009,77622.265,13134.82,10400.126,NA,NA,20593.104,NA,16874.698,17464.462,32873.494,13286.213,68665.433,101809.276,162015.691,184013.793,NA,27924.277,167071.982,NA,30661.153,NA,158437.58,196259.042,63564.802,44927.123,21390.636,NA,14108.901,194003.669,52284.388,NA,30493.886,NA,2908111.276,298794.138,19935.208,35531.834,172547.267,449127.915,NA,243007.683,50384.655,13145.828,17617.222,NA,49325.001,88373.65,241360.563,44066.735,39297.626,20056.676,10508.773,NA,138087.414,112673.158,65634.751,79826.719,11947.187,92363.829,11593.298,13657.996,NA,82429.089,13332.013,NA,151657.873,48928.754,18406.066,NA,188093.883,52601.849,563213.021,303050.23,168163.198,19509.008,4334473.804,6590618.632,13526380.91,6642260.187,NA,85810.48,212395.34,NA,486602.632,16182.226,1098497.201,27040.478,448702.885,1493315.259,84132.733,NA,50249.619,10905.086,81184.848,11407.969,107331.979,13380.193,NA,275151.988,NA,NA,17955.716,38602.554,98131.158,NA,291055.759,48330.906,1386088.262,2121182.489,98969.21,1240963.174,2184255.894,4197857.192,10773.881,61326.537,31641.885,NA,NA,34790.966,109792.434,316163.03,241521.137,18085.319,95692.654,129326.679,116008.821,45165.003,10813.334,393951.82,NA,18322.39,NA,107987.236,76881.3,10180.925,63141.605,NA,70229.063,51636.993,196286.966,435149.142,139660.357,11017.672,NA,NA,NA,404706.958,10318.804,15339.761,45118.266,14480.739,127691.311,11938.239,14910.152,84866.523,NA,30472.288,NA,184084.973,NA,NA,290450.698,139770.25,11938.331,10858.4,184026.542,NA,295506.943,210734.57,103184.028,NA,NA,NA,1756802.606,NA,93491.029,NA,1444870.346,25989.781,105785.489,NA,NA,65936.618,NA,NA,34724.167
"WAT.2.9_2012",51448.336,NA,15317.077,11459.083,NA,11769.968,NA,23595.452,10109.844,38301.544,245342.26,NA,NA,53002.221,11644.607,81738.252,88386.233,NA,NA,NA,147172.786,NA,90678.198,406589.622,426391.118,54208.1,46191.989,11328.106,NA,NA,NA,76076.279,542067.132,NA,228415.293,NA,NA,17776.612,10183.711,299771.314,45163.638,NA,NA,34273.608,247798.217,NA,14136.325,136827.798,12864.152,78343.558,21168.113,NA,NA,26836.752,171386.095,NA,78302.367,NA,116424.638,NA,24700.819,65196.806,NA,75875.787,32396.852,NA,27281.546,11309.941,15331.817,50512.263,12552.128,69885.639,207141.477,17934.187,123972.732,NA,760620.03,NA,NA,NA,14069.056,NA,55228.076,1607957.339,1379666.036,181044.4,NA,286661.347,980242.578,NA,11483.959,16161.414,15715.021,1099563.515,14468.141,20527.371,252338.969,429912.747,22144.379,NA,NA,996948.657,NA,74853.197,14477.028,NA,81618.465,NA,NA,48407.013,15332.46,NA,NA,NA,11575.912,NA,65103.202,NA,41371.202,NA,15002.578,170111.781,NA,21248.793,NA,NA,28237.82,NA,NA,NA,229468.106,387154.964,502289.055,50854.936,NA,16953.031,17997159.25,19917.57,NA,269055.199,307223.413,596230.488,NA,NA,264191.761,NA,52954.573,NA,23548.568,NA,NA,298147.531,41800.313,17515.535,33959.161,NA,2278745.719,NA,42068.85,41732.4,NA,NA,34413.261,NA,97684.279,15261.278,NA,NA,19671.943,12112.234,NA,NA,45508.23,54055.171,28731.286,NA,14203.765,16182.142,NA,15766.607,49795.971,NA,NA,35074.917,29308.082,NA,12670.556,NA,72273.837,41453.209,143867.338,NA,NA,452390.683,382846.897,109896.615,96227.033,120842.331,6766393.604,NA,521957.224,246922.822,23626.656,252251.258,NA,NA,246638.486,45110.234,17734.816,746394.305,NA,11291.806,80945.555,NA,80011.014,NA,18591.601,NA,80996.619,16336.682,NA,289446.033,NA,206223.397,396132.782,74333.577,1236589.113,770860.224,101024.116,67338.872,471548.212,14386.744,41060.157,10558.508,32255.315,63773.882,NA,16453.267,15656.978,NA,237486.416,NA,143437.35,408379.243,303935.709,107851.076,28094.986,100959.891,116418.292,NA,84972.545,634869.865,NA,NA,NA,83464.546,19849.151,55445.482,190117.852,NA,343675.82,11036.135,226656.327,NA,258554.691,156002.207,191367.738,13920.424,10037.25,358923.008,21210.073,45701.668,23431.058,230288.229,672078.426,12158.903,16592.395,23842.372,18751.984,NA,NA,80650.724,NA,NA,127577.552,251080.318,NA,41686.101,263300.589,NA,NA,64603.159,138215.938,NA,NA,NA,1006621.129,NA,13582.938,NA,896205.699,NA,NA,NA,NA,440880.802,NA,NA,66376.654
"ORT.2.9_2012",20805.313,NA,27999.18,11790.073,NA,120179.11,33258.345,18156.442,12552.009,15998.892,247541.766,NA,62300.16,83361.98,22444.788,12164.934,1446180.279,26990.524,NA,NA,134038.154,NA,194108.582,37912.324,91249.086,8439144.103,NA,NA,10361.163,NA,16404.844,131298.135,998658.79,NA,49693.196,NA,10594.455,NA,209906.724,327216.005,65791.434,NA,NA,301808.547,14311.989,NA,NA,348744.281,NA,51112.807,NA,21983.413,NA,160096.553,225370.26,NA,146361.67,NA,191126.984,23944.366,84442.471,584627.721,21922.923,20918.803,NA,NA,167906.329,261807.29,750020.936,630691.586,20192.243,551688.784,NA,23907.439,129200.942,10205.909,1310028.734,NA,NA,NA,NA,NA,147248.726,23739.834,NA,447895.69,18364.839,146007.699,469737.383,402742.945,NA,11170.217,NA,614457.494,NA,28602.446,636353.954,1147480.81,NA,NA,343581.235,NA,427962.534,448039.451,NA,10367.197,19987.485,NA,74983.286,29133.818,NA,15817.632,NA,NA,162345.029,NA,213653.464,NA,32154.314,NA,155115.443,24909.709,NA,157137.638,NA,35238.808,NA,NA,12606.124,NA,36785.662,60918.149,567627.182,NA,10977.135,360226.559,6191392.648,112998.618,23473.124,127264.998,225425.097,97882.485,20071.094,25346.977,102005.375,NA,127481.882,NA,10750450.6,NA,10107.235,513506.045,28521.331,26163.056,72270.163,27472.602,3460541.662,20252.116,12855.491,60604.537,NA,35753.758,80074.106,NA,100368.842,NA,12982.613,22817.747,97747.972,74804.191,NA,41733.791,17908.113,85356.194,NA,42459.716,27668.043,46822.555,98442.579,45940.42,36681.851,NA,NA,17285.635,12241.717,NA,11530.772,NA,164477.962,270633.234,68711.961,NA,NA,245871.721,910902.975,80018.026,134143.906,132878.51,9988728.441,NA,46716.873,91889.263,23349.873,526707.487,18478.532,27304.89,554113.352,137115.736,80450.556,46975.012,10144.863,NA,352952.7,NA,465483.008,NA,89605.541,NA,287184.947,242013.403,NA,410772.496,NA,364066.023,601025.764,389974.927,3319247.595,3682313.514,288799.526,248541.842,1405762.766,29254.153,115089.176,NA,11433.341,NA,204079.959,12869.066,17410.934,NA,NA,NA,111770.178,373121.627,820982.696,124522.099,45391.717,105145.945,102175.203,NA,203321.951,935363.991,NA,19474.235,103757.462,10663.675,28429.135,NA,52505.765,35863.817,912606.577,81889.937,134620.317,10553.077,299568.957,114816.974,146414.501,NA,28180.312,538375.483,72292.699,74749.274,45709.533,NA,13907.907,NA,NA,114078.706,348065.458,29319.471,NA,558694.553,NA,NA,651684.214,12274.088,100412.327,57485.886,41749.678,17912.404,NA,200657.813,265062.059,NA,NA,15918.088,1857437.714,NA,36091.079,NA,1534781.524,140404.737,NA,NA,NA,201481.596,12591.113,NA,24856.511
"WAT.1.6_2012",NA,NA,22477.143,NA,NA,89998.04,10587.029,56295.886,23037.864,40588.74,205930.5,NA,NA,12195.836,NA,NA,1946519.131,32289.102,NA,13710.477,116291.883,NA,198548.642,34705.976,114389.602,10424849.06,NA,NA,NA,NA,NA,51738.366,435209.46,NA,11789.477,NA,NA,NA,110566.366,311344.528,48981.791,NA,NA,163287.25,20332.279,NA,NA,298698.972,NA,31603.668,NA,10812.349,NA,262556.637,245888.373,NA,146323.053,NA,255661.047,11241.71,NA,52020.227,NA,NA,23088.214,NA,142921.815,426399.513,506816.833,447803.97,32145.906,1108337.64,NA,35848.59,41013.075,NA,821698.582,NA,NA,13698.372,NA,14548.516,49199.604,24981.492,11387.4,317020.581,11910.411,60490.177,269063.706,368022.677,NA,NA,NA,1112661.77,NA,52536.416,441401.238,2037411.504,12217.562,NA,159600.836,25181.957,380078.163,383148.18,NA,17224.353,11953.901,NA,21454.54,38421.547,NA,NA,12021.351,NA,14020.287,NA,83104.896,12306.528,48158.924,NA,313685.467,17032.159,NA,117045.016,NA,NA,NA,NA,14330.851,NA,444522.427,571976.29,645699.818,86049.441,39804.53,416131.09,2558855.572,NA,123379.033,110630.23,298129.057,NA,NA,27578.839,19000.718,NA,43762.841,NA,13847175.46,NA,NA,22579.308,22906.605,13807.038,139550.1,43337.372,3277263.46,NA,39866.79,27933.243,NA,10296.07,20458.096,19510.854,167108.687,NA,NA,62420.931,197063.783,85310.825,NA,30365.741,NA,35959.748,NA,14382.427,10451.874,41783.373,27347.242,78868.934,11190.759,NA,NA,61851.067,NA,NA,10150.507,NA,138965.836,210493.311,149258.102,NA,12416.672,628322.498,745162.809,31018.181,294717.558,350653.243,9980726.595,NA,67639.165,25350.142,15906.109,787276.325,NA,23212.401,761101.222,131474.984,11596.302,63231.839,NA,NA,231352.158,NA,231810.314,NA,13759.841,NA,161520.305,32050.602,NA,1188867.628,1591459.789,1343794.544,20894.718,266055.347,1373136.27,632960.133,89562.967,99072.178,469320.445,11665.568,164934.688,12928.453,191873.349,NA,97605.786,35201.201,14489.794,NA,NA,NA,102248.614,423551.088,377541.004,17566.979,37534.42,155222.236,130933.249,NA,139669.089,796178.951,NA,NA,92135.205,44391.102,NA,NA,114125.214,NA,190623.304,NA,175957.715,NA,269324.325,378884.351,491864.477,NA,40004.718,329734.592,52306.502,44369.804,176135.803,NA,NA,NA,NA,34161.682,328153.944,NA,NA,856062.005,NA,NA,1207126.113,NA,NA,81862.272,14667.341,NA,NA,201593.028,191707.215,18679.573,NA,84961.211,1627814.406,NA,NA,17941.305,1477327.709,40976.665,NA,NA,NA,197171.38,10825.417,NA,71560.791
"UTT.1.9_2012",NA,NA,13148.696,NA,NA,70868.426,35197.193,57689.891,27679.3,46534.583,306536.859,NA,NA,36469.874,NA,40598.625,2003443.879,NA,10853.269,NA,259725.898,NA,119631.493,161098.095,211242.954,116120.377,NA,NA,NA,NA,26377.085,214243.559,1250562.45,NA,477125.145,NA,11963.17,NA,118605.488,262262.564,19373.331,NA,NA,131930.975,269477.071,NA,NA,240272.582,NA,NA,NA,12188.827,NA,113395.604,238952.018,NA,118156.395,NA,312275.243,11964.714,27579.85,NA,16726.184,17552.078,NA,NA,137623.41,155992.443,408779.208,378287.889,36984.7,805074.344,14724.725,18534.717,71485.794,13060.727,1060535.854,18253.863,NA,NA,18346.268,13762.518,NA,100083.781,NA,549896.511,15815.21,1314990.343,297948.118,NA,23507.998,NA,NA,610437.418,49296.711,11368.652,748537.84,1284423.39,10364.691,NA,283626.987,26059.888,161203.131,480304.582,NA,NA,28630.541,NA,59048.261,143129.692,21152.208,NA,14542.754,NA,45574.159,NA,221933.299,NA,18456.902,NA,215297.339,11698.507,NA,253862.086,13273.896,10668.473,163289.668,NA,11362.939,NA,243853.597,420825.595,59825.577,60823.526,16588.468,18245.659,25010977.18,NA,11404.741,129636.741,74198.229,1001853.427,10744.247,19871.795,333757.6,NA,17798.197,NA,15170.475,50218.914,NA,167196.861,51122.137,23335.451,34214.015,NA,4060623.47,NA,38995.773,NA,NA,44756.306,48233.512,11156.348,44846.895,86128.728,NA,31298.342,121531.047,NA,NA,14785.061,58138.829,57165.556,51571.284,40438.895,10702.147,39167.03,12529.459,56034.215,139127.575,NA,118538.723,209736.488,108685.945,NA,NA,NA,105633.719,638239.353,132795.978,NA,NA,514288.345,936553.37,64918.845,12995.734,220882.278,8619632.001,24288.299,42283.659,24825.398,10441.906,130343.589,NA,NA,NA,147438.518,42934.166,11923.528,NA,13297.808,95308.83,NA,123519.126,40364.312,NA,NA,12222.487,83614.677,NA,714980.803,14677.826,NA,NA,776927.073,NA,NA,15395.599,234458.518,NA,NA,80673.836,21758.485,453497.973,NA,111171.798,65514.532,11557.173,10108.961,NA,54670.392,NA,20276.782,420271.359,57088.25,16919.537,552889.476,59253.987,120384.65,169024.578,851214.143,10123.485,NA,NA,NA,NA,NA,155705.174,NA,275176.486,21584.054,145637.346,NA,182571.137,407104.644,529829.89,NA,58209.989,767666.595,49907.351,22214.362,28643.663,NA,NA,NA,NA,88701.795,109908.751,NA,NA,300778.118,10031.013,NA,453894.511,NA,65707.682,36237.721,NA,11737.964,NA,61953.197,172431.296,11963.469,NA,105363.957,1349828.718,NA,34288.246,39133.389,1191154.636,105870.195,NA,NA,30580.886,169631.678,49393.015,NA,79137.156
"IDT.3.5_2012",NA,NA,23098.16,22871.985,NA,15655.411,17922.393,46518.528,14116.754,57220.165,436018.171,NA,15160.593,NA,16460.375,10149.411,110322.686,21840.722,NA,NA,115061.759,NA,158069.373,239563.097,296576.477,8765200.53,NA,NA,NA,NA,40494.875,84037.714,400793.007,33716.102,38240.475,NA,62000.498,11066.4,310731.979,432159.703,74181.466,NA,NA,97667.673,21020.614,NA,NA,280402.612,NA,83170.318,NA,35110.663,NA,177727.169,193789.267,22727.133,107607.794,NA,181934.219,20173.852,10795.758,151544.787,NA,NA,NA,NA,111571.068,44037.951,280821.732,285351.835,NA,288015.009,31511.797,33239.679,139612.282,NA,1382576.618,NA,NA,NA,NA,NA,35668.941,10440.941,NA,183571.872,NA,70010.01,1367042.829,89919.149,12751.434,NA,NA,752465.914,NA,53056.97,252626.099,198933.022,NA,NA,137725.242,140536.046,188901.024,82658.949,NA,30637.025,66976.244,NA,21667.958,37901.14,NA,NA,NA,NA,62948.18,NA,158860.41,NA,13553.424,NA,82203.894,38222.261,NA,21602.478,NA,NA,NA,17438.242,NA,NA,225059.659,304108.602,607898.968,46765.153,10400.79,282637.005,6362486.819,NA,83457.47,42918.021,264174.242,128927.121,NA,40236.378,89690.605,NA,76214.995,NA,10845155.38,NA,NA,94099.969,34509.168,19018.038,78450.336,47280.044,3149367.223,NA,29286.648,NA,NA,83196.141,62568.337,24377.374,104724.567,19647.254,12056.008,12967.766,48559.652,30762.52,NA,35577.855,NA,27843.369,NA,16143.385,18700.838,25784.296,NA,115495.2,20150.237,NA,17854.798,10814.183,NA,NA,10554.673,NA,147789.521,34394.793,76613.328,NA,NA,192885.246,1033688.692,35220.005,29902.133,11397.445,9206156.688,NA,19413.92,36286.484,15701.229,636175.701,11382.94,NA,114060.864,94473.55,11811.13,445588.549,NA,13258.396,127914.234,10682.346,122119.578,NA,28960.425,NA,249008.572,55854.217,NA,1661164.608,NA,3325206.966,2011756.151,39591.885,1457528.176,1105100.774,128995.508,73821.819,627807.203,19749.646,49171.167,NA,27268.109,19052.104,153270.494,16782.45,13321.146,NA,NA,119318.69,291429.149,616917.877,396241.399,152600.346,54635.681,134867.986,186624.994,180096.57,99403.748,660712.398,NA,14211.844,103132.632,NA,40504.64,NA,56293.499,20565.004,186350.146,37742.243,359016.017,NA,409055.865,468088.724,520268.051,NA,13408.355,411007.266,18244.474,25377.699,102394.837,NA,NA,NA,NA,139053.535,293137.312,NA,NA,416596.413,NA,NA,620411.64,NA,12802.246,50028.825,NA,NA,NA,83725.535,200372.661,24033.048,NA,51990.439,1488036.854,NA,38056.367,10779.407,1371346.631,239966.338,NA,NA,NA,88248.518,NA,NA,13143.544
"NMT.2.4_2012",NA,NA,61218.37,298656.452,NA,19622.95,20333.091,NA,NA,36368.225,185734.01,239498.161,NA,38203.854,3122990.807,25230.25,174285.356,NA,1542934.012,10845.205,23049.611,NA,90044.531,95018.743,57618.575,46022.747,NA,NA,NA,46086.627,1449221.519,NA,154219.346,28479.22,NA,89755.244,11943.78,40443.108,12243.91,216753.19,49866.902,NA,NA,16900.689,NA,NA,57241.853,94433.249,13514.404,27770.103,557291.835,26113.507,NA,75723.343,96405.852,NA,53288.95,126287.086,95202.733,NA,24800.341,81848.814,NA,NA,158522.629,NA,65267.98,22275.048,75552.387,61557.918,NA,164400.646,47256.545,24064.384,NA,25281.25,719708.187,NA,86865.618,NA,44820.282,205816.675,18222.86,28572.332,12738.853,233351.634,75873.274,NA,893206.127,NA,NA,NA,129986.587,279599.934,159029.384,16893.296,333931.853,286173.968,3063702.853,NA,18705.944,358645.305,17033.665,42229.826,NA,NA,11112.476,NA,NA,593549.826,16843.7,29334.352,NA,NA,17424.507,93399.576,NA,12948.828,13150.641,NA,27000.875,57135.031,NA,17994.694,16163.642,12147.546,NA,NA,16701.044,NA,NA,13357.045,60034.137,NA,41486.934,197357.051,69924.831,13560.28,NA,NA,110950.893,NA,17047.841,18160.809,NA,3611460.363,40808.773,NA,39026.304,NA,47322.424,18217.143,58897.579,16683.859,21568.163,NA,4003042.202,16596.468,45869.986,NA,14171.425,20421.596,NA,291106.947,37921.622,29615.76,78419.009,NA,15107.95,62095.256,32860.407,NA,14086.487,53899.448,48121.678,NA,NA,71337.423,26665.969,24985.179,10519.909,NA,NA,NA,NA,NA,NA,21348.62,166046.678,375548.277,65083.651,NA,11419.403,126280.087,119863.321,NA,207201.126,54573.966,593552.037,316686.616,4493866.585,2670891.338,NA,292281.3,53436.839,NA,504258.178,24165.17,141127.596,135727.127,19068.486,203038.925,16719.764,NA,NA,NA,16815.923,NA,69057.212,13466.856,NA,42870.095,NA,16963.715,24425.412,16445.471,407102.419,119381.084,64144.748,NA,283598.905,247453.246,71870.829,175161.168,382933.592,668866.085,NA,35068.44,15973.21,NA,NA,35195.474,60863.834,239657.722,33483.516,52080.019,27516.3,159460.906,53589.096,82289.57,40063.297,403125.083,NA,NA,NA,NA,14452.285,NA,72211.042,NA,139394.014,17516.619,102850.458,14978.093,310503.92,10563.928,NA,NA,NA,846288.394,57654.56,16632.971,50823.082,126573.837,49651.702,185539.59,232980.357,26096.973,NA,NA,NA,184014.078,21076.056,NA,222676.297,44876.883,39393.109,30692.054,26362.389,97026.702,118223.852,21926.346,79354.242,21070.851,NA,NA,601899.813,NA,NA,NA,505956.426,45546.872,1617330.04,NA,NA,248093.245,NA,NA,12785.723
"ORT.1.1_2012",NA,NA,NA,NA,NA,11675.694,20512.554,66044.938,NA,27750.63,403951.598,NA,NA,NA,19044.364,NA,829788.833,11185.224,10791.753,10481.852,52049.036,NA,152189.353,66749.135,95981.596,7564152.062,NA,NA,NA,11663.584,12220.756,134598.657,771939.319,13212.368,36069.26,NA,14112.246,NA,121470.848,283634.824,28148.414,NA,NA,107436.201,11471.913,NA,NA,205596.58,NA,32596.241,NA,NA,NA,299410.247,194272.257,NA,130183.042,NA,222091.402,11567.724,92865.45,151168.516,NA,NA,NA,NA,47036.192,158376.443,376503.807,368198.456,NA,790125.472,NA,12259.675,40926.729,NA,1301804.106,NA,NA,NA,NA,NA,32114.062,NA,NA,84178.003,11746.284,85504.799,232020.721,137974.86,NA,NA,NA,480501.23,NA,11344.669,142186.104,1004069.251,15861.115,NA,243046.288,111222.128,169866.271,289948.578,NA,27504.493,NA,NA,60856.282,NA,NA,NA,NA,NA,50047.937,NA,24440.987,NA,NA,NA,231477.346,NA,NA,121247.118,NA,NA,NA,NA,14110.896,NA,94698.9,256662.752,481853.498,32797.374,33845.463,260361.06,4388439.907,23636.56,146465.038,53922.433,NA,69278.56,NA,22788.329,88901.831,11647.232,70301.429,NA,9761554.642,NA,NA,651181.734,17865.438,11517.822,83136.925,23860.793,5054272.366,NA,23219.819,NA,18821.555,23238.94,22896.699,16647.71,63301.657,12383.534,10777.78,35276.798,91256.862,NA,NA,18928.95,11773.845,51929.004,NA,19962.236,NA,18834.286,13214.406,85038.28,19194.785,NA,NA,11440.95,NA,NA,17610.065,NA,125734.277,109381.637,23589.713,NA,NA,190935.535,268928.508,67717.963,43740.873,144308.915,3134644.079,NA,34350.018,14709.284,11233.651,429864.76,10240.268,NA,180100.864,90163.13,20988.933,14800.127,NA,15184.012,62998.699,NA,74930.374,NA,10981.067,NA,48957.651,12129.849,NA,1197462.386,NA,2119278.257,1739422.065,11248.331,1268776.718,736347.044,92857.852,90471.081,452875.915,NA,62243.633,NA,10466.8,NA,80777.889,14735.362,10353.16,NA,NA,NA,277942.581,610073.42,533955.875,80692.186,54855.348,138056.655,72391.864,NA,110896.362,479858.498,NA,NA,72510.616,49640.214,NA,NA,15496.354,NA,206161.105,NA,111316.993,NA,244724.759,511806.255,584813.707,NA,14551.951,420007.012,26471.739,19724.645,96486.016,NA,NA,NA,NA,99538.374,206350.095,NA,NA,876581.638,NA,NA,1209385.409,NA,15779.39,81706.9,11294.577,NA,NA,72770.491,140833.128,NA,NA,56519.256,1583506.202,NA,NA,NA,1331745.746,74766.945,NA,NA,10826.778,26482.988,NA,NA,143635.367
"AZT.1.7_2012",NA,NA,46816.768,521661.624,NA,11027.21,87962.013,NA,739562.975,24493.263,178253.808,10099.604,25578.114,34641.103,3534473.158,21474.497,315791.366,NA,1710017.508,10306.096,89568.763,NA,153012.779,143895.202,173799.409,32032.708,NA,NA,NA,26702.963,1749753.539,NA,568350.003,10655.134,NA,62405.519,17766.456,38114.39,81363.775,274942.356,40834.646,NA,NA,251173,NA,NA,276742.613,146602.931,74691.305,51291.604,747549.182,36687.217,44052.652,236412.785,69596.071,NA,55711.306,140239.273,76070.697,NA,16942.163,98417.123,NA,NA,523734.644,35769.633,82000.05,157428.617,332537.27,109469.701,NA,304751.393,50149.577,107568.157,NA,17905.026,548871.621,NA,116006.803,NA,120843.355,253027.327,42816.396,13617.468,15427.322,338632.225,56850.282,NA,515977.083,NA,NA,NA,206947.586,669250.418,164029.24,17998.837,486554.01,628418.83,4152341.355,NA,61862.265,238125.446,175678.841,292144.514,NA,NA,NA,NA,11609.138,581545.631,NA,32551.574,21945,NA,132352.377,355982.838,NA,47955.657,NA,NA,121307.324,46300.233,12977.068,15274.355,10041.834,19052.092,NA,NA,NA,NA,NA,11528.581,441902.833,104487.166,24101.716,197838.706,30751.816,10583.315,NA,NA,185327.898,10462.598,28493.113,NA,23855.189,6258808.244,204137.227,NA,50614.012,NA,12897.284,53521.832,22034.967,28076.981,40315.155,NA,4907128.545,31494.102,39981.111,NA,18180.848,28201.461,12581.323,34771.521,11159.908,31563.382,11039.088,36948.12,43864.901,68418.528,66426.686,51514.709,57614.102,27039.403,21899.277,12603.724,26255.859,67743.844,26196.665,89367.203,19846.918,13052.256,NA,NA,NA,NA,15454.858,NA,198601.938,2620990.742,44290.155,NA,11590.202,130481.915,317739.463,NA,187387.138,64659.156,439088.999,926761.886,9106886.194,5708764.016,19820.689,255336.797,85999.858,NA,553355.748,54950.863,251054.346,113926.425,28213.38,316106.272,123907.473,NA,236255.066,NA,23060.373,NA,120385.795,76224.1,NA,12339.016,29321.106,NA,NA,90974.885,625112.915,207322.717,86277.944,12733.841,427862.125,385148.136,99594.945,266363.765,510011.145,964950.706,20172.479,54073.024,12936.226,NA,NA,155945.209,NA,100703.914,214275.702,29391.201,36827.996,559111.191,37658.697,167251.282,81928.975,582122.836,NA,10501.051,NA,1610455.677,NA,NA,42508.092,NA,161705.929,21227.994,182659.405,46652.387,246603.191,13447.014,NA,12503.934,31902.36,550643.375,37022.806,30312.548,392884.164,NA,47223.412,154285.631,212040.693,25917.429,NA,10450.587,NA,772571.901,12679.276,NA,971478.13,14955.539,31240.064,50194.078,44332.725,40639.218,534208.945,64679.895,154310.515,16454.95,NA,NA,1088531.04,6602550.463,NA,NA,1000498.932,300929.543,1308016.839,16417.324,NA,84409.864,NA,NA,23382.569
"IDT.1.10_2012",NA,NA,NA,NA,NA,NA,17145.786,26190.448,NA,28161.475,129672.167,NA,NA,NA,NA,NA,1205321.491,22536.621,NA,NA,119757.802,NA,81685.095,95691.017,134129.906,7081465.076,NA,NA,NA,NA,NA,126973.459,396290.034,22831.143,15577.577,NA,31165.538,NA,104425.188,182144.636,23177.504,NA,NA,90070.615,31588.401,NA,NA,145265.95,NA,26078.377,NA,11124.693,NA,194711.249,215524.678,NA,87334.692,NA,156520.652,NA,NA,10126.64,NA,NA,17217.492,NA,44610.656,97887.174,273229.506,146989.414,NA,609992.15,NA,10884.811,87149.69,NA,836094.605,NA,NA,NA,NA,NA,NA,31323.702,NA,78856.541,14978.737,21067.734,162669.559,69684.81,NA,NA,NA,589100.652,NA,NA,117347.729,1099222.981,12715.018,NA,141024.59,NA,161427.8,145018.49,NA,NA,NA,NA,25973.585,14127.014,NA,NA,NA,NA,12051.251,NA,29958.248,10671.622,22383.744,NA,189672.429,NA,NA,114672.495,NA,NA,NA,NA,NA,NA,203315.517,272089.645,27551.015,36270.101,30021.71,97607.123,1240828.668,NA,71938.686,80435.815,58953.401,NA,NA,13715.308,22277.847,NA,36816.543,NA,6314254.266,NA,NA,68885.812,NA,10677.352,87616.889,19362.848,1688152.926,10004.874,28412.894,NA,NA,23198.736,42645.191,NA,NA,NA,NA,43541.725,115715.75,15454.587,NA,28354.376,24780.623,26499.736,30371.887,NA,NA,16486.551,NA,50823.879,10784.136,NA,NA,177945.562,NA,NA,10983.435,NA,91724.829,77529.484,88427.38,NA,NA,327338.53,484926.408,13614.052,62782.928,14307.749,6658991.905,NA,74801.476,33305.222,NA,278742.708,NA,80477.524,160583.604,19393.425,NA,41649.121,NA,NA,93746.188,NA,106788.034,16185.622,17377.372,NA,42938.528,22129.032,NA,924901.908,NA,401376.179,640617.35,149465.808,757492.649,311398.136,49068.611,39268.908,262630.993,17494.951,58469.201,25951.672,378914.057,NA,94071.538,10922.819,11333.217,NA,NA,NA,208951.153,600086.985,403228.814,42408.321,32015.042,171513.429,37344.944,NA,57114.627,440975.979,NA,NA,59681.036,15527.11,NA,NA,65160.797,14809.82,124622.918,12324.692,163217.852,NA,154338.075,178335.69,249422.229,95066.46,25779.742,243020.288,11091.079,NA,47924.36,NA,NA,NA,NA,64865.095,212612.722,NA,NA,610692.294,NA,NA,823085.466,NA,12775.875,25652.351,14498.094,NA,NA,45468.077,112924.314,NA,NA,24275.07,1037989.859,NA,14223.434,NA,950320.945,72245.288,NA,NA,NA,41602.557,NA,NA,125580.006
"ORT.3.10_2012",11015.753,NA,23787.997,NA,NA,18516.65,NA,36910.71,NA,NA,229076.231,NA,15129.336,26684.2,NA,75942.187,67592.11,NA,NA,13087.134,181080.902,NA,71895.887,343489.612,392197.539,34614.198,NA,NA,NA,NA,NA,162740.926,529147.942,NA,304547.523,NA,NA,NA,31033.442,273090.07,49095.212,NA,NA,22800.054,142947.707,NA,NA,177478.826,NA,17917.505,NA,NA,NA,22009.924,212532.074,NA,46477.44,NA,66320.523,14298.741,20961.762,92133.839,NA,NA,NA,NA,58326.39,NA,32167.199,63936.811,NA,34988.311,47115.294,26134.969,60679.625,NA,1119746.745,NA,NA,NA,45054.434,NA,31726.65,11240.554,NA,12093.251,NA,420623.254,1448018.779,NA,18765.628,NA,NA,1319418.562,NA,10314.057,40235.175,492959.673,NA,NA,10834.359,325946.19,11454.834,13114.971,NA,NA,14227.339,NA,NA,22773.977,NA,NA,NA,NA,16255.106,NA,72400.639,18220.909,14833.145,NA,43317.498,98838.953,NA,20535.29,NA,17009.874,20757.408,NA,NA,NA,158681.516,195372.427,604287.784,27890.456,NA,97501.993,13905386.63,NA,21057.129,43858.856,102580.405,768112.738,NA,NA,394528.187,NA,39074.223,NA,NA,NA,NA,247794.236,11411.824,10627.054,48847.698,NA,2429081.848,NA,20540.282,NA,NA,26413.482,18543.281,NA,114307.665,23439.165,NA,26661.863,43912.772,NA,NA,29354.154,34898.049,20603.937,17073.653,10647.486,NA,NA,NA,76007.87,96202.715,13764.216,NA,103859.465,42441.925,NA,NA,NA,114476.715,50136.74,135680.04,NA,NA,278167.108,361632.52,39474.032,NA,117236.267,6146972.642,NA,35026.352,114936.636,18282.837,198544.079,NA,13538.531,29464.594,37122.133,11006.903,654589.155,NA,NA,75325.058,NA,95806.683,12467.052,44115.597,NA,137768.639,39975.949,NA,993124.349,NA,1107649.47,1138083.405,83169.153,1154939.832,694564.656,74765.305,74573.573,413426.254,NA,30701.297,10375.638,296546.693,NA,32631.872,408289.366,10931.073,23525.137,NA,NA,48868.929,483866.248,260709.263,100652.399,54424.861,167068.191,69739.155,NA,115262.009,347901.947,NA,NA,NA,35235.492,15950.551,NA,92119.13,NA,191597.666,16057.29,87056.753,NA,245722.716,253362.603,286894.026,NA,12341.604,321405.328,81096.625,40847.692,50176.82,NA,NA,NA,NA,20889.452,37580.777,NA,NA,83549.059,NA,NA,103739.42,NA,NA,48271.927,10512.373,NA,NA,43060.159,137590.05,NA,NA,23627.007,1073404.266,NA,52274.215,NA,950707.997,24867.98,NA,NA,NA,408552.808,NA,10252.513,NA
"CAT.1.5_2012",NA,NA,45702.399,NA,NA,NA,13344.882,NA,NA,NA,238270.473,NA,NA,46519.734,11055.287,11115.115,1641914.276,13765.627,NA,NA,78178.366,NA,123218.073,23465.67,35087.773,4975134.451,NA,NA,NA,NA,NA,60438.412,615487.107,12723.748,76476.66,NA,NA,NA,72574.728,139923.722,17981.729,NA,NA,46825.13,30390.854,NA,NA,142279.65,NA,39477.277,NA,NA,NA,110831.566,135537.903,NA,74327.18,NA,71955.638,16149.814,55491.16,69409.505,NA,15461.765,20850.895,NA,65091.447,128427.463,214542.758,124340.473,15786.846,334902.358,NA,NA,18174.493,NA,600917.017,NA,NA,NA,NA,13400.762,40784.447,24003.746,NA,224156.122,NA,184886.601,166964.583,82423.921,NA,NA,NA,705416.101,NA,NA,325539.401,1508528.797,NA,NA,85634.929,NA,179471.974,321985.833,NA,NA,NA,NA,32225.812,22477.236,10945.523,NA,NA,NA,51724.665,NA,32590.245,NA,NA,NA,94327.928,15015.645,NA,132557.105,NA,26964.252,52327.62,NA,NA,NA,48030.112,61877.544,20745.961,53141.832,78444.079,42531.986,8964219.833,NA,15981.006,181855.48,NA,199871.541,NA,14169.58,174439.091,NA,51869.491,NA,5558393.023,NA,NA,441691.813,15768.396,23357.474,52252.273,NA,1686293.637,NA,10672.938,NA,NA,NA,16922.298,NA,89662.319,NA,14971.893,11583.348,44956.996,43290.955,NA,NA,39200.891,44085.046,NA,10495.015,NA,11166.046,NA,61728.036,18260.441,NA,NA,48044.231,NA,NA,NA,NA,124887.744,128941.318,139125.375,NA,NA,353051.586,229347.027,21604.276,84813.583,244187.53,5605935.888,NA,32599.162,19173.826,14164.159,346805.444,NA,14409.768,371851.56,13403.596,10034.23,24487.17,NA,NA,99605.366,NA,114638.316,14499.135,NA,NA,19682.851,15440.556,NA,299844.831,NA,69589.605,227208.143,160705.355,1905056.315,1367080.381,132447.504,21098.938,670432.049,NA,99191.817,15677.064,113037.125,NA,26474.637,10579.232,14259.62,NA,NA,NA,77330.631,280295.521,637062.45,24211.126,66740.221,114228.522,53553.292,NA,82948.256,657868.582,NA,NA,45372.719,39586.2,NA,NA,124416.462,10849.105,436801.249,NA,126056.503,NA,131625.861,53946.683,37153.004,NA,NA,257548.549,12652.994,22842.295,82225.296,NA,NA,NA,NA,119977.943,120580.78,10437.075,NA,358516.329,NA,NA,539966.822,11315.928,75141.965,45993.042,36357.829,14492.081,NA,63524.948,148938.546,NA,NA,11335.229,1228719.674,NA,NA,NA,1109918.448,42711.289,NA,NA,19695.463,31960.914,44616.283,NA,85080.015
"AZTW.1.8_2012",NA,NA,NA,10133.464,NA,13074,NA,NA,NA,12417.367,317025.184,116150.396,NA,28380.358,12377.839,21623.763,276218.002,NA,10439.439,NA,80841.913,NA,134778.593,117107.052,135184.422,26511.342,NA,NA,NA,NA,14520.367,NA,680671.549,NA,NA,11222.069,56438.989,NA,28199.7,497952.475,79412.008,NA,NA,175733.535,NA,18022.083,11734.817,146606.865,20426.291,54723.47,5725270.006,613533.012,NA,110361.394,149989.156,22022.439,58758.255,1710344.073,214599.833,NA,38775.368,118745.853,99357.42,NA,1021823.341,13690.607,53598.559,149979.143,411003.31,364050.574,17750.059,588775.014,40522.534,183288.051,NA,57984.254,544036.086,NA,23650.285,NA,27005.038,182348.142,18450.807,15527.258,10328.515,480484.602,255233.037,NA,573894.725,NA,NA,NA,1958130.072,115069.022,18058.168,15114.775,541833.634,420651.95,177458.54,NA,160118.59,164187.079,144748.108,220558.548,257732.829,NA,NA,NA,32806.002,NA,NA,NA,NA,NA,107389.132,191571.462,15083.805,19455.946,11858.585,NA,81324.338,28516.831,NA,15563.498,28513.714,11691.973,39381.641,NA,21762.883,NA,14705.798,31130.88,423303.95,29540.577,56275.831,304374.697,207018.806,325918.853,NA,104560.471,73126.677,NA,NA,18312.151,236003.638,96950.725,117859.798,17110.235,37379.168,NA,28492.54,105363.786,36966.163,18315.104,66297.583,NA,4494189.566,389125.038,14335.023,208976.206,314326.32,374104.005,20555.053,413505.425,13215.789,34920.833,54176.062,16079.852,61257.82,115519.968,518196.716,30308.435,131369.271,61971.449,11168.949,13115.915,126831.725,56187.244,39194.811,64447.845,36322.839,190557.556,NA,71631.206,NA,92092.129,NA,268235.635,383922.839,441186.791,234195.008,NA,248391.678,47945.954,475854.052,32555.553,317323.095,49657.821,1749507.685,12769031.46,11308430.25,18535968.59,45530.576,214706.139,152813.93,18865.844,822980.255,36450.733,1685368.428,68050.722,3507322.861,5201398.89,444382.826,NA,470106.844,12098.347,55246.053,NA,97361.233,32263.47,NA,43343.684,NA,NA,61221.764,43248.363,703132.714,209941.097,550487.51,64689.446,2593109.726,3355353.382,37474.425,948503.697,1685525.572,3002785.005,39290.861,29529.7,19224.484,NA,NA,47387.221,NA,104335.792,317895.972,66090.599,18085.943,481340.755,43625.911,96252.892,126181.546,1133824.119,NA,NA,NA,NA,NA,NA,35276.83,NA,308114.51,NA,341819.578,650112.462,440728.341,29383.902,28768.496,NA,46406.458,748811.7,43007.682,21596.688,236207.525,NA,17509.234,NA,NA,35583.043,NA,24705.422,NA,614496.01,NA,NA,849388.403,NA,28530.923,55509.644,14113.898,NA,98104.747,68208.786,135719.895,NA,NA,NA,1206391.131,NA,11727.621,NA,1151726.755,17030.208,50490.402,NA,NA,173481.246,NA,NA,NA
"IDT.3.3_2012",NA,NA,10370.698,10054.579,NA,10946.867,54280.242,75327.078,NA,19808.525,362853.916,NA,10484.026,24496.143,11325.281,12017.686,851506.819,29804.2,16287.469,13848.39,252483.843,NA,202636.065,34524.675,91402.31,10591403.35,NA,NA,NA,NA,30009.767,100556.46,659898.883,15262.587,20811.942,NA,32364.114,13745.331,228715.447,219843.972,46121.581,NA,NA,218254.416,11116.165,NA,NA,248583.522,NA,50604.082,NA,17768.403,NA,245063.316,136241.336,NA,156752.21,NA,309364.044,37362.333,13802.719,54170.374,NA,NA,NA,NA,128629.461,281582.696,483320.585,445180.013,21543.544,897695.096,NA,25147.391,39555.187,NA,1050788.507,NA,NA,NA,NA,NA,16997.198,NA,NA,188585.801,NA,57038.072,371536.796,78448.081,NA,11700.169,NA,630214.246,NA,44270.411,279577.722,1312741.489,NA,NA,236710.581,31036.367,188741.69,571075.833,NA,20679.833,11130.385,NA,13407.663,51289.609,NA,21153.582,NA,NA,60990.593,NA,109671.209,13668.223,61205.288,NA,234194.133,30404.913,NA,34632.707,NA,11913.38,NA,10478.106,NA,NA,359299.938,523046.567,602490.554,63649.156,14924.501,349955.227,4502097.48,NA,113847.596,108506.201,92874.809,10934.888,14269.083,10243.676,68186.03,NA,118833.543,NA,10340220.44,NA,NA,127105.136,64929.216,28836.688,97746.649,38794.253,4161979.331,NA,10688.664,NA,NA,12582.661,53287.758,NA,282247.787,NA,NA,44272.651,87206.492,10676.09,NA,25556.196,25544.924,15997.767,21967.441,45189.048,19831.939,24906.567,NA,234147.424,11729.276,NA,NA,233750.711,NA,NA,11256.306,NA,358499.594,70242.342,62920.601,NA,NA,188797.764,452002.089,17143.636,NA,10229.416,9339696.708,NA,56874.656,26073.943,32709.663,823096.468,10411.23,10745.532,NA,92986.312,22175.477,39716.571,NA,10968.982,157231.998,NA,213500.311,NA,23483.882,NA,146354.953,28677.232,NA,1802389.423,NA,2043643.575,1582505.554,138291.13,1192560.728,727059.224,92353.988,81459.205,490885.658,27392.567,213846.465,13240.53,624682.855,NA,245538.53,10305.212,11922.882,NA,NA,NA,398165.506,337882.314,541025.929,44245.619,101720.015,221289.774,116128.886,NA,116596.301,790324.066,NA,30072.64,95849.623,58925.287,16711.782,NA,14549.628,13046.914,178868.544,NA,207792.667,NA,250768.818,450669.921,531172.513,NA,16438.203,392027.792,48203.326,22745.251,73696.576,NA,NA,NA,NA,170301.14,260245.295,11345.128,NA,646931.818,NA,NA,728897.423,NA,22280.448,135571.66,13183.892,NA,NA,94906.063,298762.063,20370.562,NA,69064.707,1619635.869,NA,15680.089,19507.282,1522525.31,150613.794,NA,NA,14397.274,19482.057,15491.27,NA,137665.924
"NVTW.1.3_2012",NA,NA,86788.54,11717.847,NA,NA,14922.707,NA,16627.637,NA,154419.755,NA,NA,37154.68,11352.411,69192.224,626875.795,17250.669,NA,NA,33773.225,NA,74926.342,73249.101,45321.279,6675685.684,NA,NA,NA,NA,NA,10214.273,529688.367,NA,26750.898,NA,17110.802,NA,80698.99,194334.323,26651.029,NA,NA,79604.104,NA,NA,NA,216187.928,NA,38000.885,NA,NA,NA,177555.381,140985.021,15495.236,75737.372,NA,90895.454,13349.329,52225.295,234532.919,NA,NA,NA,NA,78724.591,101482.305,300280.217,109895.769,NA,440644.643,NA,NA,NA,NA,694275.095,NA,NA,NA,NA,NA,79733.809,NA,NA,70047.509,NA,25240.514,127974.05,88454.612,NA,NA,NA,359153.47,NA,NA,112853.442,843471.146,15006.173,NA,145187.09,NA,270225.916,184658.803,NA,NA,NA,NA,28638.061,15234.827,NA,NA,NA,NA,37619.567,NA,19164.62,NA,10560.876,NA,104533.657,NA,NA,46626.961,NA,NA,73985.9,NA,NA,NA,52354.021,75758.284,353289.367,NA,43653.959,158945.663,1310377.77,NA,20981.749,78227.932,74737.622,15101.553,NA,NA,17989.654,NA,22963.181,NA,6289020.747,NA,51710.229,163036.365,38350.534,32372.378,70925.363,20165.35,2470656.949,NA,29529.948,33489.073,NA,NA,40472.137,NA,86892.351,NA,NA,41550.695,69570.811,49629.693,NA,22392.095,NA,19243.759,51302.158,NA,NA,24449.244,NA,61072.208,12074.388,NA,NA,86477.49,NA,NA,NA,NA,76442.884,370678.814,46108.493,NA,NA,154448.924,322487.7,17159.321,99209.953,91499.734,5114604.34,NA,19028.414,14238.478,33261.508,408245.907,NA,104818.936,384533.553,30286.381,20044.319,13945.586,NA,NA,230355.829,NA,284412.258,NA,11046.312,NA,32156.545,135223.552,NA,322006.57,NA,271207.219,584470.469,140437.811,1879102.329,1122966.275,124518.789,25830.994,604281.13,14032.712,97123.958,NA,NA,12546.781,144150.448,12539.747,11131.222,NA,NA,NA,154267.919,523927.802,480599.158,38015.259,23170.134,96828.567,74873.495,NA,95078.298,550200.006,NA,NA,53814.438,NA,NA,NA,17939.801,14885.644,411359.418,NA,176233.318,NA,160227.969,88318.787,117157.941,130566.127,15717.218,177216.263,12188.726,NA,140456.246,NA,NA,76146.527,78849.183,51284.667,230056.854,138586.254,44249.291,548712.385,NA,NA,711292.981,NA,25287.534,33537.102,30452.904,NA,NA,39700.195,153108.585,NA,NA,85783.849,935815.185,NA,NA,89887.408,855534.741,74031.542,NA,NA,NA,79135.216,NA,NA,22023.978
"ORT.3.5_2012",95839.842,NA,NA,13672.953,NA,10947.501,57960.639,18443.529,13129.566,45209.455,286858.542,NA,NA,54861.704,18336.92,40925.587,310047.972,16213.326,11711.875,NA,206080.703,NA,140696.02,275653.876,284902.211,4346308.157,NA,NA,NA,NA,26149.047,137628.217,414390.997,NA,177385.518,NA,35607.726,NA,152727.2,248212.266,42782.716,NA,NA,55116.581,59466.28,NA,NA,198425.17,NA,59179.847,NA,NA,NA,112439.991,125212.71,NA,79172.731,NA,170722.16,NA,27354.356,197136.733,NA,NA,50679.271,NA,61800.077,76857.246,171975.748,180422.749,12338.631,263113.839,67757.356,65638.986,72890.065,NA,1373050.47,NA,NA,NA,NA,18528.716,55986.516,NA,NA,21494.056,10890.919,382222.748,1255046.804,36637.241,NA,NA,NA,288371.255,NA,38642.922,72149.896,318352.449,16236.398,NA,72789.85,215217.974,119700.627,97713.83,NA,NA,26727.316,NA,10999.904,27437.887,NA,NA,NA,NA,42533.619,NA,239365.619,NA,37193.042,NA,64701.805,70966.239,NA,25324.781,NA,NA,NA,11999.806,10806.529,NA,42377.184,54053.214,780784.321,NA,49629.471,86829.16,16247371.1,NA,16492.475,78631.534,223339.578,552492.246,NA,11408.748,268267.377,NA,70555.857,NA,3404854.265,NA,NA,152599.436,10077.416,23316.881,46166.292,16336.777,2628040.275,NA,18443.198,NA,NA,22593.012,42718.563,13910.186,33112.36,18564.811,NA,19233.787,55476.633,47840.01,NA,40210.124,11175.927,33267.019,NA,NA,17003.408,36243.852,NA,61789.73,75605.59,NA,NA,NA,21865.142,NA,NA,NA,222027.954,80976.491,64871.377,NA,NA,148891.98,366587.279,29841.836,166236.941,68764.771,6447132.476,NA,47681.427,16103.514,40742.292,347188.898,NA,NA,420284.579,154827.376,25822.797,92051.128,NA,15498.73,95629.256,NA,111835.133,NA,52442.563,NA,314219.873,53510.46,NA,458625.675,NA,462646.6,660868.371,115952.428,2053473.622,1749954.97,169277.146,85106.756,843857.964,17048.764,154740.775,NA,NA,NA,272784.596,25653.412,NA,NA,NA,14551.628,166923.14,442200.129,309518.737,55997.528,109124.206,382761.652,46856.872,NA,96199.136,316494.33,NA,NA,30093.306,24026.194,NA,NA,104372.188,11574.667,486167.473,NA,313976.426,NA,236105.333,149065.011,168087.187,NA,18573.331,333326.682,NA,17117.399,80561.505,NA,NA,NA,NA,43825.733,156590.86,NA,NA,323289.601,NA,16350.727,448436.673,13570.849,88041.65,88826.48,24150.419,11741.783,NA,68729.781,195429.741,NA,NA,29201.726,838018.984,NA,33559.036,11433.852,1024318.503,127420.257,NA,NA,15946.153,137822.496,12938.156,NA,24219.675
"ORT.2.5_2012",34887.11,NA,18169.731,12903.157,NA,NA,45330.905,64294.9,12374.198,44221.845,388373.552,NA,20701.127,21324.164,12919.257,12282.693,801443.52,20313.057,NA,16749.109,132686.195,NA,188529.256,104466.098,137491.291,8995787.806,NA,NA,NA,NA,19396.494,201801.968,1158744.586,10182.028,43264.618,NA,32403.184,NA,169150.544,288734.153,41181.23,NA,NA,325552.356,12797.283,NA,NA,340951.55,NA,60159.809,NA,20089.135,NA,226964.759,186657.147,NA,187493.401,NA,257623.705,NA,36359.953,179602.588,NA,NA,15918.278,NA,175028.182,122499.998,430708.418,362157.536,NA,876006.607,NA,68682.129,125510.82,NA,1226943.779,NA,NA,NA,NA,NA,54371.154,14197.656,NA,240669.261,NA,143716.068,380625.124,316304.453,NA,13512.264,NA,513111.838,NA,NA,361080.292,1045942.904,13132.667,NA,284931.658,14584.36,189036.973,213939.67,NA,29684.168,24349.214,NA,72374.243,21673.115,NA,NA,NA,NA,36176.723,NA,83671.93,16952.609,19572.552,NA,255618.598,NA,NA,74423.235,NA,10190.507,NA,NA,10476.001,NA,229237.172,330844.843,67278.414,33898.734,33257.197,325249.951,6746509.652,NA,116429.261,58550.981,142033.627,113898.015,16481.296,14300.227,73687.881,NA,131204.948,NA,13958427.74,NA,10703.345,183292.59,24054.378,17618.016,72547.333,35570.558,4819341.579,17644.616,13102.935,NA,NA,10808.58,52113.047,NA,NA,NA,NA,15400.655,109923.081,40367.283,NA,14189.224,19754.167,140172.709,NA,38395.142,10415.004,42822.174,NA,103489.102,26848.452,NA,NA,11806.946,NA,NA,10506.377,NA,139137.317,NA,51140.283,NA,NA,88745.559,492283.517,12448.939,129164.631,88422.816,7337994.705,NA,23355.963,20229.155,65405.353,663315.773,23957.049,28174.626,463766.06,115745.443,17736.165,52373.816,NA,17893.17,470228.752,NA,447112.548,NA,88136.899,NA,555191.675,11344.288,NA,1596133.873,NA,2981100.162,2053332.353,NA,1773542.1,1422606.971,142250.561,86895.193,738352.943,38699.487,90439.774,NA,17745.512,10614.567,213679.275,20666.393,NA,NA,NA,23234.952,59761.063,276151.38,276588.66,107797.68,37520.404,238198.82,49215.362,NA,126574.772,153133.359,NA,NA,97254.855,19632.352,39649.189,NA,17126.037,34850.305,292801.24,63761.801,266965.978,NA,235574.928,457323.738,619722.095,10801.193,61513.503,761052.285,42393.405,23585.363,47886.3,NA,NA,NA,NA,109902.835,364942.151,22020.202,NA,610139.002,NA,NA,838073.804,NA,22952.296,37723.697,19840.895,NA,NA,92290.727,159793.889,11979.63,NA,62603.614,1738277.168,NA,17129.912,11589.3,1578325.254,133456.236,NA,NA,NA,143246.833,NA,NA,33362.33
"UTT.2.3_2012",NA,NA,NA,NA,NA,NA,NA,49674.388,NA,NA,157095.637,NA,NA,NA,NA,NA,398270.821,NA,NA,NA,63652.422,NA,44245.522,114774.444,115368.098,62857.408,NA,NA,NA,NA,NA,11529.374,424498.263,NA,NA,NA,11035.692,NA,36359.939,141722.025,17435.62,NA,NA,63700.546,108204.445,NA,NA,160371.034,NA,27187.115,NA,NA,NA,65385.625,106412.949,NA,36586.207,NA,98819.696,NA,14944.473,NA,NA,NA,NA,23696.728,24747.497,135525.167,289850.709,266674.4,18826.156,295398.851,NA,28417.971,NA,NA,352996.099,NA,17254.085,NA,35142.524,NA,NA,NA,NA,NA,NA,21975.253,133660.647,NA,NA,NA,NA,340508.085,NA,NA,32579.379,500932.641,NA,NA,76508.623,165605.94,65281.532,201226.288,NA,11460.247,NA,NA,11212.198,NA,NA,NA,23552.32,NA,61558.338,NA,17764.716,NA,13282.946,NA,77571.561,NA,NA,21427.601,NA,13303217.14,15529.12,NA,NA,NA,204784.603,275609.279,17691.844,330974.836,NA,88911.158,722287.044,NA,63548.44,11593.622,54268.939,70034.606,NA,NA,NA,NA,19122.325,NA,32843.623,NA,NA,110102.303,40147.579,16070.504,33244.175,NA,2208085.941,NA,169629.087,NA,14180.292,NA,27328.346,NA,NA,76731.905,NA,17196.146,36280.229,17740.171,NA,NA,24839.174,56928.291,12630.38,NA,NA,28950.02,NA,30132.033,43084.604,NA,NA,134975.786,NA,NA,28369.308,NA,91433.298,222911.662,15480.577,NA,NA,60032.732,155369.291,36585.83,29242.415,37005.742,3658372.1,NA,16714.699,14220.599,NA,144282.096,NA,65794.82,115938.901,30777.724,17424.722,22685.655,NA,NA,NA,NA,NA,NA,NA,NA,116340.597,48946.378,NA,1205145.092,NA,1329616.238,1232104.753,196267.652,62030.521,NA,NA,60113.693,28938.508,NA,52400.482,30023.786,331065.643,NA,271707.951,12717.556,NA,12597.027,NA,23621.566,120884.577,408273.96,170309.429,24821.271,NA,277633.265,44870.567,102085.244,58355.733,365672.999,NA,NA,NA,39788.078,NA,NA,10039.901,NA,13941.34,33911.188,269347.06,NA,125702.248,373734.971,462516.458,22290.23,NA,630599.585,10741.91,NA,53774.466,NA,NA,NA,NA,36214.432,NA,NA,NA,185393.043,NA,NA,823406.99,NA,NA,35179.745,NA,NA,NA,34067.076,132653.477,29759.422,NA,29602.327,759378.194,NA,NA,NA,648635.722,48901.118,NA,NA,NA,10353.217,NA,NA,107282.97
"IDT.2.4_2012",11256.663,15362.667,43035.461,60718.609,401623.256,20084.384,14836.344,549422.573,39328.429,154300.437,254444.514,26018.028,109693.818,9404827.93,107454.175,686217.743,22254.343,69552.878,308107.396,19109.314,228036.909,18291.609,302689.706,43421.499,346028.777,154111.442,167613.679,307153.719,19016.3,28055.682,61241.892,162556.375,224709.029,395557.041,390551.755,21496.191,1031866.079,30352.202,95060.589,1120789.783,27920.14,10642.128,80931.736,23981.316,78289.241,308321.17,143406.917,15735.432,306254.892,110183.847,1166610.008,288136.956,166298.715,234165.968,218299.263,15258.007,10844.645,60422.968,38662.151,254660.965,173715.853,11903.418,36218.9,226570.675,53134.278,13151.457,226388.914,353957.784,564147.262,38691.49,37233.745,218987.88,4605734.875,65420.103,76515.705,221766.004,81915.793,27871.487,73963.821,163751.1,13112129.27,276903.208,11276.594,13981.661,104915.055,19886.304,4172159.772,22580.881,22456.447,82113.976,11902.773,116681.303,28538.411,65717.324,23719.37,13205.455,32154.026,30720.819,14858.473,51445.466,19788.029,31238.991,16718.953,165764.923,24963.368,10957.358,84725.044,10478.878,293291.753,27877.75,172052.95,533700.331,26874.762,76704.744,110725.812,8717561.758,27292.596,21641.517,11579.413,632388.864,149101.332,122669.654,46426.907,51265.066,12119.885,92226.89,121190.747,34912.282,95190.847,53815.739,1605281.463,2594074.05,1757230.746,10834.055,1684335.882,1307666.47,132236.173,146388.632,640495.069,280668.702,15132.719,193952.684,132961.009,14277.46,16650.293,14928.867,439857.479,742846.708,618294.639,19436.874,14111.771,196687.794,113827.434,118063.71,535332.889,15720.457,81073.312,47290.109,15777.472,36044.69,185715.783,11945.146,405530.375,279506.315,333513.442,372360.205,50784.471,446687.652,51989.717,38465.62,21890.259,86338.996,284182.44,1008215.579,1396020.824,13040.009,123386.521,219604.694,254700.211,10225.621,47711.197,2041466.5,NA,12759.999,12043.674,1807068.169,41008.064,15038.752,196737.176,10534.762,24812.309,NA,NA,NA,NA,NA,NA,NA,NA,NA,NA,NA,NA,NA,NA,NA,NA,NA,NA,NA,NA,NA,NA,NA,NA,NA,NA,NA,NA,NA,NA,NA,NA,NA,NA,NA,NA,NA,NA,NA,NA,NA,NA,NA,NA,NA,NA,NA,NA,NA,NA,NA,NA,NA,NA,NA,NA,NA,NA,NA,NA,NA,NA,NA,NA,NA,NA,NA,NA,NA,NA,NA,NA,NA,NA,NA,NA,NA,NA,NA,NA,NA,NA,NA,NA,NA,NA,NA,NA,NA,NA,NA,NA,NA,NA,NA,NA,NA,NA,NA,NA,NA,NA,NA,NA,NA,NA,NA,NA,NA,NA,NA,NA,NA,NA,NA,NA,NA,NA
"NVT.1.6_2012",NA,NA,106967.724,11772.861,NA,NA,26346.218,37974.897,NA,12210.14,196570.704,NA,75201.004,23560.69,16322.485,451264.917,31767.159,NA,NA,15538.01,159193.778,NA,77574.652,530056.274,531882.873,66076.432,NA,NA,NA,NA,NA,162121.843,246444.098,24399.257,338520.21,15736.576,13100.147,NA,29826.088,235382.125,39662.602,13274.666,NA,10047.398,169051.138,NA,NA,176737.742,NA,24241.088,12212.692,46645.422,NA,28049.592,162785.741,59651.552,84081.716,NA,43157.13,37364.488,NA,NA,NA,NA,15204.516,NA,37526.021,NA,10755.437,13214.851,11561.157,49725.729,45782.155,21482.291,24056.245,NA,951013.209,NA,NA,NA,16581.708,14247.478,NA,10744.542,NA,66831.453,NA,504969.916,1160206.069,NA,10617.758,NA,NA,380186.92,NA,NA,86571.833,200328.836,19912.784,15439.184,NA,281654.794,17730.09,56522.098,NA,NA,48144.952,10530.803,10147.813,45569.37,NA,NA,NA,NA,64333.58,NA,72006.319,16492.523,12785.866,NA,18427.52,70060.067,NA,NA,NA,10404.449,15324.287,NA,13735.381,NA,230504.877,363488.682,540132.526,38886.451,NA,63299.175,20702503.87,NA,NA,182010.556,94803.378,646518.435,NA,NA,324746.937,NA,45120.012,NA,13563.792,NA,71938.949,99084.506,61180.475,47621.821,48814.464,NA,1267833.906,NA,41212.993,NA,NA,22640.045,15711.045,63364.355,200251.694,106074.02,NA,NA,31558.182,29383.1,NA,19822.939,66896.464,14910.888,122895.849,NA,NA,14641.878,25906.701,74980.709,125923.466,NA,NA,249740.746,73643.529,NA,15350.765,NA,114176.204,13256.88,36675.944,NA,NA,77473.249,396098.974,18643.151,55609.936,NA,6638983.923,NA,53921.612,75558.256,36238.926,256301.344,11256.586,273102.433,331894.68,14040.014,53550.551,223083.635,NA,NA,140676.222,NA,148441.59,NA,67995.979,18242.75,30137.08,37554.914,16589.583,315208.108,NA,NA,20587.878,24994.09,NA,NA,25935.749,48093.092,13534.721,12778.857,63715.643,11229.154,215719.605,NA,137002.788,36543.234,11340.835,16623.219,NA,NA,80633.315,352145.279,236529.956,167379.113,71318.228,110026.405,71231.723,NA,95399.71,338926.188,NA,NA,NA,13348.045,NA,NA,65322.462,NA,406850.241,401458.454,336601.279,NA,194365.499,413097.31,518172.514,255216.651,NA,179608.912,10946.461,21039.701,57468.233,NA,NA,150390.492,111902.146,36377.656,38575.247,233408.973,183903.262,54506.252,NA,NA,49382.823,22126.289,29620.772,53793.208,43032.847,NA,NA,39859.407,112097.854,13349.756,27783.481,162707.156,884802.614,NA,NA,210064.439,842873.709,185019.48,NA,NA,NA,NA,NA,NA,102067.617
"IDT.1.6_2012",28671.198,NA,NA,NA,NA,27266.012,NA,35878.328,15777.344,12868.71,278306.581,NA,NA,NA,NA,NA,789085.031,32519.174,NA,13955.879,69722.921,NA,85805.804,26121.296,78788.527,8566352.562,NA,NA,NA,13583.592,15735.102,13402.819,607888.704,NA,16679.725,NA,NA,NA,87778.345,247473.613,25004.522,NA,NA,258787.497,23628.211,NA,NA,201223.506,NA,88289.94,NA,12879.962,NA,235377.208,127873.338,NA,93141.839,NA,136045.499,NA,50048.039,139321.274,NA,NA,10540.609,NA,111192.592,95819.732,490255.863,438897.873,NA,641541.817,NA,10734.421,NA,NA,1058370.13,NA,NA,NA,NA,NA,74786.284,NA,NA,76896.39,NA,61174.699,221795.888,123104.323,NA,10845.585,NA,510631.946,NA,NA,129384.095,939511.087,NA,14955.182,298840.981,NA,468701.49,176440.845,NA,26193.241,NA,NA,73178.147,NA,NA,NA,NA,NA,16811.873,NA,23157.802,12240.12,NA,NA,241287.091,NA,NA,71437.301,NA,NA,NA,NA,NA,NA,175832.639,232572.738,428994.378,33944.566,24217.034,312714.333,4394943.473,NA,85612.363,46612.301,96548.009,76027.586,NA,13053.336,64799.093,NA,95789.252,NA,11532996.74,NA,NA,244411.672,33105.906,35576.645,71889.944,21339.416,4356325.806,NA,27844.098,NA,NA,NA,62441.153,14650.327,NA,NA,NA,75165.174,70831.492,NA,NA,NA,NA,45492.913,NA,43956.013,10571.501,28330.326,NA,107292.551,12290.656,NA,NA,74394.173,NA,NA,10298.887,NA,137938.545,177964.106,100637.725,NA,NA,233561.038,476259.127,NA,13391.366,160632.912,4244773.596,NA,34800.065,22871.137,47691.824,572611.854,NA,14539.951,NA,62116.451,15722.294,80250.107,NA,17044.921,373130.663,NA,342909.002,NA,60516.337,NA,195752.675,21101.634,NA,1247816.274,NA,1839939.787,1722618.271,160200.77,1346772.352,808256.222,104027.361,46338.738,495074.868,15761.341,46292.63,12005.557,147492.655,NA,112576.711,15614.768,10733.544,NA,NA,NA,211803.238,592726.412,317407.237,104581.975,20223.015,228461.381,42186.833,NA,133186.588,547662.688,NA,NA,84417.427,12753.055,NA,NA,35233.674,21740.119,185698.588,16637.782,234304.887,NA,249940.146,299394.291,406841.723,NA,29680.529,353392.97,34108.555,17090.174,75446.284,NA,NA,NA,NA,84596.056,217994.32,NA,NA,715939.054,NA,NA,945323.731,NA,NA,33470.206,14838.035,NA,NA,103648.467,110314.295,10767.355,NA,31071.086,1260785.517,NA,NA,NA,1050298.199,45858.8,NA,NA,NA,18186.83,NA,NA,108812.019
"IDT.1.3_2012",NA,NA,40868.174,NA,NA,19181.64,31551.868,51380.59,15360.061,80939.902,353297.801,NA,NA,12626.301,NA,37814.526,1381011.252,23063.206,NA,NA,131756.859,NA,160852.062,30859.797,32396.994,10848430.91,NA,NA,NA,NA,17156.047,183363.645,900033.732,NA,91013.606,NA,21418.093,NA,138501.388,383361.561,40845.324,NA,NA,457913.317,16009.891,NA,NA,326930.856,NA,114817.684,NA,13455.409,NA,270634.438,192294.222,10776.28,81022.469,NA,197084.917,10784.527,101140.253,73891.706,NA,NA,24047.966,NA,182504.431,309763.663,725436.354,321934.598,19718.887,936210.49,NA,87591.082,119171.391,NA,1555394.614,NA,NA,NA,NA,NA,51419.277,20591.298,NA,127419.469,21049.959,235998.979,300333.667,141794.918,NA,13479.822,NA,737960.936,51807.679,16198.647,174539.298,1239290.418,10441.907,NA,386476.116,11191.747,330960.005,465345.321,NA,12887.294,22246.25,NA,83060.316,28364.862,NA,NA,NA,NA,34372.741,NA,64620.2,10023.502,40204.278,NA,329874.817,NA,NA,77659.964,NA,NA,95767.338,NA,18787.891,NA,224222.267,321456.615,572901.652,49213.093,29545.947,480134.425,10186672.38,NA,128914.862,65467.463,161485.528,172629.33,NA,37721.79,153937.719,NA,63513.308,NA,11979708.7,23406.262,NA,556473.741,25433.552,21933.261,100072.093,40922.694,5520831.025,20467.379,56093.343,56977.305,NA,16155.306,91359.271,18879.8,72161.673,12137.815,16440.708,12585.123,144799.071,44980.174,NA,20398.479,NA,58828.863,NA,31841.525,31979.394,27968.485,27042.299,95454.49,35250.837,NA,NA,20721.459,12250.915,NA,11349.039,NA,136773.55,80569.041,101074.513,NA,NA,264004,453170.423,46226.932,111049.681,16483.111,8014066.841,NA,58262.079,11782.708,17274.689,317921.02,NA,19789.49,367252.779,261340.925,28236.054,40670.098,NA,12295.769,465114.641,NA,443027.932,NA,13583.612,NA,181393.146,13162.147,NA,1243378.647,1848957.673,1897595.143,NA,37584.49,1446762.415,763279.663,119234.326,93967.835,568645.353,NA,102553.114,NA,21929.566,NA,141703.457,12070.462,NA,17251.317,NA,10144.287,338176.126,824278.992,366803.888,76118.241,158294.282,266236.645,70452.002,10949.921,156836.368,966180.227,NA,NA,112892.13,NA,13585.269,NA,17735.866,25976.351,209145.573,36639.119,46192.924,NA,311888.608,459093.808,523340.685,NA,12509.989,426679.667,60504.06,61324.675,259149.361,NA,NA,NA,NA,181288.974,318735.947,11417.152,NA,907786.745,NA,NA,1104049.893,NA,35829.824,37724.657,21892.215,NA,NA,75865.904,184215.328,NA,NA,102876.493,1521873.285,NA,72495.066,21952.212,1374604.547,82524.393,NA,NA,NA,151244.312,29660.582,NA,21746.199
"UTT.3.10_2012",NA,NA,31716.184,NA,NA,32416.455,NA,31159.672,NA,10130.485,326198.765,NA,NA,NA,NA,112568.892,746734.869,NA,NA,NA,61111.089,NA,112854.568,140401.959,141637.979,97597.443,NA,NA,NA,12994.371,NA,18722.582,1096488.764,NA,449713.362,NA,28987.529,NA,63534.062,219504.581,30646.633,NA,NA,54662.533,171442.237,14734.184,NA,229619.435,NA,NA,91124.297,17591.205,NA,23466.361,166501.424,10058.768,51961.695,15185.738,174269.76,NA,94465.35,34678.55,NA,NA,NA,NA,72092.687,129880.542,344094.609,264541.311,17287.165,539807.215,NA,54584.562,NA,NA,863061.562,15403.303,14533.364,NA,42044.411,NA,NA,10672.681,NA,365237.278,NA,1463368.332,228989.252,NA,15123.691,NA,29350.96,306359.062,NA,15141.719,538374.283,732101.668,NA,12910.925,189535.014,NA,277963.414,203485.848,NA,10556.576,NA,NA,31865.016,11094.326,NA,NA,NA,NA,198252.122,NA,NA,NA,23472.81,NA,208432.544,NA,30705.309,55260.043,NA,10182.594,12368.241,NA,NA,NA,144925.136,226905.245,571498.377,10199.798,NA,12816.163,21082711.38,NA,38772.26,19536.832,41685.996,899893.532,NA,NA,31410.704,NA,69647.477,NA,20792.518,NA,NA,378401.612,23587.224,12138.914,48980.104,NA,4188040.55,NA,12113.81,13113.635,NA,NA,NA,NA,21954.819,82437.749,NA,28893.496,85994.628,61798.085,NA,11769.959,36019.368,325669.993,NA,13757.188,30343.348,55461.707,250830.043,42664.887,153448.925,NA,29777.817,11920.664,64752.66,NA,14129.652,395154.729,66222.322,122440.063,16588.255,NA,NA,44849.948,124272.663,14846.294,146248.177,42796.583,382609.221,47231.93,1492157.213,765984.007,NA,228138.826,NA,NA,412010.002,115403.117,63000.429,12717.837,NA,20183.177,43437.349,NA,41475.654,NA,NA,NA,46429.792,15845.269,NA,628218.615,NA,819052.546,852023.13,10438.667,355737.552,106497.874,31860.232,64502.063,168374.513,70447.742,109063.2,43064.562,76832.973,179369.673,136426.894,21807.394,NA,NA,NA,20946.31,NA,NA,566299.592,42969.614,NA,422594.468,34308.784,83167.17,125699.893,604752.553,NA,NA,NA,NA,NA,NA,17367.98,NA,87919.799,13351.485,156077.192,11826.163,202384.371,330334.781,384694.994,NA,34590.109,1081417.813,15880.993,11434.652,26698.962,NA,NA,NA,10781.566,38608.821,26438.335,NA,NA,588685.144,NA,NA,794208.859,NA,NA,49430.414,NA,NA,NA,63032.379,219934.868,NA,NA,25153.33,1199859.511,NA,NA,NA,1018986.022,47469.703,NA,NA,NA,168374.974,10884.642,NA,27625.24
"WAT.1.3_2012",NA,NA,39772.804,NA,NA,84628.57,22282.741,42556.153,10297.715,37541.016,264166.24,NA,NA,24850.047,NA,13767.24,1186744.185,23452.413,NA,17550.83,102042.086,NA,153942.005,139924.739,73246.988,8851391.724,NA,NA,NA,NA,15005.753,85726.068,623490.048,13740.242,19667.706,NA,19965.937,10220.141,148613.502,271459.69,69613.953,NA,NA,313332.533,12471.928,10301.641,NA,255277.542,NA,18913.144,NA,16210.791,NA,200770.722,261725.786,NA,139369.575,NA,239108.674,NA,13896.105,70596.377,NA,NA,10347.203,NA,117753.692,28481.204,483949.979,465301.019,NA,844954.03,35562.735,38653.476,73243.538,NA,1508223.542,NA,NA,NA,NA,11419.176,29175.994,23926.409,NA,93201.213,13172.051,66578.85,441065.159,188793.452,14528.027,14643.047,NA,522657.361,15719.541,NA,128868.639,1105223.527,10479.396,NA,371023.274,11633.665,489396.917,104606.105,NA,NA,23401.933,NA,79354.661,36778.613,NA,NA,NA,NA,138501.639,NA,185182.699,NA,18003.443,NA,134727.098,NA,NA,140581.543,NA,NA,53864.263,NA,13070.004,NA,219048.342,334866.206,589012.792,42113.383,24051.394,464261.876,3317603.107,10078.458,104264.384,90905.814,384985.708,49336.679,11586.618,19646.061,34216.234,NA,37041.764,NA,9483428.626,NA,11306.693,75144.004,10443.015,13021.18,66760.358,18687.179,3108131.814,27264.681,47975.613,NA,NA,19395.599,35964.499,11552.593,NA,NA,NA,65391.274,160763,23845.54,NA,19858.579,NA,49492.781,NA,59809.765,21574.83,16830.432,10762.519,22119.759,22358.403,NA,NA,NA,NA,NA,11586.995,NA,90118.689,13230.383,36229.545,NA,NA,233415.655,838531.811,56449.034,83455.642,176044.98,9609029.506,NA,26867.227,16413.168,46056.247,627952.155,14366.239,NA,287190.878,42438.92,15086.706,81597.082,NA,15072.743,324188.374,NA,372888.318,13855.276,31318.816,NA,112691.574,11423.319,NA,776898.746,NA,980307.02,1093040.993,25823.741,1305798.458,833929.809,99330.276,175952.376,532872.97,25398.082,44341.69,NA,NA,NA,92569.443,24191.479,10911.613,NA,NA,NA,197994.498,569747.769,475224.51,165226.395,27709.786,116418.275,56652.493,NA,113156.233,451425.232,13158.459,NA,118720.087,20434.172,NA,NA,55564.128,33609.357,274000.374,11790.164,162504.472,NA,243728.167,332707.779,356619.988,NA,52981.085,474532.248,47648.549,35027.441,39328.125,NA,NA,NA,NA,59220.533,372017.482,17646.45,NA,645742.533,NA,NA,904531.062,NA,17811.088,31257.711,25711.302,NA,NA,58432.504,117178.672,10213.195,NA,16244.966,1526014.473,NA,NA,NA,1374093.971,66924.909,NA,NA,NA,47627.19,NA,NA,171374.155
"ORT.2.4_2012",27413.649,NA,NA,13990.65,NA,10068.238,23004.364,27941.785,22097.28,12345.878,314950.112,NA,NA,10580.114,NA,20875.619,1594639.395,27839.125,NA,NA,187314.552,NA,151772.61,183577.716,196521.13,5838734.685,NA,NA,NA,NA,12069.678,140445.247,766191.566,NA,13876.603,NA,36839.217,NA,147029.681,251729.362,49644.424,NA,NA,183206.171,12794.414,NA,NA,235951.775,NA,40095.227,NA,NA,34055.342,189975.61,161748.419,NA,74164.047,NA,221903.474,NA,10492.045,96759.379,NA,NA,NA,NA,101356.622,258220.675,496939.624,491079.398,NA,727430.33,NA,12739.022,119695.687,NA,706000.432,NA,NA,NA,NA,NA,36132.583,23139.976,NA,177357.772,NA,85640.826,197497.977,658553.282,NA,NA,NA,568467.208,NA,48113.362,413166.93,884929.999,NA,NA,188765.129,142434.513,203601.372,362093.565,NA,NA,18357.307,NA,24169.013,39827.977,NA,NA,NA,NA,NA,NA,30553.21,NA,22406.031,NA,261096.63,11831.739,NA,120551.666,NA,NA,NA,16015.995,11191.978,NA,136947.163,195926.489,492541.696,22536.424,16587.417,232450.306,2729371.501,NA,72614.19,38319.211,149843.054,28911.568,NA,17800.267,45034.454,NA,73389.49,NA,12628260.64,NA,NA,85705.084,20797.551,21277.21,41466.458,26604.203,2355872.891,15039.642,19230.863,42572.975,NA,29381.969,34026.033,NA,10668.386,NA,NA,89267.479,179759.015,20211.449,NA,37197.365,11599.477,42302.189,NA,23324.021,NA,35170.993,23202.9,46323.983,12044.623,NA,NA,NA,NA,NA,10507.304,NA,69095.417,NA,69583.31,NA,NA,216122.926,466331.755,95674.243,132507.404,103927.015,6934886.818,NA,26090.825,10221.88,42650.194,126799.346,11495.141,NA,426912.941,125563.968,35534.434,54587.372,NA,11222.744,188883.763,NA,216792.595,NA,21682.367,NA,45342.214,20476.902,NA,766718.792,1186660.425,840483.833,NA,NA,894057.791,343383.943,65035.184,92587.14,341447.281,NA,75002.894,NA,NA,NA,228615.081,15229.271,NA,NA,NA,NA,82402.717,347648.632,573454.848,58696.745,NA,158669.355,101263.727,NA,146318.744,680950.542,NA,15969.9,58311.081,43434.143,15674.119,NA,64141.84,15599.563,194444.647,10228.104,171426.944,NA,237921.15,322446.714,405582.478,NA,51770.273,433772.09,28814.222,22376.946,50761.172,NA,NA,NA,NA,40783.66,199371.591,10139.722,NA,633891.966,NA,NA,837854.654,NA,NA,91357.883,NA,NA,NA,98457.563,211199.961,NA,NA,44335.622,1500812.091,NA,35336.207,16758.039,1321287.697,120661.697,NA,NA,10099.853,142188.58,18860.976,NA,15284.954
"ORT.1.9_2012",NA,NA,46443.695,NA,NA,37712.58,20153.211,38913.247,11067.578,29768.894,247789.614,NA,NA,NA,NA,NA,652909.358,54932.143,NA,NA,182932.025,NA,120121.549,51383.81,72903.978,8937706.419,NA,NA,NA,NA,17802.392,130940.688,791986.412,NA,15813.57,NA,20258.729,NA,129608.655,244421.05,16638.296,NA,NA,116417.67,12019.916,NA,NA,137187.76,NA,126855.536,NA,NA,NA,295419.356,100791.249,NA,89075.877,NA,103291.604,12080.422,12918.579,75714.571,NA,NA,NA,NA,129397.528,151308.68,450031.266,411889.052,18765.825,589469.609,NA,24741.822,67989.719,NA,817099.076,NA,NA,NA,NA,11088.635,84885.765,NA,NA,71130.133,NA,71824.533,153624.524,184293.226,12190.801,NA,NA,613802.128,NA,56554.147,234857.027,1223717.598,NA,19789.096,187413.383,10104.933,340751.437,243549.373,NA,18920.833,NA,NA,39289.542,31485.875,NA,NA,11786.411,NA,11630.773,NA,18009.156,NA,NA,NA,200844.464,NA,NA,55604.18,NA,14924.224,NA,15247.071,NA,NA,217321.509,355889.603,602184.78,43956.317,17178.381,244434.477,4440548.82,83992.852,98780.636,62872.193,176483.207,62105.769,NA,29022.407,71830.14,12443.117,207531.539,NA,13850030.12,NA,16905.051,56900.199,52100.537,34557.398,108136.743,31325.509,4383803.467,NA,27886.272,NA,NA,24140.872,21407.13,NA,63463.535,NA,11049.946,97686.769,119328.998,24085.005,NA,28160.379,NA,81202.398,NA,10994.209,NA,32023.571,40142.663,178077.59,10853.758,NA,NA,81582.921,NA,NA,12390.551,NA,363071.187,199641.233,97249.155,NA,NA,164579.81,391503.748,25031.815,113306.648,146056.646,7095643.897,NA,54032.923,12890.146,25126.953,452112.937,15898.238,38832.889,378395.402,118189.77,30474.629,32598.823,NA,10638.857,225330.432,NA,292370.369,NA,14147.531,NA,18494.921,25878.782,NA,1820816.236,2213457.272,2701117.616,NA,66954.782,1452860.77,861949.7,99530.142,44177.217,558567.413,NA,127328.567,12819.38,270786.167,NA,143157.442,10046.5,18069.348,NA,NA,NA,180443.901,569637.706,438948.376,28663.031,40400.153,426769.11,135254.466,NA,114882.3,585405.75,NA,12122.107,77708.721,63771.077,NA,NA,10167.398,NA,145129.459,NA,381630.502,NA,161253.677,345536.934,431833.373,29544.884,60645.696,502908.595,30732.653,18884.708,121856.461,NA,NA,NA,NA,97332.878,262757.64,11728.427,NA,1207778.083,NA,NA,1290575.734,NA,36656.767,107778.356,NA,NA,NA,67787.578,136072.588,NA,NA,122709.63,1376154.801,NA,28117.784,25355.461,1221996.233,89472.097,NA,NA,NA,126219.265,21155.716,NA,41216.728
"ORT.3.1_2012",NA,NA,51825.477,NA,NA,14183.125,24408.53,41506.955,NA,NA,175110.002,NA,NA,12663.188,NA,56325.855,137968.391,14378.982,NA,NA,82765.343,NA,67855.696,199375.867,217093.523,2063285.391,NA,NA,NA,NA,NA,NA,792064.912,NA,131907.479,NA,14675.899,NA,144131.445,186380.881,31023.572,NA,NA,63580.176,71333.504,NA,NA,142414.287,NA,61220.083,NA,NA,NA,109323.964,115790.056,NA,46396.56,NA,58264.524,15546.486,128633.835,68863.11,NA,NA,NA,NA,67358.059,45442.757,122361.192,150275.031,NA,165636.541,19983.237,46261.363,NA,NA,821418.046,NA,NA,NA,12221.519,NA,16944.491,NA,NA,71885.837,NA,420250.839,774667.175,12288.327,NA,NA,NA,764826.453,NA,NA,101180.03,499838.885,NA,NA,14802.379,349558.573,86180.935,102691.237,NA,14944.97,16188.826,NA,NA,NA,NA,NA,NA,NA,10134.754,NA,26746.307,18374.667,NA,NA,51559.917,46613.994,NA,NA,NA,NA,25907.434,NA,10356.613,NA,236632.393,383087.525,43600.721,54254.247,10293.226,57233.137,16954053.84,23218.259,36296.371,47961.779,122017.348,488663.512,NA,NA,290752.771,NA,85063.71,NA,1839468.034,NA,NA,911980.315,11013.506,22015.928,65550.476,NA,3442879.743,NA,25345.13,16434.238,NA,NA,35648.691,NA,112738.64,49052.721,NA,11283.491,44406.665,11122.072,NA,26906.62,11363.322,53998.392,NA,NA,NA,17499.508,16887.838,53090.675,83259.781,NA,NA,NA,15440.955,NA,13702.671,NA,77733.851,308134.123,56467.625,NA,NA,111952.062,328573.957,NA,29082.368,56032.445,4810296.225,NA,51428.358,36317.461,38768.405,293798.687,NA,14986.849,122556.97,48692.86,18955.195,234349.474,NA,13279.927,255859.278,NA,303088.55,NA,66767.776,NA,103391.494,152449.131,NA,1219186.546,NA,1828597.5,1690678.094,218235.517,1016250.546,506928.902,73601.529,35607.255,340602.52,19972.989,49698.378,NA,NA,NA,237983.401,11792.931,NA,NA,NA,NA,75515.311,298673.102,490102.365,37315.573,50417.776,363418.503,40804.792,NA,92963.732,229217.284,NA,NA,17344.667,41514.499,NA,NA,51631.747,NA,124446.794,NA,552113.119,NA,161132.184,319806.955,397635.56,NA,15750.352,324788.934,NA,18796.093,148400.415,NA,NA,NA,NA,94979.056,74011.095,10038.19,NA,325303.88,NA,NA,360845.071,NA,NA,25870.038,13161.361,NA,NA,67283.72,167513.108,12794.13,NA,16499.903,974065.975,NA,NA,11236.852,815256.495,111742.747,NA,NA,NA,99183.458,10754.697,NA,NA
"ORT.1.6_2012",NA,NA,69124.498,13483.279,NA,18701.498,10532.105,71731.114,16530.843,13072.432,494805.312,NA,NA,28652.589,13111.486,71700.053,1202398.001,13805.997,NA,13520.047,282133.256,NA,209792.994,107724.493,166895.949,5912263.065,NA,NA,NA,NA,NA,257410.068,912646.045,NA,514886.458,10756.381,32887.36,NA,260140.11,433834.381,21390.812,NA,NA,222066.365,18938.316,16292.229,18695.612,363051.353,NA,78298.682,NA,12345.286,NA,96108.516,313389.359,15652.195,144075.005,NA,261412.497,13852.692,73824.312,54306.235,NA,NA,31681.629,NA,160266.627,247768.046,897688.83,801184.912,12914.503,753955.918,NA,80278.17,141351.481,NA,1615498.395,11264.503,NA,NA,14497.291,NA,62160.238,NA,NA,116047.63,NA,1236859.743,353340.52,36222.231,17438.117,12192.146,NA,616932.374,12441.486,21008.687,177222.807,1207758.044,13521.185,NA,382095.879,24579.848,228966.567,352019.717,NA,17204.591,13944.021,NA,28193.476,40084.338,12511.788,NA,NA,NA,24544.52,NA,90744.001,19747.324,36018.76,NA,259848.376,18650.663,NA,19938.293,NA,11034.425,111468.012,NA,18424.644,NA,210328.14,300544.73,499255.076,53727.198,46580.688,51222.081,29558969.13,NA,75404.456,43327.477,235693.643,950640.08,NA,20544.301,14799.033,NA,91889.099,NA,4514442.017,25381.679,NA,169044.275,20358.425,56133.853,96675.793,26134.445,3638852.645,34646.721,43890.396,NA,NA,15100.994,55255.394,14750.029,156827.361,115992.203,NA,105241.171,134940.124,46012.463,NA,44735.079,23159.147,76142.214,NA,NA,NA,40676.24,12247.574,210813.604,29719.207,NA,NA,22767.014,84268.18,NA,10118.455,NA,187682.814,164525.274,36281.324,NA,24942.985,64078.72,670302.896,25518.486,129286.184,68326.778,11679053.41,NA,44625.15,13947.356,10448.674,370539.776,NA,33311.934,468350.734,215818.294,13849.031,27862.261,NA,20436.485,353674.206,NA,481196.446,10371.538,18636.629,NA,154600.692,26493.2,NA,1598879.93,2145201.149,2647702.97,NA,70141.725,1364818.336,742848.528,105213.546,131799.991,535633.185,NA,270407.22,NA,12525.413,14926.681,232370.09,44063.649,NA,12934.719,NA,NA,517622.564,986530.997,961478.32,109932.586,102773.512,589891.841,91666.648,NA,178293.56,1137610.29,NA,NA,66200.561,32066.337,NA,NA,10586.043,NA,302910.621,22269.042,486400.571,NA,374991.959,563012.52,666524.789,NA,154314.773,340316.844,41542.089,14804.7,79182.225,NA,NA,NA,NA,196023.112,259748.821,11770.628,NA,864255.712,NA,NA,1216483.948,NA,47699.093,80190.402,NA,NA,NA,226274.073,263285.282,20347.94,NA,116960.371,1849651.232,NA,24610.966,20728.362,1706531.76,141877.494,NA,10553.93,NA,299788.36,19377.405,NA,32807.164
"UTT.3.3_2012",NA,NA,27448.557,NA,NA,34722.473,NA,28473.272,10705.516,NA,139887.14,NA,NA,11484.017,NA,101872.018,603824.172,NA,NA,NA,62032.552,NA,30588.373,113367.562,136371.729,96823.929,NA,NA,NA,NA,NA,NA,733614.585,10210.23,213571.588,NA,NA,NA,23173.808,105445.596,13984.153,11036.697,NA,27451.011,114957.177,NA,NA,138784.637,NA,NA,87484.153,NA,NA,71376.426,110587.757,NA,35472.811,NA,89955.684,NA,67748.476,NA,NA,NA,39583.058,21106.529,26975.525,39072.295,183646.248,220919.318,NA,370467.185,NA,206292.761,NA,21104.139,437222.247,NA,11768.817,NA,NA,NA,NA,NA,NA,68728.982,NA,867039.772,79347.449,NA,NA,NA,21405.825,168591.893,NA,30154.942,89668.61,258926.227,NA,NA,107647.966,39627.406,63634.277,73295.501,NA,NA,NA,NA,14702.193,NA,NA,NA,NA,NA,NA,NA,NA,13692.583,NA,NA,88774.09,NA,NA,30908.789,NA,NA,17938.929,NA,NA,NA,178922.965,218830.575,33282.628,40075.702,NA,268946.343,13788271.63,NA,NA,118408.754,NA,417614.612,15724.553,NA,71847.425,NA,100806.244,NA,27651.982,NA,39669.26,729683.296,40798.645,13742.312,19510.432,NA,2842106.529,NA,74055.54,NA,NA,NA,21949.944,NA,23795.243,85048.979,NA,27532.887,73869.634,NA,NA,10052.384,15485.539,101658.221,47038.643,NA,16316.594,17738.391,NA,94977.617,77256.599,NA,NA,77520.419,41508.119,NA,NA,NA,100987.866,89398.539,11634.248,NA,NA,52763.348,216054.537,13894.766,NA,25100.415,607774.153,NA,362497.148,170116.558,NA,71313.263,NA,92838.959,NA,36563.255,29310.569,NA,NA,56714.564,17608.286,NA,20485.309,NA,11954.091,NA,12450.577,17391.169,NA,13036.975,NA,NA,NA,NA,NA,NA,15323.398,30176.648,24966.734,41631.395,78047.586,11483.057,65047.537,117814.076,110162.651,37814.248,NA,NA,NA,28555.316,92979.112,335094.99,100761.483,14924.523,NA,361338.119,13950.435,101403.853,69949.826,325618.349,NA,NA,NA,24131.205,NA,NA,13521.007,NA,168516.296,NA,371114.694,NA,89549.637,252613.952,306729.963,44730.058,18967.385,440720.173,NA,NA,154750.034,NA,NA,23017.558,28234.135,35347.629,34507.271,84272.901,18879.404,271853.535,NA,NA,363996.329,NA,20758.941,41970.909,NA,NA,NA,56842.395,152760.864,NA,NA,118912.071,676954.651,NA,NA,54671.952,579990.29,23346.304,NA,NA,NA,10879.161,NA,NA,81976.932
"ORT.2.6_2012",NA,NA,NA,10016.59,NA,NA,11880.26,27806.675,NA,13109.951,35102.961,NA,NA,NA,10368.917,12619.088,568674.271,29167.842,NA,NA,65915.083,NA,51256.49,33181.763,97518.673,5457499.832,NA,NA,NA,NA,14609.773,43508.053,444489.68,12128.161,26716.753,NA,32533.799,NA,100396.372,107894.631,15614.902,NA,NA,52914.405,15405.863,NA,NA,125925.438,NA,32530.304,NA,15216.454,NA,97521.244,96666.604,NA,42646.511,NA,80833.241,NA,10948.629,33127.186,NA,NA,NA,NA,33500.649,81262.582,187249.485,160699.841,NA,336922.605,NA,10659.441,NA,NA,339530.639,NA,NA,NA,NA,NA,12843.464,NA,NA,48442.165,13519.044,97009.791,110118.971,94119.969,NA,NA,NA,271105.79,NA,NA,79925.516,430681.192,NA,NA,86359.102,116689.309,76660.931,50793.254,NA,NA,NA,NA,18737.89,12124.11,NA,NA,NA,NA,18800.88,NA,16712.386,NA,NA,NA,90628.531,76641.659,NA,60940.199,NA,11879.603,NA,NA,NA,NA,141031.032,186698.682,19690.689,22983.104,17803.097,48046.687,3745459.437,NA,46686.615,40176.393,45450.535,64124.343,NA,10732.277,62524.245,NA,60345.587,NA,6186410.949,NA,NA,22021.089,14200.329,15428.451,24489.639,16954.58,2375189.517,NA,88008.511,NA,NA,17590.079,14800.738,NA,31752.503,10153.862,NA,36687.365,77743.734,58551.66,NA,12757.704,NA,32486.828,NA,NA,NA,13974.011,NA,68825.582,NA,NA,NA,NA,NA,NA,11995.268,NA,99776.548,37564.522,24387.456,NA,NA,71116.174,308000.911,10539.88,97134.069,42825.085,4069700.689,NA,34377.107,11132.993,NA,290999.786,NA,12253.518,423566.86,NA,15269.035,11560.629,NA,17138.627,54370.845,NA,56314.757,NA,13636.623,NA,38261.203,10484.27,NA,541818.204,NA,627419.098,853546.763,16945.713,710530.522,288502.544,54974.532,18559.453,264240.394,NA,100066.164,NA,10150.149,NA,164493.087,14564.149,NA,NA,NA,NA,48754.969,258737.171,217573.859,16333.811,NA,178358.12,54610.036,NA,38431.817,297917.81,NA,NA,25402.845,23852.919,NA,NA,19827.658,NA,99727.998,NA,183690.094,NA,84903.575,102746.133,208567.396,NA,16972.861,183861.435,NA,12009.99,114326.541,NA,NA,NA,NA,38266.408,193343.487,NA,NA,80585.43,NA,NA,377102.757,NA,20546.437,49503.945,NA,NA,NA,55656.536,185775.975,NA,NA,38233.769,705883.574,NA,NA,NA,597718.143,101048.242,NA,NA,NA,13900.406,13760.264,NA,64143.719
"AZT.1.10_2012",NA,NA,39159.723,538810.184,NA,23178.657,11921.287,NA,NA,NA,230323.506,NA,NA,43712.59,3183280.148,31688.5,355473.256,NA,1567632.009,NA,136747.373,NA,88144.528,187750.816,220120.281,13863.356,19588.466,NA,NA,42555.701,1080324.086,122818.359,611461.084,27216.018,NA,56300.7,11166.031,27533.394,12917.551,205150.597,22168.298,NA,NA,24044.187,NA,NA,95630.082,107425.617,36788.347,NA,NA,NA,NA,207360.384,115640.395,NA,62380.648,NA,29076.297,NA,153139.081,163942.994,NA,18856.181,38309.443,NA,69611.505,64217.849,233646.298,180088.968,NA,411840.175,27889.564,NA,157016.689,NA,824256.178,NA,126846.263,NA,149293.498,13396.945,69266.029,677798.558,588454.564,220879.879,49953.417,NA,493831.264,NA,NA,NA,27597.048,243529.087,174557.746,29250.224,349196.376,154359.536,3451586.136,NA,57928.208,18555.016,150732.819,164297.944,NA,NA,30803.624,NA,14773.792,616483.805,NA,12175.8,10320.523,NA,11112.261,40571.2,NA,116462.453,29765.404,NA,113565.726,23848.965,24587.877,28870.282,NA,NA,NA,NA,NA,NA,13623.699,26240.787,358468.684,NA,22265.441,252869.4,56401.884,NA,NA,NA,249730.515,NA,13738.923,NA,NA,4624327.222,77801.018,NA,16372.734,NA,64712.954,798469.992,51297.195,14672.959,46665.517,NA,2711729.098,NA,63868.284,NA,42349.506,16418.861,12380.655,11638.163,22262.247,13867.997,NA,42162.651,96374.627,NA,NA,29903.404,NA,151882.33,21527.972,NA,NA,36391.562,NA,84164.253,11651.158,10258.299,NA,10081.824,NA,NA,10311.672,NA,368549.517,50160.454,94936.229,NA,NA,190148.603,242515.074,75329.733,13671.164,95860.337,4367088.771,17528.83,12186.258,12739.063,12573.932,134296.898,NA,NA,NA,NA,146513.528,152064.912,NA,17225.087,142618.102,NA,151288.592,NA,11056.95,NA,47696.348,78360.269,NA,93875.19,NA,28330.354,141737.048,64313.752,749732.98,324930.153,58710.012,64068.507,245563.371,NA,25825.664,10443.71,83071.921,NA,27156.875,51511.85,12259.593,NA,33517.05,21094.81,12642.842,125767.897,81341.51,52696.807,50722.135,250151.625,67397.905,31638.279,54416.944,552991.703,NA,NA,NA,NA,NA,35047.541,39964.246,NA,247987.457,17675.621,227212.887,NA,170075.641,29610.711,25782.804,64475.576,28626.27,639255.909,21442.23,NA,109638.463,98082.69,396802.906,190795.824,268562.609,22195.9,NA,18297.413,NA,600260.36,16256.639,NA,769656.239,406951.321,31519.603,15016.234,472840.375,34094.531,306465.614,50866.76,121739.475,17342.492,NA,12004.358,541173.52,NA,54682.797,NA,478756.4,261748.076,133524.945,20840.029,NA,121281.845,NA,NA,35865.529
"IDT.1.4_2012",NA,NA,NA,NA,NA,NA,13429.425,38071.484,NA,15249.974,148832.663,NA,15778.132,19195.054,NA,12401.148,874809.131,30124.412,NA,NA,16636.355,NA,56204.768,10371.595,40104.33,6902938.669,NA,NA,NA,NA,NA,17989.915,377960.769,15703.735,30391.98,NA,11580.925,NA,129601.795,182502.618,18397.703,NA,NA,36650.375,10793.578,NA,NA,124574.046,NA,55872.739,NA,20591.934,NA,144469.559,173341.053,NA,54161.305,NA,100160.608,27037.835,15668.811,23206.136,NA,NA,NA,NA,68868.712,175440.238,257975.515,243957.223,13443.363,361795.342,NA,45935.099,21182.603,NA,555469.788,NA,NA,NA,NA,NA,NA,11211.992,NA,92065.901,NA,80414.939,126172.88,109499.844,NA,NA,NA,471133.877,NA,NA,126447.543,962863.858,NA,NA,138021.111,NA,251408.29,275032.286,NA,10038.22,NA,NA,10010.856,11017.549,NA,NA,NA,NA,221943.921,NA,NA,NA,NA,NA,121616.809,NA,NA,70676.841,NA,11810.026,39733.891,NA,NA,NA,342925.411,537719.737,281233.554,29691.737,14458.655,102825.113,4008409,NA,67931.089,92170.127,36426.728,55386.985,NA,NA,NA,NA,55742.17,NA,7118991.667,NA,NA,74646.575,NA,50292.066,69257.445,NA,3579865.737,12535.657,13886.737,NA,NA,NA,12783.111,NA,89786.454,11028.491,NA,30621.122,48208.704,NA,NA,NA,NA,10218.437,NA,NA,NA,NA,NA,56534.444,NA,NA,NA,NA,NA,NA,NA,NA,116479.465,17510.435,90580.122,NA,NA,296273.942,244368.541,10530.431,65614.788,148205.394,675446.075,NA,17285.121,25054.99,24505.935,364602.327,NA,11936.317,118125.049,25788.678,26240.452,30790.667,NA,12314.745,173256.57,NA,223083.055,NA,35850.835,NA,44844.621,121213.617,NA,551560.568,NA,630032.423,834164.121,NA,765165.272,361172.669,65484.792,11969.353,311954.703,NA,94891.403,NA,11822.723,NA,108973.244,16706.028,21500.912,NA,NA,NA,112687.371,414539.487,213014.947,50055.037,23555.889,90654.416,26456.071,NA,87198.399,416674.269,NA,NA,58480.421,20757.048,NA,NA,56043.111,18014.9,171292.198,20512.729,133305.033,NA,158776.363,316897.824,318406.765,NA,13952.737,180197.669,24429.718,21436.836,134894.94,NA,NA,NA,NA,31116.885,179971.025,15733.058,NA,486942.259,NA,NA,635551.154,NA,NA,25383.441,14581.326,NA,NA,48426.007,116648.285,13039.031,NA,34964.605,806123.562,NA,11577.6,24617.121,651423.651,73949.356,NA,NA,NA,91550.042,NA,NA,23332.437
"IDT.3.9_2012",NA,NA,87405.311,27619.647,NA,NA,42534.11,56382.595,11467.327,28759.783,352384.309,NA,NA,NA,17697.812,156101.026,232414.917,26197.191,NA,11824.414,84316.159,NA,172290.555,112785.236,124413.082,4162475.1,NA,10730.818,NA,NA,41589.168,70335.533,471608.423,11923.975,321866.972,NA,55216.295,12371.98,371672.702,304715.967,38455.747,NA,NA,244790.195,123275.266,12517.217,NA,255004.269,NA,75093.514,NA,43935.236,NA,194979.894,178789.412,11118.088,117877.749,NA,263803.376,36258.997,33065.958,56665.036,NA,NA,10838.189,NA,151878.919,160862.154,580817.052,566924.753,14677.483,751168.936,NA,35590.384,100506.079,NA,760379.499,12092.695,11040.745,NA,13412.311,NA,24443.699,NA,NA,338181.325,13095.786,945071.445,385454.755,30899.738,NA,22104.009,NA,173670.038,12899.937,NA,450147.866,675345.683,NA,NA,323824.603,NA,374772.764,262629.211,NA,23462.079,14947.401,NA,32573.903,58210.589,16079.45,NA,NA,NA,85020.915,NA,94813.634,18296.537,NA,NA,261981.718,13208.988,NA,32478.885,NA,16568.234,126221.116,NA,17068.797,NA,223797.074,366246.049,73342.792,56376.684,20098.92,11456.975,22775325.47,NA,27260.566,48456.162,93934.164,16977.786,NA,17719.73,381357.102,NA,59006.201,NA,3506630.287,21726.619,NA,102751.384,32854.103,131682.323,49159.048,19760.094,4221399.156,15311.362,51064.42,NA,NA,NA,80445.629,NA,197283.998,54119.828,10056.326,57364.352,107715.322,NA,NA,23877.42,45836.116,43560.009,15050.677,35358.216,11065.872,14154.789,NA,96266.47,54395.337,NA,NA,278795.688,21621.138,11481.516,NA,NA,168189.192,19371.904,11884.077,NA,NA,16122.699,538156.065,48053.307,43314.816,43322.19,8412325.707,NA,123272.658,38790.877,23981.938,783228.718,NA,183401.524,127932.855,25134.087,113879.907,21019.055,NA,40708.732,94465.863,NA,103252.727,23447.782,23387.143,NA,96228.679,22947.02,NA,2093899.587,NA,3014337.34,1910009.239,25822.763,1002459.889,570257.792,82932.506,102780.675,463325.388,NA,82737.03,21391.459,743609.947,18285.785,97900.978,16913.769,23284.804,29927.86,NA,NA,449187.238,741257.717,460462.163,74719.666,17826.48,94611.162,117769.709,NA,130538.385,1138272.117,NA,NA,29259.409,NA,NA,14432.05,12194.239,19105.333,152480.386,22613.042,204946.666,NA,250257.052,463257.679,521950.589,130143.447,23496.873,350432.903,22571.629,67968.397,165282.079,NA,NA,NA,NA,107147.873,148080.641,NA,NA,617615.785,NA,NA,853186.307,NA,18672.833,47572.561,19130.636,NA,NA,156844.524,217283.66,20215.731,NA,68812.414,1627467.967,NA,NA,17952.792,1563602.781,254425.403,NA,NA,34603.302,172435.319,NA,NA,NA
"CAT.2.4_2012",NA,NA,70612.981,25524.162,NA,NA,10459.088,NA,11413.122,NA,117861.236,NA,79167.208,66905.369,13709.016,220258.557,257462.975,NA,20673.757,NA,47726.206,NA,71828.446,75388.843,85892.399,113942.726,NA,NA,NA,NA,NA,NA,418830.201,20248.101,229416.425,NA,NA,NA,12709.038,90667.741,NA,NA,NA,20186.118,116188.394,NA,NA,132324.147,NA,11600.22,21068.497,17148.725,NA,107771.707,64939.7,16968.946,26293.615,13474.433,54673.208,NA,NA,11356.802,NA,10638.141,25017.162,10976.229,15614.497,99830.386,155028.583,155885.31,NA,170549.022,NA,14582.533,NA,NA,280177.519,NA,NA,NA,18541.167,20151.794,NA,NA,NA,161361.642,10824.127,441276.307,89492.424,NA,NA,NA,NA,242819.69,35597.806,NA,221412.566,429541.945,14238.624,NA,57394.253,13372.696,113137.062,136496.169,NA,NA,NA,NA,NA,13756.977,NA,NA,NA,NA,42415.635,NA,14064.287,NA,NA,NA,49576.418,NA,NA,28794.652,NA,NA,41873.28,NA,NA,NA,55937.252,352000.83,232809.712,11144.391,NA,13264.03,15687388.9,NA,NA,639079.813,12271.954,415666.696,NA,NA,NA,NA,40813.283,NA,52818.469,19716.407,281848.797,60368.725,38267.983,13266.464,20556.294,NA,661999.859,NA,20739.599,36145.448,NA,17837.41,NA,26659.829,13076.033,101038.025,NA,NA,41685.592,22682.8,NA,11533.395,71224.687,19676.497,425077.391,NA,NA,NA,NA,177914.454,12161.907,NA,NA,491178.865,40772.978,NA,10858.875,NA,53667.944,NA,17381.453,NA,NA,38322.852,116278.858,NA,56564.298,23046.437,4507417.249,NA,11775.626,14159.42,13323.442,437698.076,NA,848781.566,175019.035,NA,NA,16109.264,NA,NA,46370.32,NA,51714.805,NA,10849.414,NA,396205.351,28525.058,NA,116033.296,NA,NA,NA,NA,74043.496,NA,NA,28731.702,25211.813,10104.765,71416.411,11833.177,49919.342,NA,151261.692,16036.884,NA,NA,NA,NA,NA,63696.299,302481.362,13668.415,49233.512,256377.613,45211.414,NA,60412.551,428193.205,NA,NA,NA,16797.596,NA,NA,NA,NA,727258.446,206422.186,350613.534,NA,77588.058,NA,27599.773,205909.476,10652.843,253131.555,NA,NA,43121.136,NA,NA,108381.102,100046.047,28635.226,24688.95,222745.877,94500.981,342679.473,NA,NA,454347.563,12577.758,45457.073,22153.051,52746.051,NA,NA,40737.382,152806.438,NA,16399.841,111689.07,787995.569,NA,12290.056,92950.46,715955.16,101349.023,NA,NA,NA,81662.66,NA,NA,NA
"AZTW.1.5_2012",NA,NA,33592.513,64070.606,NA,15348.586,NA,NA,NA,24084.035,199820.21,374674.511,NA,15186.38,NA,10585.473,597585.142,NA,NA,NA,46949.169,NA,60711.547,113811.341,144727.044,NA,344635.837,82688.326,NA,NA,27403.734,NA,190787.535,NA,NA,19270.809,16798.495,85046.925,11713.021,397226.32,51624.221,NA,NA,62970.504,NA,NA,103397.204,86093.823,38871.372,51472.644,1669249.154,11379.177,NA,43365.881,146630.184,NA,43708.274,136072.56,154530.514,NA,NA,198059.813,18527.658,127903.469,1164642.081,26497.439,44236.72,67869.108,92275.386,22088.887,NA,242854.204,90518.608,120266.305,NA,21577.433,726986.705,NA,NA,NA,17425.669,300325.436,227390.377,2619711.238,1976045.467,158627.851,210901.234,NA,691737.752,NA,NA,10587.483,667805.548,215697.776,233147.82,18202.594,73715.698,534691.112,153587.727,NA,14007.047,584621.415,70214.228,100769.908,176446.015,NA,18953.152,NA,NA,NA,NA,40339.946,NA,NA,36861.976,30712.793,26945.502,NA,43885.174,NA,52800.782,78548.31,NA,46668.975,19601.269,10518.291,NA,NA,NA,51136.182,NA,10894.894,276399.44,31941.613,21363.375,163099.853,103611.467,85808.66,NA,20901.588,116640.036,NA,42166.824,16361.949,48730.64,58396.142,40405.239,NA,16954.292,NA,12861.383,19831.367,17131.981,10697.889,32989.552,NA,3061569.337,96775.818,20146.359,NA,175186.033,92575.505,NA,69164.542,NA,11215.745,10852.25,12932.226,15636.815,16584.187,130077.476,14486.182,33625.055,64261.571,10611.098,NA,50079.978,71837.439,31110.12,68558.001,10846.574,37147.478,13598.534,NA,19156.72,15783.898,58196.98,13907.302,271494.686,16246.003,43650.672,NA,41095.063,186008.857,430051.138,NA,269079.588,25253.33,2071311.801,2154459.544,9983140.846,8193812.248,11913.156,196256.91,122070.257,NA,620451.067,19086.579,508072.818,129709.862,138484.704,648007.269,91893.512,NA,69379.436,NA,62524.665,NA,NA,19137.56,NA,12826.247,NA,NA,23045.881,NA,351047.349,67978.139,187618.459,NA,913690.143,1239662.823,71585.022,778770.713,1296872.598,2488967.048,10982.372,46260.117,21590.6,NA,NA,11761.249,273328.785,587797.815,45713.976,96028.613,49653.732,416278.372,16777.564,15525.88,14661.534,730989.81,NA,NA,NA,NA,NA,270188.255,49011.224,NA,139791.286,NA,255528.163,221841.145,372799.866,13043.762,NA,32436.706,NA,1148016.792,93867.346,54978.403,29397.649,1717693.185,2140698.996,25586.294,24742.676,50056.585,NA,22802.675,NA,217783.843,NA,NA,277015.115,989943.932,17580.309,32442.722,1013794.898,NA,88025.915,69802.826,90824.819,NA,NA,NA,787701.847,NA,NA,NA,655852.861,24302.933,468286.94,25166.53,NA,500106.177,NA,NA,10944.428
"ORT.2.3_2012",NA,NA,10471.896,NA,NA,17062.097,23457.616,40402.317,NA,22352.96,209710.851,NA,NA,23217.565,NA,14800.903,1681937.634,27755.28,NA,NA,149016.782,NA,91049.654,34588.178,68755.622,8510042.515,NA,NA,NA,NA,10672.293,139833.905,657282.183,NA,11961.181,NA,16281.934,NA,121458.544,210363.654,43709.016,NA,NA,267097.622,NA,NA,NA,174976.815,NA,38381.672,NA,NA,NA,162820.272,192238.548,NA,102590.583,NA,168068.936,NA,104889.281,58676.563,NA,NA,NA,NA,132583.641,106412.812,406547.331,339695.28,18543.298,637860.375,13034.722,19559.329,85968.532,NA,1023615.303,NA,NA,NA,NA,NA,38235.896,12548.692,26655.244,244116.124,NA,40815.376,287149.937,153132.746,NA,NA,NA,773285.541,NA,NA,367882.098,1646862.239,NA,NA,142803.035,21811.251,328266.754,299227.363,NA,NA,11510.991,NA,40331.672,10332.085,NA,NA,NA,NA,30937.082,NA,19018.082,NA,NA,NA,120260.465,NA,NA,87657.894,NA,NA,NA,NA,NA,NA,267598.473,323892.122,45488.984,58105.427,18579.146,278993.314,2144069.189,NA,86576.366,65818.507,101474.471,16969.77,NA,10471.796,27699.113,NA,79460.371,NA,6521466.103,NA,NA,478513.692,11521.026,14387.559,84040.728,31459.271,3315020.183,11849.933,10198.101,NA,NA,NA,40975.148,NA,46218.674,NA,NA,75133.834,85056.035,24624.059,NA,32416.164,NA,56022.841,NA,43408.038,10009.556,10182.364,10010.9,87363.412,12195.987,NA,NA,12148.71,NA,NA,10481.381,NA,177983.808,104456.377,135344.053,NA,NA,503582.211,438008.559,14568.87,179576.64,13368.066,7435032.297,NA,167795.255,57139.524,11570.138,222267.876,NA,10151.21,482916.135,17644.959,11098.221,80957.849,NA,NA,229511.695,NA,239413.794,NA,20802.859,NA,203449.509,104476.161,NA,891790.541,1328575.167,1039677.369,NA,94359.077,1046365.487,404495.633,80598.977,113525.273,341934.477,NA,119989.053,NA,NA,NA,259530.883,12293.738,16037.753,NA,NA,36808.595,20066.164,145565.048,541038.359,19773.608,11653.994,112417.658,49153.784,61616.539,121803.879,274803.945,NA,NA,65602.55,NA,31259.699,NA,96350.282,10428.844,162276.328,19480.383,137982.926,NA,176081.474,102481.755,359060.261,NA,33685.035,254268.562,45836.779,37999.395,45675.962,NA,NA,NA,NA,29529.854,223568.401,NA,NA,589613.026,NA,NA,661584.699,NA,21484.577,49910.152,10848.6,NA,NA,55598.306,181412.757,NA,NA,63584.824,1031015.188,NA,20579.995,12225.318,875166.222,77960.196,NA,NA,17251.273,91266.919,27210.693,NA,39817.785
"NMT.1.9_2021",NA,NA,29817.321,NA,NA,NA,NA,NA,NA,14727.528,234013.303,28103.174,19092.906,12109.849,NA,NA,708412.499,NA,NA,NA,15726.735,NA,31633.739,223462.432,308409.032,NA,NA,NA,NA,NA,68286.976,10066.957,317429.35,13869.043,NA,201531.291,37602.957,NA,10400.276,123727.352,19795.801,NA,NA,11804.828,NA,NA,91413.642,28055.344,244178.3,12383.651,3842491.764,209093.227,NA,11242.303,160341.823,16107.427,57069.955,32825.855,75916.474,NA,75886.22,19704.713,94611.918,NA,1252936.977,59897.941,18518.394,53232.097,43696.817,23781.101,NA,262943.267,57790.072,212405.743,NA,41218.987,897901.49,11727.625,13886.664,NA,NA,645634.568,20482.128,37859.182,32130.289,226802.208,263778.279,NA,506411.912,NA,NA,16161.522,1238782.176,231319.379,NA,68863.802,186733.142,365188.929,172553.051,NA,12437.974,315289.211,38676.889,216240.11,283071.871,NA,24255.48,NA,NA,NA,NA,22680.23,NA,NA,12890.422,86009.703,NA,10520.36,14668.718,NA,20748.637,134875.161,16847.757,247620.883,25221.887,NA,NA,NA,10816.861,NA,14758.203,14400.929,24338.54,13238.997,12131.33,92929.077,38979.215,112613.235,NA,16086.659,123373.482,NA,54722.695,48875.595,121767.759,92090.191,171880.3,16804.802,NA,NA,NA,80298.562,36157.51,NA,30642.01,NA,3101083.463,210015.947,92355.371,12658.059,80263.57,389560.924,NA,128020.427,NA,NA,NA,NA,13199.967,14190.409,239706.486,26007.794,26583.985,18857.334,11500.651,NA,70683.684,17088.228,48513.856,136022.044,NA,121678.724,NA,14874.288,NA,175171.708,11288.188,NA,350404.597,85598.217,399276.431,716511.403,181138.678,2359364.012,312555.982,130660.457,104573.162,29405.652,697507.677,5271783.45,16499604.58,13675733.04,NA,60300.329,205121.711,11582.034,391141.343,NA,783042.897,47631.1,1655129.796,3659556.395,83443.603,NA,52158.101,17461.904,49252.618,NA,36349.962,12175.77,NA,22760.046,NA,NA,28158.285,NA,274460.76,29858.887,209820.256,13797.063,1007094.107,1482355.272,NA,708383.252,1272717.507,2638695.976,15384.501,10324.298,26698.582,NA,NA,19164.278,29002.483,175970.427,119104.41,53534.732,51150.87,98037.346,31103.672,12831.12,24603.891,657899.769,NA,NA,NA,NA,NA,NA,59385.723,NA,88251.911,26157.518,165805.669,332455.505,107906.035,NA,15657.536,NA,NA,366350.854,83758.051,44008.349,160284.268,NA,23878.175,NA,NA,27410.831,NA,NA,NA,117586.727,NA,NA,161162.893,12185.459,11592.947,19313.63,21205.176,11325.402,76416.729,60744.14,29911.495,NA,NA,NA,750604.847,NA,16858.472,NA,620651.605,NA,85023.308,NA,10632.931,460060.331,24942.829,NA,40861.894
"COVW.2.2_2021",NA,NA,67325.776,14347.711,NA,33639.949,NA,18576.827,NA,NA,276606.066,16556.005,NA,34460.554,19081.551,418813.661,168410.745,NA,NA,NA,53133.126,NA,111692.016,93935.322,92311.66,NA,NA,17589.608,NA,NA,14673.911,10523.313,410379.248,21955.318,22009.824,27247.906,34313.541,24865.875,26158.111,204132.612,22230.961,NA,485486.451,13800.002,38480.109,NA,NA,92215.405,118279.563,27455.329,2850164.577,136838.108,NA,NA,21937.605,121379.182,18623.453,868935.111,22681.65,15614.315,10901.017,24639.315,167700.643,NA,1518296.789,83643.974,17653.241,16021.093,82670.527,95857.877,89628.575,56415.25,NA,164967.505,NA,283733.348,400474.378,NA,11840.302,NA,22992.866,91956.687,NA,19419.953,61648.23,380037.768,202555.329,NA,359581.486,NA,NA,15253.175,909174.014,76433.717,NA,NA,517242.028,194468.522,122802.941,19898.782,NA,245319.486,21821.094,66465.332,35546.826,NA,NA,NA,107277.751,10766.912,NA,NA,NA,NA,23513.524,53425.288,NA,13407.276,NA,NA,13050.735,82423.624,22550.513,18481.085,18120.464,15312.366,13371.594,NA,17652.63,NA,55745.678,70278.179,20373.819,153548.758,14340.608,10790.671,456327.24,73068.602,NA,13792.952,218287.26,46667.352,NA,NA,96157.855,26976.637,26608.468,60066.16,NA,NA,35022.709,15730.535,40050.478,NA,1512361.889,NA,3134013.469,127313.189,93492.467,37649.428,46451.483,209184.022,NA,357897.078,32723.049,336156.013,74442.653,NA,130448.372,NA,52636.764,41069.144,22478.064,29969.4,27785.892,12351.233,135142.318,91525.594,26223.951,216233.087,NA,82193.069,NA,632853.084,NA,170121.822,12453.722,NA,144079.154,497297.276,969867.05,2945122.8,80822.268,953881.869,416667.124,27614.973,84401.078,201923.632,2289737.038,6236781.175,16430703.98,13863131.74,11267.976,126660.471,226928.049,1133655.033,366982.912,NA,1068438.937,22210.075,239475.767,1087246.892,21191.617,NA,276505.654,11313.747,186006.218,2194232.263,107709.718,1024837.846,116765.427,500514.099,639903.365,434807.896,111316.964,203510.779,262391.576,21578.917,1004829.402,35831.398,1227366.852,1425484.388,NA,1157888.123,3656430.141,2808410.164,30350.747,18985.71,14546.189,30474.709,NA,31876.795,37922.397,196663.888,60332.711,NA,87992.383,266617.24,22709.082,41440.045,55006.415,766392.365,NA,NA,NA,NA,13523.33,NA,NA,NA,26290.99,20014.007,84648.892,504191.425,145560.85,108410.764,203039.332,74813.387,333802.948,327252.662,40624.743,23234.799,54536.361,NA,17986.333,31670.046,12341.803,45917.364,NA,636749.565,385452.407,68290.493,NA,156160.423,53000.682,33401.091,NA,26763.998,40675.606,11066.586,84547.674,146022.582,36763.621,14584.202,21821.439,119177.067,1248275.862,NA,58690.76,408216.672,1153885.729,54807.018,10058.505,NA,NA,201466.63,NA,15307.983,NA
"WAW.1.6_2021",28910.013,NA,96711.126,NA,NA,121861.232,88752.547,62600.253,NA,14199.818,314317.404,NA,NA,NA,NA,74316.602,106922.263,NA,NA,11053.297,51405.41,NA,125456.986,392626.57,393964.548,52011.418,NA,NA,NA,NA,39633.359,67966.972,403580.708,16448.091,141135.66,NA,52948.324,NA,221370.127,180210.956,19967.594,NA,NA,12289.26,64930.452,NA,NA,85537.573,NA,NA,NA,NA,NA,13525.928,222203.166,27437.899,85325.553,38922.126,34073.499,NA,17155.916,60846.342,NA,NA,12896.514,NA,78247.655,NA,51442.61,28079.159,10170.619,84563.348,118946.608,47091.166,NA,10702.306,622268.022,25688.829,17929.464,NA,28693.877,NA,45578.325,32383.742,NA,219700.894,12291.385,226342.405,1892761.248,NA,NA,NA,NA,96017.747,81842.308,21885.371,354946.666,38548.024,10677.476,11495.295,19453.575,703177.698,10360.549,149695.277,NA,25847.009,20002.043,NA,NA,73905.866,NA,NA,NA,NA,14370.721,NA,15062.713,NA,29032.39,NA,72893.448,462780.125,NA,119825.644,NA,14984861.06,31318.687,NA,NA,NA,83277.626,106435.897,11262.591,24936.844,10263.02,72260.532,15165525.5,NA,31353.422,NA,176524.001,452508.266,NA,40867.214,10222.982,NA,39001.396,NA,NA,NA,NA,20619.137,39090.138,13954.687,24711.497,NA,1366297.565,11884.786,129884.707,17463.505,NA,10692.507,NA,11878.022,21208.296,118306.923,NA,45083.611,11691.416,13268.116,NA,13418.455,45511.706,23270.653,NA,15686.489,19563.705,NA,18208.052,80165.953,54245.946,NA,NA,27357.97,23063.875,NA,41883.706,NA,103036.364,NA,473245.655,NA,NA,2036541.547,1080032.291,18000.705,110046.076,13666.691,7781103.267,NA,50477.044,18203.199,NA,173674.909,NA,24223.947,670791.811,NA,10556.873,69937.35,NA,13092.934,227383.654,NA,233843.6,NA,20303.495,NA,99096.802,12784.578,NA,1153648.947,1596923.397,628476.805,NA,20983.522,625956.785,263461.795,57010.065,33398.443,255626.599,NA,14490.52,NA,23513.399,NA,71350.98,84531.352,22253.268,NA,NA,11486.538,310034.591,703032.681,425796.205,66252.438,122589.961,289515.91,53697.136,NA,39484.161,1509061.729,NA,NA,NA,40233.681,NA,NA,80909.674,NA,84601.352,NA,113657.072,NA,143828.521,280954.916,364347.597,NA,NA,349522.627,194771.904,119694.088,76025.808,NA,NA,NA,NA,47336.893,38944.724,NA,NA,11465.356,NA,NA,11799.739,NA,43961.595,12414.61,NA,10161.813,NA,161840.994,42702.039,10642.733,NA,152655.679,1528836.034,NA,70037.326,24979.777,1334408.443,69382.988,NA,NA,14722.144,1012421.94,NA,10888.359,NA
"WAT.2.1_2021",32420.177,NA,71712.231,NA,NA,51841.72,46572.821,79423.631,NA,120673.405,477266.699,NA,29845.495,15685.87,NA,68239.851,417541.518,NA,NA,NA,51845.607,NA,118100.249,430746.481,477036.599,40837.715,NA,NA,NA,NA,28983.448,103421.373,862016.347,NA,779549.506,NA,28724.116,11077.418,181907.887,240962.84,36585.273,NA,NA,129299.28,124514.003,NA,NA,97950.298,NA,25212.054,NA,NA,NA,23400.458,227284.012,30007.869,133389.52,39627.13,240531.809,NA,NA,58233.195,NA,NA,NA,NA,154869.806,55174.907,124089.455,67453.007,17074.685,350437.298,194068.066,38373.249,NA,13957.386,1282758.352,NA,16665.28,NA,13956.798,NA,74366.547,70570.912,NA,275026.694,NA,390020.662,2449977.239,NA,NA,NA,NA,123135.063,19207.126,26445.541,474899.879,289559.678,NA,17356.274,10091.773,664229.593,19680.538,159901.353,NA,34636.359,17269.259,NA,14171.828,107345.896,36556.121,26853.709,18800.596,NA,11513.432,NA,178967.871,NA,29084.917,NA,55558.28,285581.99,NA,148198.205,25744.319,10281.463,42456.414,NA,17863.241,NA,103543.132,630666.341,135845.953,29417.197,15470.174,78675.094,9694922.3,19345.661,45211.187,35981.123,216686.593,22216.202,14258.642,173816.453,10744.382,NA,77226.186,NA,13228.277,NA,NA,95223.014,185231.131,36601.629,43029.797,10544.034,2664172.718,NA,236926.676,622145.761,23505.181,58535.953,22075.196,15790.23,55305.097,232950.244,19709.784,151078.282,14062.175,70046.257,NA,14728.509,105932.909,154681.434,39584.47,75671.132,15414.226,NA,10309.795,34777.4,163134.977,18046.8,NA,571958.076,55957.456,NA,23696.829,NA,194233.018,10212.34,612867.101,11088.766,NA,4171684.67,914194.468,266817.475,356702.821,82893.797,9596800.256,NA,62467.374,15711.022,24604.71,454357.45,52513.546,12631.812,848603.818,31217.415,51482.93,67338.426,12395.631,10609.063,729150.63,NA,957158.239,11425.14,25655.282,NA,249582.901,70031.556,NA,2991130.455,2463584.36,3738829.199,NA,11904.424,1624103.862,866110.761,118674.958,197412.203,586904.672,NA,NA,75311.283,1736657.89,NA,56894.876,15905.38,257200.725,NA,NA,NA,353269.791,149421.03,436039.486,79972.278,48624.568,421004.397,24355.427,NA,33847.868,1077651.253,NA,21864.574,NA,95602.776,48001.553,NA,86295.439,NA,109513.952,128705.758,126717.262,NA,190909.118,299744.901,370968.48,NA,20970.551,895196.79,176807.926,85437.339,96448.733,NA,NA,NA,NA,49846.059,93814.634,NA,NA,61265.087,NA,NA,85826.07,NA,66255.111,21908.726,NA,10587.582,NA,137639.933,60149.123,NA,NA,226001.642,1620123.267,NA,76590.691,36161.996,1452803.384,46786.52,NA,NA,38929.802,704550.957,18443.007,NA,10620.573
"AZT.1.3_2021",NA,NA,69914.684,197138.786,NA,32886.309,77005.207,NA,NA,NA,61478.802,11053.269,NA,10313.379,3360049.257,22773.786,274512.429,NA,1434859.684,13209.279,70240.692,NA,73515.092,89636.68,105101.012,NA,NA,NA,NA,27974.741,668389.705,49288.554,531682.103,NA,NA,29893.455,NA,11948.678,26731.613,138076.749,18499.935,NA,383200.797,54938.205,NA,NA,356854.554,62190.026,235769.616,11820.105,332485.566,31246.216,NA,22337.963,17567.116,NA,14896.276,299841.745,12300.895,22813.179,71566.197,74372.046,138584.582,NA,367098.377,20733.178,23840.696,30425.121,69095.703,109576.903,19686.922,54861.351,18098.377,NA,32771.382,273209.714,271658.291,NA,267955.958,NA,33253.944,43843.021,NA,10051.617,NA,368335.06,46063.077,NA,242265.697,NA,NA,NA,106634.231,155525.196,59281.698,10487.749,497711.604,223426.157,2787330.769,NA,NA,141063.025,33048.575,80661.604,NA,NA,12452.536,NA,56299.747,455146.319,30850.461,17675.478,20846.145,NA,112911.494,428039.007,NA,37606.03,NA,11648.6,64175.54,57020.598,35971.794,57359.913,NA,NA,38212.185,NA,22862.739,NA,NA,22736.843,179788.161,12100.472,11836.842,72812.435,55917.802,NA,NA,NA,21495.858,NA,41155.964,NA,NA,2937088.581,32509.882,NA,12274.872,12070.157,NA,212319.135,53420.89,NA,2095407.49,NA,2833534.794,NA,31695.757,NA,19164.027,16143.828,NA,21702.014,24370.656,10945.606,33026.69,NA,326992.391,52923.965,14609.656,149968.393,NA,38995.648,18938.259,NA,12389.961,30886.581,11294.316,NA,NA,NA,NA,NA,NA,NA,14045.479,NA,128559.249,69701.599,536684.984,1517053.324,NA,441660.788,105490.999,180979.869,92636.013,10788.654,1586514.908,244676.7,3847310.793,2364588.48,27188.712,71689.981,43856.506,13206.468,417976.019,NA,134238.464,18344.297,NA,94571.273,102732.088,NA,117063.778,NA,407008.15,699307.575,NA,544923.871,NA,15351.516,NA,NA,NA,15217.866,243666.493,35351.584,517996.536,98270.254,196429.409,179983.179,NA,681178.491,918165.114,385782.633,28210.897,25832.657,17500.775,NA,NA,69647.848,16156.726,133472.164,330863.988,NA,19643.051,526472.047,48234.706,194069.935,52571.624,706725.974,NA,NA,NA,18483.161,NA,NA,13727.789,NA,96694.816,43267.179,926630.284,50216.963,145291.519,NA,NA,NA,131840.396,402390.252,25401.633,37441.349,497655.195,NA,14018.422,49636.908,138680.231,39337.713,NA,12336.66,NA,69946.403,NA,77175.772,61293.31,16200.923,47669.963,24524.437,54476.781,NA,575798.258,41307.74,31034.439,NA,NA,NA,823672.838,NA,46502.631,NA,714841.991,147407.67,727492.042,NA,NA,178864.367,NA,NA,NA
"NMT.2.8_2021",NA,NA,NA,11724.838,NA,NA,NA,NA,NA,NA,67372.273,24609.192,NA,NA,NA,NA,92244.957,NA,NA,NA,49030.415,NA,66976.85,134065.691,182060.114,NA,NA,NA,NA,NA,76245.194,26534.349,203087.046,NA,NA,199724.843,15747.199,NA,19733.242,47514.211,15876.215,NA,NA,51342.544,NA,NA,104398.545,15090.902,137872.504,NA,2339022.125,249630.49,NA,15307.751,23727.463,15862.577,15425.267,589319.623,NA,NA,NA,10320.787,19553.849,NA,2028372.761,35608.606,NA,14589.011,35287.265,32719.685,NA,111622.946,15230.687,234513.654,40343.195,42995.523,205386.194,25785.546,65753.879,NA,NA,1315517.381,NA,NA,75460.76,169197.053,919606.304,NA,418859.615,NA,NA,31358.857,882152.734,20583.137,NA,103648.841,247023.582,88637.051,410692.557,NA,14880.132,46905.089,42040.943,47535.503,75630.697,NA,14268.886,NA,12492.302,17589.783,NA,34768.574,142102.195,NA,NA,82607.295,NA,25685.325,13984.235,NA,11192.884,10263.869,26603.381,29505.066,32891.878,12767.41,NA,NA,14682.457,NA,15127.362,26255.967,28715.239,10477.845,37704.908,93714.361,39221.906,39812.484,NA,17697.585,76442.22,22190.954,57476.662,NA,49870.968,178853.767,30895.16,22413.36,11064.813,NA,NA,NA,43650.665,13338.161,NA,NA,1958495.814,135046.508,24661.881,NA,15966.819,201908.196,NA,76731,20925.676,NA,13145.423,NA,16570.386,88695.273,166901.508,NA,36064.472,NA,24845.378,25762.821,40068.696,22361.271,17570.706,69153.91,NA,28680.049,NA,11433.331,NA,115879.57,NA,NA,172760.368,12057.046,48375.941,NA,109541.39,139736.04,347361.839,92161.441,126982.446,55691.462,2424840.998,2954261.42,12702880.51,9571774.389,NA,42306.535,152549.558,17082.194,488204.643,NA,545154.044,NA,768821.997,1981325.515,29531.982,NA,95193.954,25242.106,11565.911,NA,79031.096,35878.134,NA,346903.993,NA,NA,NA,14776.78,97734.809,NA,144610.348,29879.997,702670.145,1163616.472,20067.176,630138.596,1190658.607,2583039.533,17062.484,10221.727,16904.997,NA,NA,10758.913,34801.062,206520.54,160933.79,NA,63902.049,95698.578,20814.794,13379.266,NA,266786.935,NA,12833.835,NA,36588.982,NA,NA,10788.838,NA,28175.196,16649.213,116387.245,231301.682,38574.906,NA,NA,NA,NA,193836.577,21141.75,NA,56907.519,NA,78750.619,NA,14441.499,55613.371,NA,NA,NA,57775.622,NA,NA,79331.333,10240.048,48342.982,NA,23314.497,NA,148073.686,42250.2,47694.834,NA,NA,NA,997470.38,NA,54259.703,NA,902721.691,12947.984,22409.949,NA,NA,44333.063,NA,NA,NA
"MTW.3.4_2021",NA,NA,113081.202,184904.863,NA,16666.874,46084.016,NA,NA,29512.372,164069.859,NA,NA,12805.703,2171969.745,14309.803,78350.421,NA,993432.325,14759.113,22736.705,NA,94924.083,156234.156,76670.977,NA,NA,10515.867,NA,17018.33,903531.334,21670.94,184769.112,11681.046,NA,41385.041,10591.985,11394.916,45279.143,98622.437,12842.338,NA,150342.729,91065.264,NA,NA,51612.365,60451.652,111990.366,NA,14772.225,NA,NA,10468.973,63494.041,NA,11304.443,228121.857,28705.972,24636.989,13587.482,65741.534,139966.986,NA,148641.628,15533.501,27398.204,19548.461,28764.738,NA,NA,28026.599,19773.089,52213.395,42729.403,266880.405,494458.729,NA,164728.182,NA,70839.496,62030.978,29114.229,12716.638,36873.785,284248.232,20058.69,NA,754328.806,NA,NA,NA,NA,88271.398,133874.303,18418.89,391431.393,15488.952,3114736.33,NA,NA,105134.035,37190.267,52290.997,NA,NA,12782.716,NA,21909.521,563146.951,15455.866,NA,24763.135,NA,122002.125,77409.648,NA,340073.858,27991.065,12535.466,31754.981,72220.914,71365.015,28921.184,NA,NA,NA,NA,12582.645,NA,NA,12082.104,10014.934,NA,22153.177,168163.712,86278.398,NA,NA,NA,101992.003,NA,NA,29170.981,NA,2411302.291,28039.228,NA,NA,NA,NA,35263.639,10678.888,10433.687,673754.848,NA,2458196.525,NA,163708.928,NA,65247.398,17336.588,NA,21252.058,12694.714,16535.885,102774.593,32137.807,128241.705,NA,NA,21566.592,10497.55,48409.324,23681.931,51265.405,NA,13812.319,18166.323,22955.068,15687.733,NA,NA,NA,NA,NA,NA,NA,201363.783,10980.647,376978.702,1070622.934,NA,256320.479,66319.34,75196.347,25901.136,81176.177,1090368.52,12795.052,55761.745,25575.614,12171.048,41665.79,12916.681,15346.891,40671.33,NA,NA,16963.781,31597.338,NA,17818.211,NA,14876.83,NA,209237.32,399891.65,63943.176,349295.835,NA,32994.714,NA,NA,41907.055,NA,215543.016,39955.139,442412.18,20258.189,111157.758,NA,NA,245627.633,193379.972,NA,13073.74,19430.467,17743.268,NA,NA,NA,19945.425,153690.123,106354.956,NA,49676.569,39196.375,53516.782,NA,33903.031,611987.636,NA,NA,NA,NA,35901.543,NA,45757.15,NA,108453.169,67585.29,53300.789,NA,108938.007,13869.148,18603.727,NA,109196.295,521905.061,33923.066,35472.784,171155.008,NA,25085.319,72102.514,16034.831,33103.519,NA,NA,NA,NA,NA,26108.57,NA,18560.622,17866.393,16047.461,73547.932,26207.355,1003429.241,45331.018,34490.726,11325.04,NA,13404.445,998628.743,NA,30132.116,NA,874748.842,167062.738,800148.907,15815.152,NA,NA,NA,NA,129083.291
"WAT.2.9_2021",140202.676,NA,24976.138,14528.004,NA,43123.83,NA,48186.828,NA,29911.024,464047.17,NA,NA,72666.898,NA,78388.493,98868.96,NA,NA,15138.06,196423.915,NA,166599.342,467552.444,518397.801,24641.608,114208.168,26856.789,NA,NA,NA,200025.63,470748.359,NA,426414.135,NA,NA,NA,NA,205702.497,43162.154,NA,NA,75520.15,118167.519,NA,40553.523,62264.007,15565.104,75276.707,77448.638,NA,NA,17097.752,197155.501,NA,131791.197,47181.416,211636.88,NA,48129.502,191448.461,22267.924,133625.475,16914.166,NA,113847.367,NA,20936.715,29739.347,NA,193293.521,162902.473,25907.541,122593.387,10352.344,1788335.802,30454.464,NA,12410.991,12804.819,24525.274,510505.186,2123783.581,1909032.074,301614.693,23227.25,300772.766,2523366.422,NA,NA,18038.631,17998.265,206048.344,63153.531,20478.845,436973.008,51960.76,NA,NA,13070.12,968239.337,11892.15,90947.257,17976.544,17924.077,44403.268,NA,NA,100097.78,40893.21,NA,NA,NA,840803.244,NA,132896.736,NA,133640.673,NA,133088.04,279207.047,NA,133241.204,NA,NA,64238.661,NA,NA,NA,30018.62,528137.883,141620.551,28654.966,65160.96,111601.765,27688177.59,NA,16820.167,35785.624,242580.286,819802.527,15094.238,135837.649,12203.769,NA,47616.82,NA,NA,13686.466,NA,81427.456,97841.996,60570.95,39175.692,NA,2988112.852,NA,89300.766,101644.488,22767.995,35868.551,46723.899,33847.949,46715.908,63244.116,10917.644,347949.152,30097.45,78983.117,NA,NA,117548.056,44995.534,20301.603,199636.134,12358.77,NA,14662.287,10568.141,152536.209,NA,NA,37173.595,73938.462,NA,48415.265,NA,101323.177,73460.904,856316.945,NA,NA,5293110.31,559975.078,172247.532,251452.222,1551963.991,9756486.081,10452.235,716104.946,383990.169,10425.46,148204.475,NA,19422.497,691482.271,21916.25,47808.655,107564.678,22170.334,113862.036,182489.049,NA,334860.316,NA,NA,NA,232027.676,49039.701,NA,1152932.829,1555136.674,1526492.712,NA,130381.929,3898545.842,3623290.818,314473.943,159994.974,1460144.545,NA,10530.137,NA,28891.258,32082.371,NA,233911.424,138237.032,NA,154382.551,NA,170229.687,508900.542,498014.043,50892.186,56531.319,26608.912,69644.902,NA,17127.638,1671636.932,NA,NA,NA,55408.541,26296.516,158639.057,135412.317,NA,389354.38,20987.567,20055.883,NA,200834.657,194143.944,227779.658,10535.22,16112.693,414511.127,204148.42,134457.027,17212.876,254769.915,966311.792,NA,11636.268,69179.501,85992.22,16911.444,NA,12127.605,10631.345,NA,25231.738,349559.952,233154.68,34157.799,444027.034,45868.235,14543.808,87172.297,32313.655,16091.505,NA,152211.483,1531575.844,NA,91121.006,27997.14,1408841.119,29745.556,439083.958,12753.799,24962.334,947504.45,NA,13482.362,NA
"MTT.1.6_2021",NA,NA,NA,NA,NA,16989.508,NA,NA,NA,24491.099,157065.063,NA,NA,NA,NA,25457.129,1197700.373,NA,NA,NA,150003.25,NA,65919.476,524549.322,603414.464,3814662.802,NA,NA,NA,19290.806,NA,156144.705,241805.778,NA,85723.008,NA,16232.632,NA,11401.327,200176.541,16167.348,NA,145392.152,11038.956,28776.934,NA,NA,95826.348,161752.855,37932.481,NA,NA,NA,33347.695,160799.399,NA,36485.825,307536.419,77587.721,NA,19493.559,49606.889,206849.287,NA,NA,NA,10874.366,62260.154,49709.525,16881.549,13981.742,83911.372,52700.168,37810.573,55556.394,326374.837,1006584.519,NA,NA,11083.829,NA,NA,NA,16243.693,NA,41233.346,NA,95220.72,652281.062,55729.583,NA,NA,NA,304222.911,NA,NA,54509.301,488817.401,NA,NA,NA,439653.018,47284.625,93887.158,NA,NA,126120.799,NA,25331.651,NA,NA,NA,15256.072,NA,NA,NA,NA,NA,23322.123,NA,39885.434,60044.282,11002.219,237637.612,NA,NA,NA,NA,13323.924,NA,61838.316,56868.136,260379.863,22004.744,NA,62455.503,6029125.533,NA,16937.614,26541.4,23421.113,76131.939,NA,NA,99242.224,NA,28369.88,NA,2822274.895,NA,NA,44196.747,30288.465,NA,67410.102,NA,1765935.4,NA,42512.797,NA,NA,NA,NA,10963.38,23146.338,11869.564,15032.691,12551.422,17235.846,10771.258,29979.113,13631.618,24316.618,NA,NA,10079.31,NA,14609.106,NA,13279.977,40271.862,NA,NA,22950.047,NA,NA,24254.332,NA,34934.147,42773.65,591310.743,993259.898,NA,1707500.384,120181.189,117820.823,17310.866,19494.289,3338757.887,NA,75503.876,32913.303,28244.143,66271.852,18460.08,10542.834,25496.643,19613.158,20393.907,71685.529,NA,NA,31643.157,NA,35167.918,21593.081,27281.199,257776.813,40222.821,207769.652,11260.434,267638.386,305338.863,91301.924,NA,51257.667,202497.821,15233.298,755401.144,87206.341,105728.449,NA,15844.447,254652.844,468346.698,NA,57338.465,18097.612,12702.199,12942.362,NA,151194.041,119741.742,481660.459,94782.823,10035.564,51752.498,122949.773,53555.552,226725.958,43713.212,235142.733,NA,NA,18662.857,11327.509,NA,NA,40454.785,NA,119439.824,NA,77450.103,NA,162571.43,165172.058,211566.325,NA,137200.926,213519.007,128963.141,77374.964,127175.131,NA,NA,NA,NA,10909.069,84009.298,NA,NA,115004.096,NA,45330.387,129482.302,NA,NA,10831.916,NA,NA,NA,82940.995,29616.044,NA,NA,15610.591,949283.458,NA,68362.22,NA,778115.873,14437.06,NA,NA,NA,629353.625,21572.969,NA,16004.73
"ORT.2.9_2021",121893.468,NA,NA,NA,NA,29454.598,10904.026,12978.543,13203.667,45198.673,223898.238,NA,131582.232,54529.77,NA,16814.738,1246457.598,15304.005,NA,NA,148022.385,NA,93361.778,61477.633,177906.367,6220002.293,NA,NA,NA,NA,17361.502,128965.47,440001.523,NA,18285.994,NA,37104.668,NA,72458.92,105843.042,15944.819,NA,NA,167708.501,20518.105,NA,NA,93595.979,NA,12175.698,NA,NA,NA,93111.181,154439.543,NA,84498.11,NA,63622.651,NA,NA,493542.945,NA,NA,NA,NA,86869.805,200287.987,261683.971,189625.675,NA,394056.19,12647.721,22383.748,137991.586,NA,793073.177,NA,NA,18660.103,NA,NA,204601.024,65621.564,NA,330996.776,18885.016,97564.978,240319.534,264029.954,NA,NA,NA,499707.65,NA,35956.845,486505.231,1005892.576,NA,NA,138987.582,21444.354,317626.391,320848.806,NA,NA,NA,NA,11746.385,48742.545,NA,12337.86,NA,NA,93089.741,NA,59504.263,NA,35969.101,NA,57151.657,21815.292,NA,211259.987,NA,NA,NA,NA,NA,NA,NA,35880.237,35471.963,NA,69765.497,96207.334,3606325.418,NA,NA,22679.79,157572.219,45585.792,16016.712,58132.069,24168.131,NA,60775.397,NA,10106557.92,NA,NA,46930.027,99620.177,16657.765,18047.988,25711.476,1919408.262,NA,17216.329,45794.672,NA,74900.25,21065.69,14782.766,NA,NA,20662.112,37621.252,98843.647,32627.392,NA,47074.96,10681.173,22510.962,NA,104009.461,17579.821,NA,13149.825,22392.384,10026.382,NA,NA,10598.79,NA,NA,17582.306,NA,170570.08,194545.783,542500.851,NA,NA,2796962.013,547696.522,85424.108,72912.253,11473.413,6297188.188,NA,12298.125,11457.032,10506.419,135189.195,NA,NA,209711.381,148094.163,25427.062,13621.167,NA,19100.038,128286.212,NA,114220.4,NA,NA,NA,106521.766,10798.833,NA,264364.139,439439.17,163736.099,NA,349423.087,2257954.876,1552689.258,184214.349,234594.737,816106.15,NA,15651.245,NA,NA,NA,141896.677,11407.3,18286.271,NA,NA,NA,50051.285,307704.116,115687.716,NA,21009.24,61323.009,110148.051,NA,13280.794,1022078.262,NA,NA,86512.877,11411.867,51910.283,NA,17474.148,NA,357268.307,220260.753,55331.155,NA,55522.975,49747.256,58898.086,NA,33986.314,270654.056,62444.306,38474.336,57373.019,NA,NA,NA,NA,53153.264,292891.436,NA,NA,229557.778,NA,NA,327862.983,NA,94350.596,73884.236,19597.297,29349.129,NA,50711.64,52456.06,NA,NA,20664.763,1301527.396,NA,45412.053,19748.277,1152683.48,44302.752,NA,NA,35628.552,21466.045,63439.354,NA,26758.362
"UTWV.2.1_2021",NA,NA,153334.895,95096.113,17365.781,12011.168,534461.156,NA,NA,NA,372879.865,17111.762,NA,44429.321,1527213.047,50019.978,419442.877,NA,697147.798,NA,57403.406,NA,63612.939,89119.296,99227.355,NA,NA,10362.61,NA,13980.835,917025.098,41814.739,128919.421,40162.45,NA,21414.446,11529.262,21383.85,24521.424,145921.137,37644.159,NA,NA,14559.254,NA,NA,355855.237,33463.423,111150.118,12441.122,2377896.414,213215.667,NA,13559.484,85996.968,NA,103869.634,616475.298,17911.991,NA,12899.139,24062.601,51066.611,NA,540258.415,36498.036,65232.676,36315.847,28076.201,13047.389,NA,55537.898,42395.051,47459.818,NA,17603.591,591659.805,NA,124277.274,NA,48782.551,258299.048,13588.104,11129.494,10297.548,373836.975,72286.516,NA,541407.596,NA,NA,NA,395221.597,276919.859,64754.014,15775.432,564732.427,475932.265,2113482.821,NA,12276.056,421732.594,59660.504,207680.035,37488.795,NA,10700.885,NA,NA,275379.367,46999.328,NA,10671.191,NA,336499.032,680423.309,NA,36511.754,55098.87,NA,NA,139594.354,39108.734,64524.998,25247.482,NA,82225.353,NA,10934.202,NA,NA,NA,59612.997,28321.932,12967.895,49240.713,80089.056,63486.695,NA,NA,87505.879,10399.957,NA,21335.757,42202.521,2774296.808,86822.597,NA,10493.412,NA,14392.761,20245.355,47837.655,NA,10409.192,NA,1802578.086,96875.407,92894.526,49157.409,44095.624,174131.068,NA,81665.826,11234.785,35257.258,NA,NA,NA,150590.17,218961.711,NA,37638.066,12656.258,23199.262,13598.76,26428.223,12125.068,13485.744,29651.648,10665.408,41834.235,NA,15493.572,NA,97277.682,63239.317,11484.26,92017.298,2456601.978,236943.471,NA,105410.309,1363285.614,307408.547,72823.663,304185.74,534965.865,689411.116,3066756.149,12716916.22,10230208.28,11974.18,224549.044,155400.473,11068.365,1373241.039,NA,364278.694,14794.434,1113013.077,2723777.932,191739.875,NA,150745.934,31139.85,41383.976,NA,NA,29513.62,11606.489,424380.556,NA,NA,13929.498,1694312.897,363561.932,72185.889,125581.788,80617.188,637085.71,767818.943,10219.195,411637.112,775064.759,1468900.49,NA,NA,19719.041,NA,NA,23959.468,57100.848,291603.987,175721.622,15632.559,120660.265,253701.455,37169.953,69389.755,11713.625,1041139.472,NA,NA,NA,NA,NA,NA,151000.739,NA,132784.742,25040.136,90789.578,339474.816,115517.775,NA,NA,14833.183,12037.599,112301.118,83281.88,48987.084,43147.56,NA,38120.248,111437.827,153949.164,57146.651,NA,NA,NA,75811.318,NA,NA,90106.82,NA,16667.23,14015.861,334459.459,NA,617742.932,57714.557,54013.616,11329.867,NA,12310.693,809929.033,NA,20173.27,NA,727683.098,158890.447,925641.07,NA,NA,NA,29351.053,NA,337295.202
"NMT.1.6_2021",NA,17850.176,42641.689,NA,NA,29804.504,NA,NA,10317.34,45855.11,447907.028,88927.301,NA,NA,NA,NA,719124.854,NA,NA,NA,50455.442,NA,140147.69,237534.894,247082.278,NA,NA,NA,NA,NA,11360.658,18225.501,836581.465,NA,NA,30583.304,NA,13388.353,NA,216209.896,17392.762,NA,NA,91338.941,NA,NA,20047.873,79483.976,34720.683,44351.669,5514266.178,502852.8,16763.813,10145.277,118002.045,28305.865,64340.96,1393159.539,179710.877,NA,46159.255,71819.217,86603.651,NA,539509.05,30622.854,137016.391,283014.955,229425.808,196839.033,14803.929,456934.837,249982.624,NA,NA,19744.361,1092862.517,11629.136,15783.504,NA,NA,410205.842,NA,34342.496,22341.844,172493.2,93487.018,NA,1585623.781,NA,NA,NA,1771844.792,166764.148,155259.275,NA,633821.806,232926.161,19388.128,NA,57242.814,202153.382,156590.533,610692.703,178374.212,NA,19869.083,NA,13820.154,10393.228,41097.98,111162.191,155928.856,NA,52254.032,124139.265,25917.845,NA,52420.096,NA,57730.44,353285.613,NA,52916.119,65167.338,NA,92216.013,NA,NA,NA,NA,17144.602,171651.205,22431.666,34712.653,644600.526,35617.822,428105.769,10215.707,NA,128488.499,40386.038,138144.124,103473.986,177122.045,NA,28311.722,248618.044,NA,45656.772,NA,66229.379,160829.447,NA,52970.911,NA,4237312.082,258798.304,84103.05,NA,182412.654,494205.923,NA,297106.69,NA,NA,16365.246,49634.061,42568.203,106857.587,732833.483,47910.846,12370.63,125536.245,NA,28704.416,75673.592,13416.563,20862.894,66462.433,19864.631,77009.809,NA,32774.877,NA,258906.926,11332.69,11650.938,185481.423,584176.573,257137.411,547073.912,262807.875,2111757.457,412745.133,50010.052,176584.732,26712.73,3190228.82,11925106.76,18024661.82,21454433.26,31891.097,76107.954,340804.093,182828.126,398052.565,26021.454,784822.854,10073.149,3479546.72,6675352.217,249626.638,NA,111009.594,13553.47,20631.659,10937.055,83240.964,57123.967,NA,18607.132,NA,NA,NA,136948.328,57410.014,NA,201041.508,85343.278,1009373.487,1563109.495,21779.8,676609.618,1247325.448,2561523.939,56613.453,NA,10871.847,NA,NA,52954.369,160053.268,589959.11,274572.921,27102.441,82070.092,366397.591,18937.563,101651.312,54683.258,1228142.984,NA,NA,NA,18758.261,29426.689,NA,65031.688,NA,11698.145,13095.387,158870.261,1419621.094,199165.831,NA,NA,NA,35362.131,903932.682,118001.034,118199.678,20938.885,NA,NA,NA,NA,46515.235,NA,NA,NA,92625.431,NA,NA,122857.189,13138.111,10898.516,40783.567,21480.617,NA,38706.197,175433.635,46951.968,NA,NA,NA,1777093.269,NA,16492.081,NA,1589051.496,NA,66771.786,NA,17532.716,380876.902,43130.041,NA,NA
"WAT.1.6_2021",70268.974,NA,11589.204,NA,NA,50725.933,23908.105,38756.937,22573.362,85004.73,195566.919,NA,63792.911,18739.835,NA,NA,1792631.043,10673.291,NA,10611.324,79952.13,NA,157794.713,175411.051,206440.753,7686241.309,NA,NA,NA,NA,13072.51,74877.037,479828.187,NA,41382.388,NA,12136.191,12523.932,48612.64,119664.88,13213.096,NA,NA,15758.714,NA,NA,NA,99209.873,NA,45182.416,NA,NA,NA,164998.367,207118.208,NA,116394.421,NA,151808.877,NA,19379.486,108865.05,76001.664,NA,NA,NA,255256.823,149908.238,28344.835,70322.207,NA,1514710.256,NA,20353.274,93108.086,34321.081,997313.497,NA,NA,NA,NA,11038.842,129821.283,89078.627,NA,277342.826,26950.237,37890.656,307896.886,294870.803,NA,NA,NA,924837.266,NA,12126.857,458937.594,1513589.736,NA,18301.419,155736.447,14830.837,238963.685,242863.973,NA,31330.193,15408.697,NA,102073.693,39049.907,NA,NA,NA,NA,29373.814,NA,18737.553,NA,15745.854,NA,136578.572,11673.566,NA,351405.066,NA,NA,NA,NA,18161.633,NA,78542.33,83607.796,27575.575,21652.458,12241.698,802493.435,2232760.409,NA,35832.134,26307.346,212864.31,16526.56,NA,179712.484,17013.262,NA,43810.399,NA,12080023.4,NA,NA,47849.793,81944.99,11631.479,27786.311,34209.764,2964450.916,NA,62832.687,NA,NA,87974.689,12093.906,24402.645,NA,NA,10751.941,207974.565,206979.481,58229.55,NA,63668.054,12986.527,14952.543,10932.077,18292.235,NA,NA,NA,60021.457,21533.508,NA,NA,55511.557,NA,NA,NA,NA,113447.658,204859.435,809218.91,10162.891,NA,5728941.448,587571.989,81062.515,124825.461,19178.608,8206682.364,NA,237997.67,101247.895,10140.207,271435.013,NA,12160.435,347637.228,65240.986,13083.127,12302.36,NA,25547.379,160174.415,NA,148177.244,NA,16551.248,NA,17223.471,10351.126,NA,1148555.183,1338857.2,1036062.86,16625.11,214028.528,956618.487,318387.927,58716.387,199266.286,315229.912,NA,10089.214,NA,50981.718,NA,79577.586,45573.532,17407.797,NA,NA,NA,62459.109,294912.101,480187.265,NA,36100.418,33548.877,83316.545,NA,35885.695,621972.721,NA,NA,68242.865,27479.381,15410.932,NA,64781.521,20773.193,95907.555,299313.956,49969.341,NA,103389.958,213996.897,264413.932,12302.205,11692.072,334147.466,99013.726,109139.262,70348.89,NA,NA,NA,NA,58412.621,273472.407,NA,NA,365752.98,NA,NA,533972.713,NA,52883.935,18265.372,NA,NA,NA,77752.879,71365.956,10105.852,NA,210147.972,1669252.515,NA,52266.199,18716.415,1538825.455,13666.229,NA,NA,268168.419,100649.559,282484.635,NA,110567.915
"UTT.1.9_2021",NA,NA,23082.903,NA,NA,NA,67890.639,24386.173,NA,23348.008,208395.677,NA,NA,NA,13451.679,66070.853,1471875.36,NA,NA,NA,254093.441,NA,28165.404,200515.008,246064.745,70361.401,NA,NA,NA,NA,23399.47,287678.927,472019.618,20355.906,216122.174,NA,22466.176,23111.341,96034.165,71702.667,23995.027,14744.525,NA,43918.317,20860.363,NA,NA,71109.008,NA,NA,NA,14969.418,NA,79006.883,179418.485,13446.858,53501.082,NA,118123.577,NA,27901.131,24295.347,53674.782,NA,NA,NA,98116.859,70223.715,105622.341,40726.855,NA,976963.188,NA,NA,68283.039,14981.948,688375.149,10605.998,18109.944,10084.534,NA,NA,33500.836,95760.72,NA,346648.056,15132.436,611503.204,171236.42,NA,NA,NA,NA,403349.282,24630.82,NA,489633.813,732790.478,12223.825,NA,124685.846,11637.289,216782.388,249875.354,NA,11482.336,11718.144,17660.849,46429.65,45118.758,NA,NA,NA,NA,44116.664,NA,18889.522,NA,21745.804,NA,84274.457,NA,NA,299520.897,NA,NA,23417.2,NA,NA,NA,64430.89,393808.373,120329.143,28719.622,28689.845,155864.553,17540859.93,NA,23701.424,33918.896,39479.979,490914.754,21193.514,64432.355,12144.087,NA,NA,NA,NA,NA,NA,75976.483,101785.511,29075.535,21543.966,NA,2191706.339,NA,55767.808,NA,NA,45003.078,22812.274,10683.188,NA,63641.489,NA,32095.767,162812.426,NA,NA,70615.035,52180.759,44348.825,12234.662,76217.648,28858.962,NA,11118.375,63572.439,26781.968,13905.729,NA,438243.038,50281.666,NA,NA,NA,34650.807,353980.752,614067.512,NA,NA,2857379.973,451121.02,46515.068,NA,1633847.522,4367423.451,14871.111,17695.449,11085.147,NA,99282.835,12351.785,271012.59,18278.655,11689.569,19992.366,10954.282,NA,24716.453,52033.045,NA,43969.397,49942.131,NA,NA,63072.053,56078.397,NA,1858373.326,NA,525785.456,718982.153,327766.076,365252.471,94608.906,13318.719,105782.003,142527.284,NA,NA,13187.55,521011.117,NA,122930.534,164600.616,29526.287,14007.564,NA,41950.42,NA,13758.816,277810.626,NA,12382.748,266768.589,15390.839,72752.081,21643.757,443736.173,NA,NA,NA,33851.896,NA,NA,50921.67,NA,43977.949,NA,106817.453,NA,65245.845,135036.194,189852.267,11816.219,16789.644,315259.665,24816.531,31025.789,33716.706,NA,NA,23232.017,51882.325,15453.665,43677.001,35727.233,NA,199871.79,NA,NA,263915.295,NA,20133.584,25827.972,NA,NA,NA,72649.489,20407.421,NA,24758.144,192434.845,1045308.304,NA,36794.232,58807.789,894416.929,41843.866,NA,NA,98275.822,65583.641,106625.004,NA,68124.666
"IDT.3.5_2021",NA,NA,20448.258,NA,NA,NA,13019.5,29262.21,NA,12932.004,303905.544,NA,146996.079,NA,NA,32061.157,52468.954,42935.052,NA,NA,83087.423,NA,90930.631,166919.721,177604.516,6165015.268,NA,NA,NA,NA,38485.968,107916.123,259154.712,10986.664,16181.622,NA,40591.279,NA,143317.249,186801.549,26614.862,NA,NA,96328.489,NA,NA,NA,89361.91,NA,17183.876,NA,NA,NA,73089.61,110880.729,14299.315,58019.831,NA,36854.313,NA,NA,116047.076,NA,NA,NA,NA,90218.569,19417.517,152313.187,135559.758,NA,233157.521,NA,30141.971,123046.009,NA,769386.63,NA,NA,NA,NA,NA,57613.339,NA,NA,127261.493,NA,50349.469,915527.261,59718.329,NA,10859.222,NA,38082.679,NA,43267.308,190830.087,12346.743,NA,NA,145168.345,66165.333,229402.779,112465.997,NA,32470.834,32583.327,NA,42254.553,38937.466,NA,NA,NA,NA,18468.932,NA,16613.284,NA,28155.948,NA,23514.618,58120.995,NA,NA,NA,16366.623,NA,11840.688,NA,NA,36039.584,52767.82,51504.306,NA,NA,230306.63,3760918.422,NA,73444.083,11350.792,102313.951,59075.538,NA,85539.405,17288.843,NA,45905.122,NA,6221376.158,NA,NA,NA,54902.485,33356.37,48821.382,28592.427,1726650.682,NA,26377.262,NA,NA,81213.225,16093.458,10984.333,40585.31,10372.788,12614.708,15285.183,30381.962,10316.794,NA,NA,NA,20354.194,NA,25233.101,NA,NA,18848.319,88000.888,10499.544,NA,NA,17665.079,NA,NA,NA,NA,121305.45,24827.686,68701.419,NA,NA,153098.078,655234.185,31457.636,22023.264,91923.994,6307557.725,NA,31508.373,14985.886,21563.06,155224.204,NA,NA,153648.601,NA,11814.901,35647.847,NA,22623.074,127283.516,NA,138233.562,NA,16630.162,NA,95718.613,47329.97,NA,749426.914,1114277.6,936073.151,NA,20977.575,528222.618,163679.576,28451.941,81179.388,190737.491,NA,12033.261,NA,NA,NA,103960.974,156274.215,27105.099,NA,NA,112051.184,106279.339,382596.379,440434.216,25209.546,18602.261,80017.884,67082.5,102858.41,11362.236,522849.112,NA,NA,70254.41,NA,NA,NA,12993.126,NA,67535.25,227547.215,144715.335,NA,147827.376,197927.501,285568.038,NA,37327.842,183573.785,27420.524,37664.925,87713.357,NA,NA,NA,NA,67714.453,137978.156,NA,NA,133648.177,NA,NA,161939.393,NA,21444.213,17856.663,NA,NA,NA,97384.261,66254.914,NA,NA,115346.938,1193871.685,NA,49735.343,19489.922,977701.934,104230.505,NA,NA,NA,33878.946,NA,NA,NA
"NMT.2.4_2021",NA,NA,17979.949,285164.034,NA,NA,41952.285,NA,NA,21537.043,295462.899,320860.241,13449.504,42361.127,2110282.693,16861.399,177098.475,NA,1094138.697,NA,20932.042,NA,95073.672,189284.633,204055.548,70799.852,NA,21779.091,NA,16743.553,1652336.778,NA,153670.344,20791.236,NA,66654.559,13790.086,40728.933,60197.336,155951.162,18794.382,NA,NA,10945.084,NA,NA,27096.136,41161.929,NA,15858.71,839216.315,44187.518,NA,61852.915,72825.522,NA,59804.964,179631.777,41924.453,NA,NA,56370.108,NA,NA,179385.201,10910.351,59896.023,13819.833,12068.661,17041.253,NA,147304.267,46067.955,NA,NA,10556.881,516945.03,NA,236919.7,NA,116098.956,73835.654,43131.912,18045.211,21124.059,207230.796,19099.285,NA,713015.42,NA,NA,NA,247190.306,299349.222,136249.922,10631.099,381146.147,329684.991,2751307.956,NA,NA,480256.505,36110.27,118588.224,16276.56,NA,30179.187,NA,NA,348593.607,32866.748,20016.67,12180.745,NA,21428.873,91378.42,NA,14780.856,20524.881,NA,13426.223,150273.177,NA,31925.791,NA,NA,20545.495,NA,NA,NA,NA,NA,16279.402,NA,NA,162948.606,50432.919,29440.869,NA,NA,109393.869,NA,28605.7,28171.357,17733.173,4224096.019,10927.468,NA,54861.691,NA,287771.532,20500.033,97869.19,12511.822,12594.486,NA,3372179.14,22563.633,61473.325,NA,10814.62,42356.705,13422.975,360932.174,18409.826,18394.848,13662.088,16766.478,27682.674,61597.537,37095.05,15007.664,15323.665,72115.168,12831.764,13182.836,16411.626,NA,28039.409,15284.98,10171.366,40591.227,NA,14224.875,NA,41557.561,NA,15129.577,159533.671,289440.752,329770.657,NA,25095.61,1463067.005,125902.102,63546.847,154107.114,12955.66,810044.498,802881.03,8252936.889,5475133.251,NA,217957.32,85372.514,NA,647530.06,NA,148732.753,18631.694,172384.409,832058.869,17272.084,NA,12719.175,NA,14499.405,NA,62412.014,15304.969,NA,128147.397,26638.008,NA,NA,29035.566,554219.94,169590.844,78869.514,NA,335643.156,228827.547,10560.16,153856.999,321377.389,543391.686,NA,51198.247,14563.95,NA,NA,65989.481,30601.551,230245.56,90617.03,NA,38182.744,89846.608,59027.827,98185.288,11083.478,459475.99,NA,15124.963,NA,16301.121,69898.076,NA,38769.952,NA,100308.439,30542.838,129781.014,57870.167,170742.194,NA,NA,NA,NA,837352.206,38973.785,42060.602,221492.422,50878.475,35072.98,125303.449,178583.084,10779.982,NA,NA,NA,129831.901,NA,NA,177881.126,12569.61,48345.697,18077.604,11800.935,91286.831,140574.378,66427.59,39324.519,18496.84,NA,NA,741837.694,NA,22194.481,NA,577848.64,38346.177,1507167.652,NA,NA,215827.066,NA,NA,NA
"NVV.2.5_2021",NA,NA,121755.425,29345.895,NA,NA,324425.127,23762.404,NA,10756.382,180774.011,NA,NA,69877.937,35978.609,463091.652,20082.153,14999.19,20079.53,13764.342,71448.381,NA,65813.728,152695.346,145715.403,19552.034,NA,NA,NA,NA,38719.48,61251.86,273136.127,231791.306,172209.395,23660.882,64567.15,NA,79258.124,52586.553,20580.682,NA,NA,NA,45042.992,NA,NA,20566.589,20141.947,16548.918,52794.818,38088.742,NA,NA,81364.573,63802.869,61727.747,14794.641,21496.174,NA,64050.25,217857.014,NA,NA,NA,NA,34332.144,10536.841,NA,NA,NA,12653.708,17182.231,12470.731,NA,NA,375019.305,20696.777,28951.567,NA,19363.042,21264.695,161156.767,24616.547,NA,133743.034,11155.472,661571.368,595039.169,NA,NA,NA,NA,43032.186,130845.142,NA,395611.816,21715.255,44481.665,57603.333,NA,484179.601,NA,39922.976,NA,NA,12652.558,11767.01,NA,NA,45114.778,12144.233,NA,NA,374410.905,NA,NA,NA,28279.025,NA,NA,111569.573,NA,41259.725,14942.954,17382.116,75416.183,NA,NA,NA,28198.334,10899.868,79000.624,134825.59,44225.899,11226.117,16049212.87,NA,15742.441,68722.531,188807.129,63217.357,49590.982,NA,25827.114,77600.446,77014.771,NA,20151.746,15400.144,448443.721,114168.597,60191.276,12319.102,98803.732,NA,3339075.999,NA,386886.392,71421.787,NA,NA,NA,NA,11142.072,293394.025,NA,NA,NA,60234.799,NA,NA,221081.584,NA,65438.237,NA,NA,NA,NA,184899.06,26911.391,NA,NA,483663.853,30336.124,NA,NA,NA,196706.429,105069.745,312250.662,NA,NA,1069093.249,547946.145,37390.882,137913.303,21664.169,2801844.955,NA,95525.032,46224.822,NA,558963.708,NA,788824.132,761553.485,NA,NA,67832.514,NA,12444.807,43576.839,33419.435,56588.111,NA,NA,NA,27023.763,10937.806,NA,331683.899,523472.379,270835.622,NA,19252.74,1962275.408,1445681.955,154854.636,81210.416,723166.388,NA,14589.108,NA,15414.495,NA,15812.004,33757.497,NA,46829.416,NA,49554.011,NA,NA,189496.985,NA,144739.695,272472.927,41697.078,69290.094,10462.064,789282.026,NA,NA,NA,NA,NA,NA,26648.798,NA,628059.848,15744.5,226705.249,NA,20939.64,99712.842,136545.082,374984.826,NA,103016.65,53485.061,12639.388,72961.4,NA,92575.109,618068.895,1089989.486,114838.673,15399.881,325897.738,117232.186,16418.803,36545.979,NA,21929.355,14543.401,383321.916,25955.415,45580.192,67051.265,NA,65067.956,38118.374,33997.853,549832.398,1104863.81,831159.697,NA,103340.445,746383.269,784848.767,456801.334,48639.053,16827.473,NA,303145.446,17611.572,10115.829,NA
"ORT.1.1_2021",99335.017,NA,10788.301,NA,NA,11307.255,42484.176,111173.929,18542.905,49320.078,428768.418,NA,65246.976,33201.747,NA,12444.126,1315986.695,25221.462,NA,18148.386,334295.024,NA,237668.732,149161.438,237114.921,10879340.81,NA,12950.131,NA,NA,33230.349,167163.856,758370.63,NA,34315.999,NA,11713.766,11443.518,30179.82,157526.979,46606.319,NA,NA,489580.475,18417.236,20796.583,NA,110307.897,NA,63957.697,NA,NA,NA,231203.882,203739.048,NA,132412.832,11502.137,228736.468,NA,17493.645,277327.251,10581.142,NA,22749.343,NA,131341.745,265878.238,413590.528,270848.963,14578.711,1342695.578,NA,59580.113,170402.364,28369.759,1576969.664,NA,NA,10969.678,NA,NA,245822.822,81868.125,NA,199489.604,11847.273,86356.757,455318.476,179076.778,NA,14150.135,NA,425234.163,NA,15575.946,149018.239,441896.689,NA,30344.694,281260.206,289014.467,564369.114,399197.157,NA,71506.108,10612.477,NA,12910.099,16226.744,NA,NA,13282.515,NA,245211.983,NA,15889.908,NA,NA,11715.235,189269.456,13258.922,NA,311068.421,NA,NA,NA,NA,15494.807,NA,203531.769,267991.909,276003.438,33909.051,16404.317,729883.798,5583395.387,NA,244724.51,67496.172,NA,57205.73,NA,196883.326,16263.899,NA,69415.164,NA,13995871.33,NA,NA,68891.137,86500.789,11730.066,89130.757,56005.134,6212323.502,NA,28283.836,NA,14238.08,85437.864,47274.193,30170.173,55647.253,NA,18313.371,15102.274,170712.35,NA,NA,67800.55,14220.193,68126.71,NA,430369.426,50665.604,NA,33979.069,82932.355,48011.924,NA,NA,NA,NA,NA,34108.811,NA,155314.289,136209.96,332280.369,19694.195,NA,4008630.32,271071.117,205854.802,77505.193,32731.879,4514166.353,NA,138204.062,49836.724,10481.7,210501.208,20519.903,13651.1,164437.176,112688.091,48740.467,16348.068,NA,21657.026,249368.385,NA,271603.686,NA,14319.407,NA,42836.931,114881.273,NA,1887591.091,2449144.943,3272718.065,19232.419,NA,1743940.879,925827.807,129367.401,211185.623,624959.445,NA,24546.664,11143.593,15469.48,NA,75692.348,10186.945,93165.338,NA,NA,NA,321049.658,846397.838,831899.102,33403.509,44115.45,77026.158,104023.337,NA,63648.416,763906.914,NA,NA,150192.972,153672.525,NA,NA,22427.401,15146.375,178826.764,266627.272,86645.042,NA,159916.198,526352.966,618677.859,NA,22968.337,593540.608,117623.029,160485.927,247397.816,NA,NA,NA,NA,144956.627,243502.777,NA,NA,603838.679,NA,NA,760469.105,NA,97031.704,32289.985,NA,19203.478,NA,269886.521,61598.896,15627.737,NA,330833.341,2514979.455,NA,93149.249,25587.067,2074092.79,26609.476,NA,NA,76973.943,80128.444,144943.588,NA,45035.104
"AZT.1.7_2021",NA,NA,32523.377,372600.125,NA,11827.742,237925.354,NA,162350.323,19940.877,186877.662,11603.537,35586.213,47850.215,2559141.866,11008.569,465866.689,NA,1229495.329,NA,61351.859,NA,172145.633,167668.141,195881.733,33429.598,NA,15582.745,NA,16883.237,2263541.664,40636.543,344296.411,29510.562,NA,87615.573,13853.678,47424.03,52688.113,168732.73,33939.306,NA,NA,147810.714,NA,NA,157057.03,51332.834,37722.661,28031.131,433431.085,28817.105,NA,130319.23,90060.228,NA,56689.245,74614.878,86590.611,NA,NA,64824.289,NA,NA,248164.556,30864.088,118139.436,224545.393,158311.659,141036.185,NA,348303.763,58613.949,68055.596,NA,86410.842,768833.811,NA,455300.927,NA,159526.952,237769.976,44462.912,14365.182,13410.398,227303.341,66330.303,NA,512508.765,NA,NA,NA,123932.52,354636.861,114935.786,29879.282,582480.232,536571.451,3785971.295,NA,50631.594,122569.371,215974.647,457287.391,NA,NA,11657.819,NA,30483.563,421851.748,NA,84898.251,29165.831,NA,78738.837,284149.705,NA,64611.204,NA,NA,48129.138,93986.161,28081.332,66975.813,22421.946,11783.679,12865.934,NA,NA,NA,NA,32240.388,34120.828,111468,NA,279782.378,65126.366,24693.703,NA,NA,81791.594,12530.06,88938.175,74716.057,13609.395,5187085.383,104393.947,NA,34618.983,NA,17665.377,14819.329,79028.56,NA,12086.529,NA,2989694.182,11601.672,61130.136,20387.876,18813.522,18602.729,NA,12791.459,19172.039,25787.221,13790.812,32515.49,46555.434,39317.906,11814.309,23244.385,18303.274,66683.689,10130.3,93977.333,27521.238,12155.241,13472.885,44926.414,23831.213,11167.433,NA,10051.131,NA,24907.037,NA,NA,144085.863,2228777.062,324731.131,NA,15091.44,1826905.756,168981.355,66863.617,291256.803,959987.877,256567.839,256720.529,5602825.091,3054800.053,NA,172540.624,18819.653,NA,806371.414,NA,62546.689,41079.683,64270.212,513677.01,215420.815,NA,206396.279,13403.23,21910.94,NA,104351.476,100558.101,NA,23813.645,NA,NA,46475.084,81812.864,500908.53,127555.328,47142.477,59661.063,238269.494,112017.095,10256.899,67701.706,200687.799,252770.972,16786.397,NA,34597.741,NA,NA,95703.06,NA,78140.448,251260.64,NA,98594.727,461855.719,25583.934,109226.45,16109.837,797060.602,NA,NA,NA,1567686.732,NA,NA,28305.198,NA,109867.939,36118.162,124819.336,65386.119,103766.898,NA,NA,NA,48563.865,495543.164,50650.438,59530.225,187185.519,NA,40599.923,142540.177,227108.765,18993.684,NA,NA,NA,329663.838,NA,NA,485076.788,12376.06,21135.867,NA,12761.943,10565.155,497983.451,119684.577,38884.65,17162.457,NA,NA,1336645.214,4076053.667,69716.171,NA,1215275.305,310787.509,1523749.45,10843.982,11709.046,67576.787,54902.592,NA,13540.913
"UTWV.2.8_2021",NA,NA,NA,380857.908,NA,30536.77,74484.929,10834.776,NA,NA,112737.579,NA,NA,78358.805,2293757.663,36133.506,464232.61,NA,1099047.92,16892.482,109964.044,NA,114524.819,85283.555,87356.264,NA,NA,15126.701,NA,16080.695,1677077.995,124135.067,121116.741,152325.607,NA,73112.396,12936.267,16117.379,23061.595,34206.8,20523.321,NA,15953.146,16789.357,11019.283,NA,13385.378,70327.171,12053.787,18105.017,12877.062,NA,NA,14911.626,34766.492,NA,50176.443,68338.73,13128.894,11499.096,74472.995,344152.969,46360.027,NA,56824.042,NA,139365.798,38127.445,20334.648,38951.816,NA,93893.574,10086.882,24701.987,69185.765,NA,110230.217,NA,123493.789,101257.48,127691.88,55409.015,230897.15,12318.679,NA,194059.091,44828.814,NA,289522.83,NA,401728.556,436268.205,NA,131805.802,133300.599,23390.442,300021.84,189402.15,3393160.611,NA,13708.914,118232.106,38291.812,107714.039,NA,NA,NA,NA,11835.595,534838.375,NA,NA,NA,NA,10195.811,53817.069,NA,295233.331,19681.884,NA,10881.415,53696.258,54526.077,104328.14,11343.019,10079.666,NA,NA,NA,NA,24338.041,51540.979,13422.05,11998.71,13461.134,128747.623,195872.252,NA,11678.827,50635.653,174807.331,NA,NA,10767.029,14940.717,2594284.526,190670.256,NA,NA,NA,NA,82480.338,39008.224,14122.467,151858.294,NA,2376820.58,NA,10537.298,34110.955,43932.39,NA,NA,36755.905,62613.753,23334.959,572312.905,42148.112,13425.155,15932.636,NA,188743.129,NA,NA,31439.963,NA,NA,NA,NA,14650.112,13567.488,16767.872,NA,NA,NA,NA,48393.45,NA,288949.708,217551.136,281581.671,12927.58,NA,901387.101,137501.953,171998.596,46596.357,10493.232,528087.869,NA,105617.612,35251.625,23955.137,56131.721,54030.878,NA,241515.035,NA,NA,11411.778,19459.128,NA,126725.393,NA,131277.521,NA,11463.364,24300.302,NA,38834.458,NA,77771.983,112515.137,10777.539,NA,21311.806,383090.898,96299.84,30273.647,84389.413,151896.427,NA,18706.932,NA,64991.73,NA,13398.567,67012.515,11913.326,NA,NA,108754.157,77922.414,331355.014,128409.11,NA,51082.173,227991.858,59263.825,66200.134,22733.036,367330.246,NA,NA,NA,36223.937,11378.199,NA,NA,NA,235786.528,12777.49,402825.372,NA,22512.151,50309.843,73120.602,NA,226432.442,305585.364,53170.265,34201.184,158666.664,NA,34061.799,114837.343,217484.886,28524.92,NA,NA,NA,44018.461,15407.557,14920.198,46248.28,49489.947,69683.733,18624.61,120665.031,35122.881,682851.722,72795.886,33518.316,10600.315,NA,41182.141,820201.364,NA,37591.701,NA,648385.22,296182.436,822819.797,37441.728,NA,195567.916,35945.113,NA,12383.788
"IDT.1.10_2021",NA,NA,NA,NA,NA,10954.309,15384.368,48607.155,NA,11904.581,479407.992,NA,117667.859,21493.676,17753.287,NA,1228139.008,23192.73,NA,NA,130119.5,NA,174849.884,135638.365,178440.151,7100790.502,NA,NA,NA,16593.422,NA,179115.03,534722.682,NA,37699.995,NA,11663.573,11524.788,76829.166,147885.465,18387.571,NA,NA,141472.42,27109.694,NA,NA,86952.33,NA,24772.679,31947.318,NA,NA,74357.916,194073.559,NA,112494.93,NA,223396.308,NA,NA,77617.723,NA,NA,22666.452,NA,84225.691,54596.472,303322.707,232267.201,NA,1046850.652,NA,19787.079,146968.504,NA,1029950.844,NA,NA,NA,NA,NA,35970.03,59789.405,NA,35767.877,44977.932,19180.345,240549.719,68185.848,NA,NA,NA,460792.616,NA,NA,187323.023,926347.956,14521.58,NA,235732.43,17608.408,404167.274,262249.178,NA,11867.833,NA,NA,57555.235,32567.915,NA,NA,NA,NA,175373.839,NA,43648.728,NA,15659.25,NA,166691.334,13077.995,NA,270549.13,NA,10427.503,NA,NA,15415.907,NA,61255.575,67719.571,209191.977,47211.219,33002.668,323335.752,1625686.327,NA,79939.104,20950.896,58777.63,14528.32,NA,64626.114,30908.531,13208.807,15313.09,NA,9395305.884,NA,NA,49573.181,52806.262,10034.384,40896.979,17274.579,1904768.282,NA,25601.22,NA,NA,49430.538,11254.863,20995.676,NA,NA,15675.316,62083.51,167803.106,49102.687,NA,98503.178,23764.549,43486.328,34512.121,219724.185,68252.957,NA,12177.763,50119.202,13638.299,NA,NA,141324.654,NA,NA,NA,NA,76778.802,102108.75,827166.202,NA,NA,3326111.22,549719.586,45924.861,62318.76,54153.873,6467075.9,NA,224881.618,121324.593,12874.157,369313.527,10276.927,45186.767,315355.028,15521.16,20703.28,12056.171,NA,NA,120971.438,NA,122386.33,10005.945,12810.369,NA,42406.38,26674.341,NA,1628711.792,1610517.542,1761633.198,NA,174195.832,1505482.719,850340.989,107376.223,147874.351,502476.266,11726.084,13386.803,NA,166911.883,NA,85122.518,130261.691,69195.716,NA,NA,16395.151,257528.48,693630.416,244555.018,28694.609,27587.48,88639.821,91240.398,14179.885,13735.916,558206.361,NA,NA,92452.789,33606.368,24976.016,NA,32376.074,10329.007,137845.652,316592.562,64728.638,NA,120800.781,193170.595,234343.094,NA,71894.396,469262.964,25289.443,31750.31,56320.207,NA,NA,NA,NA,50993.67,203280.732,NA,NA,411344.804,NA,NA,585477.511,NA,34173.044,25271.126,NA,NA,NA,204383.819,61820.576,11813.429,NA,44426.901,2247506.766,NA,49830.82,11395.778,1839863.425,32683.248,NA,NA,14723.056,97418.365,41287.667,NA,11142.816
"CAT.1.5_2021",37766.039,NA,NA,NA,NA,NA,36309.92,NA,14645.659,34828.244,236273.412,NA,74380.537,49264.725,NA,12310.138,1600986.977,15916.836,NA,NA,145262.179,NA,114088.386,46645.599,114892.895,5006700.074,NA,NA,NA,NA,10496.313,152732.52,366358.312,NA,75142.581,NA,19038.998,16058.257,39493.368,77294.652,10893.916,NA,NA,93004.383,15743.193,NA,NA,68264.274,NA,31672.556,NA,NA,NA,70588.748,135644.828,NA,84249.137,68413.335,97853.773,10735.456,27584.936,225512.762,11695.321,NA,32699.561,NA,73457.133,110682.721,194427.861,15072.976,NA,430340.485,NA,14503.238,54425.96,28057.534,526926.049,NA,NA,NA,NA,26641.952,220612.635,103329.162,NA,184870.918,13760.688,187121.992,239659.681,96402.929,NA,NA,NA,448913.645,26015.413,12005.494,236478.506,764057.225,10704.267,NA,107775.369,47567.75,234994.493,333503.826,NA,NA,NA,NA,60624.029,44417.102,11121.669,NA,NA,NA,45619.944,NA,22215.671,NA,NA,NA,45487.209,NA,NA,429604.547,NA,NA,45564.326,NA,NA,NA,17963.259,189082.093,31366.635,71599.525,101402.388,169100.574,8993444.934,NA,14844.689,31900.54,NA,196632.229,NA,81109.649,10822.164,NA,39312.528,NA,7438069.325,NA,NA,66746.65,64134.884,16658.468,52809.025,NA,1355654.185,NA,51095.88,NA,NA,37124.26,NA,13896.786,25406.736,13310.114,23361.835,46442.057,80442.933,49800.993,NA,67561.047,22680.348,14674.277,NA,105316.492,37016.23,11830.108,NA,35841.512,67063.388,NA,NA,42676.947,10827.672,NA,24407.984,NA,106819.382,128102.384,955308.646,NA,NA,4119785.752,250982.484,85544.695,94325.839,18123.207,5422080.088,NA,44588.076,22646.823,10673.263,171423.856,NA,17832.625,429090.9,24356.444,13682.671,10947.974,NA,NA,120901.851,NA,160776.591,NA,16866.834,NA,16635.824,24245.056,NA,361676.961,347388.877,128011.549,NA,198441.777,1845837.417,1261060.47,148491.106,83128.407,670746.444,NA,18815.073,NA,134908.328,NA,23119.111,175305.419,10135.752,NA,NA,NA,52417.485,263410.337,601687.768,NA,42777.589,79879.838,81869.654,NA,36567.589,682771.805,NA,11104.629,60063.515,52510.364,57727.115,NA,48929.429,NA,316541.53,173565.553,48156.612,NA,26873.466,38333.914,51651.921,NA,15528.616,281914.677,49584.535,69394.22,107386.538,NA,NA,NA,NA,94753.393,130810.019,23527.996,NA,143385.063,NA,NA,222575.815,NA,234849.143,13714.81,30107.918,35988.386,NA,75630.879,13982.381,NA,NA,30124.091,1535879.729,NA,31983.973,25149.837,1233446.533,18354.839,NA,NA,139007.8,47660.714,146259.595,NA,26668.179
"AZTW.1.8_2021",NA,18752.23,NA,NA,NA,NA,11633.409,NA,19187.307,73829.6,429409.582,136909.836,NA,43722.194,77241.673,12714.447,286583.943,NA,27387.321,NA,99024.328,NA,129713.122,277221.329,328221.314,10267.697,NA,14838.29,NA,NA,22113.964,72378.33,562039.951,NA,NA,135883.462,67260.159,24730.639,38933.349,278707.256,22162.189,NA,NA,491094.163,13893.468,15445.673,52339.928,56057.703,NA,29950.175,8328954.781,730331.038,NA,73094.172,55999.618,54117.268,65684.552,2179894.895,265486.015,NA,49043.926,240852.594,162926.946,NA,836553.821,38981.302,117254.529,220187.842,349693.551,34837.649,NA,821563.014,56291.206,136718.438,39900.187,66810.935,983695.887,24631.514,17296.148,15719.509,33425.334,766464.709,259424.599,NA,39120.071,475184.528,151052.517,NA,995374.319,NA,NA,16183.893,3015062.557,20236.334,46113.876,75255.603,689279.859,224394.42,91349.412,NA,181302.087,54371.056,379917.059,390455.3,322422.846,NA,10574.905,NA,58991.427,27024.694,NA,42252.085,24026.108,NA,66596.413,270302.658,26167.449,NA,22354.516,NA,134609.157,59603.225,37388.435,26204.844,103764.797,13435.683,22300.806,NA,16401.036,NA,13761.502,13611.104,162009.347,471280.26,94219.669,739014.356,322819.044,1350472.865,NA,39861.869,77159.461,16851.566,33415.53,191313.436,254347.123,75552.113,82492.518,68007.665,NA,NA,17386.909,66950.271,139727.24,21702.888,14258.974,NA,5009279.799,493739.122,17296.376,278063.119,276176.895,753780.699,NA,354867.855,22675.867,NA,35539.185,23217.296,124732.03,191907.985,945571.081,67066.705,280239.279,116726.477,36005.266,279614.7,501884.744,NA,357934.759,31508.682,25870.452,167816.298,NA,154476.309,NA,424634.251,NA,325228.768,302381.204,593340.476,233465.061,11322.592,602905.373,642217.568,439257.6,225606.574,570937.46,229568.611,2215514.018,13800961.12,9281688.411,22553223.3,15563.384,239400.795,149327.154,16595.973,1187999.546,54570.522,1043266.785,12121.417,6728430.713,9687370.055,264758.679,NA,442116.12,10721.535,102858.327,15574.281,114767.811,26634.166,NA,91126.966,129787.453,14574.647,NA,60636.349,944098.849,248976.754,350559.352,148424.92,1755989.995,2227669.872,30485.271,1024451.937,1934037.124,4044288.49,38293.048,14870.102,59972.833,NA,NA,113034.794,NA,119650.169,488645.952,39556.654,126912.101,526135.439,71668.314,276510.421,52024.307,1327316.926,NA,NA,NA,NA,NA,NA,36409.056,NA,250755.511,59798.273,378929.404,1945938.504,254252.097,22259.233,23741.729,NA,56197.756,816347.091,108733.184,159099.333,271426.866,NA,38437.414,NA,NA,38480.523,NA,14441.196,NA,281069.023,NA,NA,431202.943,14792.032,182482.429,30343.324,37809.636,30656.442,73330.81,178060.849,59776.788,NA,NA,20711.61,1717438.07,NA,79799.379,NA,1451389.664,NA,101689.578,NA,NA,76333.541,19719.694,NA,NA
"NMT.2.5_2021",NA,NA,NA,11005.774,NA,13319.548,NA,NA,NA,16752.292,132046.321,33842.603,NA,NA,10854.34,NA,10033.85,NA,10174.247,14264.255,14364.92,NA,46767.365,178925.844,235059.675,NA,NA,NA,NA,NA,66697.542,NA,141634.274,14159.019,NA,301968.165,NA,NA,12987.999,91425.819,50365.429,NA,NA,25351.665,NA,NA,110179.19,13002.832,325383.352,19729.896,3939512.227,423143.03,NA,NA,71401.715,10014.968,47199.37,51255.89,43691.986,NA,61065.366,11274.376,64210.544,NA,1645111.399,45108.616,21245.309,NA,NA,17255.504,NA,87853.698,28963.994,109359.894,NA,58709.188,624098.133,NA,10568.163,NA,NA,1374720.892,10559.225,19066.842,77937.964,246073.358,889028.603,NA,1211379.015,NA,NA,16692.404,1107851.285,31104.288,NA,73856.71,364803.141,40374.739,235706.568,NA,NA,502625.209,39594.701,NA,111981.247,NA,38944.511,NA,NA,11795.008,NA,16564.596,19186.886,NA,456890.172,105165.415,NA,18220.23,NA,NA,23632.666,50442.295,12213.355,103928.607,NA,NA,NA,NA,14764.041,NA,10475.819,15574.699,80383.487,12659.627,29254.369,235294.276,10180.859,135502.839,NA,15909.51,53994.326,NA,24841.266,54172.822,37951.088,92962.762,68380.585,10533.778,17538.577,NA,10362.269,46629.176,173778.544,NA,12425.852,NA,2856186.743,204142.966,13488.281,NA,31798.487,283745.515,NA,80201.743,NA,11919.023,14729.122,52780.696,56860.867,26185.961,271638.935,NA,27680.074,73623.391,15473.765,10617.003,23505.84,NA,10222.357,11179.565,NA,42002.247,NA,17881.842,NA,25187.752,NA,NA,115456.397,48029.803,277788.897,NA,165172.2,1104473.646,284570.64,NA,11500.288,299358.098,2660047.856,5393722.602,6737830.259,13274337.55,10647.488,48494.816,198939.495,23085.223,25031.483,NA,640039.205,11291.643,2509040.683,4567561.788,277056.438,NA,200951.752,22812.231,41716.136,NA,NA,10215.796,NA,15651.286,NA,14139.179,NA,19404.582,103359.355,NA,177445.603,11502.936,887782.707,1488620.352,NA,713976.837,1309672.712,2371387.253,14737.305,12593.608,58052.083,NA,NA,NA,NA,66611.273,149071.635,10517.674,66262.736,148710.165,13864.436,13117.418,NA,256824.366,NA,NA,NA,NA,149163.82,NA,37912.726,NA,18248.427,21824.073,111239.53,64859.334,61807.375,NA,NA,NA,NA,683182.204,104698.519,60890.388,150421.698,NA,25071.291,NA,21142.427,109658.128,NA,NA,NA,NA,NA,NA,NA,11630.694,50648.765,NA,24140.217,NA,106831.838,59029.86,31879.662,NA,NA,12654.715,856710.788,NA,11288.825,NA,681555.425,15753.67,13676.326,NA,NA,515079.6,NA,NA,NA
"IDW.3.10_2021",28882.206,NA,10986.113,NA,28697.022,NA,NA,NA,NA,NA,360255.467,12082.09,NA,NA,14198.575,NA,601016.579,NA,NA,NA,19857.309,398395.118,57843.783,151372.994,232380.213,33236.754,NA,539129.969,524464.055,NA,NA,10052.699,104837.856,NA,NA,NA,NA,184678.295,NA,207567.738,27920.4,NA,363358.275,26201.944,NA,NA,NA,155780.788,178140.665,NA,NA,NA,NA,54740.966,72323.908,NA,18721.946,260819.197,47693.524,17669.998,45658.555,NA,248645.628,NA,NA,18701.316,27937.88,14039.301,12171.589,16096.839,10707.101,174975.837,26048.393,NA,NA,339273.174,814043.674,NA,12176.25,NA,NA,NA,NA,20132.8,NA,115885.318,NA,NA,651347.984,NA,NA,NA,NA,202918.864,NA,NA,159705.986,309010.811,NA,NA,13551.024,218080.759,61744.965,94013.969,NA,NA,32977.777,NA,69807.85,19546.714,NA,NA,NA,NA,163194.702,NA,NA,NA,17118.754,10009.433,45236.475,41380.838,12399.938,208658.637,NA,12796.438,NA,NA,320650.956,NA,NA,NA,363567.215,NA,NA,139168.387,39298.188,NA,NA,NA,59667.422,NA,NA,NA,11435.036,NA,29186.731,NA,53151.307,NA,23199.277,72968.497,25699.321,NA,396090.537,NA,1647387.324,NA,21248.061,61205.933,NA,NA,NA,123791.64,30107.954,NA,180317.774,10800.234,11531.968,NA,20030.542,104210.094,NA,NA,NA,NA,14629.87,61406.317,531057.822,28931.206,NA,75053.622,NA,NA,NA,NA,799004.487,NA,74777.944,43291.385,1022479.38,1653112.048,NA,1236234.685,424290.903,44369.958,34576.092,16870.687,4213347.438,NA,66521.03,127143.905,18253.9,437985.902,13091.453,10391.492,115243.889,NA,NA,33440.392,NA,NA,11206.196,NA,79991.524,13452.101,27330.19,780606.462,38076.569,544874.992,40211.331,NA,63297.898,NA,NA,28808.372,NA,NA,942600.704,26323.398,11746.707,17655.934,NA,564606.985,160944.442,NA,NA,73510.729,19781.012,NA,NA,NA,38532.249,209345.886,60065.289,NA,28762.595,75330.675,24699.623,13515.094,85296.625,247646.067,NA,NA,NA,NA,46462.22,NA,86002.86,NA,NA,NA,35603.005,NA,189017.257,NA,NA,NA,302868.146,82357.415,67632.196,28069.276,125856.176,NA,NA,NA,NA,23894.463,NA,NA,NA,142067.556,NA,227608.462,167290.664,NA,NA,22367.134,NA,NA,NA,71867.776,34867.75,NA,NA,NA,1027505.496,NA,52632.449,NA,795714.601,NA,NA,NA,NA,11299.767,NA,574482.302,243667.368
"ORT.2.5_2021",92181.591,NA,NA,NA,NA,10645.677,29011.53,69145.702,12401.343,37172.176,154306.45,NA,45020.164,NA,NA,16760.422,872650.168,46761.951,NA,NA,191263.956,NA,148240.962,195246.333,92334.661,8002928.907,NA,NA,NA,NA,16277.33,196726.577,621550.882,NA,48896.733,NA,33807.732,14950.008,104433.561,98154.422,17406.862,NA,NA,45420.617,36893.359,NA,NA,81752.459,NA,16684.75,NA,NA,NA,144048.148,140813.97,NA,150233.74,22618.358,98631.514,NA,10734.509,151346.54,10607.982,NA,19141.249,NA,123708.229,152322.056,198711.239,132162.258,NA,773321.171,NA,91827.358,121062.286,24110.576,827906.425,NA,NA,NA,NA,13089.983,91829.327,28006.487,NA,286828.124,NA,98478.453,293976.085,188629.347,NA,NA,NA,528631.822,NA,39488.121,447183.022,971384.563,NA,11079.528,137766.279,27686.879,295808.446,222921.698,NA,27175.552,NA,NA,20653.098,30412.128,NA,NA,NA,NA,27278.746,NA,NA,11530.637,12031.33,NA,113786.165,15093.672,NA,134036.463,NA,13341.613,NA,NA,NA,NA,177600.154,193279.438,118009.963,32307.479,21143.634,352385.034,5685109.454,NA,52025.197,52459.73,94218.239,60492.229,NA,71137.238,88473.876,NA,96734.152,NA,10198978.49,NA,NA,24099.713,39427.581,25829.747,32246.152,24789.585,3085939.866,NA,11053.653,NA,NA,37224.56,NA,NA,NA,10824.06,NA,108655.519,102267.283,24960.139,NA,25194.189,16897.725,16726.661,NA,80590.858,11782.281,NA,38649.981,111529.196,26302.16,NA,NA,NA,NA,NA,37080.965,NA,212208.339,NA,377497.262,NA,NA,2107429.458,253089.349,121004.673,142963.155,21315.258,5396024.977,NA,20752.324,26847.937,21609.331,111888.101,22871.129,18279.892,382476.29,78920.901,39660.355,11261.962,NA,NA,46375.921,NA,172677.072,NA,15571.051,NA,407677.596,11286.497,NA,1234944.547,1806982.649,1847991.329,44357.012,NA,1390539.726,713071.023,106368.602,176131.682,490746.478,NA,21111.465,NA,14038.156,NA,137199.19,99067.02,11595.552,NA,NA,NA,46482.036,305081.476,418586.107,NA,77940.787,157906.359,58043.597,NA,16754.18,380599.5,NA,19815.427,92015.342,20592.398,80619.96,NA,10653.01,11431.066,134607.837,151347.122,184869.872,NA,71103.524,229825.354,318388.721,NA,76597.623,553366.589,53740.489,64167.047,146387.981,NA,NA,NA,NA,37617.877,222048.846,16908.276,NA,394456.096,NA,NA,496359.168,NA,38879.881,37970.774,NA,NA,NA,82817.2,64172.517,10072.795,NA,154087.817,1786046.137,NA,92569.87,23534.526,1563582.141,30164.323,NA,NA,33479.137,76392.321,96661.921,NA,45051.536
"UTT.1.5_2021",NA,NA,NA,NA,NA,20804.778,26014.078,40929.084,27325.083,32942.451,415575.013,NA,NA,23510.574,NA,99888.122,2074129.609,NA,NA,10697.984,64445.754,NA,68326.005,151093.59,213097.374,149914.793,NA,NA,NA,16622.261,12532.441,24754.894,733625.743,46791.666,270716.951,NA,15612.265,24403.746,48460.029,138437.306,38801.318,20356.935,NA,33007.836,200079.79,NA,NA,104080.862,NA,NA,NA,19328.707,NA,71015.439,264405.551,25765.835,110188.021,NA,154598.932,NA,98364.348,NA,123618.212,NA,NA,NA,119814.954,114872.611,66570.27,88336.267,16235.723,1083003.637,NA,41958.891,24034.796,31271.465,1041714.225,18171.682,NA,NA,NA,21874.636,NA,229962.632,NA,288738.791,11094.661,829862.463,265167.717,NA,10371.836,NA,NA,554756.922,81582.913,11252.482,221946.591,1052205.399,10348.591,NA,231805.815,11554.702,301372.805,415066.744,NA,NA,NA,13432.741,75363.678,76159.51,12171.416,18748.668,NA,NA,21613.146,NA,21494.083,NA,36399.215,NA,35156.882,NA,NA,640349.961,NA,NA,52259.761,NA,31584.496,NA,152524.303,223707.496,19682.485,45558.199,11972.584,10979.099,20837817.4,NA,NA,70425.523,36457.697,688557.929,45762.231,114395.374,16854.041,NA,12706.619,NA,69166.332,17216.318,40971.918,241483.032,111090.824,48858.77,19900.129,NA,2287193.684,NA,39520.108,NA,13234.409,15784.801,10556.692,11927.968,NA,114024.411,NA,48514.25,150611.552,NA,NA,52564.432,20851.319,28663.843,99493.096,NA,NA,NA,15407.398,32708.839,111909.015,NA,NA,41066.015,64830.501,NA,11010.41,NA,13400.241,82276.996,729564.985,NA,130570.408,3712621.408,611959.842,72975.387,NA,343979.3,6780467.547,14775.819,82885.08,53587.931,NA,159741.585,NA,227273.559,NA,NA,33251.797,19398.814,NA,NA,46679.055,NA,42383.144,16678.98,10695.195,NA,11060.315,29961.131,NA,371364.056,NA,NA,14273.907,82458.109,NA,NA,NA,79856.001,24314.85,NA,NA,14530.735,83164.01,NA,119837.327,40555.299,21641.38,NA,NA,25632.554,NA,16256.271,108813.066,19147.114,97252.233,252443.917,31103.718,144716.948,53817.488,400352.334,NA,NA,NA,30788.759,NA,NA,79790.405,NA,114013.569,43027.955,288966.069,NA,71198.895,234101.046,298663.129,29432.75,42094.385,521528.177,44039.039,69324.356,77663.461,NA,NA,44610.874,97208.094,38276.733,71278.842,97143.923,15624.108,215562.5,NA,NA,278119.078,NA,66693.655,17792.354,NA,17586.961,NA,108287.648,61214.02,NA,99727.351,447438.52,1016665.423,NA,95863.264,121358.296,921159.01,24652.448,NA,NA,278599.725,66635.563,196262.807,12935.152,65387.864
"COW.1.2_2021",NA,30043.522,286691.191,NA,NA,11240.308,NA,91878.738,NA,12616.06,156765.209,NA,NA,18501.778,NA,562848.77,26917.896,41904.123,NA,15211.714,60551.611,NA,49684.901,54957.173,67252.253,30352.902,NA,NA,NA,NA,NA,NA,558781.081,200503.285,31461.556,15230.937,33190.851,NA,102650.113,42989.673,17816.458,226784.928,NA,NA,142630.535,NA,18614.571,10293.817,NA,16912.425,34055.093,901764.515,NA,13343.104,35262.689,1072655.953,61922.602,16430.349,18137.08,NA,286921.668,NA,NA,NA,NA,187774.237,NA,NA,NA,NA,NA,23009.707,43382.261,52687.073,NA,19330.52,329349.1,70087.723,44186.249,NA,51674.425,NA,NA,20651.234,NA,168062.946,NA,61811.584,442544.614,NA,NA,NA,NA,51488.337,23647.742,25588.629,252969.983,76248.023,NA,128580.541,NA,643556.891,NA,85253.487,NA,31312.048,10037.079,22502.318,NA,14498.056,31215.188,NA,13281.671,32881.929,489298.861,NA,23280.964,10416.4,10752.083,NA,NA,85687.982,NA,64307.224,NA,580096.373,10099.837,NA,10258.596,46424.313,301147.735,393222.13,15387.137,69018.397,14216.325,38455.636,75039.386,NA,107685.61,11905.825,75804.115,44154.769,16915.717,10683.149,NA,NA,51000.126,NA,26182.718,NA,16754.657,608743.658,75815.07,19422.569,14313.149,NA,3627921.027,NA,501579.748,24923.691,13344.412,NA,NA,NA,48865.146,873304.466,23871.337,NA,NA,18481.091,NA,NA,22415.81,44479.023,10466.753,NA,NA,NA,10184.288,294256.024,37407.916,13749.279,NA,919052.702,18911.591,12050.3,NA,NA,149208.38,NA,468605.184,NA,135383.859,1448685.608,259697.774,143268.404,88149.559,748633.02,3122641.439,NA,104053.106,49292.797,NA,189552.375,NA,1562498.913,404633.91,NA,NA,143251.772,NA,NA,NA,15468.13,NA,NA,NA,NA,13001.102,12060.342,NA,1096375.396,1507276.821,1734941.128,NA,NA,92714.284,13512.466,NA,45942.211,21510.643,NA,26845.204,NA,12851.943,NA,47531.142,17589.089,27435.738,119308.002,NA,NA,64102.161,273858.352,147232.847,11617.447,95937.108,216978.875,12010.031,12525.085,NA,479066.133,NA,NA,54127.571,NA,10454.521,NA,61622.513,65715.117,NA,13841.669,168934.844,NA,47646.443,361681.643,407170.082,13762.32,NA,969058.351,72812.373,26214.585,22041.11,NA,NA,125664.154,14426.808,20411.616,17998.442,906616.607,501410.877,13806.437,63261.64,NA,14274.81,NA,NA,105072.995,NA,NA,NA,32258.375,32681.15,19102.984,972798.879,1654703.988,694207.046,NA,93002.158,1568943.685,765644.182,NA,NA,203205.334,NA,363300.105,NA,NA,NA
"IDW.1.5_2021",76430.07,17231.553,52953.928,NA,292587.697,10224.337,NA,NA,19009.861,26372.391,496953.051,16897.456,NA,NA,95557.455,11987.573,181412.802,NA,NA,NA,252384.495,413660.517,109119.425,341038.931,42382.22,NA,12641.997,423620.866,401497.384,NA,NA,248657.22,218124.803,NA,NA,11150.217,NA,970369.998,NA,86903.73,16001.459,NA,NA,23477.715,NA,149455.005,NA,90360.725,NA,NA,NA,NA,NA,58996.373,59222.117,NA,37865.642,NA,28715.668,285953.982,13039.012,NA,NA,NA,18412.763,NA,165461.214,75699.094,194009.126,104291.653,NA,195389.18,18736.981,NA,57003.882,NA,706555.077,NA,12218.483,NA,NA,NA,NA,11151.927,NA,83239.178,13845.265,NA,403938.555,NA,NA,NA,NA,32025.288,NA,NA,95050.39,138483.138,NA,NA,174203.103,26353.592,271442.664,275807.191,NA,NA,12575.227,NA,39760.007,91693.607,NA,NA,NA,NA,10243.628,NA,43798.47,NA,12361.619,58166.309,23772.012,63744.735,NA,26986.916,NA,NA,NA,NA,177024.6,NA,NA,11689.126,42891.432,NA,NA,205384.62,18619.494,18032.409,NA,NA,84936.124,NA,NA,40413.929,NA,NA,32974.095,NA,NA,NA,10634.665,13968.949,21980.668,NA,26675.735,NA,765896.028,NA,98690.117,137285.834,NA,20261.586,14337.56,37647.544,17561.986,NA,26132.647,NA,16636.593,21400.134,NA,NA,NA,NA,NA,19969.448,NA,NA,151108.957,33389.924,21587.505,17990.841,NA,NA,NA,21263.626,2085853.411,NA,39437.657,47556.048,1224858.601,224382.628,NA,339074.323,816944.446,25443.214,113972.286,175064.332,7333618.594,NA,116350.182,61904.207,27953.613,353904.217,570344.688,16129.998,540150.592,NA,18049.913,NA,NA,NA,282591.038,NA,249347.009,76508.715,NA,63183.647,11788.854,14233.084,NA,NA,NA,NA,NA,538617.408,NA,NA,19639.346,49822.513,NA,NA,NA,17568.166,NA,NA,96500.218,95883.565,20417.165,NA,NA,12222.978,79046.989,303313.854,445861.686,12896.602,45836.53,133963.407,47634.976,19737.419,58964.146,452179.235,NA,NA,NA,10200.122,56382.727,NA,NA,NA,NA,NA,26979.571,NA,111369.86,NA,NA,NA,26909.025,160999.53,62683.808,83578.641,95810.23,NA,NA,NA,NA,25651.939,NA,NA,NA,169021.71,NA,NA,252379.652,NA,NA,26376.027,NA,NA,NA,160202.778,55478.566,NA,NA,NA,1662618.896,NA,33138.377,NA,1402978.631,NA,NA,NA,NA,NA,10975.823,608737.277,50718.46
"WAT.2.4_2021",10761.305,NA,15054.795,NA,NA,101867.415,31076.964,52676.933,NA,27707.291,311827.373,NA,NA,26143.674,NA,89444.118,431145.307,NA,NA,16216.09,115728.408,NA,75111.229,386511.496,394814.219,73551.897,NA,NA,NA,NA,NA,124476.125,365719.279,NA,481179.892,NA,21181.493,NA,85020.061,150121.026,26462.874,20345.395,NA,NA,13785.521,NA,NA,71749.237,NA,18401.766,NA,NA,NA,10780.604,203896.526,NA,111470.218,NA,28787.96,NA,NA,61222.828,NA,NA,20128.058,NA,64598.295,NA,24200.338,15076.796,NA,51472.038,43172.324,25105.243,43520.3,10922.023,971052.744,29351.942,NA,NA,26580.087,10997.319,48646.642,18002.695,NA,58047.155,NA,505120.53,1646117.078,NA,NA,NA,NA,121659.2,36301.363,NA,166933.253,31888.383,15324.137,NA,10056.748,285711.546,25434.214,20323.874,NA,NA,67463.723,NA,NA,29605.131,65113.786,NA,NA,NA,33079.477,NA,70231.676,14845.378,82392.333,NA,11246.265,150700.025,NA,38397.017,NA,NA,130980.05,NA,12945.838,NA,121948.247,170682.882,67268.024,38712.864,NA,10760.522,22716762.18,NA,NA,46705.644,205064.068,905612.285,19293.806,28084.328,371842.313,NA,73906.431,NA,NA,NA,NA,34454.657,40576.464,38717.616,55147.992,NA,2802112.314,NA,30666.198,14078.083,NA,26095.585,21374.526,10153.811,66185.474,60706.768,NA,22058.7,NA,56411.453,NA,NA,40007.668,28389.767,19822.316,14735.319,NA,10064.176,19410.63,35892.99,213360.163,NA,NA,10817.4,71311.987,NA,12836.239,NA,123785.781,11987.442,231969.485,NA,NA,749226.877,606726.791,150659.397,90172.333,10661.002,5003633.347,NA,96044.041,35287.708,14600.519,176166.499,14054.451,10681.048,674137.228,26584.574,58442.583,120918.987,19497.261,NA,201677.862,NA,242138.089,NA,53479.996,NA,58355.868,15303.276,NA,805326.393,NA,1000555.868,1052518.719,21929.424,1238125.072,700622.544,94654.794,118486.613,444105.177,24810.719,NA,NA,NA,NA,59801.883,19416.704,51697.427,NA,NA,NA,139725.644,429959.382,211333.201,19578.145,73642.785,31812.117,20400.631,NA,19119.241,431026.75,NA,19185.42,NA,30183.964,16114.325,NA,27720.032,NA,187698.474,NA,28597.697,NA,147681.478,249562.34,317830.755,NA,19905.092,248335.007,63174.422,48460.159,36516.926,NA,NA,21330.971,NA,25510.454,87464.598,NA,NA,20598.436,10636.54,NA,26248.465,NA,60038.264,12257.715,18383.964,12394.982,10024.405,60277.182,51467.891,NA,NA,116188.878,1056014.194,NA,32340.192,36748.226,928205.459,31819.424,NA,NA,26446.492,329059.72,NA,19195.921,NA
"IDT.1.2_2021",NA,NA,11183.54,NA,NA,43509.751,15716.598,22184.383,NA,14573.806,333947.92,NA,49672.812,NA,NA,17379.694,1474394.222,36790.278,NA,NA,83385.386,NA,80394.068,84751.725,112874.353,6545168.972,NA,NA,NA,NA,NA,82732.558,385730.776,NA,18001.601,NA,NA,33217.077,24334.756,119943.35,32319.172,NA,NA,229397.638,11574.521,NA,NA,83611.246,NA,33960.194,22679.171,NA,NA,90786.007,141243.836,NA,82865.335,60863.902,206531.826,NA,NA,138666.977,16318.563,NA,NA,NA,104842.938,74534.682,133612.402,159168.889,NA,714353.334,NA,10725.864,78177.094,38481.249,663022.94,NA,NA,NA,NA,NA,132244.875,119024.987,NA,162988.081,21694.17,15472.831,352190.497,102266.994,NA,10678.516,NA,613121.789,NA,55770.507,232321.756,1350786.977,NA,24255.268,156894.659,23071.282,246056.71,216269.115,NA,32680.505,NA,NA,76409.185,17470.632,NA,NA,NA,NA,68944.901,NA,38313.285,NA,NA,NA,140507.643,16967.288,NA,373151.2,NA,NA,NA,NA,12315.472,NA,28112.697,20944.988,32986.847,NA,24496.742,414824.491,1938696.368,13711.423,76375.358,NA,82455.627,21472.242,NA,107587.86,15617.27,NA,26188.093,NA,10625505.1,NA,NA,33077.29,44475.77,14535.414,78109.195,39069.514,2727400.105,NA,20652.864,NA,10299.136,45739.551,17897.877,11644.948,32478.839,NA,15329.245,56647.935,54457.071,NA,NA,60030.339,10671.964,31561.331,NA,188401.393,68363.109,NA,NA,26434.247,NA,NA,NA,NA,NA,NA,19330.018,NA,53265.428,130270.242,317328.884,NA,NA,4791447.667,477803.316,18753.312,30640.443,22303.923,6293074.54,NA,241885.492,132319.24,14052.262,348025.964,NA,10584.527,114977.02,20095.041,35469.161,10645.9,NA,NA,211688.24,NA,198891.82,NA,15307.412,NA,96624.422,11971.031,NA,1119859.501,NA,1638108.347,1537698.029,197160.517,1197331.692,664947.022,96333.677,113371.524,447652.539,NA,12036.074,NA,NA,NA,58662.221,139763.025,30524.519,NA,NA,NA,245125.726,575634.936,262471.842,15443.525,19291.714,33937.732,38947.157,20504.52,47356.116,707771.873,NA,NA,76204.608,25577.238,43597.073,NA,67226.496,16541.749,58269.454,198924.409,12028.182,NA,72943.509,187639.845,168730.848,NA,34540.56,168082.102,75637.468,112810.615,31626.938,NA,NA,NA,NA,64240.268,193263.812,NA,NA,259673.899,NA,NA,334155.689,NA,30036.903,15050.765,NA,NA,NA,51475.129,62545.657,NA,NA,93763.372,1052761.059,NA,61451.408,27530.265,868810.583,NA,NA,NA,121149.335,45925.917,126079.958,NA,30913.3
"UTWV.2.7_2021",NA,20623.425,17693.625,42523.855,NA,NA,10029.623,NA,NA,10496.761,168270.779,69738.572,NA,10053.337,20117.642,12119.373,60403.413,NA,25447.869,NA,84321.682,NA,85149.045,147408.39,140574.396,22731.419,NA,13265.882,NA,NA,67765.614,44064.063,175711.87,10491.528,NA,86124.054,15046.71,28423.655,15119.975,137458.124,27264.408,NA,232797.003,13988.121,NA,NA,178411.716,119251.794,338642.829,18637.804,3580189.12,386833.405,NA,15491.255,33939.913,13080.475,30602.95,558997.714,43194.654,12138.429,45835.036,119286.21,357220.077,NA,3482359.922,105381.719,120455.896,NA,22610.78,14346.679,NA,65659.299,94373.076,213438.123,11913.408,728203.155,160615.189,15675.461,11209.79,122791.93,NA,1781134.089,53432.441,20422.582,97949.927,446669.403,477379.149,NA,782781.739,NA,177833.842,184813.137,1421964.82,22081.405,NA,93086.723,647233.728,61079.49,345240.169,NA,17256.961,501602.475,13253.781,68888.047,78647.691,NA,12158.597,NA,15612.082,22956.179,NA,52162.66,10672.94,NA,17547.061,72876.521,NA,27084.061,53495.024,33597.284,109844.123,136263.736,16157.344,92552.366,133314.128,NA,NA,12384.384,13604.429,NA,NA,10291.709,52516.763,50125.685,27659.422,229333.416,115882.589,199114.96,NA,26958.902,156397.319,16901.035,62767.954,37080.202,80463.625,116719.616,223939.696,30458.603,44542.702,NA,NA,74074.063,34785.62,NA,1557959.523,NA,2843863.87,149437.809,12126.582,50008.759,86890.588,279986.505,NA,171321.671,43044.048,10030.737,370961.32,12441.381,318768.043,176237.095,296239.927,57019.481,20507.043,11572.545,40664.672,25083.245,48733.708,16627.563,11898.586,89279.217,10065.867,33669.227,NA,34654.392,NA,318388.41,16377.953,NA,129085.933,18809.761,439995.256,911982.367,183618.607,1762801.773,610096.406,82121.825,368621.414,14932.047,2344244.254,5452584.865,20731601.57,8221537.839,18875.155,90001.341,217649.404,25383.044,800452.489,20204.9,867252.921,28582.624,1882992.142,4473981.489,227681.394,NA,132121.124,19976.386,22484.451,582195.849,37827.049,120795.122,16807.211,743601.208,28912.22,NA,NA,NA,307730.561,15814.913,487391.406,104810.459,1041642.404,1424733.029,26398.113,877912.975,2129580.075,2645453.305,NA,96770.022,14410.391,NA,NA,144378.582,10915.6,147340.909,89238.391,NA,70608.796,754731.701,73672.78,135774.033,17498.779,488134.024,NA,NA,NA,26737.633,NA,NA,36280.956,NA,71710.469,23710.539,829008.024,1284860.387,170039.844,10101.266,NA,NA,284212.065,157827.394,163234.885,116673.688,170925.587,NA,72188.383,NA,NA,71271.203,NA,NA,NA,10706.513,NA,167575.007,14432.342,90096.359,15907.983,25317.547,115074.447,NA,225942.511,96036.189,53284.708,NA,NA,NA,1345080.044,NA,56667.853,NA,1076039.885,14521.107,13367.854,NA,11382.384,NA,NA,19954.538,662761.23
"UTW.1.10_2021",132404.854,402786.565,155837.852,NA,NA,20505.009,17150.317,180136.238,NA,16664.531,131331.438,NA,NA,77003.714,45739.861,1727865.124,46744.298,143176.071,NA,177067.996,63399.071,NA,127912.373,93052.648,96911.64,46212.918,NA,NA,NA,NA,15642.546,44482.706,564713.912,1925106.98,327987.671,102060.784,32213.349,12920.097,69630.997,108560.574,10542.719,254118.078,NA,24450.997,11017.243,NA,NA,NA,NA,16936.778,52389.264,5274877.795,10693.503,NA,17202.264,5345647.883,136521.212,26727.603,44532.165,NA,168634.344,NA,109791.563,NA,NA,21971.496,43383.972,NA,NA,NA,10233.585,46503.509,140750.785,102204.353,NA,15587.663,639490.857,NA,50048.794,NA,66443.848,NA,16144.647,24431.087,NA,633993.055,NA,10848.909,926459.128,NA,NA,NA,NA,124118.624,149847.308,71783.121,890391.748,17657.511,NA,324404.598,NA,254760.947,30063.006,128590.811,NA,132201.229,17617.666,97201.53,NA,10675.902,143952.329,40740.2,163939.399,133893.679,303373.147,NA,NA,NA,72879.851,NA,36468.168,224338.546,NA,41940.087,452708.589,56618.287,244455.766,NA,14917.984,230046.255,316800.577,380397.709,42157.243,66278.667,NA,190708.289,NA,117361.132,259866.836,NA,180147.317,720171.565,49245.307,84825.237,30503.179,NA,86245.217,NA,13013.771,NA,110797.328,91148.556,130149.088,10978.482,14831.045,NA,5717742.794,NA,154542.477,NA,21611.689,12383.858,NA,11666.267,83087.692,1661453.178,63657.479,28140.131,NA,25573.227,NA,NA,10942.793,138413.925,10371.838,10670.821,18988.025,NA,11115.537,361952.756,10808.359,58171.174,NA,2734614.339,179302.679,16913.354,14203.291,NA,267349.11,795500.024,263584.825,NA,NA,1048759.351,318614.244,121550.58,356213.909,14418.928,2741572.113,NA,43905.776,20617.773,NA,78219.214,11548.867,4871178.998,1070820.269,11098.835,NA,68684.881,NA,NA,216133.847,349101.171,183031.125,NA,NA,NA,162321.468,26464.566,NA,2400850.573,3187468.256,4902520.81,NA,69512.632,202051.977,31823.939,22835.723,167455.839,62168.747,NA,17331.204,NA,23265.05,NA,60011.404,70905.625,29247.829,243623.436,NA,NA,23977.74,170696.184,224697.83,NA,66198.52,438452.336,57793.816,11063.897,NA,835524.812,NA,20490.055,NA,NA,36378.067,58913.923,53494.757,NA,27373.797,10763.049,168528.837,NA,87077.997,626808.239,748856.791,63605.561,NA,1232635.213,39179.588,65279.19,165555.289,NA,11525.045,39748.239,98350.453,75463.363,NA,455732.952,903576.303,36214.18,272649.086,NA,39060.681,NA,24295.367,49453.935,NA,14147.927,12805.886,62962.036,22221.944,121212.581,4238137.166,4632332.873,1461930.928,NA,50385.337,2492995.31,1628099.285,30119.504,NA,60100.412,NA,301313.557,NA,NA,61628.967
"UTW.1.1_2021",NA,29186.9,85554.517,NA,NA,28147.526,NA,44506.825,NA,39925.367,74044.245,NA,NA,127758.353,29912.84,1403899.468,20690.846,13803.921,NA,19567.05,43818.991,NA,57254.171,68834.659,70342.113,53795.946,NA,NA,NA,NA,NA,28989.148,417208.08,277859.368,47741.979,20300.506,54125.642,NA,194358.727,58578.211,NA,50499.304,228630.932,NA,98571.261,NA,NA,NA,58718.73,NA,27333.119,1214213.824,NA,NA,23770.857,1288482.504,65410.063,120450.855,NA,NA,78246.357,NA,63579.084,NA,NA,15222.801,NA,NA,13091.787,15955.996,NA,17040.784,13458.548,30302.09,45819.581,145220.385,161141.732,NA,19027.911,NA,45966.062,NA,NA,NA,NA,129454.635,33200.676,NA,293435.077,NA,NA,NA,NA,80481.73,NA,NA,166787.142,18464.117,NA,125579.069,NA,219281.572,NA,18922.663,NA,NA,21891.401,13488.683,NA,NA,NA,NA,15403.494,NA,13552.628,NA,NA,16278.411,28819.626,NA,50445.875,31668.603,NA,NA,99589.605,63864.236,NA,10510.067,10171.111,85116.476,225056.75,275689.625,104378.351,50136.792,NA,48607.724,148037.234,NA,40566.394,10899.724,125175.869,90156.416,NA,NA,NA,NA,56161.541,NA,12119.798,NA,85157.578,112713.371,11752.95,18381.704,77146.275,NA,3105148.621,NA,43704.079,NA,NA,NA,NA,NA,20751.68,524957.247,16264.357,NA,72036.569,20537.949,NA,18421.581,17241.679,NA,924942.48,NA,NA,NA,NA,333117.871,20526.98,22996.083,NA,1137013.503,71160.896,14919.302,NA,NA,261370.984,99953.221,168672.512,307108.085,NA,270935.773,531213.582,165212.162,59581.605,77806.601,792971.197,NA,51851.125,14737.812,20360.659,80819.575,15595.58,1978291.901,255885.588,NA,16759.749,63388.313,NA,12460.296,33250.596,13784.122,21350.984,NA,NA,13420.393,NA,11384.025,NA,690221.89,NA,866788.524,1003164.932,NA,70825.799,NA,400858.668,19746.665,41825.115,NA,13826.217,220114.813,NA,NA,23060.032,10186.645,10587.952,138794.052,NA,25125.474,NA,62989.278,107216.725,NA,75481.687,96871.783,30514.272,31738.506,10480.007,211533.229,NA,NA,NA,18703.459,NA,34847.589,34281.622,NA,NA,NA,174528.505,NA,39681.945,319245.073,422403.439,38337.962,10393.34,388597.073,10260.897,NA,277574.578,NA,NA,23764.613,19619.248,10515.757,NA,867209.652,713492.468,NA,58334.753,88286.752,19056.147,NA,NA,10470.396,NA,NA,NA,39364.391,27581.89,19574.936,835887.457,1377585.898,681628.724,NA,24257.743,1451393.881,659286.633,23456.914,NA,19128.761,NA,81073.794,NA,NA,NA
"AZTW.1.7_2021",NA,NA,11753.959,350960.502,NA,NA,222187.967,NA,NA,14837.148,389344.541,14905.516,NA,67832.923,4388160.432,10237.549,391498.546,NA,1952539.196,NA,28766.065,NA,91716.775,74041.853,79093.49,NA,NA,NA,NA,13653.719,1262184.972,12399.57,409883.879,21113.518,NA,46338.312,11676.986,11449.172,18460.583,223514.271,36454.104,NA,378631.11,35850.724,NA,NA,488453.687,94963.009,273670.837,NA,1069395.347,47549.134,NA,58162.369,35677.884,15533.124,24565.13,216887.758,14558.37,11736.361,52894.594,93607.103,192924.274,NA,127788.778,NA,43828.245,71019.826,137734.684,63340.072,19515.396,45808.012,48390.403,27063.262,14665.51,244302.544,440598.629,NA,245533.002,NA,59999.493,18241.467,15813.308,10145.32,19335.387,83657.724,71447.495,NA,524114.289,NA,NA,NA,266032.665,356947.786,138300.819,27539.465,294878.314,495093.171,3747929.153,NA,14200.129,315871.406,43701.918,359249.863,10518.789,NA,23006.349,NA,53533.339,14076.011,NA,29016.159,NA,NA,225091.55,608962.468,NA,50034.481,41262.582,NA,110205.013,135857.016,36324.177,113304.323,21156.733,10098.223,12672.188,NA,11663.379,NA,NA,13331.462,26126.581,12795.768,11784.899,93009.876,23120.095,19996.481,NA,NA,69189.56,NA,83749.154,26477.514,NA,4762664.42,57969.459,NA,23022.442,NA,13621.735,51190.419,163838.993,11367.619,1429806.982,NA,3274778.979,19748.729,17955.458,NA,11063.387,38237.343,NA,55725.27,31350.339,14427.638,143090.597,NA,53814.267,42874.951,42479.395,87548.42,14594.096,41248.588,78610.965,NA,24916.333,18644.288,21458.884,27945.667,NA,14261.121,NA,13808.346,NA,45806.92,10206.16,24395.473,207020.74,27678.016,668183.695,1521582.109,16949.41,1843080.366,349745.814,91066.819,147276.672,15693.673,2508087.993,1042194.293,9281666.367,6175764.91,65413.02,265822.426,93983.117,NA,755695.414,NA,281239.093,95779.999,125936.939,773328.636,132917.449,NA,130230.194,12145.846,37523.607,845399.137,NA,612745.905,50289.946,125502.488,34743.877,NA,56936.905,14400.6,314583.068,53462.593,1258165.631,89672.087,378458.858,409404.604,NA,828649.45,1133297.238,757062.899,NA,10904.412,119342.587,NA,NA,69097.115,53230.187,284662.42,255887.272,NA,115186.99,124416.438,39112.255,92983.634,68552.079,854882.727,NA,NA,NA,11766.791,NA,NA,57208.512,NA,211778.81,11378.529,258419.851,104648.468,116529.646,NA,NA,NA,242598.42,580502.979,54120.395,31661.976,84651.288,NA,23986.159,89685.273,162333.426,27945.17,NA,NA,NA,166650.543,NA,183563.221,217936.916,24623.824,25722.454,16190.885,60133.122,NA,624585.789,98324.182,22851.557,12871.398,NA,NA,1077653.455,NA,97846.486,NA,873096.339,226343.767,1263563.304,NA,NA,195925.199,NA,NA,NA
"CAT.2.9_2021",29346.422,NA,NA,NA,NA,NA,NA,34944.581,NA,14616.886,172819.296,NA,405677.706,10012.748,NA,30884.126,747324.1,NA,NA,NA,105407.462,NA,64470.421,124323.236,172712.59,26056.525,NA,NA,NA,NA,NA,211437.648,335083.275,NA,319853.516,NA,NA,NA,13846.094,55140.579,NA,12711.042,NA,52222.4,228680.455,NA,NA,77698.191,NA,19494.331,NA,NA,NA,45362.85,126245.657,NA,21491.679,NA,49530.275,NA,19413.098,NA,14074.838,NA,30691.061,NA,55267.786,49883.739,138147.883,130004.977,NA,378553.036,NA,83259.788,138726.957,NA,424223.792,11836.89,NA,NA,14317.255,NA,NA,84667.77,10099.745,189192.668,16213.892,402648.752,130428.621,NA,NA,NA,NA,223012.077,21687.547,17978.503,250814.04,513485.933,27988.706,NA,139009.425,NA,220340.186,171236.407,NA,NA,NA,NA,34220.536,NA,NA,NA,NA,NA,NA,NA,NA,16267.303,NA,NA,55370.091,10207.992,NA,120834.856,NA,NA,32637.042,NA,13412.256,NA,170990.395,263039.676,25156.023,49568.431,NA,16499.374,17772178.71,NA,NA,61425.184,NA,618669.865,11168.557,21852.313,272442.765,24281.636,13540.254,NA,10168.117,NA,NA,49526.146,89201.147,14953.1,20786.833,NA,1772001.97,NA,14059.41,52923.119,NA,11289.418,NA,30009.224,42994.72,49842.363,NA,20165.281,44476.72,21843.885,NA,NA,11151.118,12578.875,NA,13124.103,NA,10467.984,NA,NA,107857.904,NA,NA,21141.127,49542.209,NA,NA,NA,51369.705,19755.308,296865.171,NA,NA,853651.333,37565.154,50021.543,54127.553,468501.446,129225.241,NA,44477.916,13944.598,NA,142437.469,NA,NA,273740.336,NA,NA,16605.176,NA,NA,33825.133,NA,36383.779,NA,12617.812,NA,121867.498,29816.4,NA,79071.16,NA,NA,NA,NA,NA,NA,NA,67074.187,NA,38714.993,NA,14414.078,39966.552,NA,69961.364,16304.768,11896.902,10475.925,NA,NA,NA,NA,269378.121,NA,26418.013,82313.171,41667.189,NA,24411.589,330841.175,NA,NA,NA,NA,NA,NA,28604.905,NA,110001.93,434224.723,91152.15,NA,53496.629,259935.509,314962.276,NA,24021.178,200009.151,12532.006,NA,117067.681,NA,NA,NA,NA,34303.695,60681.107,NA,NA,131266.233,NA,NA,145583.484,NA,22074.254,13274.047,NA,NA,NA,36176.486,49191.317,NA,NA,81391.819,922599.457,NA,44789.49,10574.687,813419.599,NA,NA,NA,NA,48388.141,NA,NA,19239.154
"IDT.1.6_2021",91904.903,NA,NA,NA,NA,14558.35,14081.618,34450.586,10770.825,27816.735,305601.864,NA,55716.977,20679.023,NA,11413.106,690722.661,26677.171,NA,NA,53940.261,NA,73765.5,74161.134,75894.038,6258522.39,NA,NA,NA,NA,13702.462,35031.344,437931.347,NA,16374.129,NA,11039.239,NA,76365.323,128519.42,10616.333,NA,NA,177823.958,NA,NA,NA,85004.726,NA,46496.715,NA,NA,NA,108168.371,87662.741,NA,64924.64,NA,150314.142,NA,13184.506,160272.128,NA,NA,NA,NA,116143.894,73149.166,296576.827,198531.457,18669.274,548920.682,NA,27422.339,NA,NA,561934.769,NA,NA,NA,NA,NA,98123.808,36108.736,NA,90421.189,32362.167,41630.37,260888.733,127600.829,NA,10850.404,NA,318559.123,13972.394,NA,138154.607,605552.479,NA,18845.32,194737.758,NA,354275.383,257328.893,NA,32926.026,NA,NA,41855.796,14583.64,NA,NA,NA,NA,76422.744,NA,15362.898,NA,NA,NA,106837.272,NA,NA,121525.779,NA,NA,12528.565,NA,NA,NA,36708.622,44684.058,40757.507,13673.401,NA,258206.952,3253836.779,NA,56312.21,11389.135,83685.471,55448.075,NA,69884.382,20417.052,NA,39105.65,NA,9023942.964,NA,NA,46264.866,71804.443,13361.805,19506.179,17453.231,2883342.013,NA,16983.258,NA,15688.737,53878.369,13757.063,12052.021,NA,NA,14077.957,84284.091,73047.412,NA,NA,22724.515,NA,17683.257,NA,57543.372,11530.839,NA,16443.41,58726.661,13205.311,NA,NA,52154.453,NA,NA,18884,NA,123743.455,131270.552,365278.448,NA,NA,1466968.154,356786.527,20266.078,NA,31569.442,2633646.465,NA,28681.739,21582.948,17403.075,263053.301,NA,26051.077,NA,45434.934,21907.565,19662.542,NA,11067.698,220443.937,NA,193037.208,NA,14673.876,NA,149685.365,25114.308,NA,908838.272,NA,920615.93,1118009.417,105016.466,836191.688,330025.764,60580.517,93716.557,313828.993,17620.162,NA,NA,122823.77,NA,97997.56,77887.868,36002.33,NA,NA,NA,135320.508,505243.929,375094.815,20564.31,27884.143,187186.874,34938.354,NA,26021.555,513149.333,NA,NA,75761.27,14161.765,11589.97,NA,13735.041,NA,72722.314,181369.371,185079.037,NA,116861.706,177849.638,208131.28,NA,23976.917,298933.369,14662.863,90983.825,72622.893,NA,NA,NA,NA,35545.166,169427.598,NA,NA,298245.035,NA,NA,210535.393,NA,25583.868,16699.627,NA,NA,NA,36995.813,61157.575,NA,NA,74340.829,1098323.56,NA,73098.748,11831.719,1001638.371,22642.069,NA,NA,14110.383,10783.389,28154.607,NA,57659.318
"IDT.1.3_2021",28742.224,NA,11631.503,NA,NA,NA,43334.976,58149.353,NA,46714.278,160066.938,NA,39052.944,NA,10107.914,NA,1223830.789,49040.621,NA,NA,206417.731,NA,137733.832,120957.967,144008.392,5541968.391,NA,NA,NA,NA,31915.888,211439.066,207495.917,NA,83606.849,NA,11334.715,11157.877,53748.813,147436.616,49589.882,NA,NA,246988.345,32487.338,NA,NA,83137.662,NA,74731.887,NA,NA,NA,167039.492,161839.529,12416.072,33481.44,NA,116837.73,NA,NA,139959.688,NA,NA,NA,NA,196608.245,218338.608,452886.428,275077.75,19384.414,1067367.816,NA,43834.087,97271.916,10053.407,1323137.171,NA,NA,NA,NA,NA,130428.375,52412.41,NA,84415.776,10417.975,177377.945,297154.413,170198.962,NA,16717.578,NA,533319.303,58006.118,40575.311,148271.036,902414.891,NA,13857.295,278223.131,NA,573548.748,424750.908,NA,29581.416,11679.764,NA,10641.31,46746.203,NA,NA,NA,NA,201067.159,NA,63866.33,NA,30846.497,NA,162050.009,19887.751,NA,139147.823,NA,NA,69351.78,NA,11161.585,NA,54941.363,59854.727,198861.038,15736.309,23733.943,599140.017,8647980.386,NA,98515.772,NA,104927.512,116117.666,NA,137187.682,151339.832,NA,24562.372,NA,11826595.85,19822.589,NA,65731.361,21805.25,15661.426,15790.634,17385.752,4361576.352,NA,65055.023,26671.061,10924.217,91625.865,64423.012,13295.575,16690.445,NA,NA,17706.011,131677.012,32978.568,NA,38716.026,11288.905,19348.054,NA,159785.322,10087.806,NA,25244.849,43342.404,50051.033,NA,NA,NA,14299.235,NA,41831.073,NA,83703.525,51100.521,510268.14,NA,NA,3016233.914,389084.297,53834.927,98604.158,15739.526,6656065.935,NA,50188.145,21776.279,NA,271551.634,10518.875,NA,299732.771,99619.684,24563.744,11192.304,NA,10744.087,116676.781,NA,125485.016,NA,NA,10376.138,161479.626,21878.13,NA,1118213.143,1746339.21,1636680.83,NA,31453.57,1289917.17,569647.842,99219.517,192052.953,467765.241,NA,13135.131,NA,NA,NA,22002.821,127930.107,12015.445,NA,NA,29379.999,225275.46,661795.083,622711.874,NA,54220.03,66259.545,64478.771,22776.5,36815.514,753032.236,NA,NA,113783.557,24741.919,33155.52,NA,42338.616,28037.174,128408.447,195827.588,49401.946,NA,137996.803,258376.166,334894.848,NA,158903.959,401124.784,73379.82,124715.606,151832.584,NA,NA,NA,NA,103527.949,283453.445,NA,NA,482620.435,NA,NA,691568.113,12928.199,66717.135,28110.039,NA,NA,NA,66101.354,63840.386,NA,NA,188521.413,1539926.323,NA,136052.071,29618.503,1389786.732,14352.441,NA,NA,72348.542,81311.197,113921.779,NA,38860.391
"UTT.1.1_2021",NA,NA,NA,NA,NA,41024.081,17481.474,32313.028,10476.067,25434.41,205881.645,NA,NA,NA,NA,57049.726,655049.304,NA,NA,NA,42279.395,NA,60202.356,207376.851,251754.729,54787.673,NA,NA,NA,NA,NA,36574.443,492395.615,NA,253496.172,NA,13117.622,NA,65787.312,92070.347,14536.344,15476.866,NA,110858.722,153393.741,NA,NA,96865.846,NA,NA,NA,NA,NA,69751.548,120240.818,NA,14428.925,NA,55047.842,NA,19127.856,52603.213,15224.008,NA,NA,NA,65235.099,30939.8,209198.744,189920.895,NA,767181.482,NA,NA,53828.565,NA,508783.228,NA,NA,NA,14912.354,NA,21840.526,33722.132,NA,130830.155,NA,731638.285,129920.026,NA,NA,11290.174,NA,208758.553,19273.385,NA,186089.448,524564.624,NA,NA,237853.254,NA,166621.641,149042.805,NA,NA,13490.809,NA,41562.375,51782.436,NA,NA,NA,NA,NA,NA,16823.11,NA,19833.569,NA,51113.027,NA,16899.735,137507.487,NA,NA,28265.616,NA,NA,NA,87094.022,117336.71,118237.144,13737.344,NA,15656.54,16732111.99,NA,13118.755,22092.154,39495.437,539924.798,12345.265,24891.352,11823.172,NA,29778.617,NA,NA,NA,NA,77377.457,55099.638,39608.666,54171.987,NA,2203797.084,NA,14387.358,NA,NA,11301.113,NA,NA,36668.568,42026.494,NA,51786.374,112144.564,21558.834,NA,25026.839,34602.295,35927.182,17579.272,38475.101,15756.078,19816.36,14331.722,NA,148977.439,NA,NA,14958.677,59298.71,NA,NA,NA,33987.262,198388.657,322099.423,NA,NA,1136585.314,278668.058,173290.131,NA,620137.314,4449005.409,NA,43155.791,20709.107,NA,61398.366,NA,10861.311,39112.486,12207.804,13716.124,11965.52,NA,NA,20312.065,NA,19457.808,NA,NA,NA,NA,11793.477,NA,298702.591,NA,228757.314,468524.196,293690.703,303015.208,76427.862,26284.804,154482.9,119193.31,NA,11601.606,NA,NA,NA,71836.312,164544.911,28314.37,NA,NA,43369.636,14831.842,103368.844,164698.26,NA,14421.089,150152.008,37764.561,114261.36,28582.761,189356.214,NA,NA,NA,86954.17,NA,NA,NA,NA,82038.065,12206.879,277820.488,NA,81642.643,214008.376,235773.345,NA,23778.029,330255.804,NA,11463.267,49242.595,NA,NA,NA,NA,15508.864,53466.162,NA,NA,164263.822,NA,NA,206952.149,10406.753,19013.871,10643.3,NA,NA,NA,90088.353,63035.761,NA,NA,63288.653,964659.498,NA,42290.525,15683.119,823888.711,22965.037,NA,NA,16333.608,21655.103,11742.782,NA,57204.961
"UTW.2.3_2021",14839.18,26634.813,17257.487,NA,319129.038,NA,NA,NA,NA,56057.383,567154.502,28085.501,38309.338,NA,10550.569,10519.127,57631.202,NA,NA,NA,38842.405,381630.158,83107.91,126311.111,131458.864,NA,11710.497,390108.208,372536.081,NA,NA,22415.954,399309.6,NA,NA,49272.088,NA,1031176.923,11582.844,107870.978,13192.042,NA,NA,10739.072,NA,142577.236,NA,54889.4,NA,43215.805,NA,NA,NA,65406.834,66310.878,NA,44648.415,27039.094,50036.105,59505.414,26031.894,NA,NA,NA,40839.895,NA,159942.336,NA,46365.23,11357.793,NA,128314.468,30715.967,NA,49260.231,11656.154,685801.34,NA,NA,NA,NA,NA,NA,19473.8,NA,97476.29,NA,NA,960823.607,NA,NA,NA,NA,134227.202,NA,NA,138721.714,195240.157,22075.649,NA,22267.47,207771.665,71085.895,75493.752,NA,NA,15337.941,NA,NA,54969.509,NA,NA,NA,NA,52548.967,NA,13997.445,NA,24386.624,29907.859,18658.148,102280.582,NA,15994.958,NA,NA,NA,NA,222114.759,NA,NA,13168.896,33927.42,NA,NA,282763.691,30396.215,21253.911,NA,NA,184702.668,NA,NA,85199.426,12543.006,14089.21,26478.972,NA,11382.63,NA,NA,92745.131,43963.278,NA,308623.165,NA,2532243.861,NA,37857.765,15723.922,27982.391,22576.258,NA,39290.034,131222.791,11385.842,1143382.289,80481.131,14164.341,32981.704,NA,NA,13771.269,31653.708,NA,32955.276,NA,NA,87502.606,30958.292,11902.967,NA,NA,10487.45,NA,53407.264,1077581.6,NA,48245.153,55007.3,1630999.082,344651.968,NA,612690.252,490053.448,63968.39,46846.022,179505.566,6115505.843,NA,99231.936,20508.607,15874.099,898113.514,215001.613,12547.228,234700.824,NA,42531.212,66491.271,NA,NA,25823.805,NA,34437.327,17600.265,NA,81658.426,45135.471,68939.342,NA,12183.057,24487.009,NA,NA,71956.507,NA,NA,NA,52025.042,11723.192,NA,17780.87,14072.258,13596.931,NA,21384.515,143811.514,34039.192,NA,NA,NA,89677.759,359076.125,344925.428,18003.907,24018.166,33862.288,39412.947,NA,31995.996,437687.56,NA,NA,NA,NA,11127.093,NA,49809.001,NA,NA,101071.1,41295.769,NA,148256.242,NA,NA,NA,135666.804,406505.132,63160.669,77644.878,18708.026,NA,NA,NA,NA,33695.011,NA,NA,NA,166184.665,NA,15913.957,237374.491,NA,NA,19785.976,NA,NA,NA,147378.837,52705.518,NA,NA,NA,1473864.81,NA,105962.242,28081.482,1271338.986,NA,NA,NA,NA,NA,13159.949,579901.778,40536.619
"IDW.1.4_2021",196266.83,20247.993,172561.469,NA,452273.554,18821.539,NA,NA,19217.071,21573.857,434352.077,31053.61,NA,NA,153413.453,11018.059,753477.455,NA,NA,NA,402239.309,362759.635,161258.789,269373.769,127837.774,NA,NA,364347.815,327095.384,NA,NA,457792.19,810115.498,NA,NA,16071.217,NA,1269325.968,NA,79849.196,15664.983,NA,NA,525636.574,NA,160066.775,NA,103474.943,NA,22782.978,NA,NA,NA,137700.698,32349.282,NA,63743.011,NA,143451.768,286456.266,135976.879,NA,16380.799,NA,91315.265,NA,266264.088,265623.569,513443.301,223947.967,NA,689542.951,24606.094,NA,78294.978,17341.424,1099736.472,NA,NA,NA,NA,NA,NA,63211.749,NA,263863.027,10299.561,NA,454478.572,NA,22498.333,10162.717,NA,317763.399,NA,15631.312,292481.845,514880.637,NA,NA,273669.087,10252.13,451429.882,436267.204,NA,NA,14627.943,NA,79361.399,128078.388,NA,NA,11382.712,NA,251013.408,NA,111904.761,NA,36394.687,375409.428,95839.864,29323.329,11614.749,184481.268,NA,NA,35079.019,NA,376177.669,NA,NA,11116.277,18246.599,21106.932,NA,600988.35,11361.743,24733.727,NA,NA,287986.868,11951.42,17758.447,127945.23,32657.577,NA,80454.359,NA,17321.152,NA,NA,563903.298,85143.186,NA,19129.339,16740.308,2200931.908,NA,601853.127,11495.052,14028.34,55416.041,19750.672,16866.485,40766.845,14566.73,34432.226,18745.647,89130.513,100860.96,NA,84403.877,12567.19,118336.152,16183.852,222145.623,14444.712,NA,58414.955,37419.519,11484.564,NA,NA,NA,NA,36458.352,4400735.077,NA,103683.735,383980.528,2036658.875,299086.931,NA,2435075.963,995250.151,82161.301,278884.238,10460.156,11817487.9,NA,NA,211628.162,220359.158,462235.564,609602.787,12073.614,768490.659,61613.761,21548.338,10801.415,11621.605,15092.552,108795.098,NA,105277.384,283452.459,NA,54154.438,110212.743,10405.392,NA,NA,NA,NA,NA,1121107.442,NA,NA,NA,228242.897,11541.453,NA,NA,68562.18,11552.312,NA,54751.633,159636.922,59425.137,NA,NA,NA,159498.967,527207.55,689210.014,21354.574,56807.872,113852.201,73615.753,NA,73591.998,902398.048,NA,45388.144,NA,14452.385,56857.651,NA,14172.903,NA,NA,49226.972,20546.071,NA,97155.57,NA,NA,11010.537,106383.68,973055.254,163085.229,205355.889,64120.535,NA,NA,NA,NA,54119.374,NA,NA,NA,436165.632,NA,NA,495719.678,NA,15724.972,29561.412,NA,NA,NA,228037.026,23710.52,NA,NA,NA,2210827.788,NA,113380.334,12911.098,1970510.485,NA,NA,NA,40002.119,NA,55179.544,633982.403,46856.858
"WAT.1.3_2021",62570.238,NA,11190.505,NA,NA,19292.236,18843.331,15751.419,14627.894,13049.802,435491.477,NA,80262.034,15771.704,NA,NA,675834.318,26327.538,NA,NA,60984.499,NA,88375.034,115333.29,141319.673,5054181.185,NA,NA,NA,NA,10544.628,51521.208,530914.592,NA,18217.934,NA,18509.525,18511.966,47593.314,39759.384,18606.346,NA,NA,30659.609,NA,NA,NA,76475.391,NA,NA,NA,NA,NA,93516.367,97175.258,NA,72907.809,NA,87527.318,NA,15830.158,78074.032,14691.504,NA,NA,NA,82686.741,33328.191,195416.585,185751.78,NA,657892.585,NA,10249.873,133042.121,17860.282,645240.778,NA,NA,10040.069,NA,NA,37561.407,66479.24,NA,79209.741,27211.062,29237.703,273607.015,116977.485,10716.887,NA,NA,443114.527,20064.185,NA,110773.331,736912.444,10981.096,NA,200777.549,10247.577,312458.241,99692.919,NA,11231.042,17674.526,NA,29576.225,59477.084,NA,NA,NA,NA,93700.243,NA,51664.2,NA,17143.357,NA,99863.109,NA,NA,253622.79,NA,14996.354,56217.979,NA,NA,NA,39354.078,60465.64,48181.23,NA,16393.806,255407.411,1906784.77,NA,39627.753,19891.588,211649.074,29480.036,NA,57712.429,11147.145,NA,19291.949,NA,7983073.951,NA,NA,104527.738,40115.623,12341.235,29141.283,12893.578,2148499.754,NA,47703.038,NA,NA,51873.286,17222.521,17335.245,NA,12752.026,13237.391,16021.151,132945.604,19420.423,NA,67278.336,15179.019,11077.19,NA,76771.13,40236.019,22558.605,NA,11191.297,10558.708,NA,NA,NA,NA,NA,392424.501,NA,58884.264,NA,563716.402,NA,NA,3932614.104,403258.899,88292.56,46016.126,35651.425,5575966.173,NA,116918.357,26484.16,12675.165,282518.385,NA,NA,207052.486,23512.369,NA,11596.441,NA,NA,66641.108,NA,60971.564,10469.511,13263.485,NA,50937.778,21895.895,NA,735302.67,1045052.98,877758.48,NA,15893.676,1067772.427,558038.115,91427.188,180726.529,395869.161,NA,NA,NA,NA,NA,62783.962,64045.559,13678.555,NA,NA,NA,119203.239,441633.263,141639.242,11771.582,15566.657,20350.956,52769.465,NA,32389.418,411246.537,NA,NA,65156.703,11862.285,NA,NA,15233.124,NA,105222.527,79118.022,46923.55,NA,79171.986,115555.437,157337.08,NA,51788.784,287467.654,28981.939,38231.811,23831.112,NA,NA,NA,NA,39253.227,185674.747,NA,NA,372025.184,NA,NA,418585.774,NA,24342.784,38843.617,NA,NA,NA,57141.423,55706.392,NA,NA,43593.8,1147832.458,NA,31327.668,12722,1144044.212,18808.886,NA,NA,25473.924,12253.583,43321.93,NA,65465.493
"WAW.1.3_2021",NA,NA,112624.883,NA,NA,72955.687,59915.835,25827.054,NA,23590.777,436280.695,NA,NA,NA,NA,57220.118,64597.671,NA,NA,NA,12949.279,NA,77221.833,327595.227,336440.79,44601.393,NA,NA,NA,NA,25130.368,NA,292624.89,12624.034,297292.875,NA,15685.595,NA,165148.436,146963.35,21150.296,13276.738,NA,17081.204,15447.803,NA,NA,65380.557,NA,NA,NA,14703.812,NA,11251.824,140413.21,19747.918,96819.666,NA,59650.665,NA,NA,12579.003,15463.808,NA,NA,NA,96900.188,NA,16190.034,17666.86,NA,89517.735,63463.874,15350.712,NA,NA,820118.241,11930.987,NA,NA,NA,NA,NA,26539.752,NA,72867.552,NA,275948.477,1481266.553,NA,NA,NA,NA,120385.01,149998.484,NA,106908.063,124636.779,NA,NA,NA,940011.896,10099.904,56183.82,NA,NA,23287.104,NA,NA,37173.306,57008.851,NA,NA,NA,12023.571,NA,28985.173,NA,NA,NA,12570.228,194883.39,NA,84883.567,NA,NA,94856.427,NA,11075.378,NA,197706.888,269863.405,25554.39,39684.985,NA,48821.785,19276111.18,NA,NA,43980.744,73962.009,641610.15,NA,24789.124,321898.13,NA,NA,NA,14243.85,NA,NA,NA,64574.762,24603.983,12373.964,NA,617483.003,NA,38875.139,36546.188,NA,27681.785,NA,NA,36654.819,24065.395,NA,12574.373,26707.882,38802.982,NA,NA,51874.873,30007.634,92545.961,NA,NA,NA,NA,25373.554,50391.967,24455.63,NA,421902.402,25026.578,NA,21249.058,NA,35080.026,10510.715,329426.683,NA,NA,980661.185,538615.244,15196.974,133496.933,297015.213,6859550.574,NA,300153.71,140475.95,20608.133,94564.064,NA,269586.596,614947.803,NA,26850.699,28245.947,NA,21428.615,255010.306,NA,274696.245,38391.172,19184.221,NA,56633.449,68959.584,NA,1561096.398,630952.912,442582.231,NA,15921.91,366340.606,106416.068,22801.376,13084.867,151496.075,35641.389,NA,28953.816,644422.109,NA,49916.864,96517.595,19169.117,NA,NA,NA,279456.882,650600.419,463940.748,21520.951,81089.806,181263.82,10270.789,16270.133,NA,974790.188,NA,NA,NA,NA,11279.599,NA,50570.06,NA,53802.168,NA,85842.107,NA,124812.885,160870.415,216043.361,45763.622,12505.347,280498.701,153045.413,92038.44,18987.498,NA,NA,NA,NA,14725.954,37857.925,NA,NA,26420.871,NA,NA,14555.63,NA,26570.825,23961.067,NA,NA,NA,62652.258,58921.628,NA,NA,78268.907,941984.74,NA,29021.284,15348.52,838437.209,51876.03,NA,NA,12890.322,765071.625,NA,NA,23559.486
"MTW.1.2_2021",23037.959,NA,210904.186,202785.642,NA,NA,72641.044,NA,NA,25433.575,249979.762,NA,143392.958,86644.446,2267220.515,17741.864,77475.87,NA,1177030.144,17540.154,48000.436,NA,128585.745,101136.79,98430.441,45588.862,NA,13070.291,NA,17086.171,1861485.757,27020.568,214262.93,57708.739,NA,83002.566,12913.577,37371.231,53959.622,89276.652,12592.197,NA,NA,10521.887,45645.783,NA,36204.724,19550.528,13851.178,22867.737,NA,25940.403,NA,NA,147874.261,NA,65042.559,65644.318,18848.232,NA,69447.137,112097.075,NA,NA,49438.677,NA,70166.338,NA,NA,NA,NA,27231.154,86329.878,15458.943,95471.498,24906.038,873979.225,NA,199922.1,NA,187910.633,37714.967,94216.295,90937.111,NA,388445.362,12069.779,NA,713182.421,NA,NA,NA,NA,85179.87,170268.598,30073.599,600644.67,57735.698,3812962.227,NA,NA,724833.649,14540.067,189125.967,NA,NA,19109.221,NA,10810.75,532445.093,15638.344,NA,41012.182,NA,696488.425,65633.426,NA,310930.179,NA,NA,15804.11,219336.827,50680.514,124743.422,NA,21178.261,NA,NA,10390.894,NA,14753.49,17020.269,48811.086,11321.755,NA,146172.185,109661.723,NA,NA,NA,95743.509,NA,NA,51116.508,NA,4146253.735,112741.41,NA,38506.424,NA,52150.302,103891.334,158863.336,17973.908,13634.038,NA,4048571.727,NA,377366.561,NA,119364.141,19302.88,NA,10595.708,29277.896,74551.764,15055.765,NA,NA,NA,NA,NA,NA,20566.662,28283.315,11130.121,NA,NA,NA,119986.304,14238.818,25467.766,NA,NA,NA,NA,NA,NA,141081.777,30438.042,678055.153,NA,NA,3237684.005,666080.368,64219.024,NA,33481.331,2420818.008,10108.659,40206.239,27315.287,NA,351499.52,18372.596,NA,48548.277,NA,NA,71820.888,16193.586,NA,22241.699,NA,19425.618,NA,NA,NA,NA,11953.714,NA,147159.141,221248.776,60712.717,NA,NA,714148.509,258819.459,50526.108,15413.691,241611.967,NA,NA,NA,212063.269,NA,NA,15481.746,42768.182,NA,NA,10271.749,NA,NA,78598.796,14846.889,100979.556,54604.346,36394.527,NA,22226.33,538274.152,NA,93118.092,NA,NA,119258.374,NA,164814.261,NA,189697.464,139425.696,70363.094,NA,80663.332,49998.58,68502.78,NA,NA,260802.966,120422.751,78659.509,57231.412,NA,52772.722,15713.775,44756.366,36825.968,11832.559,13108.205,NA,NA,NA,NA,29155.379,35360.837,90660.746,37728.164,101759.126,37154.422,656245.013,29381.114,46070.527,14026.779,NA,43018.255,828851.13,NA,35644.195,11992.404,675844.247,325825.972,1726546.267,52169.716,NA,675894.66,NA,NA,NA
"IDW.3.4_2021",NA,NA,17605.866,NA,88455.56,NA,NA,NA,NA,13355.834,100877.917,11998.168,16931.727,NA,39468.804,NA,433191.345,NA,NA,NA,131557.107,367059.997,69102.206,457647.113,37042.004,11702.819,12221.762,560019.722,546587.439,NA,NA,142172.795,162668.975,NA,NA,13457.861,NA,465778.135,15021.082,73477.93,16000.432,NA,255357.469,301911.03,NA,33582.368,NA,109520.382,128268.372,NA,NA,NA,NA,23006.052,35388.78,NA,16257.45,273289.433,17115.606,35046.399,11571.942,NA,186939.407,NA,11490.209,12023.828,45682.604,66834.425,180250.012,172140.326,NA,171202.72,NA,NA,19773.528,327489.113,336777.272,NA,32529.342,10100.783,NA,NA,NA,30795.678,49522.72,149218.794,18899.156,NA,250865.583,NA,16374.801,23401.968,NA,141471.244,NA,NA,98576.644,250189.801,10227.758,NA,31265.665,125961.306,70711.91,163117.62,NA,NA,NA,NA,15918.499,37986.775,NA,NA,NA,NA,NA,NA,NA,NA,18756.703,35622.237,61161.979,20468.465,49721.586,40976.992,NA,NA,NA,NA,285763.12,NA,NA,NA,154736.053,NA,NA,126751.132,17607.986,NA,NA,NA,35443.392,NA,NA,10542.624,11107.298,NA,55615.661,NA,11033.75,NA,NA,23598.139,22847.272,NA,1248707.298,NA,896046.414,NA,12627.244,51788.65,NA,NA,NA,NA,55124.474,10270.292,420717.302,19572.076,274769.915,NA,NA,98818.827,17813.036,NA,NA,17858.279,10132.393,18944.742,45338.474,27594.281,11747.91,NA,NA,NA,NA,NA,1235204.654,NA,157540.171,334654.66,1270150.431,2572042.071,NA,180705.132,572748.456,25113.662,43894.439,93876.8,4562910.429,NA,32762.81,11866.881,426202.295,124779.135,29896.071,12191.305,145886.969,NA,16656.328,12868.419,NA,NA,18542.789,NA,30600.867,33070.481,742952.982,1108313.717,22170.302,926353.416,NA,NA,NA,NA,12667.425,676562.779,13114.725,NA,352467.383,33334.941,NA,NA,NA,188205.896,457822.152,NA,NA,31031.108,21491.762,NA,NA,15528.299,112114.888,410561.605,290568.541,NA,46688.184,99558.216,18607.477,12387.439,66267.088,813608.303,NA,18893.52,NA,NA,30080.639,NA,13227.687,NA,NA,65634.338,16728.26,NA,92647.76,NA,NA,NA,124075.491,128413.31,33383.007,35492.298,19891.719,NA,NA,NA,NA,38551.952,NA,11390.944,NA,72275.11,NA,101425.192,82274.517,NA,NA,16424.57,NA,NA,NA,38655.646,45685.12,NA,NA,NA,933421.751,NA,79935.912,NA,790133.864,NA,NA,NA,NA,15271.691,NA,537202.806,11340.159
"COVW.2.7_2021",NA,73765.379,305813.437,NA,NA,41884.277,NA,273717.841,NA,12657.558,215706.931,NA,NA,36297.107,10185.34,663704.264,152203.863,38787.451,NA,25943.354,46787.686,NA,92988.488,40405.684,53070.604,93110.069,NA,NA,NA,22508.696,NA,24017.09,456284.954,410859.288,55640.45,12361.42,231014.298,NA,235527.571,66422.602,31802.692,175941.999,NA,15013.928,379367.738,NA,53222.077,10976.226,NA,NA,17492.224,699353.071,NA,28704.284,45685.682,748552.324,136587.924,14185.085,12736.929,NA,19177.159,16884.203,15188.975,NA,19209.373,130330.003,15301.65,37497.395,11865.56,14270.041,NA,24920.895,95971.161,245905.885,16378.017,24380.256,377182.396,201215.222,122154.319,NA,50005.937,18534.613,10224.543,16567.924,NA,382694.693,NA,144451.37,433046.293,NA,NA,NA,NA,230923.271,146548.698,114952.164,377873.957,250710.9,NA,76961.699,NA,499624.902,26947.773,267048.676,NA,36050.931,NA,14356.246,NA,NA,45144.429,NA,24131.917,33569.037,12865.844,NA,NA,76229.01,46167.981,NA,NA,285291.003,11990.495,42191.569,176435.63,473198.155,77265.626,NA,10736.573,10066.802,362511.307,552661.267,26096.873,58924.317,NA,55577.721,80502.156,NA,111571.448,12418.742,131725.47,270370.829,NA,18579.368,39228.424,12226.15,72349.442,NA,21398.883,11439.248,115734.743,21280.507,17401.993,18876.556,11505.081,973314.29,3120194.477,NA,346201.527,11323.144,37521.722,11381.558,NA,10611.561,42251.42,548067.348,52791.707,NA,14988.019,NA,NA,NA,14185.976,30704.975,1396095.122,NA,NA,10890.695,16271.344,484493.696,20951.079,24294.343,NA,1549763.941,12321.069,43471.063,13575.87,NA,200554.913,417521.977,524014.785,NA,24683.501,1557522.169,293165.053,18627.262,84953.502,2613604.907,1675439.813,NA,108218.289,65391.292,NA,317117.544,NA,2720725.899,327663.826,NA,29041.411,132663.095,NA,NA,114098.009,77878.436,101856.907,NA,25687.151,NA,12233.396,17519.196,NA,2197619.918,NA,4616748.541,2770523.627,59925.372,248001.489,52011.51,15110.101,69993.068,77717.024,15037.24,NA,NA,19644.872,NA,NA,89185.969,44042.845,139153.338,NA,12624.467,NA,46110.064,189142.015,NA,121179.222,154200.537,25106.18,18828.634,NA,578649.507,NA,NA,NA,NA,10997.347,19903.177,31573.206,11882.829,19267.07,17621.208,137320.634,36569.519,66882.911,538770.208,602680.233,26029.455,10216.517,426068.679,49437.032,19510.674,22141.606,NA,20118.285,96478.3,53004.142,42207.257,NA,1085301.502,623415.036,84695.485,86187.784,NA,104798.303,NA,NA,18561.003,NA,NA,NA,118034.201,23080.994,21490.547,1181637.868,1970870.298,1113389.037,NA,95954.355,1291602.866,1032896.166,16773.416,11727.214,511361.006,NA,NA,NA,NA,196361.493
"ORT.2.4_2021",92611.858,NA,10034.761,NA,NA,NA,49317.71,42139.798,22267.336,42033.765,123978.513,NA,27076.424,19959.506,NA,NA,1708270.57,28359.003,NA,NA,212914.649,NA,139460.653,130449.12,292372.835,5060664.187,NA,NA,NA,NA,12733.541,202801.158,521702.088,NA,25495.988,NA,17851.114,12407.732,53280.089,108043.538,14261.038,NA,NA,79322.481,21728.5,10623.696,NA,94791.121,NA,25348.188,NA,NA,NA,26649.165,173521.672,NA,103817.301,NA,66816.61,NA,NA,161538.808,45106.126,NA,NA,NA,126979.119,177914.931,72306.978,115546.474,17965.511,1252560.943,NA,12727.817,97751.817,13763.869,875534.54,NA,NA,12811.235,NA,NA,108798.593,101162.549,NA,179728.273,47145.044,60013.756,278887.034,531985.259,NA,NA,NA,472904.626,NA,38793.94,431218.259,909510.585,NA,14923.371,173711.149,14150.655,387517.589,230461.827,NA,31339.29,11435.185,NA,41730.455,36892.507,NA,NA,NA,NA,13167.497,NA,60332.407,10087.983,22109.296,NA,125380.828,NA,NA,382084.743,NA,11776.47,12225.485,NA,12954.273,NA,50152.978,39077.526,179357.946,10660.11,NA,474548.544,2270055.516,14442.707,28403.49,NA,124342.731,22224.239,NA,123949.407,21144.332,NA,32297.006,NA,12334344.8,NA,NA,47488.529,30490.779,30673.861,33589.381,17980.372,2153685.03,NA,22027.724,15349.7,NA,73146.954,NA,25663.827,NA,NA,11263.306,20009.049,245594.168,27066.682,NA,10011.502,11645.171,35766.511,NA,45536.614,10277.997,NA,15322.982,32995.065,18540.422,NA,NA,NA,NA,NA,10893.272,NA,84413.068,NA,718521.092,NA,NA,3919946.932,440879.421,88818.224,87787.861,13373.124,6546075.597,NA,119524.84,30265.42,11627.334,94691.851,14447.036,10422.134,237854.079,50409.183,15515.185,18479.347,NA,13123.453,201437.311,NA,232307.353,NA,17034.305,NA,31214.895,12197.054,NA,905505.2,1388554.856,1143498.247,10953.566,NA,1063685.05,411677.201,38366.775,124331.505,342288.918,NA,12436.896,22220.347,NA,NA,118755.788,12236.924,16537.824,NA,NA,NA,40906.313,375469.184,420935.321,NA,13080.045,79847.756,44473.51,NA,40851.025,714930.189,NA,11819.653,44364.13,24826.507,10218.82,NA,50457.371,NA,112337.694,92224.018,55886.325,NA,98703.776,166758.583,221524.672,NA,86079.313,430600.017,71401.286,78464.362,217869.136,NA,NA,NA,NA,24362.277,173814.094,NA,NA,285331.209,NA,NA,406079.996,NA,54196.347,37352.468,NA,NA,NA,69603.822,48625.204,NA,NA,113610.985,1744524.032,NA,57088.955,16674.168,1563548.294,21376.434,NA,NA,140101.6,72123.707,162288.473,NA,114388.459
"ORT.1.9_2021",81194.466,NA,47932.209,NA,NA,25902.149,104278.334,58662.859,12583.557,28845.165,288842.603,NA,111555.619,11337.685,NA,25129.857,1556691.111,71611.186,NA,13000.002,386863.814,NA,185107.859,70084.24,75801.178,10437901.5,NA,NA,NA,NA,47872.133,409456.649,729815.557,NA,28922.563,NA,19702.512,11723.289,113485.701,138890.327,61649.055,NA,NA,62884.216,10065.281,NA,NA,120647.253,NA,116928.722,NA,NA,NA,155716.32,166057.865,18803.501,114720.428,NA,127800.381,NA,16886.636,174970.399,35938.717,NA,NA,NA,200598.575,221247.056,303505.945,205213.304,10520.993,1293993.661,NA,13060.921,92266.889,27056.861,1164289.371,NA,10757.343,41864.181,NA,NA,155647.222,70288.726,NA,289027.041,11984.158,75501.264,290813.788,154444.815,NA,25067.265,NA,698520.391,NA,16128.69,432681.089,1165550.083,15018.977,21536.712,230423.589,11916.963,358769.58,417517.999,NA,37533.477,16487.26,NA,82865.25,11701.821,NA,NA,12334.964,NA,56899.458,NA,29666.635,15528.586,23243.396,NA,143353.802,21421.408,10340.583,156729.295,NA,13466.937,12558.328,19924.887,15127.1,NA,77819.573,94668.804,214382.225,40641.296,17992.883,868170.577,4752297.436,NA,96370.934,22309.475,120037.42,56124.66,NA,207472.247,25696.816,NA,132737.921,NA,12844468.84,NA,NA,92126.285,119783.975,11491.058,47433.992,44431.891,4607994.805,NA,31647.512,NA,NA,10122.262,NA,11921.58,13908.396,NA,19943.837,194023.554,126831.676,52238.064,NA,12865.377,11276.627,79103.7,28261.338,46210.167,10684.483,NA,26563.919,108455.007,38383.688,NA,NA,119076.114,NA,NA,12922.063,NA,314224.241,223858.918,600993.884,12339.562,NA,3985527.803,361286.538,56484.734,177812.678,24254.052,7193791.832,NA,31553.21,12674.061,11413.679,342575.681,22082.945,80441.525,578292.262,71841.734,37321.898,14241.627,NA,17294.543,212054.333,12165.87,230972.006,NA,12216.459,NA,33117.864,36780.044,NA,1662359.639,1662992.924,1653176.436,NA,91934.612,1207539.002,514040.474,75900.249,110022.645,398650.863,16428.931,10759.051,22648.48,274845.754,NA,102969.869,64247.856,13882.996,NA,NA,NA,289759.405,777282.276,639144.047,NA,159110.406,200464.931,112715.387,NA,45522.267,873653.223,NA,NA,137551.212,12374.769,NA,NA,44104.045,NA,119919.157,137578.404,108371.461,NA,109436.558,316521.602,442869.773,NA,15149.853,602344.878,103332.339,138082.86,109758.532,NA,NA,NA,NA,100735.297,271939.134,NA,NA,453809.779,NA,NA,638256.816,NA,77151.29,54435.628,NA,NA,NA,209085.258,71570.172,14700.17,NA,279667.193,2233443.816,NA,36154.804,18863.452,1905473.471,48040.304,NA,NA,130592.222,68106.683,156085.407,NA,15490.362
"IDW.1.2_2021",34499.298,13499.077,60525.345,NA,345701.75,NA,NA,NA,27871.833,14644.89,405228.592,13541.512,NA,NA,140428.093,14189.514,1051418.509,NA,NA,NA,164994.896,356870.005,105830.391,289745.184,70522.384,NA,NA,351724.995,314300.793,NA,NA,187216.251,248406.931,NA,NA,60100.699,NA,1045642.545,13844.694,90761.558,32563.749,NA,NA,394444.293,NA,132026.408,NA,78008.788,NA,13457.846,NA,NA,NA,126428.906,123948.773,NA,95868.647,NA,240696.828,78354.425,NA,NA,NA,NA,28910.184,NA,217792.409,171428.338,351233.12,135886.837,22713.147,791248.71,NA,NA,NA,10085.703,757854.566,NA,NA,NA,NA,NA,NA,52575.472,NA,174057.092,17752.788,NA,460311.525,NA,28215.289,11776.18,NA,465203.016,NA,NA,300633.731,976107.003,NA,NA,204669.406,15022.767,196475.299,552605.933,NA,NA,35102.773,NA,27895.449,75156.225,NA,NA,NA,NA,144787.224,10661.999,82831.07,NA,10955.613,196244.781,86495.743,28373.933,18973.611,97340.114,NA,11727.174,NA,NA,183221.302,NA,NA,12781.104,75585.57,NA,NA,359239.485,76863.098,NA,NA,NA,84334.1,NA,16726.904,52993.887,10222.563,NA,30829.266,NA,24094.572,NA,NA,31303.913,38390.452,NA,14896.008,NA,1959674.681,NA,96533.977,67545.293,30344.195,NA,12849.603,11990.493,22884.435,NA,NA,60081.409,18021.401,28318.311,NA,55407.849,NA,15177.487,10168.971,75685.752,16846.541,NA,38182,46518.28,NA,NA,NA,11632.672,NA,12761.943,1161552.088,NA,50641.107,440470.362,1444375.686,207996.73,NA,2037977.67,611574.115,42586.004,109617.251,1093859.301,8128046.647,NA,11904.813,221873.621,213247.497,198231.088,328324.17,16543.066,541935.45,NA,18382.169,19368.908,NA,10092.319,160309.732,NA,178928.15,59749.85,NA,107671.963,85730.975,48834.311,NA,16051.504,NA,NA,NA,906455.258,10927.909,NA,11143.429,85857.644,16228.627,NA,NA,53263.882,12718.003,NA,32283.396,144742.082,36959.273,NA,NA,NA,45141.074,261714.585,427853.949,21571.319,21675.5,91170.467,NA,NA,36494.893,864985.873,NA,22410.886,NA,14554.634,68953.326,NA,39367.048,NA,NA,NA,NA,NA,79990.902,NA,NA,NA,56420.207,206339.26,89675.935,118648.159,NA,NA,NA,NA,NA,87227.486,NA,NA,NA,383917.662,NA,NA,502733.715,NA,NA,12069.619,NA,NA,NA,142810.902,40935.363,NA,NA,NA,1361382.966,NA,59844.646,22879.439,1137741.447,NA,NA,NA,69402.919,13527.408,94245.27,490102.879,17745.946
"CAT.1.1_2021",20491.846,NA,NA,NA,NA,NA,10279.09,46644.512,12840.008,13181.323,304514.281,NA,41746.948,14097.45,NA,NA,1065705.197,38851.155,NA,NA,155214.986,NA,125086.748,127782.068,175104.637,5650351.951,NA,NA,NA,NA,NA,158594.59,369846.285,NA,61162.4,NA,NA,NA,64883.692,136441.817,25192.1,NA,NA,127740.707,30784.723,NA,NA,76959.286,NA,51143.808,15197.94,NA,NA,118691.488,175586.8,NA,96132.533,NA,297963.285,NA,NA,94624.529,12562.992,NA,25849.439,NA,76193.939,78788.473,261095.325,129319.115,15126.165,802713.453,NA,24184.222,56401.021,11576.852,949516.394,NA,NA,NA,NA,NA,61440.548,82426.118,NA,279699.608,20613.392,159124.367,282586.777,42555.665,NA,NA,NA,293632.256,NA,17556.27,439964.198,567837.987,NA,NA,196149.077,NA,144747.098,181348.375,NA,18098.606,NA,NA,55033.959,14261.045,NA,NA,NA,NA,74325.53,NA,50515.082,NA,12068.633,NA,136754.536,NA,NA,158237.518,NA,NA,NA,NA,14667.383,NA,108081.696,140970.683,49832.452,18466.37,28909.111,176427.067,7450914.869,NA,62456.875,51902.343,48259.502,146952.811,NA,59346.993,18662.083,NA,18549.44,NA,6746895.859,NA,NA,49706.221,68803.646,13390.586,37940.363,NA,2568683.947,NA,28633.973,NA,NA,38329.879,NA,11663.364,23970.984,11084.35,15402.136,12063.86,124255.067,NA,NA,50104.701,NA,54817.437,10323.346,108055.154,67166.858,19121.609,NA,65318.587,10306.214,NA,NA,62821.674,16219.225,NA,11522.083,NA,128659.734,309922.183,462596.351,NA,NA,2243946.244,193205.938,84734.871,17516.182,1245702.107,4499513.513,NA,229028.386,101899.75,16810.052,315465.79,NA,31614.969,38905.637,28336.638,19332.221,NA,NA,NA,159880.468,NA,195684.36,NA,13796.449,NA,NA,24882.609,NA,1003117.512,NA,1133325.058,1200815.182,213632.976,921790.462,414328.066,62978.084,79585.518,355144.264,NA,NA,17538.204,104685.462,10658.892,67983.757,133403.672,19717.376,NA,NA,NA,NA,23277.473,413343.78,32081.144,15809.288,66627.958,42568.512,13314.512,35023.144,442499.328,NA,NA,67017.309,18037.319,NA,NA,22303.25,10783.663,114181.928,83786.672,38121.202,NA,103131.589,205465.858,239065.496,NA,26991.417,409426.233,40731.488,35525.999,122177.222,NA,NA,NA,NA,57457.333,121961.413,NA,NA,295027.513,NA,NA,253050.632,NA,29985.428,14687.3,NA,10845.726,NA,149890.674,49200.572,11207.218,NA,87831.732,1407455.122,NA,46128.953,12659.699,1156266.985,18182.034,NA,NA,26352.614,29989.283,34629.55,NA,53358.756
"IDW.1.6_2021",70787.866,12190.892,79051.534,NA,184863.44,12649.879,NA,NA,NA,14249,156154.11,15617.12,NA,NA,69874.278,NA,239322.093,NA,NA,NA,109992.147,201811.499,116376.11,79495.183,97086.5,NA,10466.207,249221.072,213728.482,NA,NA,127339.693,344394.382,NA,NA,11210.173,NA,618771.363,10949.531,37367.457,88521.706,NA,NA,677754.712,NA,85304.571,NA,84366.728,NA,NA,NA,NA,NA,60163.594,52058.413,NA,36099.299,NA,106587.527,180046.547,NA,NA,NA,NA,11804.755,NA,166807.463,113606.558,311967.973,207371.719,16700.196,494347.684,NA,NA,39868.575,NA,484559.112,NA,NA,NA,NA,NA,NA,24428.201,NA,138889.063,11173.98,NA,332678.981,NA,19534.334,15273.068,NA,114324.769,NA,NA,173010.982,185646.921,NA,NA,169691.517,139673.092,215416.222,301465.246,NA,NA,17094.627,NA,14887.904,79534.391,NA,NA,NA,NA,NA,NA,NA,NA,24185.93,204690.384,117374.85,NA,NA,78400.596,NA,NA,NA,NA,184069.193,NA,NA,10304.06,96084.563,NA,NA,452518.086,10180.856,NA,NA,NA,227376.73,NA,NA,30104.803,NA,NA,63259.517,NA,NA,NA,NA,35600.224,19588.718,NA,17940.178,32535.734,1249415.235,NA,207010.883,14639.357,21651.059,15760.805,16238.106,11571.432,12006.319,NA,10718.348,102414.147,40947.124,71214.736,NA,12757.147,11009.06,25748.93,NA,249853.497,75853.594,NA,18553.964,35865.411,15431.594,NA,NA,NA,NA,15479.022,2869681.761,NA,121877.092,265407.113,1158320.209,213701.884,NA,653238.436,1051662.826,116435.142,73984.784,281559.79,7861173.124,NA,62777.184,205070.651,289562.145,322468.429,1253127.203,NA,287442.173,20570.752,NA,23953.469,NA,20774.659,241152.109,NA,313699.133,87518.212,13251.764,15614.44,19172.07,10477.6,NA,NA,NA,NA,NA,1190518.725,NA,NA,17112.026,78293.725,NA,NA,NA,15690.961,NA,NA,69907.041,60004.281,34448.776,NA,NA,NA,79222.507,311697.659,458044.452,NA,33533.772,125387.499,17666.166,NA,58401.64,473336.158,NA,29507.108,NA,11974.435,11067.363,NA,NA,NA,NA,31605.443,44347.3,NA,59554.407,11884.274,NA,16884.761,39305.93,253649.985,101973.052,136748.292,109096.892,NA,NA,NA,NA,10080.584,NA,NA,NA,193307.864,NA,NA,246754.921,NA,NA,21345.245,NA,NA,NA,85085.313,46174.109,NA,NA,NA,1359698.501,NA,48628.828,NA,1226432.589,NA,NA,NA,NA,NA,NA,339859.331,28349.931
"ORT.1.6_2021",31169.487,NA,11105.719,NA,NA,12248.337,37830.505,42852.689,NA,28981.412,345815.665,NA,49204.055,18228.469,NA,45272.54,1079171.399,11881.004,NA,NA,185275.263,NA,180954.464,123350.821,100297.007,3765601.252,NA,NA,NA,NA,23541.128,192968.643,327499.008,NA,270919.748,NA,15307.22,NA,78627.486,184412.035,57599.106,NA,NA,12566.869,154251.988,NA,NA,87341.396,NA,37475.986,NA,NA,NA,153691.905,205395.958,NA,87925.451,NA,144756.442,NA,37552.891,94213.011,NA,NA,23289.39,NA,161787.317,107492.873,60921.509,52085.317,12096.001,865402.807,16128.238,131114.205,76382.338,NA,1474372.629,NA,NA,NA,NA,25204.939,78074.936,15383.097,NA,99860.291,32106.646,592100.478,296068.558,25623.37,NA,NA,NA,333680.834,43063.405,53848.107,127151.77,540621.877,NA,11868.714,243989.306,12467.144,500276.768,179480.876,NA,20236.597,10647.169,NA,70912.509,41913.602,10753.318,NA,NA,NA,23825.067,NA,38751.548,28295.575,12442.266,NA,84873.743,10118.054,NA,104420.142,NA,NA,44529.225,NA,NA,NA,24277.145,375164.096,49270.924,NA,NA,79118.738,20125253.42,16675.39,11484.539,14879.508,105511.755,476199.536,NA,98004.867,NA,NA,37988.567,NA,2905477.761,13651.146,NA,17458.496,38773.16,24121.314,16120.072,19506.542,2086535.865,NA,39201.869,NA,NA,10069.413,NA,14473.112,NA,31157.914,NA,70892.604,95792.06,14164.799,NA,25373.087,NA,17502.15,NA,12356.454,NA,NA,12454.975,76171.533,120834.169,NA,NA,NA,57721.444,NA,10987.154,NA,115476.699,67165.726,248003.729,NA,NA,418777.619,631231.97,44807.007,85510.602,16876.196,8031621.267,NA,90906.715,22575.021,10677.008,108259.572,12945.045,19422.465,216890.251,51024.456,34791.716,12966.722,NA,14156.824,248199.388,NA,249806.136,NA,17225.333,NA,69835.003,13860.751,NA,795316.888,1245290.407,925430.789,NA,45345.958,779267.529,278591.068,81312.435,65989.95,283618.695,NA,29578.939,NA,NA,NA,76837.809,33839.378,11876.734,12307.176,NA,NA,263207.241,773346.691,447956.424,NA,80260.73,135038.038,32022.977,19055.763,29961.139,628729.524,NA,NA,43663.449,NA,NA,NA,21358.057,14400.952,116091.11,182020.07,121852.257,NA,123195.903,234483.406,326710.976,NA,99630.499,325174.087,50031.523,61458.077,263901.821,NA,NA,NA,NA,75804.024,167738.624,10644.165,NA,390674.53,NA,NA,547974.364,NA,54490.424,28135.013,NA,10763.698,NA,111034.111,47565.067,NA,NA,50833.525,2013344.74,NA,58806.431,13393.456,1789719.52,27516.448,NA,NA,32160.628,148001.942,61148.781,NA,19400.929
"UTW.1.4_2021",NA,230778.482,141839.579,NA,NA,57268.046,NA,89400.077,NA,11887.418,72968.666,NA,NA,94983.661,22483.931,1065989.281,73957.942,43570.52,NA,44031.283,11994.98,NA,48357.955,67950.116,83061.119,102772.752,NA,NA,NA,NA,NA,NA,347427.173,480059.941,79123.448,46386.4,62758.218,NA,74898.532,51248.464,21176.328,140697.207,NA,15820.76,200966.488,NA,NA,NA,NA,NA,62842.122,2061695.735,NA,NA,19077.054,2176331.404,40364.872,35517.346,NA,NA,11610.184,NA,NA,NA,NA,253254.338,11683.87,NA,NA,NA,NA,14121.63,53530.779,35052.239,NA,NA,285324.04,58267.773,42256.281,NA,45210.044,NA,NA,NA,NA,83515.223,NA,57860.998,371825.412,NA,NA,NA,NA,26159.592,24457.538,11848.985,295625.364,26485.659,NA,170849.51,NA,134688.751,NA,82219.719,NA,15865.688,NA,45164.809,NA,NA,29421.275,NA,16237.876,13023.655,91845.6,NA,NA,NA,14370.888,NA,10350.015,117827.193,NA,NA,194603.41,556956.986,NA,NA,NA,46582.273,205084.816,259914.062,29227.348,33655.514,NA,54065.336,46689.626,NA,140825.342,12101.29,39129.752,406629.816,18366.092,NA,NA,NA,13086.002,NA,22118.517,NA,69624.476,11429.91,81294.839,10813.344,31068.3,NA,1330014.739,NA,78332.249,32151.296,26936.169,NA,NA,NA,72424.968,1329246.557,14110.986,11711.434,NA,42571.45,NA,NA,37213.006,55253.612,10067.879,NA,343262.609,NA,22287.059,323796.605,12240.702,10634.384,NA,1220878.748,58344.833,20500.45,13104.705,NA,148125.604,19987.231,67439.256,NA,109545.508,55459.641,294541.274,48985.242,185903.457,613706.722,3512787.646,NA,30597.468,11190.542,NA,58443.301,10170.876,1953563.297,935892.994,NA,12518.953,42334.277,NA,NA,38782.428,68609.778,26927.102,NA,NA,NA,NA,16495.167,NA,1142248.744,11148.041,1717285.09,1624685.336,55735.444,91938.129,13668.414,NA,21535.801,33641.983,NA,19789.091,NA,NA,NA,NA,14372.392,19149.007,122942.367,NA,NA,40591.665,222253.154,100492.846,17309.372,69990.907,317809.358,64413.169,31752.521,NA,364791.704,NA,NA,NA,29141.766,NA,27845.401,23931.147,NA,16779.827,15682.258,256487.288,NA,46705.298,489005.976,601537.406,30723.28,NA,657311.688,40250.394,10822.82,33454.447,NA,16610.805,98762.094,23103.352,13655.939,NA,929311.213,740268.357,12314.04,111196.267,NA,NA,NA,NA,NA,NA,14294,NA,67808.195,41984.356,10202.396,1528708.724,2141407.918,625457.741,NA,13673.204,1753161.689,648798.28,11649.116,NA,182985.188,NA,109614.952,NA,NA,NA
"WAW.1.2_2021",34984.699,NA,76171.35,NA,NA,76865.707,34823.863,43221.926,19394.527,69961.944,364235.177,NA,NA,NA,NA,161389.473,698119.076,NA,NA,NA,54199.415,NA,134581.567,874821.017,889679.631,144805.148,NA,NA,NA,NA,16536.897,NA,440190.663,NA,349360.917,NA,14696.612,NA,79432.745,235695.064,30492.086,13358.97,NA,14545.718,141333.24,NA,NA,131614.551,NA,29096.065,22554.742,12853.735,NA,35691.033,166086.077,14933.953,104688.448,NA,102821.503,NA,22488.086,91161.706,NA,NA,NA,NA,159510.913,NA,75766.852,28798.284,NA,116351.784,114113.949,14023.727,NA,NA,2019943.775,23751.208,13833.246,15256.273,16836.055,NA,55126.308,13237.142,NA,135404.958,11818.965,698618.803,2236762.9,NA,10045.377,NA,NA,205506.778,22917.718,NA,192915.972,66926.899,30041.638,NA,21175.623,405656.574,41839.222,68826.268,NA,10467.208,127826.605,NA,NA,104638.327,14133.859,NA,84717.397,NA,10081.969,NA,20349.939,NA,89497.504,NA,16214.213,138563.788,NA,21672.326,NA,NA,NA,NA,19174.049,NA,63211.123,530644.861,91403.835,20015.964,NA,101943.982,25430059.86,NA,NA,23859.612,315587.436,24605.98,NA,86800.639,12969.481,14339.578,117516.358,NA,37395.096,NA,NA,36505.966,48153.371,14478.671,10751.022,NA,895523.12,NA,122755.028,236129.915,31706.686,82905.303,13319.51,NA,NA,121295.79,NA,29765.208,10208.166,29053.098,NA,109477.823,11037.15,15882.05,NA,99980.396,NA,NA,22551.255,54174.228,171544.622,NA,NA,25091.473,63942.726,NA,NA,NA,208794.319,30376.057,209701.307,17996.89,NA,1035419.846,861277.42,159707.206,125516.746,11354.743,9912848.909,NA,173973.609,68415.604,12870.03,325314.912,10118.814,13816.653,340421.368,NA,NA,101992.34,NA,18177.52,202972.204,NA,226507.042,NA,19393.182,NA,12167.99,33348.849,NA,1089715.083,1637297.072,1484235.746,NA,98575.48,958687.635,341296.261,68843.597,68580.334,309280.562,NA,38453.562,18886.644,18848.662,19455.846,33920.952,35891.376,96842.587,41660.818,NA,NA,78395.066,371528.762,342364.374,NA,102928.363,150667.241,42134.081,NA,37560.394,594947.196,NA,NA,10917.509,57833.675,NA,10539.045,133440.848,NA,115181.97,33735.571,199397.296,NA,233064.783,253012.957,279804.4,NA,33370.635,435377.215,109257.038,111208.697,30711.795,NA,NA,NA,NA,55849.349,58295.222,NA,NA,63047.554,NA,NA,30823.772,NA,50090.386,22346.383,NA,NA,NA,87055.66,43000.183,NA,NA,159239.225,1388431.661,NA,116455.568,25338.066,1322418.167,21562.526,NA,NA,32198.001,223499.08,12653.955,NA,13115.791
"NVTW.1.10_2021",106970.277,NA,NA,NA,NA,20683.271,19087.465,13754.479,NA,17652.204,250138.195,NA,NA,54190.385,NA,12559.894,140720.834,34172.142,NA,10055.802,123717.297,NA,83617.784,43168.204,37789.404,7101028.261,NA,NA,NA,NA,NA,124923.44,199612.542,NA,12561.866,NA,NA,NA,79709.277,105736.808,29959.818,NA,NA,267692.824,10018.839,NA,NA,98380.484,NA,20055.46,NA,NA,NA,79297.946,76067.421,NA,55242.026,NA,46047.694,NA,NA,488927.364,NA,11095.936,51427.212,NA,105823.528,43677.165,356059.585,296303.462,NA,480786.247,NA,58094.224,62166.978,10441.678,412161.296,NA,NA,12755.575,NA,20155.517,310580.92,NA,NA,124052.736,30083.687,45437.742,146902.034,161912.419,NA,NA,25004.767,101904.747,NA,26271.618,145125.03,143304.524,31003.048,NA,291183.086,99859.105,375444.889,127640.785,NA,NA,NA,NA,61005.976,19446.538,NA,NA,NA,NA,20302.347,NA,31926.057,17213.933,NA,NA,104654.443,NA,NA,30133.038,NA,NA,NA,NA,NA,NA,35851.54,37580.346,193630.234,15215.781,18555.585,279991.379,2716758.365,NA,22564.858,96635.384,14500.333,38976.838,NA,42951.599,14087.44,10724.45,19755.453,NA,10332995.19,NA,NA,NA,38609.474,38126.522,46822.732,29708.141,2295324.791,NA,12696.833,10304.518,NA,47861.721,15148.759,10553.082,35396.366,NA,NA,61917.927,73764.174,105753.934,NA,26159.746,NA,33460.216,10074.869,144801.774,39796.628,10819.359,NA,65053.054,10478.673,NA,NA,32022.905,NA,NA,14091.608,NA,110242.655,97387.798,110439.948,NA,NA,259121.755,261493.797,14517.711,114728.532,185698.559,4062075.633,NA,17201.231,32131.565,12590.957,250482.203,NA,15661.746,524879.159,46218.525,26249.146,11220.467,NA,10182.499,148473.474,NA,154680.692,NA,32578.134,NA,56378.675,31572.581,NA,650214.078,NA,538292.046,812155.036,99325.594,3428758.849,3060473.999,271908.842,58874.072,1307894.03,14463.063,NA,NA,207551.516,NA,95325.776,327759.621,10905.281,NA,NA,NA,172146.701,524734.059,398016.354,24043.993,61182.731,99432.681,34801.466,NA,50310.562,643346.771,NA,NA,89570.245,NA,19340.281,NA,NA,17524.275,486297.511,NA,92419.505,NA,93259.492,89080.424,99099.822,NA,80398.459,189558.418,37629.948,62123.33,109138.582,NA,NA,NA,NA,37381.724,184893.479,NA,NA,214721.817,NA,NA,280817.264,NA,174972.219,16045.69,25924.863,39230.902,NA,81610.405,64925.66,10103.112,NA,38712.923,1064109.932,NA,18827.809,14915.897,906651.541,34494.032,NA,NA,12618.589,37814.023,NA,NA,NA
"CAT.2.4_2021",65059.337,NA,40265.782,23875.84,NA,12421.319,83850.138,NA,NA,13398.808,238478.776,NA,148353.255,90815.644,11136.073,173414.58,439783.664,NA,NA,NA,102956.066,NA,108407.3,128729.65,150690.141,61862.792,NA,NA,NA,NA,13258.962,99063.972,317488.115,54932.412,312048.799,12761.242,12196.352,NA,19720.714,78150.307,13406.581,NA,NA,113095.15,214632.543,NA,NA,77280.217,NA,10687.463,15855.787,NA,NA,50198.676,82770.676,19792.045,21670.493,NA,92465.256,NA,35690.315,18774.868,NA,NA,74881.535,NA,61405.032,39260.152,168172.457,140884.393,NA,337215.668,NA,54145.895,47265.895,10171.087,506183.228,20678.093,NA,NA,27217.456,30790.204,NA,32788.528,NA,192493.556,NA,359998.177,197147.668,NA,NA,NA,NA,71319.836,94918.572,17610.364,272301.295,239344.805,NA,14139.646,142801.1,16512.981,215540.73,113734.565,NA,NA,NA,13997.225,11146.202,23056.314,NA,11069.348,NA,NA,28908.477,NA,20059.244,NA,NA,NA,46916.228,NA,NA,101582.805,NA,NA,29233.709,NA,22513.804,NA,15324.714,365605.824,67842.482,11089.251,NA,12340.183,18762301.46,NA,NA,497740.088,NA,520410.142,23751.241,20996.466,NA,NA,21193.249,NA,27082.992,13104.131,166958.611,56486.624,196768.66,64389.683,22621.71,NA,844465.338,NA,13646.713,59899.975,NA,20291.703,NA,35464.889,25900.278,111377.454,NA,21554.816,48034.944,30828.101,NA,11359.319,118079.985,13654.611,13768.518,33104.743,10034.83,10884.968,NA,88899.388,50707.343,NA,NA,256230.734,68106.612,NA,NA,NA,33402.815,NA,181256.595,NA,NA,463136.458,201237.904,52654.488,85701.118,208874.081,5080566.292,NA,86868.174,18694.025,24894.22,301128.883,NA,381647.299,351581.878,NA,14213.688,11227.861,NA,NA,106176.415,NA,115187.821,16986.744,10984.308,NA,380559.262,10061.246,18159.7,131944.174,NA,NA,13963.149,NA,24588.675,NA,NA,42339.333,18275.529,NA,13708.51,13066.351,35259.677,NA,107018.887,40528.088,NA,NA,NA,NA,NA,44954.96,543124.562,22032.697,131443.405,220532.552,31598.429,NA,27482.908,617463.093,NA,10352.321,NA,30606.388,NA,NA,10106.01,NA,710990.23,443931.041,228769.086,NA,62107.975,29892.294,21710.323,159544.676,12744.186,277352.475,36730.141,26575.843,57383.757,NA,12817.11,164503.239,351984.905,62666.613,72225.804,144740.005,32591.034,155510.399,NA,NA,80676.981,12033.779,321826.737,13542.856,50107.614,65076.263,NA,113787.008,40162.019,NA,71848.16,269526.585,1251108.31,NA,134648.779,122548.485,1116864.705,129452.968,NA,NA,12157.634,41114.495,NA,NA,NA
"NMT.2.3_2021",NA,NA,47623.266,NA,NA,11371.722,NA,NA,NA,11842.206,165582.681,74789.726,NA,NA,NA,NA,690255.991,NA,NA,NA,45187.197,NA,36942.01,321840.634,363754.026,36204.334,NA,NA,NA,NA,22152.139,NA,160792.63,NA,NA,14515.916,12002.289,NA,19895.774,107604.939,11245.628,NA,NA,12107.451,NA,NA,18704.167,38316.334,27065.807,NA,3249593.243,355381.507,NA,26654.945,114284.4,NA,73480.703,11138.966,78264.924,NA,144596.716,28242.906,83796.053,NA,443772.976,38247.868,20740.362,59120.988,58636.193,43184.32,NA,313383.527,20463.935,17667.83,13888.451,17739.879,418536.791,NA,11444.209,NA,NA,121597.978,NA,10958.044,80038.301,81392.898,136192.626,NA,342060.898,NA,NA,NA,1109009.963,232860.727,NA,NA,140345.058,423350.445,28142.982,NA,16841.4,91834.564,91931.833,88501.456,169289.464,NA,34048.048,NA,15901.743,NA,NA,19179.91,36864.388,NA,14028.536,148233.002,NA,NA,11881.712,NA,43120.796,16766.79,10115.067,95115.133,12305.55,NA,NA,NA,11973.691,NA,11872.055,31677.974,49288.845,17208.837,16738.722,58581.669,25361.242,109261.096,NA,36364.182,132461.271,NA,30008.923,NA,143448.748,14258.494,67849.274,29014.988,48123.432,NA,13774.443,263269.633,97665.72,NA,14871.333,NA,2878474.138,158016.921,52184.839,NA,69674.386,432290.64,NA,198963.236,NA,NA,19558.835,15681.744,76167.78,19115.444,79851.815,14372.793,11104.819,NA,15135.845,NA,133374.24,15304.158,23064.128,61173.828,NA,169135.572,NA,41587.122,NA,115168.237,14510.711,22562.135,235226.94,83834.586,102292.706,NA,248773.081,480279.707,324311.718,406917.022,40992.469,13604.376,1079630.192,6468239.702,8638702.993,15161038.1,11555.804,35362.751,222149.592,25695.195,23519.152,13092.273,690610.57,18920.046,971058.452,2539229.147,76402.236,NA,NA,34097.636,15424.941,16926.102,NA,15638.96,NA,395990.854,NA,NA,NA,16320.871,26877.321,NA,204441.029,10872.58,995592.382,1579372.406,17135.284,820251.773,1568282.568,2816916.499,NA,NA,54366.354,NA,NA,24045.469,42839.642,256249.866,51287.906,NA,59813.981,117360.78,17336.546,26801.168,NA,360962.791,NA,10461.443,NA,122325.207,47820.472,NA,17558.955,NA,25222.335,NA,248114.402,632490.201,91538.505,NA,NA,15368.615,NA,84851.646,15587.586,20180.816,292702.739,NA,10642.632,NA,NA,24918.375,NA,NA,NA,122380.356,NA,NA,179447.191,13159.72,NA,22701.939,NA,NA,40226.544,47800.463,32137.939,NA,NA,NA,563170.432,NA,50319.333,NA,433781.046,NA,61403.729,NA,NA,175507.807,NA,NA,52112.746
"AZTW.1.5_2021",NA,NA,19120.477,89922.631,NA,10603.115,17688.144,NA,NA,35851.384,208785.062,547372.88,NA,24053.318,NA,10262.144,675867.288,NA,NA,NA,76716.742,NA,84135.727,178366.427,213712.051,13065.924,481130.921,57870.093,NA,NA,32076.607,25610.03,294289.3,NA,NA,43974.517,NA,NA,16598.948,234223.672,21015.195,NA,NA,59164.159,NA,10967.169,111419.236,42131.41,29311.602,53319.309,2315557.256,210524.494,NA,64165.422,121778.484,NA,61665.585,16291.732,162115.232,NA,NA,179271.916,471991.87,100922.922,1001261.823,49803.287,105975.56,114601.382,141887.03,77784.753,NA,416679.097,149264.512,93042.44,10059.651,19662.942,799248.194,10887.002,24457.995,23980.689,11798.646,854185.59,471006.805,2854983.493,2490004.764,168535.327,415437.461,NA,1074848.652,NA,NA,21431.408,901489.297,151317.114,36662.937,70708.589,343537.589,421694.633,51894.823,NA,NA,524992.351,100732.335,230927.26,180812.586,NA,35422.004,NA,NA,16656.233,NA,164542.263,24524.73,NA,15271.571,34332.113,21123.391,NA,40355.87,NA,33706.445,191162.179,13734.093,127777.778,77960.218,12174.414,12009.234,NA,12194.823,42978.669,NA,24746.251,110351.469,107069.022,17532.697,318693.548,21677.898,383122.602,NA,23544.025,173633.517,20268.461,161181.802,144782.031,34705.399,16541.395,46400.574,NA,19244.277,NA,12197.145,31799.297,86831.971,11878.52,NA,NA,3554439.338,107436.35,15419.481,NA,44032.058,147219.113,NA,39412.566,NA,15087.947,11085.689,37014.171,34676.667,57141.953,226773.252,37489.34,57168.376,278103.588,14693.653,13245.964,25360.752,NA,29394.098,53882.844,14143.684,50889.101,NA,17436.376,NA,75309.577,NA,22488.17,272263.019,24777.896,370249.733,NA,82396.305,2058950.254,488653.36,35488.719,526866.008,27502.616,2673825.276,2472638.202,14500955.65,10076534.75,10636.086,157959.609,172389.921,29063.948,1127779.401,26240.381,449431.135,50659.159,1139698.948,3461514.269,182897.883,NA,149843.617,15877.886,40508.333,10015.552,NA,20755.083,NA,30535.592,56680.63,NA,NA,14409.778,475548.975,98000.396,136212.449,26335.795,707821.406,933778.827,20042.06,500473.06,875119.595,1793384.717,NA,NA,26121.835,NA,NA,38466.129,315636.694,860061.82,287186.15,16059.16,103259.349,547016.291,21419.967,31995.638,23731.892,1290789.506,NA,NA,NA,NA,NA,407907.799,39165.67,NA,98629.47,NA,239895.156,181972.226,202964.143,13101.862,NA,44414.479,14544.382,1764158.215,131876.416,108914.776,67965.804,1084987.451,2090833.961,26467.692,92289.198,45274.742,NA,25754.067,NA,109220.12,NA,NA,136948.565,1273907.844,40717.628,35744.763,1374465.128,15565.626,66476.814,44398.043,35332.269,NA,NA,NA,1133481.667,12355.78,135648.73,NA,918988.215,179597.331,1782744.549,13405.538,25902.206,323422.22,21290.359,NA,75234.778
"UTWV.2.10_2021",NA,NA,44245.539,193237.943,NA,73950.416,21575.23,NA,NA,13304.241,421457.75,NA,NA,50411.055,3160997.644,30469,16933.507,NA,1614343.041,NA,81114.346,NA,90999.769,184046.919,191870.995,NA,NA,12478.204,NA,30466.329,1066617.723,176868.482,169186.379,61073.027,NA,59192.942,18110.395,22770.457,82709.543,188103.802,34974.013,NA,191797.96,10791.289,25173.851,NA,26704.739,65395.128,157712.987,41113.852,15485.243,11787.365,NA,17092.905,90329.708,NA,102798.872,217213.034,65642.421,22033.199,18522.882,55233.033,225408.725,NA,47314.617,NA,50658.545,NA,15062.459,10539.832,12805.747,63452.332,62305.242,NA,79887.022,299545.431,930378.484,NA,177627.011,NA,144531.961,NA,14028.515,99790.634,NA,290644.782,83433.211,17736.122,1152112.347,NA,NA,NA,NA,21221.539,157706.627,25347.012,402584.425,24843.105,3436894.979,NA,NA,188134.744,10094.542,85542.108,NA,NA,15407.035,NA,NA,10208.061,NA,NA,NA,NA,132960.759,34205.682,NA,385771.063,46966.382,NA,13565.097,128566.252,77743.169,25231.37,12188.116,18291.299,NA,NA,10913.903,NA,18684.728,20435.884,279026.889,NA,NA,188474.717,232678.027,NA,NA,NA,142373.235,NA,33044.047,NA,NA,3652805.689,NA,NA,NA,NA,54012.405,53636.038,72271.275,12286.601,198161.099,NA,2745555.25,NA,22632.8,NA,97349.383,NA,NA,13946.176,14012.972,10484.292,70798.8,16717.381,239176.755,26718.828,NA,57638.516,33596.265,16957.09,16547.893,14313.892,12735.161,16033.482,NA,10346.094,11236.387,20894.309,NA,NA,NA,NA,10856.011,NA,50223.275,15156.833,391908.648,710641.568,NA,543883.056,90942.439,104772.406,89912.612,174461.788,1769289.097,11880.381,205922.305,120072.202,10940.376,206443.723,11200.025,13396.217,382807.122,11597.581,NA,48709.102,NA,NA,38162.571,NA,45548.929,NA,14840.064,328172.373,NA,239281.088,NA,153139.948,37558.153,70562.872,221188.594,NA,512451.802,166321.742,500552.066,104800.664,209782.56,NA,NA,363252.5,303386.06,NA,NA,14909.369,56912.006,NA,NA,56128.482,112245.794,419805.453,127928.42,68456.391,79996.848,247109.628,41323.661,32196.349,12066.387,719085.278,NA,NA,NA,NA,NA,NA,111866.196,NA,133209.7,36096.685,95021.666,NA,167417.955,43600.127,47433.372,16412.608,112025.996,311202.315,55777.256,17594.034,142294.976,NA,56245.059,164130.275,34387.392,90431.341,NA,NA,NA,18865.308,NA,12376.784,25631.196,33897.993,10261.94,24034.862,83418.118,NA,627721.507,83519.789,31820.03,17920.601,NA,10199.821,1113956.909,NA,77337.317,NA,927222.907,230995.455,1195708.325,15853.887,NA,10301.784,NA,NA,237998.946
"ORW.1.1_2021",10278.098,35766.816,92970.497,NA,419406.981,10590.343,NA,NA,16674.911,47193.582,268911.157,26101.78,NA,NA,163389.776,NA,995733.375,NA,NA,NA,261966.343,415255.914,124262.669,236829.715,306266.903,26835.088,NA,414710.207,394288.5,NA,NA,269762.095,418101.47,NA,NA,30898.473,NA,1286253.585,NA,129360.629,76537.699,NA,NA,147158.053,NA,204643.604,NA,109127.632,NA,26274.558,NA,NA,41807.067,91050.796,147679.039,NA,69935.503,20523.957,114442.145,10576.547,NA,NA,NA,NA,16719.335,NA,281213.235,259057.942,249645.697,62998.139,15391.115,327334.789,145721.636,NA,135864.876,15292.518,1309255.811,NA,14665.069,NA,NA,NA,NA,37440.963,NA,331428.244,30505.687,NA,1548949.054,NA,33889.765,NA,NA,340479.386,25326.202,NA,272133.909,755257.757,NA,NA,66522.931,368686.161,243548.888,577312.267,NA,NA,10958.108,NA,39743.61,98575.778,NA,16037.244,55518.868,NA,100549.125,NA,64160.763,NA,46563.918,285390.796,20008.399,267785.557,21856.02,126160.441,NA,NA,13201.074,NA,734678.134,NA,NA,13969.679,111200.449,NA,NA,553962.124,NA,NA,NA,NA,326197.152,NA,10836.549,98135.102,31528.909,NA,32953.802,NA,44210.412,NA,NA,16590.863,270334.408,33849.094,16911.886,NA,1998386.252,NA,153019.156,137044.931,18511.744,39852.642,12456.531,21135.796,13175.091,NA,11062.359,48436.358,90960.656,28745.184,NA,260523.107,14341.727,14955.445,NA,12248.168,NA,16446.985,83092.563,38994.924,13580.293,NA,NA,NA,NA,29027.75,33397.492,NA,109152.475,199794.132,1515050.15,205703.582,NA,1758244.432,675966.996,103770.551,149291,893869.72,9616976.813,NA,54634.034,252544.128,220458.277,200549.71,11353.297,16120.039,453609.81,26602.258,28828.746,13369.951,NA,13961.996,202261.637,NA,192081.531,11462.068,NA,202654.131,118274.41,76727.649,NA,NA,NA,NA,NA,434058.667,NA,NA,18078.206,128770.614,10178.334,NA,15545.545,23416.116,11395.578,10334.663,NA,166531.989,53575.983,NA,NA,NA,125432.589,460830.978,479517.123,11188.116,118374.906,94983.617,68423.929,NA,57060.437,1612959.122,NA,40228.85,NA,37673.802,108308.666,NA,100731.282,NA,NA,19061.026,37166.447,NA,215515.873,NA,NA,NA,10133.969,264762.861,167402.111,205768.944,54102.791,NA,NA,NA,NA,64998.671,NA,NA,NA,245562.756,NA,NA,345151.014,NA,19674.957,68357.105,NA,NA,NA,175819.533,43870.211,NA,NA,NA,1807765.044,NA,167742.596,13233.955,1533963.846,NA,NA,NA,48454.865,11288.535,62938.705,686707.766,259090.463
"UTV.3.5_2021",NA,NA,94952.841,NA,NA,NA,NA,NA,NA,NA,NA,NA,12469.207,143104.255,10956.763,69870.233,46419.469,NA,12806.618,316729.588,37647.949,NA,26064.37,NA,NA,102945.875,NA,NA,NA,NA,NA,50511.718,210260.112,24886.126,NA,NA,356161.562,NA,123133.14,NA,NA,13254.233,NA,NA,NA,NA,13437.33,17236.121,NA,NA,NA,NA,NA,NA,NA,12845.443,NA,NA,NA,NA,10171.618,NA,NA,NA,28327.344,NA,NA,NA,NA,NA,NA,NA,NA,1178286.77,156191.901,100022.32,NA,NA,13837.169,NA,208762.003,22451.305,NA,NA,NA,240732.545,12670.113,NA,NA,NA,NA,36837.121,15017.202,15579.106,NA,620719.395,356487.094,NA,31297.59,21444.448,NA,NA,14243.726,23404.071,NA,10162.478,NA,NA,NA,NA,NA,NA,30121.174,772433.397,30372.381,NA,NA,640636.697,NA,NA,10926.97,NA,110255.167,29916.408,30079.618,156305.293,NA,225403.011,NA,NA,622588.612,441025.625,17265.086,77211.326,1271078.147,NA,120144.201,NA,10802.001,NA,143002.472,12922.81,NA,NA,NA,18506.733,47600.908,NA,NA,NA,24758.799,NA,48972.458,233370.244,20126.942,NA,3241506.704,NA,53264.468,NA,934312.885,NA,NA,60080.296,NA,27778.853,54585.51,27126.753,NA,NA,NA,NA,4847685.255,13088.871,4418251.517,16943.376,54065.336,NA,NA,37872.024,15462.158,40859.303,NA,32100.85,65597.938,154540.348,13198.049,NA,215539.258,515376.181,12190.418,NA,44571.956,10430.617,101758.143,130052.613,36597.311,13275.649,1095041.238,NA,53175.046,23170.102,12183.12,28517.434,NA,66206.876,100775.361,NA,NA,37651.329,NA,NA,NA,NA,NA,NA,NA,NA,NA,NA,NA,773220.124,NA,1036811.145,1102678.522,64444.595,43875.1,NA,NA,74611.508,26855.069,NA,17701.469,NA,NA,NA,NA,71347.628,10851.95,NA,NA,14574.751,24402.77,156503.271,62160.747,NA,33946.171,139975.176,NA,16898.306,NA,305732.276,NA,NA,NA,NA,NA,1427678.563,NA,NA,36933.562,40407.174,632929.364,NA,NA,236566.997,926846.56,NA,NA,168726.291,NA,87444.021,104601.102,NA,NA,498494.818,25529.291,68180.931,301028.042,35511.991,32782.452,17551.84,1335865.807,NA,NA,20692.934,NA,31837.376,12113.358,1093021.252,14129.321,20448.13,42823.026,386792.934,NA,46324.107,423649.289,11938.389,37563.769,48158.848,389888.728,60568.532,15652.455,624672.081,NA,NA,NA,NA,NA
"IDW.2.3_2021",NA,19553.931,27661.906,NA,198721.682,NA,NA,NA,32523.545,13149.706,288399.876,38518.66,NA,NA,11658.68,11817.254,644492.518,NA,NA,NA,93532.502,550773.416,143745.796,467721.223,120176.429,NA,15428.761,516304.098,455806.1,NA,NA,18160.663,767373.482,NA,NA,27008.787,NA,1450368.733,15247.582,51457.122,11850.804,NA,NA,283237.95,NA,133946.237,NA,132098.895,NA,23919.561,NA,NA,NA,143152.874,53283.849,NA,74607.181,NA,204192.254,99962.391,53670.898,NA,NA,NA,54785.193,NA,254800.866,311055.619,361187.388,85118.156,13797.132,615294.33,13802.777,NA,NA,14030.833,399109.463,NA,NA,NA,NA,NA,NA,38216.218,NA,206066.161,14252.445,NA,456627.76,NA,19688.194,11598.625,NA,314384.946,NA,NA,321184.497,535605.241,NA,NA,124128.045,41456.559,156351.663,447970.92,NA,NA,49265.252,NA,54757.237,45111.113,NA,NA,NA,NA,73769.601,10099.446,81885.436,11571.89,26599.435,271105.006,76730.261,16245.112,15170.469,154445.216,NA,18070.155,15096.956,NA,517474.39,NA,NA,10282.31,30713.202,30965.788,NA,352759.093,15820.992,12018.341,NA,NA,377660.095,NA,NA,111938.8,16939.251,11265.39,133296.852,NA,NA,NA,NA,91962.594,73457.599,NA,25586.886,29645.15,2689051.582,NA,23672.219,38993.134,31840.457,57079.818,19663.276,31184.97,21939.888,NA,86832.905,97942.802,59093.294,25471.455,NA,48641.891,NA,43647.891,NA,52804.547,10737.053,NA,126063.052,72593.678,27175.955,13188.248,NA,NA,NA,16084.478,2200594.27,NA,149252.049,686809.278,1210833.745,214096.143,NA,1746910.115,643582.782,84708.269,97341.415,951051.924,7922769.479,NA,55602.461,202606.966,253413.682,683056.825,62922.382,28376.558,200316.79,22260.302,16010.924,10818.289,NA,20258.031,60303.017,NA,69462.712,86744.315,13490.605,42718.564,25315.977,24789.497,NA,NA,NA,NA,NA,996946.996,NA,NA,24828.229,158623.39,15458.782,NA,26620.729,14309.568,NA,NA,90821.991,83393.766,40838.702,NA,NA,NA,41545.442,252923.263,357279.137,NA,106706.543,368202.506,119080.206,NA,42524.686,665746.558,NA,10266.314,NA,18082.495,47805.299,NA,NA,NA,NA,14555.603,165968.332,NA,70976.579,NA,NA,NA,45674.047,600991.73,107564.483,133572.269,95867.896,NA,NA,NA,NA,10181.844,NA,12569.338,NA,397411.554,NA,NA,518686.025,NA,19112.503,23898.21,NA,NA,NA,201185.966,50841.215,NA,NA,NA,1909380.083,NA,317801.819,NA,1597638.555,NA,NA,NA,11366.483,28524.545,16077.133,790813.581,22699.559
"IDW.1.7_2021",30525.073,11679.252,103221.485,NA,390091.352,23341.511,NA,NA,10761.079,42518.527,372765.766,44476.537,NA,NA,132478.306,NA,667259.683,NA,NA,22957.818,62972.905,445635.193,91295.687,16494.856,104799.971,11999.311,NA,591887.172,564196.086,NA,NA,50576.92,171040.382,NA,NA,24210.138,NA,1217093.52,15532.139,73041.519,29220.347,NA,NA,200018.981,NA,357680.273,NA,102030.798,NA,NA,NA,NA,NA,100254.119,134677.184,NA,49554.937,11469.963,135896.142,185262.3,NA,NA,12177.406,NA,21041.477,NA,239806.08,99670.012,325568.595,275812.905,NA,954930.735,NA,NA,30860.754,17652.88,833930.474,NA,NA,NA,NA,NA,NA,14305.899,NA,150861.244,10480.997,NA,307824.99,NA,NA,12408.709,NA,339505.309,NA,NA,254519.51,954237.302,NA,NA,416592.159,10161.249,484500.06,452603.12,NA,NA,11228.144,NA,30819.2,18848.573,NA,NA,NA,NA,67750.84,NA,50250.285,NA,13719.062,100719.621,118466.765,11433.401,NA,26930.971,NA,11865.854,NA,NA,145529.057,NA,NA,NA,170022.331,NA,NA,539413.849,40556.506,NA,NA,NA,132893.56,NA,19491.152,59846.216,11428.43,NA,53423.424,NA,17086.113,NA,NA,19986.903,87430.461,NA,81633.325,NA,2773518.736,NA,200031.542,67104.1,NA,10671.46,NA,13935.542,10566.846,15228.728,18732.894,88027.502,46924.579,54288.166,NA,13154.691,NA,NA,NA,30494.399,55829.845,NA,29820.472,34000.524,30285.183,NA,NA,19719.389,NA,23192.421,940491.278,NA,86820.383,207097.823,1220675.859,207945.649,NA,1399980.53,401760.266,66388.708,90852.093,695579.019,4496759.573,NA,46365.541,239468.69,314746.604,218296.058,572902.53,12239.228,570307.412,11769.229,26314.871,132826.73,NA,10268.775,57737.17,NA,45017.7,29274.751,NA,165019.185,58449.801,13846.852,NA,NA,NA,NA,NA,264850.991,NA,NA,NA,139210.876,11250.104,NA,14832.018,12780.079,NA,NA,29175.868,192130.777,41865.166,NA,NA,NA,53925.6,288203.041,93894.357,40305.533,45832.915,37588.213,27777.599,NA,67626.925,498307.453,NA,NA,NA,NA,66557.697,NA,NA,NA,NA,12099.096,50692.402,NA,56414.325,NA,NA,NA,102976.744,183552.756,97770.111,132920.823,33612.51,NA,NA,NA,NA,29984.433,NA,NA,NA,336480.769,NA,NA,461669.833,NA,19626.168,14707.058,NA,NA,NA,69794.903,77610.824,NA,NA,NA,1192520.8,NA,96567.23,NA,1119980.522,NA,NA,NA,17466.453,16734.079,38179.441,732387.27,14542.33
"WAT.2.8_2021",101911.644,NA,147163.73,20779.806,NA,65549.107,13211.587,39866.306,12006.727,135615.617,394213.344,NA,21227.484,16894.145,NA,48031.539,1015702.702,NA,NA,15411.035,97994.82,NA,169627.966,359384.752,367060.17,98784.519,162519.33,35081.611,NA,NA,17875.341,55626.791,270479.089,251213.096,347820.514,NA,10182.011,27374.151,143934.355,241412.06,31194.221,NA,NA,117772.355,10857.869,NA,26816.497,76858.609,14485.854,NA,49141.431,10120.48,NA,49441.872,356859.136,23190.611,179790.551,87652.714,197705.184,NA,26889.435,119174.985,NA,111257.298,26044.833,157945.896,124074.243,97676.938,111189.139,42259.649,NA,326795.619,204788.332,15401.119,18309.387,28560.145,2197086.635,10562.51,NA,NA,29033.456,33790.867,445606.202,2464641.045,2102830.661,265419.959,16292.435,221192.266,2138527.569,NA,NA,26358.06,14506.756,592772.181,209602.706,NA,395461.073,800083.94,25383.702,19563.793,11068.448,1135861.742,28718.898,274026.614,NA,NA,35116.365,NA,27876.724,139622.455,55106.859,13353.228,21021.056,NA,11693.575,NA,38058.503,36637.643,35253.08,NA,14231.451,303133.542,NA,227006.672,10058.533,495266.842,155276.216,NA,26574.218,19484.063,62382.31,527010.068,163103.374,11930.119,68628.268,59316.318,27322186.17,10781.358,30923.583,74608.513,98817.957,35929.275,18872.071,180082.72,30907.906,17086.249,21790.239,NA,39171.342,19552.491,12590.727,72345.662,107766.484,19577.355,57898.215,26226.223,1744644.304,NA,570842.144,265919.738,14319.889,63060.468,25496.182,10875.945,89508.425,84351.573,15820.644,148047.016,70035.357,276456.161,NA,72423.049,413319.575,106224.162,130622.89,75716.6,13158.136,NA,38509.121,28594.467,105923.769,NA,NA,35703.157,24979.457,NA,12665.766,NA,146924.728,NA,1055571.147,12982.143,18785.638,8701079.816,1167097.359,116646.357,466056.74,390767.686,14918563.81,18279.776,31977.242,19293.151,12321.882,240446.108,11935.705,10075.116,1642623.911,NA,17024.053,125390.846,26582.369,59902.572,1403742.921,NA,1328529.646,NA,11817.004,NA,643431.858,10616.591,NA,1151772.927,1556331.173,1301711.957,NA,22715.386,3815284.514,3047904.625,301712.798,254860.454,1329469.385,NA,17966.095,13238.431,121834.794,16905.372,64355.7,720504.579,324269.744,NA,153978.079,24063.192,555459.439,1155129.454,706355.355,NA,100161.771,229090.367,33545.586,NA,28719.481,2316895.19,NA,29811.01,NA,62311.242,76444.791,166977.124,190029.995,NA,384918.282,55419.515,99009.506,NA,190866.474,165326.301,200780.728,22624.34,53216.383,624716.588,234614.664,153268.692,91943.975,220587.313,982901.184,96287.186,58974.023,82379.124,95579.428,73363.997,NA,100140.601,NA,NA,109553.632,413594.865,332790.621,44044.09,519690.577,69132.631,29553.649,94886.259,59300.658,15404.262,NA,144888.526,1713026.153,10545.996,190497.525,87860.559,1577389.817,41970.094,484774.594,11020.033,34199.336,15053.063,83879.436,12857.804,1205057.613
"IDW.3.6_2021",13666.915,NA,NA,NA,55994.814,11569.768,NA,NA,11358.422,24179.661,188237.624,26740.761,NA,NA,22806.654,NA,337426.355,NA,NA,NA,42500.756,334946.069,58996.633,236633.685,426404.216,NA,NA,376783.458,377676.34,NA,NA,33624.068,173425.034,NA,NA,15001.371,NA,248589.983,NA,69247.664,10734.718,NA,NA,NA,NA,NA,NA,125369.456,NA,NA,NA,NA,NA,182817.787,86461.458,NA,72396.842,NA,106311.008,60043.467,75883.817,NA,NA,NA,18136.262,NA,69729.22,32018.381,33497.002,45610.14,NA,273940.444,NA,NA,26978.512,NA,527055.518,NA,NA,NA,NA,NA,NA,16033.625,NA,42445.432,NA,NA,150778.027,NA,21444.214,NA,NA,131157.24,NA,NA,53045.31,268082.1,13880.259,NA,21419.169,31571.298,74236.391,103561.387,NA,NA,16218.5,NA,NA,33194.654,NA,NA,NA,NA,16207.833,NA,20740.791,NA,22333.054,18900.675,27761.5,NA,NA,64734.581,NA,NA,NA,NA,146332.579,NA,NA,NA,31380.027,NA,15590.013,38174.785,149161.912,NA,NA,NA,97624.664,NA,NA,NA,21992.94,NA,75051.572,NA,11778.122,NA,21514.331,194962.485,11202.711,12252.338,10312.336,NA,677297.497,NA,79551.189,10909.732,NA,14023.367,12739.576,82484.487,NA,NA,34907.97,15562.143,74596.943,10738.78,NA,NA,NA,NA,NA,NA,NA,NA,276707.292,88388.8,13007.329,29562.674,NA,NA,NA,NA,691028.039,NA,97623.708,137453.048,86606.845,133786.864,NA,166490.576,1214606.114,126424.164,36849.488,110579.362,6760972.121,NA,12534.313,12059.758,22833.935,213328.009,145275.905,NA,126256.412,19752.311,18382.263,28152.533,NA,11435.058,58630.684,NA,66047.586,NA,NA,90555.121,11195.328,37192.87,NA,NA,NA,NA,NA,869918.91,NA,NA,NA,46664.523,10065.655,NA,27505.194,34123.393,NA,NA,24755.792,NA,NA,NA,NA,NA,27090.062,149395.007,37375.829,NA,15676.388,33491.844,76551.93,NA,12780.163,233361.907,NA,11690.651,NA,NA,136251.928,NA,16142.601,NA,NA,NA,57581.302,NA,45147.737,NA,NA,11031.473,NA,137289.77,NA,11632.389,139242.119,NA,14249.184,NA,NA,16001.082,NA,NA,NA,262118.174,NA,NA,377004.639,NA,NA,15896.659,NA,NA,NA,34102.693,41542.029,NA,NA,NA,819943.655,NA,111454.981,NA,652878.127,NA,NA,NA,NA,77764.132,NA,499806.48,53947.087
"COVW.2.3_2021",NA,83702.085,46794.911,NA,NA,NA,24622.862,176435.483,NA,30691.89,47369.574,NA,28143.516,64769.079,12148.473,1414346.784,36849.397,303503.689,NA,145073.439,50493.664,NA,79527.365,42182.502,49810.875,18207.832,NA,NA,NA,14419.212,37241.097,15600.92,191300.448,1445801.34,269343.529,50298.929,17129.694,NA,39622.629,22492.194,20641.643,171131.166,NA,NA,76668.062,NA,NA,30416.597,NA,31758.233,52973.086,1879691.387,NA,NA,NA,2023097.114,85148.92,26177.654,NA,NA,12120.471,NA,19323.458,NA,NA,26095.973,77151.867,12110.789,25148.195,NA,NA,34881.813,14685.361,183069.406,NA,12421.689,64686.38,35825.503,46932.603,103533.761,32063.564,15250.947,NA,NA,NA,306795.678,NA,24748.619,302514.963,NA,399362.999,437355.755,NA,420315.865,20351.948,125418.188,487571.468,12108.357,NA,337806.54,10459.672,400484.936,NA,27930,NA,28846.609,12600.212,84440.634,NA,20232.678,14617.471,23345.435,NA,139805.896,20089.252,NA,NA,26437.16,NA,NA,NA,91390.364,NA,41922.85,77843.229,101524.987,59471.553,NA,12314.527,21206.477,424646.027,603641.228,19737.092,72672.696,NA,23200.267,59792.159,NA,137366.407,20584.703,161672.447,249340.655,46105.539,NA,23071.004,NA,29716.529,NA,10189.863,NA,104830.451,NA,74666.833,19333.89,17989.971,NA,3682272.02,NA,69033.072,NA,18563.126,NA,NA,NA,88444.875,1709293.751,34894.584,NA,30766.425,84673.71,NA,NA,48850.812,86498.063,12809.336,NA,NA,NA,26094.656,526099.691,13640.577,20964.725,NA,1998851.876,39541.892,28857.979,17224.36,NA,56262.049,474599.631,336550.762,NA,86372.022,901429.818,109665.353,59049.5,301414.333,493850.829,1046103.636,NA,91842.636,23087.234,NA,78018.771,NA,3495003.603,1214187.627,NA,NA,12629.566,NA,NA,NA,18105.975,NA,NA,11327.389,NA,14943.395,19120.288,NA,1530060.339,2097402.075,2552001.942,NA,60595.132,150256.604,25150.788,10078.185,93312.427,48179.374,NA,NA,12820.637,13498.665,NA,12721.101,102663.316,NA,309171.159,NA,22685.08,121111.46,434365.271,296795.099,NA,81345.323,342924.428,19790.022,45927.853,12156.178,685503.804,189704.228,NA,24911.748,NA,NA,31681.048,26844.446,158239.627,22758.878,78833.959,65327.47,NA,23169.178,563534.777,673397.518,51848.548,NA,707693.596,69304.12,41624.282,30950.831,NA,18939.122,22473.743,89374.33,114950.329,NA,1108745.904,845216.747,NA,248350.997,NA,NA,NA,20050.162,NA,NA,11762.134,NA,72634.409,22792.343,18130.748,3643490.522,3825922.046,944913.681,NA,23192.118,3393655.504,985672.235,34058.037,NA,136416.172,NA,370027.975,NA,NA,12862.3
"UTWV.2.6_2021",NA,11435.982,56868.3,487862.992,NA,30496.651,129417.28,NA,NA,24772.935,432095.474,NA,17670.605,67954.432,2482844.985,59288.724,84503.718,NA,1396553.281,NA,117741.08,NA,145540.815,282812.898,309909.614,37049.778,NA,23405.472,NA,28387.441,1331885.591,98372.781,261509.267,219329.286,NA,68295.713,NA,10725.181,13359.846,151510.95,17200.715,NA,NA,NA,14806.677,12642.588,72570.859,40065.474,23153.501,NA,16196.151,18869.702,NA,32929.757,125657.577,NA,69701.239,NA,63869.957,NA,61335.516,83705.792,NA,NA,27985.767,NA,57900.425,NA,NA,18767.658,NA,29687.981,76860.5,NA,94771.594,NA,1164101.635,NA,352603.423,NA,11264.282,NA,38826.67,17746.744,18052.139,300917.89,19135.674,NA,1162488.359,NA,NA,NA,NA,176342.384,264809.956,17339.171,435701.17,78874.428,4427596.767,NA,NA,309515.843,31324.298,126497.258,NA,NA,55200.502,NA,NA,42434.819,41411.613,NA,NA,NA,265539.687,121512.012,32884.956,213251.701,68134.284,NA,22459.023,158738.127,48153.688,42669.182,NA,35932.35,87041.454,NA,NA,NA,NA,13006.106,75564.751,NA,15502.936,222508.448,645879.815,NA,NA,NA,290420.451,NA,15803.235,32660.145,NA,3669580.81,25765.687,NA,36682.843,44693.995,27248.924,75609.604,39214.181,NA,10906.108,NA,2258127.77,NA,54695.553,NA,63230.249,33750.336,NA,NA,44321.378,28609.316,NA,NA,22980.473,17893.425,NA,NA,27775.401,NA,40262.556,24153.776,NA,NA,NA,15707.318,25316.403,11099.87,NA,NA,NA,NA,14153.991,NA,196572.126,38386.662,248439.619,NA,NA,947015.451,240163.357,127835.934,112559.953,11419.122,4572891.216,13590.664,45949.326,28489.651,NA,404460.697,17852.767,24948.291,469366.961,20658.474,21075.552,106938.803,53066.068,NA,32634.326,NA,31638.55,NA,NA,NA,NA,15150.117,NA,66731.357,70198.328,11524.652,NA,59779.382,721213.83,267897.475,26984.462,106792.705,274168.118,NA,11176.541,30783.327,182331.124,NA,NA,77375.599,29947.945,NA,NA,66294.091,NA,23023.827,62628.95,50644.638,59019.121,232852.891,41425.733,25286.905,22145.708,613966.506,NA,NA,NA,61085.834,NA,NA,155333.955,NA,245981.661,29163.042,267194.397,NA,197235.36,11331.443,34438.54,12489.706,24484.147,164220.501,84188.022,47770.356,299875.498,NA,57893.378,20464.734,26587.244,34209.264,NA,NA,NA,36663.084,11054.422,NA,53407.048,98379.404,46522.519,22459.338,225397.122,33054.068,1574294.72,67060.083,40800.193,22220.904,NA,34752.26,1319010.602,NA,91606.066,10496.147,1103930.579,269339.034,1381560.672,NA,NA,342498.335,NA,NA,NA
"ORT.2.3_2021",NA,NA,NA,NA,NA,38061.433,40723.781,53396.57,16521.956,64955.383,137014.444,NA,125053.935,20565.278,NA,NA,1669454.874,38421.962,NA,17180.702,121163.144,NA,145390.794,305754.461,375006.603,7702452.116,NA,NA,NA,NA,18710.56,160374.302,354361.793,NA,10388.989,NA,23275.742,16096.968,68975.652,145497.576,29173.162,NA,NA,12416.401,64542.299,NA,NA,119869.704,NA,NA,NA,NA,NA,249856.721,213598.031,16388.343,188624.169,41100.198,110450.518,NA,22712.216,241388.696,10969.507,NA,NA,NA,151280.105,232008.494,79620.414,35728.615,20921.271,1139414.418,NA,69538.597,195902.088,23252.235,1320855.4,NA,18867.416,NA,NA,NA,127206.868,72129.639,10669.121,321057.598,16357.441,37767.43,424891.248,251192.474,NA,13070.328,NA,874992.317,NA,10892.177,466065.793,1532141.036,16211.489,24747.671,153928.876,12438.248,218670.669,351530.171,NA,45250.6,34460.369,NA,74005.258,39617.904,NA,NA,16507.895,NA,23621.676,NA,17939.907,NA,NA,NA,129105.404,24481.31,NA,315301.618,NA,NA,13028.581,NA,13052.213,NA,59571.069,77542.703,163210.687,19712.076,NA,609142.631,2387200.873,NA,28188.757,28930.749,124758.745,NA,NA,136239.209,21651.845,NA,45315.662,NA,11612276.59,NA,10822.855,100919.499,39365.02,11948.315,35948.528,28105.978,3052623.886,NA,46071.987,NA,19061.994,10346.74,36215.107,NA,NA,12635.938,10268.984,39636.864,273810.184,22059.518,NA,95384.299,NA,27349.922,NA,25441.421,14335.666,NA,NA,59534.922,10301.203,NA,NA,NA,NA,NA,17575.598,NA,140267.064,144734.8,340582.535,NA,NA,5384823.27,383758.832,215878.274,122606.763,10176.783,7814254.652,NA,98994.796,24313.041,NA,142901.66,13792.244,13708.784,386230.816,69323.455,25931.543,13930.405,NA,18172.092,155829.376,NA,199855.895,NA,18822.62,NA,234765.467,84918.362,NA,931209.377,1337806.716,1069049.854,NA,140825.661,994862.658,414240.614,80278.474,175874.213,375728.405,NA,22168.433,NA,NA,NA,166848.977,14723.843,52493.801,NA,NA,214705.715,34359.364,223105.109,374401.703,10082.279,15854.308,61538.788,108348.502,233363.586,13422.279,360532.144,NA,23220.352,98103.159,NA,105395.499,NA,14278.65,15360.741,151355.048,342444.88,89315.595,NA,88813.07,243627.294,292112.677,NA,99768.856,400472.95,84891.479,95949.903,119917.913,NA,NA,NA,NA,124452.593,314994.553,NA,NA,502647.974,NA,NA,626838.851,NA,34643.128,23702.186,15167.775,NA,NA,145731.627,83981.317,NA,NA,153949.591,1747742.207,NA,57122.73,12948.831,1413420.363,23092.67,NA,NA,131482.506,142660.982,169243.372,11925.333,158791.18
"IDW.3.8_2021",36543.968,NA,NA,NA,84793.877,12457.079,NA,NA,NA,23798.605,275834.956,NA,16525.676,NA,16088.463,NA,517310.351,NA,NA,NA,148148.938,340467.777,83260.273,470803.858,113628.437,35262.439,14876.873,550613.491,543575.957,NA,10810.508,77904.433,140579.433,NA,NA,12126.022,NA,331819.508,NA,116311.489,17858.901,NA,374939.244,NA,NA,34137.248,NA,148396.922,17218.758,NA,NA,NA,NA,41545.25,94808.763,NA,17221.58,218708.186,59845.57,29915.287,27992.795,NA,125061.03,NA,13903.604,NA,54413.379,47662.189,157762.621,229291.791,NA,359307.501,13601.723,NA,84131.114,257586.069,506069.661,NA,NA,NA,NA,NA,NA,29139.58,NA,180660.449,44329.911,NA,643328.106,NA,14626.855,24154.606,NA,224872.528,NA,NA,258040.692,358380.484,NA,NA,136958.439,119053.333,181760.862,185797.879,NA,NA,NA,NA,31824.618,27646.046,NA,NA,NA,NA,10783.143,NA,15575.137,NA,21278.047,19639.17,70306.662,14366.26,NA,126882.361,NA,NA,NA,NA,99644.657,NA,NA,NA,21228.89,NA,NA,102411.635,38559.205,NA,NA,NA,89371.657,NA,NA,23602.303,NA,NA,NA,NA,45266.456,NA,NA,46003.792,41507.689,NA,189931.748,NA,1167708.902,NA,12716.871,40042.935,NA,21362.241,10683.025,12222.707,10845.957,NA,98001.228,23342.633,27314.929,11199.388,NA,76159.921,NA,NA,NA,10411.523,NA,52546.006,55965.641,12281.795,21443.113,11242.507,NA,NA,NA,27720.726,356555.223,NA,37093.144,474376.523,1457829.009,1076467.966,NA,747555.998,461350.548,37099.015,42695.194,20246.449,4866231.896,NA,71774.294,21585.694,217789.682,244999.705,66778.598,15615.116,236047.413,10838.861,NA,21410.966,NA,NA,20805.087,NA,21462.965,31498.178,NA,61520.969,47098.852,43950.762,NA,NA,12347.962,NA,NA,909707.853,NA,NA,156376.15,108678.796,NA,NA,NA,221014.852,35801.667,NA,21871.497,39837.348,21592.484,NA,NA,NA,54383.024,232241.027,281194.154,NA,48558.128,76641.44,42578.971,NA,63210.248,354886.491,NA,NA,NA,NA,NA,NA,13012.855,NA,NA,51196.402,49675.607,NA,122827.312,NA,NA,NA,217517.324,125682.376,36095.267,41851.091,24510.467,NA,NA,NA,NA,NA,NA,13187.115,NA,144739.571,NA,83081.023,171841.001,NA,NA,12376.402,NA,NA,NA,56458.28,58864.838,NA,NA,NA,1100630.231,NA,35486.81,NA,940138.596,NA,NA,NA,NA,15685.956,NA,517141.562,82992.705
"NMT.2.6_2021",NA,NA,NA,NA,NA,NA,137428.103,NA,NA,15565.804,328954.17,19668.218,14494.584,NA,38376.989,45089.94,433758.164,NA,16827.674,NA,16110.69,NA,59706.185,304366.189,374586.846,NA,NA,NA,NA,NA,94485.715,16366.76,119446.729,NA,NA,228741.152,NA,NA,13333.82,145657.652,25911.731,NA,NA,174368.851,NA,NA,57214.42,55119.139,244289.843,27401.698,3914889.202,389392.715,NA,68182.196,81203.183,13355.43,110765.649,1076163.64,102620.917,12702.15,46431.939,89508.009,64448.793,NA,2095459.443,89701.02,52740.511,48271.355,105510.645,38574.937,NA,366976.408,23499.764,48707.819,16431.962,12349.031,625474.551,17862.165,72640.684,NA,NA,633641.193,93173.07,10585.403,90628.4,207060.139,1020247.434,NA,803004.447,NA,NA,72522.622,1383834.806,131638.438,NA,24756.435,290415.952,332918.93,328949.706,NA,51263.949,190125.764,90602.667,163442.679,42716.998,NA,36676.212,27849.974,26825.132,30369.156,NA,NA,95969.208,NA,25887.274,132681.984,10179.629,10079.722,54741.422,NA,59125.539,57224.331,37669.869,106940.934,23812.618,11750.056,NA,NA,NA,NA,28813.619,16388.658,86792.955,28508.339,39952.263,406071.173,47135.358,188435.49,159376.64,10442.361,278656.869,26336.083,47024.148,80825.204,167152.714,120844.368,72456.118,41400.08,NA,NA,222659.331,80978.918,75299.378,NA,29090.17,NA,3070543.403,219136.505,44767.532,56868.181,38166.52,415078.016,NA,182427.994,NA,NA,20236.479,15682.027,59260.969,19664.699,297327.931,57837.14,21157.316,NA,42134.757,89709.991,78061.887,10989.964,17366.164,74775.558,10042.75,41949.517,NA,10004.019,15127.232,131157.542,NA,16081.497,379431.773,NA,356140.497,NA,169030.96,2280162.1,705959.556,464794.57,168161.594,26862.122,3750429.512,6677228.363,8746498.448,14788381.33,11208.474,100511.505,107661.118,25837.718,656689.927,NA,750560.274,51542.193,2046790.465,4219546.414,130169.997,NA,54845.744,23263.712,22130.019,15521.556,113148.361,63888.431,NA,13876.105,28742.207,NA,NA,NA,599691.478,155646.359,216148.567,98571.538,1090840.453,1329902.907,NA,871909.578,1409620.36,2756905.085,17734.445,46388.104,21370.03,NA,NA,43008.396,47708.778,227003.766,79836.786,24607.772,40146.465,144506.596,43278.164,85470.407,11743.753,397552.68,NA,22582.129,NA,NA,66276.104,NA,44657.363,NA,114086.636,27926.118,217796.732,490677.572,96277.729,NA,NA,154777.239,12989.929,195030.609,43361.057,37383.589,44731.963,NA,29476.094,232999.654,545532.575,68060.535,NA,16003.239,NA,195948.766,NA,NA,318579.952,14207.383,47724.809,11118.8,68812.465,10839.283,175830.577,32051.753,40142.733,NA,NA,10310.558,948651.261,NA,37525.733,NA,788085.589,190025.242,25639.411,10980.761,NA,180563.177,28700.868,NA,25520.589
