"","RT001","C001","RT002","C002","RT003","C003","RT004","C004","RT005","C005","RT006","C006","RT007","C007","RT008","C008","RT009","C009","RT010","C010","RT011","C011","RT012","C012","RT013","C013","RT014","C014","RT015","C015","RT016","C016","RT017","C017","RT018","C018","RT019","C019","RT020","C020","RT021","C021","RT022","C022","RT023","C023","RT024","C024","RT025","C025","RT026","C026","RT027","C027","RT028","C028","RT029","C029","RT030","C030","RT031","C031","RT032","C032","RT033","C033","RT034","C034","RT035","C035","RT036","C036","RT037","C037","RT038","C038","RT039","C039","RT040","C040","RT041","C041","RT042","C042","RT043","C043","RT044","C044","RT045","C045","RT046","C046","RT047","C047","RT048","C048","RT049","C049","RT050","C050","RT051","C051","RT052","C052","RT053","C053","RT054","C054","RT055","C055","RT056","C056","RT057","C057","RT058","C058","RT059","C059","RT060","C060","RT061","C061","RT062","C062","RT063","C063","RT064","C064","RT065","C065","RT066","C066","RT067","C067","RT068","C068","RT069","C069","RT070","C070","RT071","C071","RT072","C072","RT073","C073","RT074","C074"
"UTV.3.5_2012",NA,NA,3.0663,1235.815,NA,NA,NA,NA,NA,NA,NA,NA,NA,NA,NA,NA,NA,NA,NA,NA,NA,NA,13.167,502.906,13.7535,297.648,NA,NA,NA,NA,14.8743,206.777,NA,NA,15.3838,147.918,NA,NA,16.372,173.626,16.6752,816.807,16.9793,2148.899,NA,NA,NA,NA,NA,NA,17.9471,524.292,NA,NA,NA,NA,NA,NA,NA,NA,NA,NA,NA,NA,NA,NA,NA,NA,20.0226,219.924,NA,NA,NA,NA,NA,NA,21.0704,8973.818,21.3059,205.379,NA,NA,NA,NA,NA,NA,21.7645,737.368,21.9379,749.351,NA,NA,NA,NA,NA,NA,23.1121,376.622,NA,NA,NA,NA,NA,NA,NA,NA,NA,NA,NA,NA,NA,NA,24.0505,166.496,24.1538,4742.624,NA,NA,NA,NA,NA,NA,NA,NA,NA,NA,NA,NA,25.9713,256.096,NA,NA,NA,NA,26.6225,153.164,NA,NA,NA,NA,NA,NA,NA,NA,NA,NA,NA,NA
"WAT.2.3_2012",NA,NA,3.1598,446.744,3.6881,2535.886,NA,NA,NA,NA,NA,NA,NA,NA,NA,NA,NA,NA,12.1249,534.194,NA,NA,NA,NA,13.7563,1189.129,NA,NA,NA,NA,14.8835,4773.455,NA,NA,NA,NA,15.7811,281.077,NA,NA,NA,NA,16.9976,4275.315,NA,NA,NA,NA,17.7405,773.002,17.9397,1244.025,NA,NA,18.5384,265.869,18.6174,237.339,NA,NA,18.8608,369.729,19.3291,97.236,NA,NA,NA,NA,NA,NA,NA,NA,NA,NA,20.8565,1782.048,21.0928,5193.723,NA,NA,21.4321,245.94,NA,NA,NA,NA,21.6615,739.767,21.9074,352.362,NA,NA,NA,NA,NA,NA,23.1238,586.083,23.2686,98.465,23.4308,264.612,23.6093,66.124,NA,NA,23.7266,178.881,NA,NA,NA,NA,24.0002,122.073,NA,NA,NA,NA,NA,NA,NA,NA,NA,NA,25.4793,154.866,NA,NA,25.9642,408.408,NA,NA,26.4772,380.864,26.6123,275.36,NA,NA,NA,NA,NA,NA,NA,NA,NA,NA,NA,NA
"ORTW.2.1_2012",NA,NA,3.059,456.275,3.6785,2205.193,NA,NA,NA,NA,7.3247,486.387,NA,NA,NA,NA,NA,NA,12.1258,1353.957,NA,NA,NA,NA,13.7477,528.139,NA,NA,NA,NA,14.938,10270.469,NA,NA,NA,NA,NA,NA,NA,NA,NA,NA,16.9595,1574.931,NA,NA,NA,NA,17.7309,386.442,17.9416,1407.81,NA,NA,18.535,211.464,18.6159,212.814,NA,NA,NA,NA,19.3278,165.186,NA,NA,20.0143,167.669,NA,NA,NA,NA,NA,NA,20.87,3348.979,21.2654,192.879,NA,NA,21.4513,556.432,NA,NA,21.5995,457.734,NA,NA,21.9016,156.138,NA,NA,NA,NA,22.9732,92.145,23.1258,514.217,23.2695,167.277,23.4338,418.838,23.6107,81.645,NA,NA,23.7285,252.836,NA,NA,NA,NA,24.0353,61.403,NA,NA,NA,NA,NA,NA,NA,NA,NA,NA,NA,NA,NA,NA,25.9592,91.017,NA,NA,NA,NA,26.6084,78.514,NA,NA,NA,NA,NA,NA,NA,NA,NA,NA,NA,NA
"MTW.1.7_2012",NA,NA,3.0384,620.085,3.6688,1294.72,NA,NA,NA,NA,NA,NA,NA,NA,NA,NA,NA,NA,12.1327,1017.19,NA,NA,13.1706,617.121,13.7774,2142.559,NA,NA,NA,NA,14.8767,3902.043,NA,NA,NA,NA,NA,NA,NA,NA,16.6692,160.459,17.0329,6377.122,NA,NA,NA,NA,NA,NA,17.9353,564.212,NA,NA,18.5436,161.266,18.6235,162.371,NA,NA,NA,NA,NA,NA,NA,NA,NA,NA,20.0371,148.802,NA,NA,NA,NA,20.8811,1260.759,21.1464,8891.673,NA,NA,21.4389,216.507,21.5373,310.388,21.6017,77.153,21.6833,428.357,21.9193,468.806,22.3456,112.366,NA,NA,NA,NA,23.1391,263.473,NA,NA,23.4351,118.478,NA,NA,NA,NA,23.7337,126.316,NA,NA,NA,NA,24.0447,199.935,NA,NA,NA,NA,NA,NA,NA,NA,NA,NA,25.3952,234.854,NA,NA,NA,NA,NA,NA,NA,NA,26.6149,100.969,NA,NA,NA,NA,NA,NA,NA,NA,NA,NA,NA,NA
"UTT.1.8_2012",NA,NA,3.1534,144.962,3.6861,3144.306,NA,NA,NA,NA,7.3171,690.474,9.9164,232.868,NA,NA,NA,NA,12.1178,292.128,NA,NA,NA,NA,NA,NA,NA,NA,NA,NA,14.8236,389.28,NA,NA,NA,NA,15.7767,613.347,NA,NA,NA,NA,16.9713,2156.458,NA,NA,NA,NA,17.7903,3637.943,17.9329,192.98,NA,NA,18.54,343.941,18.6176,230.296,NA,NA,18.8503,489.868,NA,NA,19.8947,135.815,NA,NA,NA,NA,NA,NA,20.5481,163.642,20.7944,124.551,NA,NA,21.3013,1176.22,21.4185,257.06,21.5847,97.206,NA,NA,21.6825,1931.047,21.904,174,NA,NA,NA,NA,NA,NA,23.1063,215.166,23.2662,59.354,23.4315,260.604,NA,NA,23.6444,189.237,23.7279,127.761,NA,NA,NA,NA,23.9982,75.997,NA,NA,NA,NA,NA,NA,NA,NA,NA,NA,25.389,191.748,NA,NA,NA,NA,NA,NA,NA,NA,26.6112,249.375,NA,NA,NA,NA,NA,NA,NA,NA,NA,NA,NA,NA
"NMT.2.5_2012",NA,NA,3.0906,550.851,3.6854,1695.59,NA,NA,NA,NA,NA,NA,NA,NA,NA,NA,NA,NA,12.1142,188.862,NA,NA,NA,NA,13.759,1564.781,NA,NA,NA,NA,14.848,2430.277,NA,NA,NA,NA,NA,NA,NA,NA,NA,NA,16.9465,1090,NA,NA,NA,NA,17.718,128.374,17.917,402.806,NA,NA,NA,NA,NA,NA,NA,NA,NA,NA,NA,NA,NA,NA,NA,NA,NA,NA,NA,NA,NA,NA,20.8492,1347.292,21.2486,107.897,NA,NA,21.516,79.369,NA,NA,21.6526,107.447,NA,NA,21.8954,96.976,NA,NA,NA,NA,NA,NA,23.115,535.39,23.2654,62.628,23.4265,97.072,23.6056,74.448,NA,NA,NA,NA,23.7232,120.948,NA,NA,24.0358,103.097,NA,NA,NA,NA,NA,NA,NA,NA,NA,NA,25.3878,153.582,NA,NA,25.9642,490.226,NA,NA,26.4755,147.289,26.6105,271.639,NA,NA,NA,NA,NA,NA,NA,NA,NA,NA,NA,NA
"UTT.1.5_2012",NA,NA,NA,NA,3.6855,3218.328,NA,NA,NA,NA,NA,NA,NA,NA,NA,NA,NA,NA,12.1236,593.854,NA,NA,NA,NA,13.7474,249.191,NA,NA,NA,NA,14.8254,464.05,NA,NA,NA,NA,15.7868,715.069,NA,NA,NA,NA,16.9689,2055.244,NA,NA,NA,NA,17.7769,2734.957,17.9431,161.839,NA,NA,NA,NA,18.5483,564.795,18.6285,469.871,18.86,516.88,NA,NA,19.9081,117.828,20.0109,123.442,NA,NA,NA,NA,20.5521,173.667,20.7991,141.236,21.2963,867.436,NA,NA,21.4383,260.485,NA,NA,21.5978,76.647,21.6858,2071.832,21.9122,188.117,NA,NA,NA,NA,NA,NA,23.1099,264.774,NA,NA,23.4319,199.612,NA,NA,23.6512,210.309,23.7293,93.315,NA,NA,NA,NA,24.0003,69.276,NA,NA,NA,NA,NA,NA,NA,NA,NA,NA,25.3887,153.045,NA,NA,25.9615,160.14,NA,NA,NA,NA,26.6109,200.863,NA,NA,NA,NA,NA,NA,NA,NA,NA,NA,NA,NA
"ORT.3.7_2012",NA,NA,3.0663,352.089,3.6805,2432.204,NA,NA,NA,NA,7.3118,520.46,NA,NA,NA,NA,NA,NA,12.1265,1090.285,NA,NA,13.1585,184.813,13.7467,425.616,NA,NA,NA,NA,14.8581,2844.991,NA,NA,NA,NA,15.797,652.29,NA,NA,NA,NA,16.9718,2396.956,NA,NA,NA,NA,17.7634,1925.378,17.9341,859.56,NA,NA,18.5384,268.03,18.6146,206.428,NA,NA,18.8924,1023.486,NA,NA,NA,NA,NA,NA,NA,NA,NA,NA,NA,NA,20.8383,1024.729,21.0815,4100.087,21.2917,544.985,21.4558,184.534,21.5187,75.146,NA,NA,21.699,3017.162,21.9259,295.796,NA,NA,22.661,103.116,NA,NA,23.1127,421.131,23.2725,193.658,23.4381,510.556,NA,NA,NA,NA,23.7324,165.425,NA,NA,NA,NA,24.0021,122.333,NA,NA,NA,NA,NA,NA,NA,NA,NA,NA,NA,NA,NA,NA,25.9623,263.654,NA,NA,26.4744,87.302,26.6094,123.761,NA,NA,NA,NA,NA,NA,NA,NA,NA,NA,NA,NA
"ORT.2.6_2012",NA,NA,NA,NA,3.6664,2152.866,NA,NA,NA,NA,NA,NA,NA,NA,NA,NA,NA,NA,12.1242,581.132,NA,NA,13.1645,138.408,13.7504,178.474,NA,NA,NA,NA,14.8281,364.996,NA,NA,NA,NA,15.7946,772.194,NA,NA,NA,NA,16.9504,389.987,NA,NA,NA,NA,17.7571,1355.731,NA,NA,NA,NA,NA,NA,18.6245,231.88,NA,NA,18.8672,278.17,NA,NA,19.926,139.26,20.0181,146.406,NA,NA,NA,NA,NA,NA,20.811,142.275,21.0463,1892.552,21.3052,939.305,21.4511,174.99,21.5249,104.357,NA,NA,21.7005,2729.7,21.9227,81.174,NA,NA,NA,NA,NA,NA,23.123,337.164,NA,NA,23.435,81.811,NA,NA,23.6534,123.284,23.7344,88.819,NA,NA,NA,NA,NA,NA,NA,NA,NA,NA,NA,NA,NA,NA,NA,NA,NA,NA,NA,NA,25.9671,231.085,NA,NA,NA,NA,26.6145,131.879,NA,NA,NA,NA,NA,NA,NA,NA,NA,NA,NA,NA
"CAVW.3.1_2012",NA,NA,3.0319,784.843,3.6653,1099.363,NA,NA,NA,NA,NA,NA,NA,NA,NA,NA,NA,NA,12.1343,1308.216,NA,NA,13.1703,454.582,13.7638,1049.64,NA,NA,NA,NA,14.8924,5027.877,NA,NA,15.3983,114.369,NA,NA,NA,NA,16.6726,145.318,17.0241,5647.794,NA,NA,NA,NA,17.7335,84.517,17.9346,669.172,NA,NA,18.5427,186.951,18.6231,188.614,NA,NA,NA,NA,NA,NA,NA,NA,20.0213,142.004,NA,NA,NA,NA,NA,NA,20.8275,834.485,21.0844,4324.833,NA,NA,21.445,142.299,21.5221,135.096,NA,NA,21.674,228.992,21.9146,562.669,22.2431,198.984,NA,NA,NA,NA,23.146,188.285,NA,NA,NA,NA,NA,NA,NA,NA,NA,NA,NA,NA,NA,NA,NA,NA,NA,NA,NA,NA,NA,NA,NA,NA,NA,NA,25.3939,93.257,NA,NA,25.9771,979.117,26.3448,71.457,26.4858,463.721,26.6218,520.825,NA,NA,NA,NA,NA,NA,NA,NA,NA,NA,NA,NA
"CAT.2.7_2012",NA,NA,3.0373,781.498,NA,NA,NA,NA,NA,NA,NA,NA,NA,NA,NA,NA,NA,NA,12.1284,341.282,12.6905,153.022,13.1719,533.347,13.7884,3533.09,NA,NA,NA,NA,14.8482,1025.019,NA,NA,15.399,177.491,NA,NA,16.3718,159.169,16.6726,225.023,17.0685,9976.922,NA,NA,NA,NA,NA,NA,17.947,390.163,NA,NA,NA,NA,NA,NA,NA,NA,NA,NA,NA,NA,NA,NA,NA,NA,NA,NA,NA,NA,NA,NA,20.8689,90.218,21.1673,11102.693,NA,NA,NA,NA,21.5442,373.967,NA,NA,21.7156,964.852,21.9301,686.619,22.2605,168.805,NA,NA,NA,NA,23.1193,467.815,NA,NA,NA,NA,NA,NA,NA,NA,NA,NA,NA,NA,NA,NA,24.0455,122.284,NA,NA,NA,NA,NA,NA,NA,NA,NA,NA,NA,NA,NA,NA,25.9713,542.724,NA,NA,NA,NA,26.6152,117.231,NA,NA,NA,NA,NA,NA,NA,NA,NA,NA,NA,NA
"CAV.1.10_2012",NA,NA,NA,NA,3.6794,1032.259,NA,NA,NA,NA,NA,NA,NA,NA,NA,NA,NA,NA,12.1371,684.104,NA,NA,13.1767,627.418,13.7801,2148.734,NA,NA,NA,NA,14.8789,3632.736,NA,NA,NA,NA,NA,NA,16.3776,144.112,NA,NA,17.02,4761.979,NA,NA,NA,NA,17.7423,206.283,17.9479,1066.426,NA,NA,NA,NA,18.5491,160.469,18.6294,166.229,NA,NA,NA,NA,NA,NA,NA,NA,NA,NA,NA,NA,NA,NA,20.8651,866.221,21.1361,7611.955,NA,NA,21.4577,185.36,21.5376,258.298,NA,NA,21.6937,460.384,21.9198,342.662,22.2597,109.578,NA,NA,NA,NA,23.1298,251.731,NA,NA,23.4386,93.506,NA,NA,NA,NA,23.7374,119.456,NA,NA,NA,NA,24.0474,137.759,NA,NA,24.404,168.793,NA,NA,NA,NA,NA,NA,25.3955,79.243,NA,NA,25.9733,538.467,NA,NA,26.4828,235.761,26.6186,225.451,NA,NA,NA,NA,NA,NA,NA,NA,NA,NA,NA,NA
"NMT.2.3_2012",NA,NA,3.0479,363.502,3.6775,2630.05,NA,NA,NA,NA,7.3086,665.854,9.9298,337.212,NA,NA,NA,NA,12.1317,363.963,NA,NA,NA,NA,13.7666,696.536,NA,NA,NA,NA,14.8458,1023.007,NA,NA,NA,NA,15.7799,265.606,16.3786,179.368,NA,NA,17.007,3758.795,NA,NA,NA,NA,17.7915,2621.813,17.9497,699.167,NA,NA,NA,NA,18.5478,129.689,18.6283,108.117,18.856,136.669,NA,NA,NA,NA,NA,NA,NA,NA,NA,NA,20.5722,148.936,20.8287,511.946,21.1964,86.237,21.3008,598.924,21.4328,170.999,21.5293,89.568,NA,NA,21.6633,186.528,21.9118,281.984,NA,NA,NA,NA,NA,NA,23.1344,162.05,23.2766,91.637,23.4394,197.393,NA,NA,23.6524,108.495,23.7384,147.462,NA,NA,NA,NA,24.0086,55.544,NA,NA,NA,NA,NA,NA,NA,NA,NA,NA,25.4018,508.416,NA,NA,25.9687,331.006,NA,NA,26.4875,87.971,26.6294,1140.459,NA,NA,NA,NA,NA,NA,NA,NA,NA,NA,NA,NA
"AZTW.1.5_2012",NA,NA,3.1944,803.585,3.681,2598.282,NA,NA,NA,NA,NA,NA,NA,NA,NA,NA,NA,NA,12.1224,593.082,NA,NA,NA,NA,13.7429,249.657,NA,NA,NA,NA,14.8511,2422.115,NA,NA,NA,NA,NA,NA,NA,NA,NA,NA,16.9532,1294.795,NA,NA,NA,NA,17.7297,516.843,17.9197,187.087,NA,NA,18.5292,161.421,18.609,113.622,NA,NA,NA,NA,NA,NA,NA,NA,NA,NA,NA,NA,NA,NA,20.5855,247.073,20.8193,945.009,21.2798,300.481,NA,NA,21.4302,252.838,NA,NA,21.644,65.229,NA,NA,21.898,114.016,NA,NA,NA,NA,NA,NA,23.1153,386.391,23.2664,86.241,23.4258,64.366,NA,NA,NA,NA,NA,NA,NA,NA,NA,NA,NA,NA,NA,NA,NA,NA,NA,NA,NA,NA,NA,NA,25.3881,164.605,NA,NA,25.9658,612.563,NA,NA,26.4789,173.335,26.6151,513.348,NA,NA,NA,NA,NA,NA,NA,NA,NA,NA,NA,NA
"ORW.1.1_2012",NA,NA,3.1602,424.709,3.6865,2777.65,NA,NA,NA,NA,NA,NA,NA,NA,NA,NA,NA,NA,12.1598,4458.289,NA,NA,NA,NA,13.7477,401.631,NA,NA,NA,NA,14.9041,6364.082,NA,NA,NA,NA,15.7887,346.358,NA,NA,NA,NA,16.9577,1383.613,17.1439,161.447,NA,NA,17.8088,4737.852,17.9684,1844.192,NA,NA,NA,NA,18.5619,761.828,18.6423,651.628,18.8587,226.526,19.3348,157.922,19.9255,107.45,20.0187,219.877,NA,NA,NA,NA,NA,NA,20.8583,2401.797,21.0552,3108.44,21.2984,685.14,21.4512,372.132,NA,NA,21.6021,264.629,NA,NA,21.9066,125.427,NA,NA,NA,NA,NA,NA,23.1165,437.869,23.2681,91.88,23.4311,232.323,NA,NA,NA,NA,23.729,140.696,NA,NA,NA,NA,24.0011,93.591,NA,NA,NA,NA,NA,NA,NA,NA,NA,NA,NA,NA,NA,NA,25.9617,219.633,NA,NA,26.4808,101.006,NA,NA,NA,NA,NA,NA,NA,NA,NA,NA,NA,NA,NA,NA
"IDW.2.3_2012",NA,NA,3.1602,394.48,3.6958,2974.36,NA,NA,NA,NA,7.3129,646.867,9.9279,243.416,NA,NA,NA,NA,12.1601,3506.928,NA,NA,NA,NA,13.7541,298.689,NA,NA,NA,NA,14.8417,1342.173,NA,NA,NA,NA,15.8053,635.507,NA,NA,NA,NA,16.9607,1161.622,17.1772,152.844,NA,NA,NA,NA,17.9884,602.186,NA,NA,NA,NA,18.5767,849.89,18.653,583.616,18.8611,421.045,NA,NA,19.9104,344.765,20.0189,230.62,NA,NA,NA,NA,NA,NA,20.8203,646.283,21.0329,1345.596,21.3375,2753.3,21.4319,680.137,21.5918,468.093,NA,NA,21.6653,561.296,21.9099,84.535,NA,NA,NA,NA,NA,NA,NA,NA,23.2704,68.696,23.4424,677.326,NA,NA,23.6481,73.352,23.7354,257.99,NA,NA,23.9006,96.12,24.0042,183.019,NA,NA,NA,NA,NA,NA,NA,NA,NA,NA,NA,NA,NA,NA,25.9632,183.658,NA,NA,NA,NA,NA,NA,NA,NA,NA,NA,NA,NA,NA,NA,NA,NA,NA,NA
"IDW.1.7_2012",NA,NA,3.1633,418.897,3.6804,3562.427,NA,NA,NA,NA,7.3032,445.595,NA,NA,NA,NA,NA,NA,12.134,2224.816,NA,NA,NA,NA,13.7455,377.057,NA,NA,NA,NA,14.8353,1276.817,NA,NA,NA,NA,15.8092,543.637,16.3643,195.041,NA,NA,17.0048,4820.249,NA,NA,NA,NA,17.8716,10813.887,17.9632,556.788,NA,NA,NA,NA,18.5697,892.858,18.6468,628.681,18.8569,278.63,NA,NA,19.9183,189.306,20.016,249.731,NA,NA,NA,NA,NA,NA,20.8107,475.391,21.0293,1508.051,21.3217,2106.427,21.4432,244.165,NA,NA,21.596,160.231,21.6664,863.286,21.9096,344.484,NA,NA,NA,NA,NA,NA,23.1034,382.981,NA,NA,23.4285,196.383,NA,NA,23.6462,87.541,NA,NA,NA,NA,NA,NA,23.9992,64.467,NA,NA,NA,NA,NA,NA,NA,NA,NA,NA,25.3867,79.525,NA,NA,25.9642,504.565,NA,NA,NA,NA,26.6076,80.952,NA,NA,NA,NA,NA,NA,NA,NA,NA,NA,NA,NA
"WAT.2.8_2012",NA,NA,3.1932,4407.104,3.6666,2720.008,NA,NA,NA,NA,NA,NA,NA,NA,NA,NA,NA,NA,12.1351,664.128,NA,NA,NA,NA,13.7572,621.485,NA,NA,NA,NA,14.9039,5622.341,NA,NA,NA,NA,15.7952,496.118,16.3776,130.679,16.6773,175.21,17.044,7287.983,NA,NA,NA,NA,NA,NA,17.9467,358.57,NA,NA,NA,NA,18.5475,256.614,18.6272,216.861,NA,NA,NA,NA,NA,NA,NA,NA,20.027,207.066,NA,NA,20.6494,223.42,20.8638,2140.268,21.0788,3987.309,21.2953,443.729,21.4677,549.161,NA,NA,NA,NA,21.6817,1231.53,21.9336,926.839,NA,NA,NA,NA,NA,NA,23.1577,285.679,NA,NA,23.4345,68.162,23.6205,90.873,NA,NA,23.7297,151.663,NA,NA,NA,NA,24.0456,138.035,NA,NA,NA,NA,NA,NA,NA,NA,NA,NA,25.4855,139.237,NA,NA,25.9813,1286.984,26.3476,78.024,26.4936,1153.216,26.6245,599.27,NA,NA,NA,NA,NA,NA,NA,NA,NA,NA,NA,NA
"IDW.3.6_2012",NA,NA,3.1584,619.073,3.6797,3445.348,NA,NA,NA,NA,NA,NA,NA,NA,NA,NA,NA,NA,12.1553,2548.163,NA,NA,NA,NA,13.7596,145.867,NA,NA,NA,NA,14.8389,480.571,NA,NA,NA,NA,15.7941,454.007,NA,NA,NA,NA,16.9743,1388.784,NA,NA,NA,NA,17.7996,3243.94,17.9888,107.513,NA,NA,18.4044,160.526,18.5663,574.423,18.6454,451.288,18.8668,240.549,NA,NA,19.9198,183.184,NA,NA,20.0274,184.083,NA,NA,NA,NA,20.8121,257.42,21.0264,751.772,21.3044,719.786,21.447,265.884,NA,NA,21.6027,99.811,21.6727,740.734,21.9177,129.485,NA,NA,NA,NA,NA,NA,23.1194,398.682,NA,NA,NA,NA,NA,NA,23.6594,157.071,NA,NA,NA,NA,NA,NA,NA,NA,NA,NA,NA,NA,NA,NA,NA,NA,NA,NA,NA,NA,NA,NA,25.9704,305.898,NA,NA,NA,NA,26.6169,142.745,NA,NA,NA,NA,NA,NA,NA,NA,NA,NA,NA,NA
"IDW.1.3_2012",NA,NA,3.131,210.701,3.6783,2266.039,NA,NA,NA,NA,NA,NA,NA,NA,NA,NA,NA,NA,12.1432,1307.479,NA,NA,NA,NA,13.7624,229.519,NA,NA,NA,NA,14.8409,634.404,NA,NA,NA,NA,15.7858,387.094,NA,NA,NA,NA,16.9638,695.724,NA,NA,NA,NA,17.8091,3889.051,17.944,159.941,NA,NA,NA,NA,18.5682,690.545,18.6466,514.03,18.8596,213.35,NA,NA,19.9107,233.367,NA,NA,20.0229,161.172,NA,NA,NA,NA,20.8149,280.808,21.0323,1093.163,21.3113,926.628,21.4385,305.317,NA,NA,21.5972,159.011,21.6672,502.499,21.9136,71.207,NA,NA,NA,NA,NA,NA,23.1177,338.985,NA,NA,23.4375,79.766,NA,NA,23.655,147.627,NA,NA,NA,NA,NA,NA,NA,NA,NA,NA,NA,NA,NA,NA,NA,NA,NA,NA,NA,NA,NA,NA,25.9714,351.777,NA,NA,26.5032,103.609,26.6171,145.728,NA,NA,NA,NA,NA,NA,NA,NA,NA,NA,NA,NA
"COVW.2.3_2012",NA,NA,3.1299,912.991,NA,NA,NA,NA,NA,NA,NA,NA,NA,NA,NA,NA,NA,NA,12.1262,161.575,NA,NA,NA,NA,13.7543,523.228,NA,NA,NA,NA,14.8401,1256.598,NA,NA,NA,NA,15.8111,580.484,NA,NA,NA,NA,16.9612,1403.042,NA,NA,NA,NA,NA,NA,NA,NA,18.2309,20431.958,NA,NA,NA,NA,NA,NA,18.9193,2120.984,NA,NA,NA,NA,NA,NA,NA,NA,NA,NA,NA,NA,20.8251,581.258,21.064,2632.389,NA,NA,21.426,106.321,NA,NA,NA,NA,21.7158,4314.075,NA,NA,22.0717,381.079,NA,NA,NA,NA,NA,NA,NA,NA,23.4285,70.445,NA,NA,NA,NA,NA,NA,NA,NA,NA,NA,23.9997,89.224,NA,NA,NA,NA,NA,NA,NA,NA,NA,NA,25.3901,133.425,NA,NA,25.9616,202.302,NA,NA,NA,NA,26.6151,592.965,NA,NA,NA,NA,NA,NA,NA,NA,NA,NA,NA,NA
"UTWV.2.6_2012",NA,NA,3.0472,370.71,3.6846,1788.617,NA,NA,NA,NA,NA,NA,NA,NA,NA,NA,NA,NA,12.1169,397.338,NA,NA,13.1616,217.414,13.7504,889.58,NA,NA,NA,NA,14.8804,4581.674,NA,NA,NA,NA,NA,NA,NA,NA,NA,NA,17.0008,4405.913,NA,NA,NA,NA,17.7251,276.014,17.9242,731.585,NA,NA,18.5327,250.441,18.6134,240.396,NA,NA,NA,NA,19.324,84.95,NA,NA,20.013,177.946,NA,NA,NA,NA,NA,NA,20.8374,1234.357,21.0745,4384.302,NA,NA,21.4256,196.656,NA,NA,21.6506,255.861,NA,NA,21.9017,395.04,NA,NA,NA,NA,NA,NA,23.1245,753.956,23.2651,80.765,23.4253,105.06,NA,NA,NA,NA,NA,NA,23.7146,108.162,NA,NA,24.0344,104.524,NA,NA,NA,NA,NA,NA,NA,NA,NA,NA,25.3854,93.711,NA,NA,25.9614,395.278,NA,NA,NA,NA,26.6093,300.458,NA,NA,NA,NA,NA,NA,NA,NA,NA,NA,NA,NA
"UTW.2.10_2012",NA,NA,3.163,492.027,3.6748,2035.892,NA,NA,NA,NA,NA,NA,NA,NA,NA,NA,NA,NA,12.1395,892.274,NA,NA,NA,NA,13.7637,404.704,NA,NA,NA,NA,14.8667,2261.072,NA,NA,NA,NA,15.783,210.972,NA,NA,NA,NA,17.0055,3398.076,NA,NA,NA,NA,17.7742,1570.534,17.9472,446.612,NA,NA,NA,NA,18.5625,453.765,18.6423,376.938,18.8577,114.988,NA,NA,NA,NA,NA,NA,20.0261,128.037,NA,NA,NA,NA,20.834,822.278,21.2957,297.372,NA,NA,21.4375,259.956,NA,NA,NA,NA,21.6632,212.118,21.9147,286.808,NA,NA,NA,NA,NA,NA,23.1213,381.929,NA,NA,23.4381,84.681,NA,NA,NA,NA,23.7328,78.322,NA,NA,NA,NA,NA,NA,NA,NA,NA,NA,NA,NA,NA,NA,NA,NA,NA,NA,NA,NA,25.9718,325.722,NA,NA,NA,NA,NA,NA,NA,NA,NA,NA,NA,NA,NA,NA,NA,NA,NA,NA
"ORT.2.3_2012",NA,NA,3.2418,426.231,3.698,3412.401,NA,NA,NA,NA,NA,NA,NA,NA,11.5546,430.795,NA,NA,12.1197,542.242,NA,NA,NA,NA,13.7451,494.09,NA,NA,NA,NA,14.8219,578.661,NA,NA,NA,NA,15.7775,829.738,NA,NA,NA,NA,16.9433,658.409,NA,NA,NA,NA,17.7569,1886.851,NA,NA,NA,NA,18.5439,601.059,18.6215,394.253,NA,NA,18.8585,583.999,NA,NA,19.9125,208.647,20.0064,163.166,NA,NA,NA,NA,20.5519,173.174,20.8077,250.28,21.0552,2933.905,21.3061,1471.56,21.4257,371.908,21.5913,178.543,NA,NA,21.675,1558.621,21.9056,109.338,NA,NA,NA,NA,NA,NA,23.1161,569.634,23.2658,74.502,23.4305,210.236,NA,NA,23.6452,177.19,23.7301,172.046,NA,NA,NA,NA,23.999,142.703,NA,NA,NA,NA,NA,NA,NA,NA,NA,NA,NA,NA,NA,NA,25.9626,375.18,NA,NA,26.4759,185.11,26.6097,140.979,NA,NA,NA,NA,NA,NA,NA,NA,NA,NA,NA,NA
"IDW.3.8_2012",NA,NA,3.2417,624.541,3.706,3456,NA,NA,NA,NA,7.3795,631.778,NA,NA,NA,NA,NA,NA,12.157,1750.641,NA,NA,NA,NA,NA,NA,NA,NA,NA,NA,14.8473,983.024,NA,NA,NA,NA,15.7835,255.284,NA,NA,NA,NA,16.9613,315.178,NA,NA,NA,NA,17.8186,5018.684,17.9644,1071.03,NA,NA,18.3873,361.185,18.5536,215.963,18.6343,244.141,18.8609,173.507,NA,NA,NA,NA,20.0211,151.741,NA,NA,NA,NA,NA,NA,20.8256,914.354,NA,NA,21.3049,887.105,21.4447,201.384,NA,NA,21.6017,106.515,21.6617,432.864,21.9113,94.113,NA,NA,NA,NA,NA,NA,23.1317,397.596,23.2745,96.506,23.44,388.415,NA,NA,23.6578,155.441,23.7346,161.793,NA,NA,NA,NA,24.0064,80.173,NA,NA,NA,NA,NA,NA,NA,NA,NA,NA,NA,NA,NA,NA,25.9747,763.608,NA,NA,NA,NA,26.6179,156.04,26.7499,95.473,NA,NA,NA,NA,NA,NA,NA,NA,NA,NA
"NMT.2.6_2012",NA,NA,3.0737,679.394,3.6645,1606.503,NA,NA,NA,NA,NA,NA,NA,NA,NA,NA,NA,NA,12.1234,408.958,NA,NA,13.1662,273.861,13.7606,1067.758,NA,NA,NA,NA,14.8767,3674.295,NA,NA,NA,NA,15.7902,292.191,NA,NA,NA,NA,16.9509,134.785,NA,NA,NA,NA,17.7507,1010.422,17.9319,374.82,NA,NA,NA,NA,18.5527,479.128,18.6312,338.088,NA,NA,NA,NA,NA,NA,19.9606,114.078,20.026,159.15,NA,NA,NA,NA,20.8683,1386.62,21.1205,6568.965,21.3092,844.407,21.4607,162.859,21.5347,87.761,NA,NA,21.6616,176.256,NA,NA,NA,NA,NA,NA,NA,NA,23.124,352.685,23.2748,59.566,23.4358,150.408,NA,NA,NA,NA,23.7327,91.765,NA,NA,NA,NA,NA,NA,NA,NA,NA,NA,NA,NA,NA,NA,NA,NA,25.3962,360.632,NA,NA,25.9619,135.725,NA,NA,NA,NA,26.6203,573.59,NA,NA,NA,NA,NA,NA,NA,NA,NA,NA,NA,NA
"WAT.2.10_2012",NA,NA,NA,NA,3.674,2646.018,NA,NA,NA,NA,7.3081,984.873,9.9291,328.236,NA,NA,NA,NA,12.1439,1006.165,NA,NA,13.1796,207.131,13.7814,1643.077,NA,NA,NA,NA,14.8935,4114.726,NA,NA,NA,NA,NA,NA,16.3879,362.689,NA,NA,17.076,9522.094,NA,NA,NA,NA,17.7595,405.645,17.9779,2467.282,NA,NA,NA,NA,18.557,122.909,18.638,134.911,19.0343,129.452,19.3501,88.57,NA,NA,NA,NA,NA,NA,NA,NA,NA,NA,20.8984,2054.464,21.1461,7811.443,NA,NA,21.457,308.226,21.5425,114.264,NA,NA,21.6849,225.532,21.9361,872.672,22.36,91.078,NA,NA,NA,NA,23.1635,268.504,23.2831,142.545,23.4462,359.101,23.6235,65.92,NA,NA,23.7438,259.209,NA,NA,NA,NA,24.013,115.664,NA,NA,NA,NA,NA,NA,NA,NA,NA,NA,25.4928,230.715,NA,NA,25.982,907.165,NA,NA,26.4968,1241.504,26.6281,587.157,NA,NA,NA,NA,NA,NA,NA,NA,NA,NA,NA,NA
"IDW.1.8_2012",NA,NA,3.1647,476.824,3.6857,4785.96,NA,NA,NA,NA,7.3045,733.915,9.9345,385.997,11.5844,284.394,NA,NA,12.1471,1108.235,NA,NA,NA,NA,NA,NA,NA,NA,NA,NA,14.8543,1116.295,NA,NA,NA,NA,15.815,717.856,16.3893,383.551,NA,NA,17.0031,2867.525,NA,NA,NA,NA,17.862,7630.493,17.9683,306.508,NA,NA,NA,NA,18.5941,1090.194,18.6703,699.56,18.8737,358.031,NA,NA,19.9213,357.687,NA,NA,20.0327,195.231,NA,NA,20.5724,155.947,20.8271,509.665,21.217,153.282,21.3423,2256.568,21.4564,516.99,NA,NA,21.6097,196.473,21.6984,1568.663,21.9288,235.252,22.3097,235.082,NA,NA,NA,NA,23.1119,184.187,NA,NA,23.4435,167.926,NA,NA,23.6637,197.448,23.7424,122.428,NA,NA,NA,NA,24.012,88.729,NA,NA,NA,NA,NA,NA,NA,NA,NA,NA,25.3985,103.168,NA,NA,25.9775,665.354,NA,NA,NA,NA,26.6189,100.151,NA,NA,NA,NA,NA,NA,NA,NA,NA,NA,NA,NA
"IDV.5.8_2012",NA,NA,3.1597,568.337,NA,NA,4.8639,600.072,NA,NA,NA,NA,NA,NA,NA,NA,NA,NA,NA,NA,12.7026,210.46,13.1914,1347.065,13.8099,4211.394,NA,NA,NA,NA,14.8813,981.824,NA,NA,15.4007,123.586,NA,NA,16.3821,150.976,NA,NA,17.0396,6374.696,NA,NA,NA,NA,NA,NA,17.9537,227.995,NA,NA,18.3485,158.508,NA,NA,NA,NA,NA,NA,NA,NA,NA,NA,NA,NA,NA,NA,NA,NA,NA,NA,NA,NA,21.1694,10822.998,NA,NA,NA,NA,21.5404,86.919,NA,NA,21.6944,914.264,21.9195,314.844,22.2489,294.082,22.6615,134.47,NA,NA,23.1178,179.726,NA,NA,NA,NA,NA,NA,NA,NA,NA,NA,NA,NA,NA,NA,24.0593,879.186,NA,NA,NA,NA,NA,NA,25.0716,182.203,NA,NA,NA,NA,NA,NA,25.9708,166.887,NA,NA,26.4843,156.525,26.6172,76.102,NA,NA,NA,NA,NA,NA,NA,NA,27.478,335.011,NA,NA
"UTW.2.5_2012",NA,NA,3.2231,1293.353,3.6826,2303.353,NA,NA,NA,NA,7.3024,441.624,NA,NA,NA,NA,11.9355,200.365,12.1388,1694.943,NA,NA,NA,NA,13.7581,772.064,NA,NA,NA,NA,14.8833,4328.311,NA,NA,NA,NA,NA,NA,NA,NA,NA,NA,16.9816,2765.806,NA,NA,NA,NA,17.7574,1354.732,17.9547,1615.848,NA,NA,18.5425,235.167,18.6229,233.458,NA,NA,NA,NA,19.3346,147.216,NA,NA,20.0153,138.934,NA,NA,NA,NA,NA,NA,20.8563,1719.311,21.082,3693.844,21.4015,336.538,NA,NA,21.5779,74.243,21.6521,321.622,NA,NA,21.9008,184.66,NA,NA,NA,NA,NA,NA,23.1378,92.281,23.2721,153.708,23.4394,504.094,NA,NA,NA,NA,23.7319,199.263,NA,NA,NA,NA,24.0025,135.522,NA,NA,NA,NA,NA,NA,NA,NA,NA,NA,NA,NA,NA,NA,25.9668,227.811,NA,NA,26.4785,154.455,26.613,78.049,NA,NA,NA,NA,NA,NA,NA,NA,NA,NA,NA,NA
"UTT.1.2_2012",NA,NA,3.0509,296.987,3.6742,4089.991,NA,NA,NA,NA,7.3475,789.594,9.9299,281.178,11.6174,551.472,11.9571,253.881,12.1308,295.824,NA,NA,NA,NA,13.759,384.577,NA,NA,NA,NA,14.8377,357.18,NA,NA,NA,NA,15.8135,777.103,16.3793,352.465,NA,NA,16.9923,2732.291,NA,NA,NA,NA,17.7925,2707.42,17.964,216.993,NA,NA,NA,NA,18.5556,350.629,18.6343,245.803,18.8891,582.91,NA,NA,NA,NA,NA,NA,20.0325,151.888,NA,NA,20.5685,235.591,20.8216,126.73,21.2124,85.328,21.3204,1393.958,21.4691,365.544,NA,NA,NA,NA,21.7114,3144.035,21.935,285.408,NA,NA,NA,NA,NA,NA,23.1232,229.81,23.2785,53.46,23.4411,164.828,23.5739,76.46,23.664,171.876,23.7401,122.289,NA,NA,NA,NA,24.0476,105.381,NA,NA,NA,NA,NA,NA,NA,NA,NA,NA,25.3971,210.191,NA,NA,25.97,207.642,NA,NA,NA,NA,26.6185,249.477,NA,NA,NA,NA,NA,NA,NA,NA,NA,NA,NA,NA
"IDV.3.7_2012",NA,NA,NA,NA,NA,NA,NA,NA,NA,NA,NA,NA,NA,NA,NA,NA,NA,NA,NA,NA,NA,NA,13.1698,429.638,13.7793,2679.742,NA,NA,NA,NA,14.8543,381.655,NA,NA,15.3922,183.775,NA,NA,16.3691,181.174,NA,NA,17.0243,6455.189,NA,NA,NA,NA,NA,NA,17.9391,288.782,NA,NA,NA,NA,NA,NA,NA,NA,NA,NA,NA,NA,NA,NA,NA,NA,NA,NA,NA,NA,NA,NA,NA,NA,21.1591,11196.276,NA,NA,NA,NA,21.522,118.323,NA,NA,21.6592,543.601,21.9076,444.064,22.2223,217.633,NA,NA,NA,NA,NA,NA,NA,NA,NA,NA,NA,NA,NA,NA,NA,NA,NA,NA,NA,NA,24.0389,84.009,NA,NA,NA,NA,NA,NA,NA,NA,NA,NA,25.4881,260.752,NA,NA,25.9759,940.702,NA,NA,26.4837,624.195,26.6174,475.535,NA,NA,NA,NA,NA,NA,NA,NA,NA,NA,NA,NA
"NMT.1.9_2012",NA,NA,3.1596,454.882,3.6857,1405.298,NA,NA,NA,NA,7.3181,453.921,NA,NA,NA,NA,NA,NA,12.1243,524.647,NA,NA,NA,NA,NA,NA,NA,NA,NA,NA,14.8487,2332.473,NA,NA,NA,NA,15.7469,161.228,NA,NA,NA,NA,16.9563,1546.407,NA,NA,NA,NA,17.7442,1221.468,17.9253,570.238,NA,NA,18.5319,229.637,18.612,197.485,NA,NA,NA,NA,NA,NA,NA,NA,20.0033,115.607,NA,NA,NA,NA,20.5495,135.402,20.8175,998.387,21.277,299.619,21.4074,331.207,NA,NA,NA,NA,21.6442,118.401,NA,NA,21.8916,142.968,NA,NA,NA,NA,NA,NA,23.1287,196.683,23.2658,104.714,23.4303,282.543,NA,NA,NA,NA,23.7286,222.235,NA,NA,NA,NA,23.9978,53.712,NA,NA,NA,NA,NA,NA,NA,NA,NA,NA,25.391,334.834,NA,NA,25.9599,229.475,NA,NA,NA,NA,26.6158,657.104,NA,NA,NA,NA,NA,NA,NA,NA,NA,NA,NA,NA
"IDV.2.7_2012",NA,NA,3.1091,585.076,NA,NA,NA,NA,NA,NA,NA,NA,NA,NA,NA,NA,NA,NA,12.1377,495.41,NA,NA,13.1812,318.943,13.7783,1779.763,14.0867,906.501,NA,NA,14.8509,976.628,NA,NA,NA,NA,NA,NA,NA,NA,NA,NA,16.9969,2832.21,NA,NA,NA,NA,17.7196,917.635,17.9425,422.198,NA,NA,18.3963,683.86,NA,NA,NA,NA,NA,NA,NA,NA,NA,NA,NA,NA,NA,NA,NA,NA,NA,NA,20.8312,120.193,21.1106,5183.623,NA,NA,NA,NA,21.5372,153.359,NA,NA,21.6783,456.237,21.9129,193.915,NA,NA,NA,NA,NA,NA,23.1141,146.484,NA,NA,NA,NA,23.5994,63.398,NA,NA,NA,NA,NA,NA,NA,NA,24.047,84.49,NA,NA,NA,NA,NA,NA,25.0708,55.58,NA,NA,NA,NA,NA,NA,25.9719,249.899,NA,NA,26.4836,74.765,26.6194,129.59,26.7513,116.195,NA,NA,NA,NA,NA,NA,NA,NA,NA,NA
"CAV.2.10_2012",NA,NA,3.1596,1022.986,3.7144,1137.044,NA,NA,NA,NA,NA,NA,NA,NA,NA,NA,NA,NA,12.136,509.792,NA,NA,13.1753,261.468,NA,NA,NA,NA,NA,NA,14.772,3331.467,NA,NA,NA,NA,NA,NA,16.3764,182.212,NA,NA,17.0346,6892.299,NA,NA,NA,NA,17.7864,2875.998,17.9598,391.359,NA,NA,18.3633,142.393,NA,NA,NA,NA,18.9463,255.805,NA,NA,19.8643,14361.198,NA,NA,NA,NA,NA,NA,NA,NA,20.904,104.508,21.2909,120.759,NA,NA,21.4291,139.068,21.5269,115.728,NA,NA,21.6623,445.475,21.9129,437.124,NA,NA,NA,NA,NA,NA,23.1124,210.584,NA,NA,23.4311,119.689,NA,NA,NA,NA,NA,NA,NA,NA,NA,NA,NA,NA,NA,NA,NA,NA,NA,NA,NA,NA,NA,NA,NA,NA,NA,NA,25.9704,644.963,NA,NA,26.477,105.558,26.6129,180.889,NA,NA,NA,NA,NA,NA,NA,NA,NA,NA,NA,NA
"ORT.2.10_2012",NA,NA,3.2083,2486.525,3.7024,4215.557,NA,NA,NA,NA,7.3233,753.567,9.9266,412.382,NA,NA,NA,NA,12.1319,606.746,NA,NA,NA,NA,13.7646,1091.288,NA,NA,NA,NA,14.8307,248.552,NA,NA,NA,NA,15.7844,508.787,16.3725,291.539,NA,NA,16.9725,2119.49,NA,NA,NA,NA,17.8319,6135.95,17.9467,353.996,NA,NA,NA,NA,18.5479,211.052,18.6268,246.05,18.8605,362.404,NA,NA,NA,NA,NA,NA,NA,NA,NA,NA,NA,NA,20.8329,133.994,21.1998,131.569,21.3118,1058.216,21.4152,195.327,21.5844,132.326,NA,NA,21.6674,771.742,21.9109,236.707,22.2765,178.6,22.652,126.9,NA,NA,NA,NA,23.2735,79.212,23.4384,270.178,23.5672,90.833,23.6529,219.859,23.7382,205.946,NA,NA,NA,NA,24.0461,392.638,NA,NA,NA,NA,NA,NA,NA,NA,NA,NA,NA,NA,NA,NA,25.9726,591.416,NA,NA,26.4828,396.663,26.6178,251.882,NA,NA,NA,NA,NA,NA,NA,NA,NA,NA,NA,NA
"CAV.3.6_2012",NA,NA,NA,NA,NA,NA,NA,NA,NA,NA,NA,NA,NA,NA,NA,NA,NA,NA,12.1369,464.936,NA,NA,13.1765,527.58,13.7614,583.418,NA,NA,NA,NA,14.8376,1076.116,NA,NA,NA,NA,NA,NA,16.3726,135.825,NA,NA,17.0006,4201.215,NA,NA,NA,NA,NA,NA,17.9308,718.804,18.306,128.926,NA,NA,NA,NA,NA,NA,NA,NA,NA,NA,NA,NA,NA,NA,NA,NA,NA,NA,NA,NA,20.7963,176.996,21.0986,5737.262,NA,NA,NA,NA,21.5225,163.475,NA,NA,21.6639,248.209,21.9056,427.464,22.2326,293.669,22.6483,97.995,NA,NA,23.1128,273.15,NA,NA,NA,NA,NA,NA,NA,NA,NA,NA,NA,NA,NA,NA,NA,NA,NA,NA,NA,NA,NA,NA,NA,NA,NA,NA,NA,NA,NA,NA,25.9711,732.698,NA,NA,NA,NA,26.6187,549.873,NA,NA,NA,NA,NA,NA,NA,NA,NA,NA,NA,NA
"CAV.1.9_2012",NA,NA,3.1232,1013.283,3.6706,910.08,NA,NA,NA,NA,NA,NA,NA,NA,NA,NA,NA,NA,12.1436,1687.362,NA,NA,13.1714,421.17,13.7691,1424.939,NA,NA,NA,NA,14.8804,4009.599,NA,NA,NA,NA,NA,NA,NA,NA,NA,NA,16.9779,2091.774,NA,NA,NA,NA,NA,NA,17.9331,606.821,NA,NA,18.5387,108.562,18.619,121.316,NA,NA,NA,NA,NA,NA,NA,NA,NA,NA,NA,NA,NA,NA,NA,NA,20.8277,586.384,21.0993,5047.77,NA,NA,21.4477,147.711,21.5239,80.362,NA,NA,21.6749,122.652,21.9107,155.831,22.3389,88.525,NA,NA,NA,NA,23.1229,760.618,23.2749,110.739,23.4372,160.697,NA,NA,NA,NA,23.7354,89.053,NA,NA,NA,NA,24.0062,55.818,NA,NA,24.3978,120.633,NA,NA,NA,NA,NA,NA,NA,NA,NA,NA,25.9672,283.415,NA,NA,NA,NA,26.6139,102.725,NA,NA,NA,NA,NA,NA,NA,NA,NA,NA,NA,NA
"CAV.1.4_2012",NA,NA,3.1481,770.886,3.6923,811.592,NA,NA,NA,NA,NA,NA,NA,NA,NA,NA,NA,NA,12.1358,400.15,NA,NA,NA,NA,NA,NA,NA,NA,NA,NA,14.8513,1466.994,NA,NA,NA,NA,NA,NA,NA,NA,NA,NA,16.9589,736.276,NA,NA,NA,NA,17.7587,1147.914,17.9404,568.921,NA,NA,NA,NA,18.5469,179.355,18.6274,185.942,NA,NA,NA,NA,NA,NA,NA,NA,NA,NA,NA,NA,NA,NA,20.8059,423.362,NA,NA,NA,NA,21.4242,220.389,NA,NA,NA,NA,NA,NA,NA,NA,NA,NA,NA,NA,NA,NA,23.1287,134.591,NA,NA,23.4358,95.507,NA,NA,NA,NA,23.7365,94.457,NA,NA,NA,NA,NA,NA,NA,NA,NA,NA,NA,NA,NA,NA,NA,NA,NA,NA,NA,NA,25.9711,304.049,NA,NA,26.4824,140.032,26.6207,281.535,NA,NA,NA,NA,NA,NA,NA,NA,NA,NA,NA,NA
"COVW.2.2_2012",NA,NA,3.1391,927.466,3.6903,1287.518,NA,NA,NA,NA,NA,NA,NA,NA,NA,NA,NA,NA,12.1255,548.985,NA,NA,NA,NA,13.7519,778.592,14.1441,151.573,NA,NA,14.8509,2254.016,NA,NA,NA,NA,NA,NA,NA,NA,NA,NA,16.9485,1091.742,NA,NA,NA,NA,17.745,2392.607,17.9393,1094.026,NA,NA,18.3957,935.105,18.6157,115.724,NA,NA,NA,NA,NA,NA,NA,NA,NA,NA,NA,NA,NA,NA,NA,NA,20.8206,744.274,21.2716,116.824,NA,NA,21.4198,143.778,NA,NA,NA,NA,NA,NA,21.8959,89.216,NA,NA,NA,NA,NA,NA,23.14,189.63,23.2659,57.757,23.4272,159.595,NA,NA,NA,NA,NA,NA,23.7263,116.315,NA,NA,NA,NA,NA,NA,NA,NA,NA,NA,NA,NA,NA,NA,25.387,75.597,NA,NA,25.9602,160.798,NA,NA,26.4746,58.848,26.6093,152.136,26.7488,345.111,26.9071,148.925,NA,NA,NA,NA,NA,NA,NA,NA
"CAV.4.4_2012",NA,NA,NA,NA,3.6948,944.269,NA,NA,NA,NA,NA,NA,NA,NA,NA,NA,NA,NA,12.1329,1109.255,NA,NA,13.1657,657.941,13.7531,807.619,NA,NA,NA,NA,14.8492,2294.53,NA,NA,NA,NA,NA,NA,16.3666,196.408,NA,NA,17.0122,5592.756,NA,NA,NA,NA,17.7309,248.111,17.9428,1718.468,NA,NA,18.535,210.043,18.6147,154.816,NA,NA,NA,NA,NA,NA,NA,NA,NA,NA,20.0229,138.801,NA,NA,NA,NA,20.8193,358.079,21.1144,7375.787,NA,NA,21.4343,172.568,21.5169,188.22,NA,NA,21.6644,305.002,21.9087,574.224,22.2357,193.371,NA,NA,NA,NA,23.1341,163.73,NA,NA,23.428,131.129,NA,NA,NA,NA,23.7278,71.336,NA,NA,NA,NA,NA,NA,NA,NA,NA,NA,NA,NA,NA,NA,NA,NA,NA,NA,NA,NA,25.9745,1276.036,26.3396,66.673,NA,NA,26.6146,386.672,NA,NA,NA,NA,NA,NA,NA,NA,NA,NA,NA,NA
"WAW.1.6_2012",NA,NA,NA,NA,3.6809,1215.686,NA,NA,NA,NA,NA,NA,NA,NA,NA,NA,NA,NA,12.1424,691.879,NA,NA,13.184,192.716,13.7789,1354.982,NA,NA,NA,NA,14.9121,5362.771,NA,NA,NA,NA,NA,NA,16.3858,134.986,NA,NA,17.038,5753.872,NA,NA,NA,NA,17.75,253.452,17.951,902.054,NA,NA,NA,NA,18.5507,83.868,18.6323,88.404,NA,NA,19.3481,85.228,NA,NA,NA,NA,NA,NA,NA,NA,NA,NA,20.8873,2059.291,21.1307,6534.94,NA,NA,21.4424,353.732,21.5384,101.755,21.6064,128.385,21.6739,161.494,21.9248,512.417,NA,NA,NA,NA,NA,NA,23.1459,429.107,23.2797,77.588,23.4402,117.6,NA,NA,NA,NA,23.7358,140.801,NA,NA,NA,NA,NA,NA,NA,NA,NA,NA,NA,NA,NA,NA,NA,NA,25.4898,139.287,NA,NA,25.9741,372.57,NA,NA,26.4878,175.591,26.6182,116.713,NA,NA,NA,NA,NA,NA,NA,NA,NA,NA,NA,NA
"COW.1.8_2012",NA,NA,3.0522,457.876,3.6772,849.655,NA,NA,NA,NA,NA,NA,NA,NA,NA,NA,NA,NA,12.1402,372.948,NA,NA,NA,NA,13.7651,307.254,14.1444,1511.161,NA,NA,14.8865,2992.439,NA,NA,NA,NA,15.8793,1760.535,16.3881,129.313,NA,NA,17.041,5491.396,NA,NA,NA,NA,17.7634,954.275,NA,NA,18.1709,10302.708,18.4308,586.041,18.575,97.643,18.6517,91.609,18.97,3350.363,NA,NA,NA,NA,NA,NA,NA,NA,NA,NA,NA,NA,20.8504,1293.031,21.039,872.784,NA,NA,21.4572,269.58,NA,NA,NA,NA,21.7242,3477.293,21.9498,455.788,22.0798,151.69,NA,NA,NA,NA,23.1671,263.457,NA,NA,23.4409,70.575,NA,NA,NA,NA,23.7383,74.943,NA,NA,NA,NA,NA,NA,NA,NA,NA,NA,NA,NA,NA,NA,NA,NA,NA,NA,NA,NA,25.9712,115.267,NA,NA,NA,NA,NA,NA,NA,NA,NA,NA,NA,NA,NA,NA,NA,NA,NA,NA
"ORT.1.8_2012",NA,NA,NA,NA,3.6856,3754.036,NA,NA,NA,NA,7.3012,674.304,9.9181,293.607,NA,NA,NA,NA,12.1299,1019.862,NA,NA,NA,NA,13.7481,247.971,NA,NA,NA,NA,14.8267,400.238,NA,NA,NA,NA,15.7953,649.961,16.3654,191.044,NA,NA,16.9784,2650.865,NA,NA,NA,NA,17.8383,7297.314,17.946,419.844,NA,NA,18.5448,342.156,18.6272,341.462,NA,NA,18.8726,601.24,NA,NA,NA,NA,20.0138,135.467,NA,NA,NA,NA,20.5584,138.175,20.8065,142.871,21.196,100.127,21.309,1325.566,21.4498,177.317,21.5159,78.285,NA,NA,21.7141,4170.171,21.9269,282.172,NA,NA,22.6531,91.572,NA,NA,NA,NA,23.2703,94.535,23.437,405.265,NA,NA,23.6521,161.334,23.7349,279.738,NA,NA,NA,NA,24.0035,197.779,NA,NA,NA,NA,NA,NA,NA,NA,NA,NA,NA,NA,NA,NA,25.9627,221.854,NA,NA,26.4767,268.162,26.6108,122.916,NA,NA,NA,NA,NA,NA,NA,NA,NA,NA,NA,NA
"NVTW.1.6_2012",NA,NA,3.0749,316.133,3.6975,3039.178,NA,NA,NA,NA,NA,NA,NA,NA,NA,NA,NA,NA,12.1216,635.822,NA,NA,NA,NA,13.7561,1274.823,NA,NA,NA,NA,14.8282,645.065,NA,NA,NA,NA,15.7889,682.707,16.3623,244.599,NA,NA,16.9575,1348.896,NA,NA,NA,NA,17.7942,4045.603,17.934,195.786,NA,NA,NA,NA,18.5584,880.646,18.6405,711.938,18.8654,491.374,NA,NA,NA,NA,19.9338,199.17,20.0075,159.189,NA,NA,NA,NA,20.8209,172.411,21.1948,93.833,21.2928,647.498,21.4391,311.292,21.5181,75.383,NA,NA,21.6953,3009.958,21.9161,188.637,22.2744,160.148,22.6536,122.912,NA,NA,23.1164,471.704,23.2676,73.817,23.4318,178.651,NA,NA,23.6471,198.68,23.7303,78.5,NA,NA,NA,NA,24.0428,498.036,NA,NA,NA,NA,NA,NA,NA,NA,NA,NA,NA,NA,NA,NA,25.9636,385.035,NA,NA,NA,NA,26.6084,79.545,NA,NA,NA,NA,NA,NA,NA,NA,NA,NA,NA,NA
"NVV.2.9_2012",NA,NA,NA,NA,NA,NA,NA,NA,NA,NA,NA,NA,NA,NA,NA,NA,NA,NA,12.122,546.501,NA,NA,NA,NA,13.7484,729.979,NA,NA,NA,NA,14.7281,666.245,NA,NA,NA,NA,NA,NA,16.3639,159.084,NA,NA,16.9966,4292.028,NA,NA,NA,NA,NA,NA,17.9349,254.516,NA,NA,NA,NA,NA,NA,NA,NA,NA,NA,19.7825,7885.747,NA,NA,NA,NA,20.0597,1047.257,NA,NA,NA,NA,NA,NA,21.0658,2870.647,NA,NA,21.4641,1457.842,NA,NA,NA,NA,21.6759,409.695,21.9088,429.706,NA,NA,NA,NA,NA,NA,NA,NA,23.2666,70.885,NA,NA,NA,NA,NA,NA,23.747,1035.403,NA,NA,NA,NA,NA,NA,NA,NA,NA,NA,NA,NA,25.0434,90.255,NA,NA,NA,NA,NA,NA,25.9639,348.431,NA,NA,NA,NA,26.6111,280.577,NA,NA,NA,NA,NA,NA,NA,NA,NA,NA,NA,NA
"UTW.2.6_2012",NA,NA,3.1595,633.061,3.6794,3086.591,NA,NA,NA,NA,7.3044,545.142,NA,NA,NA,NA,NA,NA,12.1577,2281.717,NA,NA,13.1792,197.13,13.773,977.469,NA,NA,NA,NA,14.9112,5502.897,NA,NA,NA,NA,15.8093,272.704,16.3839,181.094,NA,NA,17.0235,4746.065,NA,NA,NA,NA,17.7925,2232.258,17.9612,1101.74,NA,NA,NA,NA,18.567,442.108,18.6462,366.913,18.8771,128.906,19.3489,111.05,NA,NA,19.9509,117.84,20.0373,173.429,NA,NA,NA,NA,20.8838,2117.48,21.1151,5493.289,21.3078,510.066,21.4595,340.467,NA,NA,21.6129,120.522,21.672,375.267,21.9254,389.993,NA,NA,22.6745,151.486,22.9861,106.909,23.1248,411.895,23.2804,114.33,23.4434,295.598,NA,NA,NA,NA,23.7412,146.745,NA,NA,NA,NA,24.0119,125.328,NA,NA,NA,NA,NA,NA,NA,NA,NA,NA,25.3967,70.696,NA,NA,25.9725,380.452,NA,NA,NA,NA,26.6184,148.499,NA,NA,NA,NA,NA,NA,NA,NA,NA,NA,NA,NA
"WAT.2.1_2012",NA,NA,3.1929,6653.789,3.6709,2983.99,NA,NA,NA,NA,7.3232,829.473,9.9414,350.568,NA,NA,NA,NA,12.1499,1366.966,NA,NA,13.184,424.308,13.784,1771.555,NA,NA,NA,NA,14.915,5550.375,NA,NA,NA,NA,15.8285,204.323,16.388,129.41,NA,NA,17.0112,3446.385,NA,NA,NA,NA,17.8125,2933.658,NA,NA,NA,NA,NA,NA,18.5751,286.355,18.6574,416.499,18.9123,458.646,19.3624,266.31,NA,NA,NA,NA,20.0683,176.661,NA,NA,NA,NA,20.9448,4482.632,21.1677,9002.069,21.3074,358.505,21.48,296.714,21.5558,181.473,NA,NA,21.6977,1810.721,21.9375,309.302,NA,NA,NA,NA,22.9899,100.438,23.1726,225.58,23.2933,451.633,23.4767,1927.54,23.6344,53.451,NA,NA,23.7594,678.044,NA,NA,23.9175,86.873,24.027,793.18,NA,NA,NA,NA,NA,NA,NA,NA,NA,NA,25.4968,325.771,NA,NA,25.9843,933.609,NA,NA,26.497,1064.044,26.63,494.02,NA,NA,NA,NA,NA,NA,NA,NA,NA,NA,NA,NA
"AZT.1.3_2012",NA,NA,3.1123,399.753,3.689,1596.315,NA,NA,NA,NA,NA,NA,NA,NA,NA,NA,NA,NA,12.1225,313.48,NA,NA,NA,NA,13.7575,1370.219,14.1737,2313.761,NA,NA,14.8404,1088.011,NA,NA,NA,NA,NA,NA,16.3642,145.96,NA,NA,16.9997,4114.135,NA,NA,NA,NA,17.7432,2054.18,17.9371,371.383,NA,NA,18.4012,962.757,18.5408,95.651,NA,NA,NA,NA,NA,NA,NA,NA,NA,NA,NA,NA,NA,NA,NA,NA,20.8297,439.193,21.0959,5160.686,21.2815,193.627,21.4246,127.353,NA,NA,NA,NA,21.6583,228.307,21.9061,319.239,NA,NA,NA,NA,NA,NA,23.1147,319.773,NA,NA,23.4288,52.211,NA,NA,NA,NA,NA,NA,NA,NA,NA,NA,NA,NA,NA,NA,NA,NA,NA,NA,NA,NA,NA,NA,25.3889,115.112,NA,NA,25.9619,211.287,NA,NA,26.4759,123.796,26.6145,406.217,26.7447,123.574,NA,NA,NA,NA,NA,NA,NA,NA,NA,NA
"NMT.2.8_2012",NA,NA,3.1337,487.048,3.7055,1527.64,NA,NA,NA,NA,7.3073,508.691,NA,NA,NA,NA,NA,NA,12.1245,272.705,NA,NA,NA,NA,13.7657,1459.202,NA,NA,NA,NA,14.8417,1650.501,NA,NA,NA,NA,15.7472,147.026,NA,NA,NA,NA,16.9415,393.546,NA,NA,NA,NA,17.744,1038.409,17.9282,537.053,NA,NA,18.5338,119.322,18.6135,106.097,NA,NA,NA,NA,NA,NA,NA,NA,NA,NA,NA,NA,NA,NA,NA,NA,20.8488,840.887,21.1143,6587.942,21.397,172.1,NA,NA,21.5199,121.581,21.6507,272.723,NA,NA,NA,NA,NA,NA,NA,NA,NA,NA,NA,NA,NA,NA,23.4293,106.679,NA,NA,NA,NA,23.73,104.204,NA,NA,NA,NA,24.0387,98.971,NA,NA,NA,NA,NA,NA,NA,NA,NA,NA,25.3929,219.17,NA,NA,25.9728,870.176,26.3419,69.411,26.4838,368.119,26.6254,1122.458,NA,NA,NA,NA,NA,NA,NA,NA,NA,NA,NA,NA
"MTW.3.4_2012",NA,NA,3.0629,528.136,3.6843,1616.041,NA,NA,NA,NA,NA,NA,NA,NA,NA,NA,NA,NA,12.1237,766.749,NA,NA,NA,NA,13.7473,499.752,14.093,481.176,NA,NA,14.8762,4077.057,NA,NA,NA,NA,NA,NA,16.3643,119.99,NA,NA,17.0049,4841.937,NA,NA,NA,NA,17.7135,303.699,17.934,1008.181,NA,NA,18.3685,337.374,18.6135,142.151,NA,NA,18.8442,205.999,NA,NA,NA,NA,NA,NA,NA,NA,NA,NA,NA,NA,20.8277,1258.377,21.0321,1789.649,NA,NA,21.423,265.713,NA,NA,NA,NA,21.6563,577.026,21.9033,406.946,NA,NA,NA,NA,NA,NA,23.1313,335.284,23.2673,95.488,23.429,199.636,NA,NA,NA,NA,NA,NA,23.7246,153.415,NA,NA,24.0347,54.278,NA,NA,NA,NA,NA,NA,NA,NA,NA,NA,NA,NA,NA,NA,NA,NA,NA,NA,NA,NA,NA,NA,NA,NA,NA,NA,NA,NA,NA,NA,NA,NA,NA,NA
"WAT.2.9_2012",NA,NA,NA,NA,3.6807,1800.013,NA,NA,NA,NA,7.3177,502.215,NA,NA,NA,NA,NA,NA,12.1224,777.207,NA,NA,NA,NA,13.7519,1012.763,NA,NA,NA,NA,14.9073,6790.978,NA,NA,NA,NA,NA,NA,NA,NA,NA,NA,16.9651,1983.042,NA,NA,NA,NA,17.7269,278.12,17.9316,1002.364,NA,NA,18.5316,131.819,18.6119,137.744,NA,NA,NA,NA,19.3281,111.661,NA,NA,NA,NA,NA,NA,NA,NA,NA,NA,20.8784,2781.268,21.1058,6075.184,NA,NA,21.4448,300.684,NA,NA,21.5991,76.232,NA,NA,21.9038,218.42,NA,NA,NA,NA,22.9761,96.435,23.1338,539.445,23.2702,152.421,23.4342,389.138,23.6115,87.088,NA,NA,23.73,244.142,NA,NA,NA,NA,24.0006,117.062,NA,NA,NA,NA,NA,NA,NA,NA,NA,NA,25.4786,110.071,NA,NA,25.9619,199.695,NA,NA,26.474,158.79,26.6089,109.776,NA,NA,NA,NA,NA,NA,NA,NA,NA,NA,NA,NA
"MTT.1.6_2012",NA,NA,3.1626,329.2,3.6944,3593.697,NA,NA,NA,NA,7.3121,1137.169,9.9165,388.485,NA,NA,NA,NA,12.1321,917.579,NA,NA,NA,NA,NA,NA,14.1296,1758.527,NA,NA,14.8771,3494.37,NA,NA,NA,NA,15.7777,465.786,NA,NA,NA,NA,16.987,181.721,NA,NA,NA,NA,17.8088,4906.051,17.9823,2282.346,NA,NA,18.3934,675.968,18.5521,236.898,18.631,218.837,18.8642,509.472,19.3378,90.481,NA,NA,20.0222,202.483,NA,NA,NA,NA,20.5607,237.727,20.8554,2374.782,NA,NA,21.304,948.566,21.4438,469.145,NA,NA,NA,NA,21.7139,3830.164,NA,NA,NA,NA,NA,NA,22.9776,117.139,23.1538,194.027,23.2749,189.193,23.4463,760.491,23.6182,55.746,23.6547,50.122,23.7404,460.728,NA,NA,NA,NA,24.0077,219.921,NA,NA,NA,NA,NA,NA,NA,NA,25.2908,164.264,25.3921,82.239,NA,NA,25.9666,223.588,NA,NA,26.4797,95.464,26.6145,103.895,26.7461,212.532,NA,NA,NA,NA,NA,NA,NA,NA,NA,NA
"CAVW.3.5_2012",NA,NA,3.1575,364.072,NA,NA,NA,NA,NA,NA,NA,NA,NA,NA,NA,NA,NA,NA,12.119,666.102,NA,NA,13.1854,3094.079,13.7464,724.977,NA,NA,NA,NA,14.8343,1799.885,NA,NA,15.3811,137.574,NA,NA,16.3567,171.521,NA,NA,17.0198,6574.377,NA,NA,NA,NA,NA,NA,17.9226,546.542,NA,NA,NA,NA,NA,NA,NA,NA,NA,NA,NA,NA,NA,NA,NA,NA,NA,NA,NA,NA,NA,NA,20.9071,101.843,21.0416,2387.52,NA,NA,21.5159,619.743,NA,NA,NA,NA,21.6718,203.91,21.9057,539.668,22.2446,214.121,NA,NA,NA,NA,23.1089,500.198,23.2648,112.758,23.4929,94.511,NA,NA,NA,NA,NA,NA,NA,NA,NA,NA,NA,NA,NA,NA,NA,NA,NA,NA,25.0606,103.639,NA,NA,25.3836,77.399,NA,NA,25.9608,441.791,NA,NA,26.4762,136.802,26.6059,142.629,NA,NA,NA,NA,NA,NA,NA,NA,NA,NA,NA,NA
"ORT.2.9_2012",NA,NA,3.1996,4013.794,3.6698,4640.29,NA,NA,NA,NA,7.3099,634.709,9.9174,293.353,11.6237,500.699,NA,NA,12.1214,1047.029,NA,NA,NA,NA,13.7491,996.908,NA,NA,NA,NA,14.8229,706.323,NA,NA,NA,NA,15.7917,593.866,NA,NA,NA,NA,16.9604,1700.55,NA,NA,NA,NA,17.7807,3197.175,17.9357,205.747,NA,NA,NA,NA,18.551,726.751,18.631,578.279,18.8609,301.51,NA,NA,NA,NA,19.9371,140.317,20.0105,185.925,NA,NA,NA,NA,20.8144,229.689,21.1918,86.118,21.2899,648.167,21.4485,145.221,21.5164,73.333,NA,NA,21.657,684.827,21.9061,191.299,22.3334,135.378,NA,NA,NA,NA,23.1118,576.882,NA,NA,23.4306,152.653,NA,NA,23.6519,170.29,23.7318,162.661,NA,NA,NA,NA,24.0393,303.658,NA,NA,NA,NA,NA,NA,NA,NA,NA,NA,NA,NA,NA,NA,25.9649,580.257,NA,NA,26.4959,101.36,26.6088,118.988,NA,NA,NA,NA,NA,NA,NA,NA,NA,NA,NA,NA
"ORV.1.3_2012",NA,NA,3.1592,645.306,3.6758,1001.024,NA,NA,NA,NA,NA,NA,NA,NA,NA,NA,NA,NA,12.1475,1483.017,NA,NA,13.179,309.665,13.7861,2256.239,NA,NA,NA,NA,14.9117,5851.992,NA,NA,NA,NA,15.7845,155.749,NA,NA,NA,NA,16.9615,422.614,NA,NA,NA,NA,17.752,626.762,17.9478,799.999,NA,NA,NA,NA,18.5583,321.968,18.6383,309.907,18.8805,193.373,19.3473,108.682,NA,NA,NA,NA,20.0487,169.999,NA,NA,NA,NA,20.8905,1806.906,21.1419,7980.465,NA,NA,21.4492,368.3,21.5392,102.048,21.6062,64.199,21.679,1136.424,21.9211,75.952,NA,NA,NA,NA,NA,NA,23.1242,334.109,23.2786,75.012,23.4415,198.772,NA,NA,NA,NA,23.7409,159.036,NA,NA,NA,NA,24.0486,86.54,NA,NA,NA,NA,NA,NA,NA,NA,NA,NA,25.3983,135.096,NA,NA,25.9715,251.224,NA,NA,26.4858,89.003,26.6213,324.12,NA,NA,NA,NA,NA,NA,NA,NA,NA,NA,NA,NA
"IDV.5.1_2012",NA,NA,3.1243,640.03,3.6837,982.661,NA,NA,NA,NA,NA,NA,NA,NA,NA,NA,NA,NA,12.1432,630.767,NA,NA,13.1874,305.323,13.787,1587.405,14.1278,408.533,NA,NA,14.89,3409.616,NA,NA,NA,NA,NA,NA,16.3378,122.22,NA,NA,16.9619,153.006,NA,NA,NA,NA,17.7292,980.656,17.9677,1420.273,NA,NA,18.3989,553.21,18.5609,207.04,18.6415,195.498,NA,NA,NA,NA,NA,NA,NA,NA,20.0442,250.496,NA,NA,NA,NA,20.8043,364.639,21.2336,86.932,NA,NA,21.4297,180.478,NA,NA,NA,NA,21.6812,445.231,NA,NA,NA,NA,NA,NA,NA,NA,NA,NA,23.2815,79.811,23.4448,244.378,NA,NA,NA,NA,23.7412,100.429,NA,NA,NA,NA,24.0127,50.947,NA,NA,NA,NA,NA,NA,25.0755,135.551,NA,NA,NA,NA,NA,NA,25.9776,474.457,NA,NA,NA,NA,26.6236,270.008,26.7549,227.232,NA,NA,NA,NA,NA,NA,NA,NA,NA,NA
"ORV.1.8_2012",NA,NA,3.1006,321.604,3.6888,1808.072,NA,NA,NA,NA,7.3299,596.677,9.9427,290.353,NA,NA,NA,NA,12.1544,1210.724,NA,NA,13.1913,455.517,13.8009,2734.274,14.1371,692.692,NA,NA,14.8894,3258.512,NA,NA,NA,NA,NA,NA,NA,NA,NA,NA,16.9863,1658.795,NA,NA,NA,NA,17.7672,2005.001,17.9926,2311.697,NA,NA,18.426,1110.826,18.5732,193.837,18.6514,166.876,NA,NA,19.3567,97.569,NA,NA,NA,NA,20.0625,185.229,NA,NA,NA,NA,20.9001,1558.06,21.1574,8474.887,NA,NA,21.4285,210.399,21.546,196.386,NA,NA,21.6774,308.979,21.9213,114.881,22.3558,118.505,NA,NA,NA,NA,23.159,112.175,23.2857,93.077,23.4495,332.261,NA,NA,NA,NA,23.7446,146.257,NA,NA,NA,NA,24.017,98.271,NA,NA,NA,NA,NA,NA,25.075,71.393,NA,NA,25.4024,76.562,NA,NA,25.9805,538.938,NA,NA,26.4891,151.639,26.6262,256.605,26.7574,355.642,26.916,131.026,NA,NA,NA,NA,NA,NA,NA,NA
"UTWV.2.1_2012",NA,NA,3.0516,754.512,3.6837,1580.442,NA,NA,NA,NA,NA,NA,NA,NA,NA,NA,NA,NA,NA,NA,NA,NA,13.1547,168.245,13.7435,773.637,NA,NA,NA,NA,14.8318,1593.223,NA,NA,NA,NA,NA,NA,16.3556,134.787,NA,NA,17.0003,4987.985,NA,NA,NA,NA,17.7234,375.913,17.9225,340.578,NA,NA,18.5242,144.652,18.6048,128.328,NA,NA,NA,NA,NA,NA,NA,NA,NA,NA,NA,NA,NA,NA,NA,NA,20.8123,466.822,21.0743,4244.043,NA,NA,21.4419,111.583,NA,NA,21.6519,269.743,NA,NA,21.9068,536.798,NA,NA,NA,NA,NA,NA,23.1099,478.054,NA,NA,NA,NA,NA,NA,NA,NA,NA,NA,NA,NA,NA,NA,24.0343,163.374,NA,NA,NA,NA,NA,NA,NA,NA,NA,NA,25.3852,191.805,NA,NA,25.9623,616.81,NA,NA,NA,NA,26.6082,272.842,NA,NA,NA,NA,NA,NA,NA,NA,NA,NA,NA,NA
"NMT.1.6_2012",NA,NA,3.2425,304.31,3.6748,3359.454,NA,NA,NA,NA,7.2891,605.935,9.908,269.343,NA,NA,NA,NA,12.1207,1077.184,NA,NA,NA,NA,13.7377,250.058,NA,NA,NA,NA,14.8438,2266.901,NA,NA,NA,NA,15.7715,285.779,NA,NA,NA,NA,16.9584,1943.918,NA,NA,NA,NA,17.7496,1597.903,17.9271,776.844,NA,NA,18.5303,199.035,18.6088,151.86,NA,NA,18.853,261.251,NA,NA,NA,NA,20.0085,125.341,NA,NA,NA,NA,NA,NA,20.8193,882.718,21.2797,398.304,NA,NA,21.439,138.081,NA,NA,NA,NA,21.6611,935.948,21.9034,189.564,NA,NA,NA,NA,NA,NA,23.1156,685.723,23.2657,110.572,23.4271,149.802,NA,NA,NA,NA,NA,NA,23.7246,81.857,NA,NA,23.9979,55.584,NA,NA,NA,NA,NA,NA,NA,NA,NA,NA,25.3861,93.717,NA,NA,25.958,112.423,NA,NA,NA,NA,26.6076,129.592,NA,NA,NA,NA,NA,NA,NA,NA,NA,NA,NA,NA
"WAT.1.6_2012",NA,NA,3.1578,706.2,3.6696,3216.309,NA,NA,NA,NA,NA,NA,NA,NA,NA,NA,NA,NA,12.1379,1497.477,NA,NA,NA,NA,13.7577,677.282,NA,NA,NA,NA,14.8302,566.043,NA,NA,NA,NA,15.8149,1400.937,NA,NA,NA,NA,16.9767,1980.194,NA,NA,NA,NA,17.7487,941.355,NA,NA,NA,NA,NA,NA,18.5549,483.03,18.6319,336.593,18.8739,400.125,NA,NA,NA,NA,19.9379,211.404,20.0222,227.684,NA,NA,NA,NA,20.8161,149.345,21.0639,2845.648,21.3228,1824.226,21.4567,427.566,NA,NA,NA,NA,21.6891,2035.083,21.9233,290.682,NA,NA,NA,NA,NA,NA,23.1471,213.531,NA,NA,23.4373,99.354,23.5697,58.571,23.6573,164.683,23.7371,95.833,NA,NA,NA,NA,24.0091,60.92,NA,NA,NA,NA,NA,NA,NA,NA,NA,NA,NA,NA,NA,NA,25.9674,159.574,NA,NA,NA,NA,26.615,98.05,NA,NA,NA,NA,NA,NA,NA,NA,NA,NA,NA,NA
"IDV.5.9_2012",NA,NA,NA,NA,NA,NA,NA,NA,NA,NA,NA,NA,NA,NA,NA,NA,NA,NA,NA,NA,NA,NA,13.163,266.344,13.7518,364.149,14.1176,2213.034,14.5086,148.988,NA,NA,NA,NA,NA,NA,15.7813,379.123,NA,NA,NA,NA,16.9365,254.873,NA,NA,NA,NA,17.7364,1928.288,NA,NA,NA,NA,18.408,1319.628,NA,NA,NA,NA,18.884,574.59,NA,NA,NA,NA,NA,NA,NA,NA,NA,NA,20.5716,188.258,NA,NA,21.034,1521.061,NA,NA,NA,NA,NA,NA,NA,NA,21.7803,13048.754,NA,NA,NA,NA,NA,NA,NA,NA,23.1037,185.393,NA,NA,NA,NA,NA,NA,NA,NA,NA,NA,NA,NA,NA,NA,NA,NA,NA,NA,NA,NA,NA,NA,NA,NA,NA,NA,NA,NA,NA,NA,25.9571,97.353,NA,NA,26.5579,195.187,26.6151,414.883,26.752,517.156,26.9085,204.688,NA,NA,NA,NA,NA,NA,NA,NA
"UTT.1.9_2012",NA,NA,3.2309,1620.614,3.6801,7235.198,NA,NA,NA,NA,NA,NA,NA,NA,NA,NA,11.956,286.656,12.1266,327.132,NA,NA,NA,NA,13.7612,827.285,NA,NA,NA,NA,14.8343,392.701,NA,NA,NA,NA,15.8228,1034.183,NA,NA,16.6572,274.784,16.9927,2902.019,NA,NA,NA,NA,17.7712,1762.526,17.9478,163.937,NA,NA,NA,NA,18.5577,488.18,18.6385,402.125,18.8889,371.764,NA,NA,NA,NA,19.9533,114.846,20.0279,245.681,NA,NA,20.5674,233.745,20.8249,172.912,21.0859,3507.737,21.313,1070.926,21.4737,180.532,21.5317,124.198,NA,NA,21.7163,3734.547,21.9394,275.971,NA,NA,NA,NA,22.9815,87.66,23.1204,729.397,23.2757,82.611,23.4397,123.662,23.5711,103.392,23.6655,295.976,23.7381,152.88,NA,NA,NA,NA,24.0458,67.024,NA,NA,NA,NA,NA,NA,NA,NA,NA,NA,25.395,170.173,NA,NA,NA,NA,NA,NA,NA,NA,26.615,128.628,NA,NA,NA,NA,NA,NA,NA,NA,NA,NA,NA,NA
"WAT.1.9_2012",NA,NA,3.1802,2717.448,3.6676,3531.621,NA,NA,NA,NA,NA,NA,NA,NA,NA,NA,NA,NA,12.1322,728.862,NA,NA,NA,NA,13.7579,752.356,NA,NA,NA,NA,14.8315,642.15,NA,NA,NA,NA,15.8154,1205.229,NA,NA,NA,NA,16.9745,1867.424,NA,NA,NA,NA,17.738,384.223,NA,NA,NA,NA,NA,NA,18.562,726.247,18.6416,552.208,18.8752,290.107,NA,NA,NA,NA,19.946,193.138,20.0228,219.681,NA,NA,NA,NA,20.8271,221.801,21.0972,4608.996,21.2998,717.364,21.4576,271.968,21.5268,97.94,NA,NA,21.6812,1317.079,21.9213,265.869,NA,NA,NA,NA,NA,NA,23.1453,430.651,NA,NA,NA,NA,NA,NA,23.6623,265.889,23.7347,58.121,NA,NA,NA,NA,24.045,115.182,24.1761,79.008,NA,NA,NA,NA,NA,NA,NA,NA,NA,NA,NA,NA,25.9694,355.023,NA,NA,NA,NA,NA,NA,NA,NA,NA,NA,NA,NA,NA,NA,NA,NA,NA,NA
"IDT.3.5_2012",NA,NA,3.0453,290.918,3.6741,3028.827,NA,NA,NA,NA,7.3138,784.65,9.9243,258.479,NA,NA,NA,NA,12.1416,1148.948,NA,NA,13.173,180.947,13.7627,440.78,NA,NA,NA,NA,14.8835,3436.386,NA,NA,NA,NA,15.8139,782.993,NA,NA,NA,NA,16.9831,1944.759,NA,NA,NA,NA,17.8007,3008.677,17.961,968.385,NA,NA,NA,NA,18.5608,323.232,18.6412,322.874,18.9178,1182.131,19.3498,85.39,NA,NA,NA,NA,NA,NA,NA,NA,20.6004,179.536,20.86,1256.01,21.0934,3762.332,21.3065,512.04,21.4889,315.582,NA,NA,NA,NA,21.7529,6929.535,21.965,197.055,NA,NA,22.6705,84.16,NA,NA,23.153,137.927,23.2853,231.061,23.4516,594.52,NA,NA,NA,NA,23.7455,255.4,NA,NA,NA,NA,24.0136,135.513,NA,NA,NA,NA,NA,NA,NA,NA,NA,NA,25.3988,58.586,NA,NA,25.9713,159.507,NA,NA,NA,NA,26.6193,121.486,NA,NA,NA,NA,27.0369,77.114,NA,NA,NA,NA,NA,NA
"NMT.2.4_2012",NA,NA,3.1249,580.138,3.6689,2028.279,NA,NA,NA,NA,NA,NA,NA,NA,NA,NA,NA,NA,12.111,361.491,NA,NA,NA,NA,13.7394,785.957,NA,NA,NA,NA,14.858,3265.328,NA,NA,NA,NA,NA,NA,NA,NA,NA,NA,16.9926,4273.656,NA,NA,NA,NA,17.7256,465.324,17.9258,256.325,NA,NA,18.528,198.117,18.6076,160.535,NA,NA,NA,NA,19.321,82.74,NA,NA,NA,NA,NA,NA,NA,NA,20.6285,138.574,20.8376,1179.191,21.2789,306.987,NA,NA,21.4398,187.746,NA,NA,21.6552,151.194,NA,NA,21.9028,349.171,NA,NA,NA,NA,NA,NA,23.1085,598.792,23.2649,111.021,23.4248,89.599,NA,NA,NA,NA,NA,NA,NA,NA,NA,NA,24.0347,72.717,NA,NA,NA,NA,NA,NA,NA,NA,NA,NA,25.3891,345.767,NA,NA,25.9625,382.58,NA,NA,NA,NA,26.6104,289.394,NA,NA,NA,NA,NA,NA,NA,NA,NA,NA,NA,NA
"NVV.2.5_2012",NA,NA,3.2393,1055.939,3.6967,2172.391,NA,NA,NA,NA,NA,NA,NA,NA,NA,NA,NA,NA,12.1488,2566.353,NA,NA,13.1704,714.876,13.7637,1499.555,NA,NA,NA,NA,14.8623,3127.426,NA,NA,NA,NA,NA,NA,16.3732,280.064,NA,NA,17.0621,10286.657,NA,NA,NA,NA,17.7397,359.154,17.9606,2432.908,NA,NA,18.3289,113.225,18.6199,148.609,NA,NA,19.0185,126.623,19.3355,100.55,NA,NA,NA,NA,NA,NA,NA,NA,NA,NA,20.8628,1490.34,21.1144,6723.375,NA,NA,21.4404,136.353,21.529,318.736,NA,NA,21.6713,499.598,21.917,790.357,22.3452,83.542,NA,NA,NA,NA,23.1369,212.301,23.2704,106.219,23.4324,216.386,NA,NA,NA,NA,23.7336,172.36,NA,NA,NA,NA,24.0373,85.787,NA,NA,NA,NA,NA,NA,NA,NA,NA,NA,25.3904,172.001,NA,NA,25.974,1087.165,26.3407,63.871,26.4796,152.863,26.6188,623.466,26.7368,68.726,NA,NA,NA,NA,NA,NA,NA,NA,NA,NA
"ORT.1.1_2012",NA,NA,3.1595,786.088,3.6674,3514.869,NA,NA,NA,NA,7.2684,599.378,NA,NA,11.5733,595.296,NA,NA,12.1107,699.505,NA,NA,NA,NA,13.7332,182.146,NA,NA,NA,NA,14.8124,473.392,NA,NA,NA,NA,15.7624,466.669,NA,NA,NA,NA,16.973,114.437,NA,NA,NA,NA,17.7547,2091.571,NA,NA,NA,NA,18.5426,681.142,18.6187,465.071,NA,NA,18.8389,180.829,NA,NA,19.903,188.898,19.9973,133.625,NA,NA,NA,NA,NA,NA,20.7913,117.959,21.293,1089.994,NA,NA,21.4239,173.736,NA,NA,21.6421,225.559,NA,NA,NA,NA,NA,NA,NA,NA,NA,NA,23.1139,535.824,23.2625,61.11,23.4263,187.674,NA,NA,23.6429,149.575,NA,NA,23.725,135.104,NA,NA,23.9951,82.543,NA,NA,NA,NA,NA,NA,NA,NA,NA,NA,NA,NA,NA,NA,25.9566,110.228,NA,NA,NA,NA,NA,NA,NA,NA,NA,NA,NA,NA,NA,NA,NA,NA,NA,NA
"IDV.3.8_2012",NA,NA,3.1335,504.766,3.682,1362.941,4.8741,149.26,NA,NA,NA,NA,NA,NA,NA,NA,NA,NA,12.1501,1516.965,NA,NA,13.1843,224.486,13.7845,1626.795,NA,NA,NA,NA,14.8489,664.406,NA,NA,15.4087,155.443,15.8008,261.778,16.3858,160.001,NA,NA,17.035,5573.295,NA,NA,NA,NA,17.8337,5132.827,17.9608,401.856,NA,NA,NA,NA,18.5703,424.784,18.652,454.485,18.8674,224.498,19.441,181.062,NA,NA,NA,NA,NA,NA,NA,NA,NA,NA,20.8403,188.75,21.1141,5066.406,21.2976,126.154,21.4301,253.231,21.5936,97.82,NA,NA,21.6748,436.565,21.9162,195.945,22.2415,186.298,NA,NA,NA,NA,NA,NA,NA,NA,23.4418,145.289,NA,NA,NA,NA,23.7441,143.537,NA,NA,23.912,228.276,24.0158,107.743,NA,NA,NA,NA,NA,NA,NA,NA,NA,NA,25.4932,172.646,NA,NA,25.9764,356.181,NA,NA,26.4852,199.356,26.6183,135.84,NA,NA,NA,NA,NA,NA,NA,NA,27.4656,161.611,NA,NA
"AZT.1.7_2012",NA,NA,3.0691,70.689,3.6836,2133.093,NA,NA,NA,NA,7.3213,457.99,NA,NA,NA,NA,NA,NA,12.1361,569.955,NA,NA,NA,NA,13.7667,676.584,NA,NA,NA,NA,14.8601,1924.849,NA,NA,NA,NA,15.7875,241.134,NA,NA,NA,NA,16.9768,1634.245,NA,NA,NA,NA,17.8223,4736.041,17.9607,794.962,NA,NA,NA,NA,18.5593,365.276,18.6403,335.791,18.8642,235.877,NA,NA,NA,NA,NA,NA,NA,NA,NA,NA,NA,NA,20.8359,705.5,21.0691,2771.851,21.3057,708.537,21.4501,295.189,NA,NA,NA,NA,21.6749,161.327,21.912,106.818,NA,NA,NA,NA,NA,NA,NA,NA,23.2775,83.311,23.4432,385.03,NA,NA,NA,NA,23.7401,179.477,NA,NA,NA,NA,24.01,149.514,NA,NA,NA,NA,NA,NA,NA,NA,NA,NA,25.397,168.755,NA,NA,25.9723,488.424,NA,NA,26.4868,346.938,26.6262,765.893,NA,NA,NA,NA,NA,NA,NA,NA,NA,NA,NA,NA
"ORV.1.1_2012",NA,NA,3.0896,1158.694,3.6866,1028.308,NA,NA,NA,NA,NA,NA,NA,NA,NA,NA,NA,NA,12.129,691.534,NA,NA,13.1677,203.037,13.7627,1732.71,14.0507,1786.017,NA,NA,14.8771,3787.417,NA,NA,NA,NA,NA,NA,NA,NA,NA,NA,16.9735,2308.801,NA,NA,NA,NA,17.7006,880.048,17.9431,1232.147,NA,NA,18.3723,451.916,18.6184,153.457,NA,NA,NA,NA,NA,NA,NA,NA,20.0185,235.803,NA,NA,NA,NA,NA,NA,20.8228,576.758,21.0867,4652.22,21.3976,158.605,NA,NA,NA,NA,21.647,105.98,NA,NA,21.8941,118.478,NA,NA,NA,NA,NA,NA,NA,NA,23.2682,60.461,23.4323,231.379,NA,NA,NA,NA,23.7298,91.319,NA,NA,NA,NA,NA,NA,NA,NA,NA,NA,NA,NA,NA,NA,NA,NA,NA,NA,NA,NA,25.9633,155.087,NA,NA,NA,NA,26.6108,73.628,26.7404,123.052,NA,NA,NA,NA,NA,NA,NA,NA,NA,NA
"NVT.2.9_2012",NA,NA,3.083,236.458,3.6751,1240.79,NA,NA,NA,NA,NA,NA,NA,NA,NA,NA,NA,NA,12.1118,529.103,NA,NA,NA,NA,13.737,484.984,NA,NA,NA,NA,14.8312,1732.023,NA,NA,NA,NA,NA,NA,NA,NA,NA,NA,16.9632,2328.739,NA,NA,NA,NA,NA,NA,17.9118,280.792,NA,NA,NA,NA,NA,NA,NA,NA,NA,NA,NA,NA,NA,NA,NA,NA,NA,NA,NA,NA,NA,NA,20.8116,782.623,21.0423,2454.217,NA,NA,NA,NA,NA,NA,NA,NA,NA,NA,21.8933,198.96,NA,NA,NA,NA,NA,NA,23.1167,570.9,NA,NA,NA,NA,23.6064,88.528,NA,NA,NA,NA,23.709,98.491,NA,NA,24.0336,144.116,NA,NA,NA,NA,NA,NA,NA,NA,NA,NA,25.3832,72.231,NA,NA,NA,NA,NA,NA,NA,NA,26.6058,109.804,NA,NA,NA,NA,NA,NA,NA,NA,NA,NA,NA,NA
"UTWV.2.8_2012",NA,NA,3.0705,176.454,3.6792,1084.882,NA,NA,5.0531,534.346,NA,NA,NA,NA,NA,NA,NA,NA,NA,NA,NA,NA,NA,NA,13.7612,479.171,NA,NA,NA,NA,14.8398,475.139,NA,NA,NA,NA,15.8364,742.025,NA,NA,NA,NA,16.9738,1394.428,NA,NA,NA,NA,17.7598,301.588,NA,NA,18.2102,15518.994,NA,NA,18.5718,75.219,NA,NA,18.9206,1624.237,NA,NA,NA,NA,NA,NA,NA,NA,20.3555,176.171,NA,NA,20.8232,203.853,21.0544,1668.86,NA,NA,NA,NA,NA,NA,NA,NA,21.687,1621.671,21.9232,104.834,22.0733,179.901,NA,NA,NA,NA,23.1188,436.274,NA,NA,NA,NA,NA,NA,NA,NA,NA,NA,NA,NA,NA,NA,24.0468,126.23,NA,NA,NA,NA,NA,NA,NA,NA,NA,NA,25.3957,91.655,NA,NA,25.9708,330.401,NA,NA,NA,NA,26.6165,189.303,NA,NA,NA,NA,NA,NA,NA,NA,NA,NA,NA,NA
"CAV.1.6_2012",NA,NA,3.0431,1014.584,3.6689,1118.436,NA,NA,NA,NA,NA,NA,NA,NA,NA,NA,NA,NA,12.134,1860.885,NA,NA,13.1648,196.481,13.7547,631.27,NA,NA,NA,NA,14.8501,2084.036,NA,NA,NA,NA,NA,NA,NA,NA,NA,NA,16.9557,1099.829,NA,NA,NA,NA,17.7285,179.015,17.9207,168.01,NA,NA,18.5368,197.681,18.616,177.078,NA,NA,NA,NA,NA,NA,NA,NA,NA,NA,NA,NA,NA,NA,NA,NA,20.808,377.855,21.0447,2148.077,NA,NA,21.4333,221.679,NA,NA,NA,NA,21.6557,178.95,21.9013,93.578,NA,NA,NA,NA,NA,NA,23.1243,210.666,NA,NA,23.4303,98.131,NA,NA,NA,NA,23.7315,122.58,NA,NA,NA,NA,NA,NA,NA,NA,NA,NA,NA,NA,NA,NA,NA,NA,NA,NA,NA,NA,NA,NA,NA,NA,26.4761,88.01,NA,NA,NA,NA,NA,NA,NA,NA,NA,NA,NA,NA,NA,NA
"IDT.1.10_2012",NA,NA,3.1587,546.567,3.6771,4116.564,NA,NA,NA,NA,7.3081,609.919,NA,NA,11.6213,454.694,NA,NA,12.1134,505.825,NA,NA,NA,NA,NA,NA,NA,NA,NA,NA,14.8143,459.805,NA,NA,NA,NA,15.7945,856.625,NA,NA,NA,NA,16.934,285.097,NA,NA,NA,NA,17.7543,1977.28,NA,NA,NA,NA,18.5428,622.847,18.6187,394.174,NA,NA,18.867,404.406,NA,NA,19.9277,154.232,20.0042,203.029,NA,NA,NA,NA,20.5443,198.361,20.7936,144.897,NA,NA,21.3058,1535.193,21.4685,232.164,NA,NA,NA,NA,21.7203,5458.353,NA,NA,NA,NA,NA,NA,NA,NA,23.1045,481.349,NA,NA,23.4277,144.249,NA,NA,23.6501,175.47,23.7279,148.333,NA,NA,NA,NA,NA,NA,NA,NA,NA,NA,NA,NA,NA,NA,NA,NA,NA,NA,NA,NA,25.9589,259.87,NA,NA,NA,NA,NA,NA,NA,NA,NA,NA,NA,NA,NA,NA,NA,NA,NA,NA
"ORT.3.10_2012",NA,NA,3.0422,702.158,3.667,2922.323,NA,NA,NA,NA,7.3187,482.832,NA,NA,NA,NA,11.9585,237.068,12.1351,1412.122,NA,NA,NA,NA,13.7641,1219.715,NA,NA,NA,NA,14.9572,11026.333,NA,NA,NA,NA,NA,NA,NA,NA,NA,NA,16.9828,2042.547,NA,NA,NA,NA,17.7388,166.073,17.9482,1073.216,NA,NA,NA,NA,18.5491,218.485,18.6293,216.31,NA,NA,19.34,128.404,NA,NA,NA,NA,20.036,236.596,NA,NA,NA,NA,20.8943,3435.645,21.1018,4704.959,NA,NA,21.4628,295.578,NA,NA,21.6158,102.919,21.6593,182.578,21.9147,143.037,NA,NA,NA,NA,22.983,192.177,23.1586,444.244,23.2789,177.246,23.4447,588.051,23.6215,106.411,NA,NA,23.7389,370.283,NA,NA,NA,NA,24.0092,203.922,NA,NA,NA,NA,NA,NA,NA,NA,NA,NA,NA,NA,NA,NA,25.9691,342.077,NA,NA,26.4802,87.045,NA,NA,NA,NA,NA,NA,NA,NA,NA,NA,NA,NA,NA,NA
"NVV.3.4_2012",NA,NA,3.0649,1174.152,NA,NA,NA,NA,NA,NA,NA,NA,NA,NA,NA,NA,NA,NA,12.1409,1977.441,NA,NA,13.1927,2248.604,13.7897,3051.724,NA,NA,NA,NA,14.8717,958.741,NA,NA,NA,NA,15.8611,1151.945,16.3796,238.934,16.6786,250.595,17.0947,12647.732,NA,NA,NA,NA,NA,NA,17.9576,475.854,NA,NA,18.3684,258.3,NA,NA,NA,NA,18.9344,1528.3,NA,NA,NA,NA,NA,NA,NA,NA,NA,NA,NA,NA,NA,NA,21.1682,11082.368,NA,NA,NA,NA,21.5402,176.019,NA,NA,21.6792,894.75,21.9417,1053.784,NA,NA,NA,NA,NA,NA,23.1167,724.504,NA,NA,NA,NA,NA,NA,NA,NA,NA,NA,NA,NA,NA,NA,24.0481,148.643,NA,NA,NA,NA,NA,NA,NA,NA,NA,NA,NA,NA,NA,NA,25.9704,343.135,NA,NA,NA,NA,26.6162,156.731,NA,NA,NA,NA,NA,NA,NA,NA,NA,NA,NA,NA
"COVW.2.6_2012",NA,NA,3.0987,436.323,3.6905,473.507,NA,NA,NA,NA,NA,NA,NA,NA,NA,NA,NA,NA,NA,NA,NA,NA,NA,NA,NA,NA,14.1272,1096.656,NA,NA,14.8399,662.089,NA,NA,NA,NA,15.8451,513.855,NA,NA,NA,NA,16.9611,1009.622,NA,NA,NA,NA,17.8123,1274.848,NA,NA,NA,NA,18.4957,491.813,NA,NA,NA,NA,18.9382,2183.955,NA,NA,NA,NA,NA,NA,NA,NA,20.3377,121.959,NA,NA,20.8147,243.458,NA,NA,NA,NA,NA,NA,21.5838,81.181,NA,NA,21.6908,1958.63,NA,NA,22.0697,300.153,NA,NA,NA,NA,NA,NA,NA,NA,23.4311,57.059,NA,NA,NA,NA,23.7321,76.781,NA,NA,NA,NA,24.0034,90.61,NA,NA,NA,NA,NA,NA,NA,NA,NA,NA,NA,NA,NA,NA,25.9646,97.286,NA,NA,NA,NA,26.6136,98.092,26.743,95.037,NA,NA,NA,NA,NA,NA,NA,NA,NA,NA
"CAT.1.5_2012",NA,NA,3.158,375.778,3.6805,2749.415,NA,NA,NA,NA,NA,NA,NA,NA,NA,NA,NA,NA,12.1142,621.161,NA,NA,NA,NA,13.7347,192.624,NA,NA,NA,NA,14.8142,452.407,NA,NA,NA,NA,15.7847,652.993,NA,NA,NA,NA,16.9588,1850.574,NA,NA,NA,NA,17.745,1488.063,17.9282,165.713,NA,NA,18.537,489.42,18.6167,396.206,NA,NA,18.8623,312.163,NA,NA,NA,NA,20.0055,150.13,NA,NA,NA,NA,20.5455,166.607,20.7976,175.382,21.2867,660.688,NA,NA,21.4604,227.971,NA,NA,NA,NA,21.7127,4889.877,21.9308,226.485,NA,NA,NA,NA,NA,NA,23.1066,499.644,NA,NA,23.4261,90.18,NA,NA,23.6454,120.068,NA,NA,23.7259,74.446,NA,NA,NA,NA,NA,NA,NA,NA,NA,NA,NA,NA,NA,NA,25.384,98.942,NA,NA,25.9586,279.765,NA,NA,NA,NA,26.6049,81.448,NA,NA,NA,NA,NA,NA,NA,NA,NA,NA,NA,NA
"AZTW.1.8_2012",NA,NA,3.1662,401.776,3.697,4595.333,NA,NA,NA,NA,7.3237,543.94,9.9195,258.852,NA,NA,NA,NA,12.1247,815.551,NA,NA,NA,NA,13.7475,363.528,NA,NA,NA,NA,14.8442,2028.175,NA,NA,NA,NA,15.767,386.835,NA,NA,NA,NA,16.9486,839.768,NA,NA,NA,NA,17.7842,3229.078,17.9295,354.929,NA,NA,18.5449,490.945,18.6223,306.996,NA,NA,18.8449,182.067,NA,NA,NA,NA,20.0082,195.058,NA,NA,NA,NA,20.561,162.286,20.8102,528.855,21.1895,99.396,21.2983,978.311,21.4261,244.881,NA,NA,21.6471,124.179,NA,NA,21.899,67.046,NA,NA,NA,NA,NA,NA,23.1196,520.158,23.2661,97.813,23.4287,150.006,NA,NA,23.6441,89.327,NA,NA,23.7261,82.83,NA,NA,NA,NA,NA,NA,NA,NA,NA,NA,NA,NA,NA,NA,25.3866,99.397,NA,NA,25.9604,250.322,NA,NA,26.4919,202.324,26.609,159.294,NA,NA,NA,NA,NA,NA,NA,NA,NA,NA,NA,NA
"IDT.3.3_2012",NA,NA,NA,NA,3.6834,3187.678,NA,NA,NA,NA,NA,NA,NA,NA,NA,NA,NA,NA,12.1135,433.337,NA,NA,NA,NA,13.7387,193.797,NA,NA,NA,NA,14.8187,513.475,NA,NA,NA,NA,15.811,1197.031,NA,NA,NA,NA,16.9417,707.113,NA,NA,NA,NA,17.7695,2727.547,17.9229,195.939,NA,NA,18.5402,528.973,18.617,339.134,NA,NA,18.8927,1322.852,NA,NA,NA,NA,19.9301,129.435,20.0083,223.184,NA,NA,NA,NA,20.8001,194.931,21.2967,1080.07,NA,NA,21.4548,184.788,NA,NA,NA,NA,21.6658,1226.098,21.9079,159.678,NA,NA,NA,NA,NA,NA,23.1077,535.586,NA,NA,23.4254,79.769,NA,NA,23.645,138.561,23.7268,99.258,NA,NA,NA,NA,NA,NA,NA,NA,NA,NA,NA,NA,NA,NA,NA,NA,NA,NA,NA,NA,25.958,159.751,NA,NA,NA,NA,NA,NA,NA,NA,NA,NA,NA,NA,NA,NA,NA,NA,NA,NA
"IDW.3.10_2012",NA,NA,3.2241,889.071,3.7213,3283.547,NA,NA,NA,NA,7.3649,762.535,NA,NA,NA,NA,NA,NA,12.1612,923.639,NA,NA,NA,NA,13.7759,530.858,14.1695,335.575,NA,NA,14.8757,2062.173,NA,NA,NA,NA,15.8291,227.188,NA,NA,NA,NA,16.9662,381.845,NA,NA,NA,NA,17.8259,5146.652,18.002,2401.005,NA,NA,18.4275,898.725,18.5734,310.363,18.6517,302.123,18.8924,177.484,19.356,101.568,NA,NA,NA,NA,20.0451,272.66,NA,NA,NA,NA,20.8713,2064.484,21.2083,81.843,21.3124,799.627,NA,NA,NA,NA,NA,NA,21.6695,582.934,21.9228,77.979,NA,NA,NA,NA,NA,NA,23.1231,521.467,23.2823,169.643,23.4479,466.623,NA,NA,NA,NA,23.7433,188.767,NA,NA,NA,NA,24.013,134.49,NA,NA,NA,NA,NA,NA,NA,NA,NA,NA,NA,NA,NA,NA,25.9737,333.91,NA,NA,NA,NA,NA,NA,NA,NA,NA,NA,NA,NA,NA,NA,NA,NA,NA,NA
"NVTW.1.3_2012",NA,NA,3.2414,1321.467,3.6949,3864.949,NA,NA,NA,NA,7.3049,673.829,9.9227,300.128,NA,NA,NA,NA,12.1273,489.583,NA,NA,13.1607,181.013,13.7499,256.514,NA,NA,NA,NA,14.8257,404.226,NA,NA,NA,NA,15.8079,681.536,16.3663,176.88,NA,NA,16.9851,2970.157,NA,NA,NA,NA,17.8345,6633.563,17.9471,375.613,NA,NA,NA,NA,18.5522,413.589,18.6323,430.159,18.896,1198.25,NA,NA,NA,NA,20.018,138.351,NA,NA,NA,NA,NA,NA,20.8124,157.691,21.1982,72.553,21.3105,1287.199,21.4526,96.967,21.5264,103.713,NA,NA,21.6668,786.966,21.9146,332.171,NA,NA,NA,NA,NA,NA,23.1108,347.477,23.2706,75.152,23.4339,172.592,NA,NA,23.6544,129.28,23.7337,142.702,NA,NA,NA,NA,NA,NA,NA,NA,NA,NA,NA,NA,NA,NA,NA,NA,NA,NA,NA,NA,25.9677,543.185,NA,NA,NA,NA,26.6116,103.429,NA,NA,NA,NA,NA,NA,NA,NA,NA,NA,NA,NA
"IDW.3.2_2012",NA,NA,3.1478,162.712,3.6805,1722.405,NA,NA,NA,NA,7.3142,514.61,NA,NA,NA,NA,NA,NA,12.1362,2307.035,NA,NA,NA,NA,NA,NA,NA,NA,NA,NA,14.8716,3676.845,NA,NA,NA,NA,15.7709,225.127,NA,NA,NA,NA,16.9834,206.549,NA,NA,NA,NA,17.7963,4382.072,17.9457,973.531,NA,NA,18.3741,263.343,18.5509,559.834,18.63,469.598,18.8444,121.342,19.33,119.162,NA,NA,NA,NA,NA,NA,NA,NA,NA,NA,20.8307,1507.202,21.2913,696.472,NA,NA,21.4284,192.976,21.5874,87.228,21.6461,192.354,NA,NA,NA,NA,NA,NA,NA,NA,NA,NA,23.13,268.091,23.2663,93.247,23.4294,253.018,NA,NA,NA,NA,NA,NA,23.7249,87.133,NA,NA,23.9987,107.428,NA,NA,NA,NA,NA,NA,NA,NA,NA,NA,NA,NA,NA,NA,25.9608,177.432,NA,NA,NA,NA,26.608,94.684,NA,NA,NA,NA,NA,NA,NA,NA,NA,NA,NA,NA
"WAW.1.7_2012",NA,NA,NA,NA,3.6789,1729.088,NA,NA,NA,NA,7.3191,674.559,9.924,278.294,NA,NA,NA,NA,12.1222,878.405,NA,NA,NA,NA,13.7429,253.449,NA,NA,NA,NA,14.9,6325.281,NA,NA,NA,NA,NA,NA,16.3621,189.228,NA,NA,17.0116,5477.453,NA,NA,NA,NA,17.7333,434.378,17.9453,1762.003,NA,NA,18.5324,107.504,18.6133,137.96,NA,NA,NA,NA,19.3261,115.047,NA,NA,NA,NA,NA,NA,NA,NA,NA,NA,20.8692,3116.878,21.2539,247.613,NA,NA,21.4342,275.715,NA,NA,21.6477,94.375,NA,NA,21.9057,500.803,NA,NA,NA,NA,22.9725,102.058,23.1452,302.931,23.2677,114.58,23.432,378.691,23.6105,106.674,NA,NA,23.7268,223.543,NA,NA,NA,NA,23.9993,104.722,NA,NA,NA,NA,NA,NA,NA,NA,NA,NA,NA,NA,NA,NA,25.9603,144.856,NA,NA,26.4937,120.118,26.6095,151.381,NA,NA,NA,NA,NA,NA,NA,NA,NA,NA,NA,NA
"ORT.3.5_2012",NA,NA,3.1595,327.467,3.6999,3642.305,NA,NA,NA,NA,7.3181,924.324,9.9259,341.814,NA,NA,NA,NA,12.1274,346.079,NA,NA,NA,NA,13.7475,146.869,NA,NA,NA,NA,14.8507,2015.425,NA,NA,NA,NA,15.7778,305.222,NA,NA,NA,NA,16.9567,1243.206,NA,NA,NA,NA,17.7694,2180.522,17.9452,1085.609,NA,NA,18.5376,176.378,18.6174,177.679,NA,NA,18.8652,506.732,NA,NA,NA,NA,20.0168,284.486,NA,NA,NA,NA,NA,NA,20.8351,1317.477,21.2876,498.309,NA,NA,21.4395,209.475,21.5156,104.107,NA,NA,21.6667,986.615,21.906,130.489,NA,NA,NA,NA,22.9767,100.052,23.1236,542.061,23.27,101.739,23.4335,244.745,23.616,163.754,NA,NA,23.7311,221.042,NA,NA,NA,NA,24.0013,58.98,NA,NA,NA,NA,NA,NA,NA,NA,NA,NA,25.3904,106.144,NA,NA,25.9661,401.313,NA,NA,NA,NA,26.6116,132.161,NA,NA,NA,NA,NA,NA,NA,NA,NA,NA,NA,NA
"ORV.1.4_2012",NA,NA,3.0872,572.632,3.6844,1927.924,NA,NA,NA,NA,NA,NA,NA,NA,NA,NA,NA,NA,12.1542,1566.717,NA,NA,13.1853,424.963,13.7931,2523.562,14.1478,770.19,NA,NA,14.9156,5225.771,NA,NA,NA,NA,NA,NA,NA,NA,NA,NA,16.969,794.735,NA,NA,NA,NA,17.7695,2237.278,17.9813,1876.797,NA,NA,18.4328,1288.445,18.5747,338.695,18.653,304.874,NA,NA,19.355,127.942,NA,NA,NA,NA,20.0527,199.667,NA,NA,NA,NA,20.8805,1471.517,21.1349,6723.435,NA,NA,21.4383,207.628,21.5421,93.542,NA,NA,21.6861,587.005,21.9198,67.7,NA,NA,NA,NA,NA,NA,23.1554,103.755,23.2816,87.449,23.443,157.643,NA,NA,NA,NA,23.7426,133.599,NA,NA,NA,NA,24.0526,291.995,NA,NA,NA,NA,NA,NA,NA,NA,NA,NA,NA,NA,NA,NA,25.9781,699.492,NA,NA,NA,NA,26.6204,145.025,26.7539,213.857,NA,NA,NA,NA,NA,NA,NA,NA,NA,NA
"ORT.2.5_2012",NA,NA,3.213,1544.525,3.7121,4550.618,NA,NA,NA,NA,7.3363,892.872,9.9513,429.9,NA,NA,NA,NA,12.1562,462.124,NA,NA,13.1978,212.427,13.786,421.737,NA,NA,NA,NA,14.859,525.8,NA,NA,NA,NA,15.8288,990.42,16.4018,361.781,NA,NA,16.9782,687.552,NA,NA,NA,NA,17.8751,7799.063,17.9808,381.596,NA,NA,NA,NA,18.5863,434.221,18.6634,388.259,18.9373,1758.143,NA,NA,NA,NA,19.965,211.964,20.0502,139.366,NA,NA,20.6166,183.687,20.8619,300.884,21.1325,5645.62,21.3451,1612.543,21.4687,491.127,21.5576,191.689,21.624,149.772,21.7287,3008.066,21.9468,211.413,NA,NA,22.6746,166.88,NA,NA,NA,NA,23.2904,82.064,23.459,474.486,23.5835,82.624,23.6704,182.469,23.7547,320.215,NA,NA,NA,NA,24.0215,148.077,NA,NA,NA,NA,NA,NA,NA,NA,NA,NA,25.4081,139.474,NA,NA,25.9827,375.216,NA,NA,NA,NA,26.6274,98.382,NA,NA,NA,NA,NA,NA,NA,NA,NA,NA,NA,NA
"UTT.2.3_2012",NA,NA,NA,NA,3.6893,2102.042,NA,NA,NA,NA,NA,NA,NA,NA,NA,NA,NA,NA,12.1218,364.058,NA,NA,13.163,146.475,13.745,191.881,NA,NA,NA,NA,14.8234,535.964,NA,NA,NA,NA,15.7785,502.911,NA,NA,NA,NA,16.944,261.643,NA,NA,NA,NA,17.8139,5333.178,17.9334,188.729,NA,NA,NA,NA,18.6225,295.714,NA,NA,18.8595,510.251,NA,NA,19.9058,170.584,20.0087,131.126,NA,NA,NA,NA,NA,NA,20.8061,204.834,21.194,79.113,21.3062,1190.074,21.4347,265.98,21.5936,69.275,NA,NA,21.6807,1716.979,NA,NA,NA,NA,NA,NA,NA,NA,23.1083,280.83,NA,NA,23.4318,191.196,NA,NA,23.6473,134.67,23.7303,126.087,NA,NA,NA,NA,24.0001,64.083,NA,NA,NA,NA,NA,NA,NA,NA,NA,NA,25.3899,143.796,NA,NA,NA,NA,NA,NA,NA,NA,26.6131,349.408,NA,NA,NA,NA,NA,NA,NA,NA,NA,NA,NA,NA
"COW.1.2_2012",NA,NA,3.0753,742.898,3.69,940.912,NA,NA,NA,NA,NA,NA,NA,NA,NA,NA,NA,NA,NA,NA,NA,NA,13.169,571.333,13.7675,1790.123,NA,NA,NA,NA,14.8502,2331.686,NA,NA,NA,NA,NA,NA,16.3717,344.653,NA,NA,17.0769,12048.99,NA,NA,NA,NA,17.7333,163.267,17.9416,931.148,NA,NA,18.5369,156.079,18.6166,140.976,NA,NA,19.0157,130.167,NA,NA,NA,NA,NA,NA,NA,NA,NA,NA,NA,NA,20.8646,934.062,21.1342,8798.309,NA,NA,21.4263,252.514,21.5302,459.583,NA,NA,21.6685,440.803,21.9242,1023.473,22.34,134.93,NA,NA,NA,NA,23.1175,175.493,23.269,57.728,23.4294,105.359,NA,NA,NA,NA,23.7294,130.224,NA,NA,NA,NA,24.0404,235.375,NA,NA,NA,NA,NA,NA,NA,NA,NA,NA,25.3889,91.091,NA,NA,25.963,250.493,NA,NA,NA,NA,26.6135,382.527,NA,NA,NA,NA,NA,NA,NA,NA,NA,NA,NA,NA
"COVW.2.4_2012",NA,NA,3.0587,1266.913,3.6673,743.933,NA,NA,NA,NA,NA,NA,NA,NA,NA,NA,NA,NA,12.1225,341.429,NA,NA,NA,NA,13.7547,433.667,14.2735,3000.759,14.5384,378.289,14.856,1546.884,NA,NA,NA,NA,15.9052,1920.362,NA,NA,NA,NA,16.9745,1455.556,NA,NA,17.4151,198.153,17.8391,2159.221,NA,NA,18.2456,19770.233,18.496,1572.203,18.5927,86.483,NA,NA,18.9444,1842.354,NA,NA,NA,NA,NA,NA,NA,NA,20.3706,123.692,NA,NA,20.8359,542.949,21.0705,2120.434,NA,NA,NA,NA,NA,NA,NA,NA,21.7075,2728.412,21.9359,121.25,22.0782,165.264,NA,NA,NA,NA,23.1134,408.29,NA,NA,NA,NA,NA,NA,NA,NA,NA,NA,NA,NA,NA,NA,NA,NA,NA,NA,NA,NA,NA,NA,NA,NA,NA,NA,NA,NA,NA,NA,25.9669,133.399,NA,NA,NA,NA,26.6144,128.862,26.757,187.175,NA,NA,NA,NA,NA,NA,NA,NA,NA,NA
"IDW.1.5_2012",NA,NA,3.2313,1550.725,3.6802,5164.424,NA,NA,NA,NA,7.3052,559.852,9.9335,246.204,NA,NA,NA,NA,12.1547,2444.74,NA,NA,NA,NA,13.7646,506.794,NA,NA,NA,NA,14.8813,3230.24,NA,NA,NA,NA,15.8123,561.982,NA,NA,NA,NA,16.9791,1590.29,NA,NA,NA,NA,17.8393,5796.727,17.9663,660.632,NA,NA,18.4235,115.202,18.5924,1197.95,18.6759,993.653,18.8808,355.785,NA,NA,NA,NA,19.9404,215.519,20.0358,218.181,NA,NA,NA,NA,20.8441,1015.318,21.2087,89.144,21.3108,786.801,21.4637,348.412,NA,NA,NA,NA,21.6819,1317.851,21.9233,136.018,22.3349,166.919,NA,NA,NA,NA,23.1176,484.808,23.2801,76.386,23.4428,258.537,NA,NA,23.6658,111.981,23.7414,145.218,NA,NA,NA,NA,24.0124,110.829,NA,NA,NA,NA,NA,NA,NA,NA,NA,NA,25.3959,90.791,NA,NA,25.9763,772.96,NA,NA,26.4885,183.975,26.6188,243.508,NA,NA,NA,NA,NA,NA,NA,NA,NA,NA,NA,NA
"CAV.2.7_2012",NA,NA,3.1329,630.912,NA,NA,NA,NA,NA,NA,NA,NA,NA,NA,NA,NA,NA,NA,12.1398,498.77,NA,NA,13.179,327.913,13.7767,1082.522,NA,NA,NA,NA,14.8558,1580.821,NA,NA,15.4085,117.123,NA,NA,16.3857,162.708,NA,NA,17.0338,5697.307,NA,NA,NA,NA,17.7464,124.02,17.95,953.683,NA,NA,NA,NA,18.5528,132.261,18.6316,110.256,NA,NA,19.4433,187.091,NA,NA,NA,NA,NA,NA,NA,NA,NA,NA,20.8299,240.961,21.1008,4801.104,NA,NA,21.4255,132.491,21.5328,214.181,NA,NA,21.6718,329.971,21.9175,459.022,22.2399,219.839,NA,NA,NA,NA,NA,NA,NA,NA,NA,NA,NA,NA,NA,NA,NA,NA,NA,NA,NA,NA,24.0482,127.334,NA,NA,NA,NA,24.9608,98.27,NA,NA,NA,NA,NA,NA,NA,NA,25.9777,620.829,NA,NA,NA,NA,26.6234,374.685,NA,NA,NA,NA,NA,NA,NA,NA,NA,NA,NA,NA
"IDV.5.10_2012",NA,NA,3.0692,183.83,3.6729,1091.337,NA,NA,NA,NA,NA,NA,NA,NA,NA,NA,NA,NA,12.1367,1066.19,NA,NA,13.1702,403.886,13.7745,1985.9,NA,NA,NA,NA,14.923,7553.838,NA,NA,15.4065,113.01,NA,NA,16.3715,131.194,NA,NA,17.0235,5150.629,NA,NA,NA,NA,17.738,131.874,17.9427,869.059,NA,NA,NA,NA,18.5543,360.534,18.6346,347.739,NA,NA,19.3389,90.763,NA,NA,NA,NA,20.04,406.35,NA,NA,NA,NA,20.8522,768.866,21.1302,7542.462,NA,NA,21.4591,123.868,21.5314,72.858,NA,NA,21.6823,249.037,21.9199,463.36,22.2602,113.395,NA,NA,NA,NA,23.1217,553.617,23.2772,143.837,23.4382,198.089,NA,NA,NA,NA,23.734,90.848,NA,NA,NA,NA,24.0459,148.305,NA,NA,NA,NA,NA,NA,NA,NA,NA,NA,25.4869,141.477,NA,NA,25.9672,116.384,NA,NA,NA,NA,NA,NA,NA,NA,NA,NA,NA,NA,NA,NA,NA,NA,NA,NA
"WAT.2.4_2012",NA,NA,3.1557,423.702,3.6824,2841.853,NA,NA,NA,NA,7.2942,632.346,9.9183,280.003,NA,NA,NA,NA,12.1239,814.206,NA,NA,13.1614,296.865,13.7616,1574.699,NA,NA,NA,NA,14.9105,7168.692,NA,NA,NA,NA,NA,NA,16.3672,186.482,NA,NA,17.0201,5873.903,NA,NA,NA,NA,17.7392,463.896,17.9621,2481.197,NA,NA,18.3336,159.607,18.6207,212.027,NA,NA,NA,NA,19.3314,120.221,NA,NA,NA,NA,NA,NA,NA,NA,NA,NA,20.8959,3018.574,21.1303,7672.838,NA,NA,21.4416,381.909,21.5296,174.681,21.6025,123.755,21.66,254.508,21.9129,485.101,NA,NA,NA,NA,NA,NA,23.146,494.255,23.2726,153.054,23.4412,630.013,23.6142,97.487,NA,NA,23.7365,379.236,NA,NA,23.8993,53.317,24.0039,219.337,NA,NA,NA,NA,NA,NA,NA,NA,25.3897,78.348,25.4821,141.084,NA,NA,25.967,464.606,NA,NA,26.4773,261.207,26.6119,183.95,NA,NA,NA,NA,NA,NA,NA,NA,NA,NA,NA,NA
"IDT.1.2_2012",NA,NA,3.1809,5324.635,3.6731,3716.548,NA,NA,NA,NA,7.2996,689.417,9.9168,274.562,NA,NA,NA,NA,12.124,1033.548,NA,NA,NA,NA,13.7478,672.378,NA,NA,NA,NA,14.8248,736.895,NA,NA,NA,NA,15.7848,513.177,NA,NA,NA,NA,16.9627,1860.348,NA,NA,NA,NA,17.824,6333.654,17.9382,298.375,NA,NA,NA,NA,18.55,572.007,18.628,402.937,18.8554,228.743,NA,NA,19.9258,140.533,20.0187,247.588,NA,NA,NA,NA,NA,NA,20.8167,286.395,21.1952,86.735,21.3132,1542.323,21.433,329.623,21.5871,84.717,NA,NA,21.6561,429.691,21.9039,207.226,NA,NA,NA,NA,NA,NA,23.132,187.169,23.2671,65.443,23.4303,212.773,NA,NA,23.6474,161.141,23.7317,226.247,NA,NA,NA,NA,23.9987,67.478,NA,NA,NA,NA,NA,NA,NA,NA,NA,NA,NA,NA,NA,NA,25.9615,119.662,NA,NA,NA,NA,NA,NA,NA,NA,NA,NA,NA,NA,NA,NA,NA,NA,NA,NA
"UTWV.2.7_2012",NA,NA,3.0646,490.776,3.6814,1641.392,NA,NA,NA,NA,NA,NA,NA,NA,NA,NA,NA,NA,12.1357,537.757,NA,NA,NA,NA,NA,NA,14.1146,538.443,NA,NA,14.8668,2032.961,NA,NA,NA,NA,15.8248,533.85,NA,NA,NA,NA,16.9834,1856.693,NA,NA,NA,NA,17.7513,790.893,NA,NA,18.1669,10512.86,18.4189,448.438,18.5679,72.941,NA,NA,18.9148,1453.145,NA,NA,NA,NA,NA,NA,NA,NA,NA,NA,NA,NA,20.8298,718.316,21.0223,519.348,NA,NA,21.4468,188.124,NA,NA,NA,NA,21.6943,1842.457,21.925,154.814,22.0723,97.87,NA,NA,NA,NA,23.1222,469.976,23.2769,93.507,NA,NA,NA,NA,NA,NA,NA,NA,NA,NA,NA,NA,NA,NA,NA,NA,NA,NA,NA,NA,NA,NA,NA,NA,25.396,67.906,NA,NA,25.9689,219.999,NA,NA,NA,NA,26.6161,108.713,NA,NA,NA,NA,NA,NA,NA,NA,NA,NA,NA,NA
"IDT.2.4_2012",NA,NA,3.2438,305.288,3.6786,4355.378,NA,NA,NA,NA,7.3076,769.798,9.9267,364.784,11.5824,216.732,NA,NA,12.1366,731.604,NA,NA,NA,NA,13.7633,298.898,NA,NA,NA,NA,14.8431,643.786,NA,NA,NA,NA,15.8089,777.887,NA,NA,NA,NA,NA,NA,NA,NA,NA,NA,17.836,5726.418,17.9527,183.864,NA,NA,NA,NA,18.5783,785.054,18.6537,499.764,18.8802,439.519,NA,NA,NA,NA,19.9315,308.244,20.0351,238.897,NA,NA,20.5808,190.066,20.8227,156.49,21.2159,109.217,21.3269,1461.238,21.4586,387.859,NA,NA,21.6162,106.546,21.7077,2437.494,NA,NA,NA,NA,NA,NA,NA,NA,23.1183,248.319,23.2808,96.164,23.4456,322.949,NA,NA,23.6622,153.68,23.7436,220.609,NA,NA,NA,NA,24.0121,109.668,NA,NA,NA,NA,NA,NA,NA,NA,NA,NA,NA,NA,NA,NA,25.9714,191.481,NA,NA,NA,NA,NA,NA,NA,NA,NA,NA,NA,NA,NA,NA,NA,NA,NA,NA
"UTV.3.4_2012",NA,NA,3.0425,681.533,NA,NA,NA,NA,NA,NA,NA,NA,NA,NA,NA,NA,NA,NA,NA,NA,NA,NA,NA,NA,13.7542,151.565,NA,NA,NA,NA,14.7666,2914.587,NA,NA,15.3845,107.729,NA,NA,16.3714,155.77,16.6751,750.139,16.9615,1128.008,NA,NA,NA,NA,NA,NA,17.9469,488.913,NA,NA,NA,NA,NA,NA,NA,NA,NA,NA,19.7551,5090.847,NA,NA,NA,NA,20.072,1228.265,NA,NA,NA,NA,NA,NA,NA,NA,NA,NA,NA,NA,NA,NA,NA,NA,21.7168,148.364,21.9281,555.362,NA,NA,NA,NA,NA,NA,23.1211,390.773,NA,NA,NA,NA,NA,NA,NA,NA,NA,NA,NA,NA,NA,NA,24.0462,93.55,24.1394,3156.527,NA,NA,NA,NA,NA,NA,NA,NA,NA,NA,NA,NA,25.967,116.336,NA,NA,NA,NA,26.6182,203.425,NA,NA,NA,NA,NA,NA,NA,NA,NA,NA,NA,NA
"WAT.2.7_2012",NA,NA,3.2444,827.43,3.6871,2129.901,NA,NA,NA,NA,7.2992,431.155,NA,NA,NA,NA,NA,NA,12.1239,454.328,NA,NA,13.1626,197.585,13.7623,1661.1,NA,NA,NA,NA,14.8718,3903.827,NA,NA,NA,NA,NA,NA,16.3653,149.394,NA,NA,17.0036,4644.803,NA,NA,NA,NA,17.7366,464.776,17.965,2708.481,NA,NA,18.534,104.699,18.6159,137.191,NA,NA,NA,NA,NA,NA,NA,NA,NA,NA,20.03,140.092,NA,NA,NA,NA,20.8775,2174.491,21.1206,7183.259,NA,NA,21.428,310.158,21.5237,79.48,NA,NA,21.6706,308.688,21.9095,397.705,NA,NA,NA,NA,NA,NA,23.1464,228.102,23.2699,122.377,23.4343,391.914,NA,NA,NA,NA,23.7312,217.046,NA,NA,NA,NA,24.0043,108.457,NA,NA,NA,NA,NA,NA,NA,NA,NA,NA,25.4809,228.635,NA,NA,25.969,667.199,NA,NA,26.4835,988.258,26.6122,251.735,NA,NA,NA,NA,NA,NA,NA,NA,NA,NA,NA,NA
"WAW.1.1_2012",NA,NA,3.139,141.35,3.6814,1932.328,NA,NA,NA,NA,7.3178,566.012,9.923,254.622,NA,NA,NA,NA,12.1207,570.319,NA,NA,13.1571,160.118,13.767,2434.508,NA,NA,NA,NA,14.9065,6882.072,NA,NA,NA,NA,NA,NA,NA,NA,NA,NA,16.9703,2242.856,NA,NA,NA,NA,17.732,421.797,17.9389,1303.567,NA,NA,18.5318,117.58,18.6133,146.163,NA,NA,NA,NA,19.3274,112.064,NA,NA,NA,NA,NA,NA,NA,NA,NA,NA,20.8976,2909.504,21.1358,8641.09,NA,NA,21.443,162.295,NA,NA,NA,NA,21.659,155.352,21.906,185.033,NA,NA,NA,NA,22.9759,101.944,23.146,428.034,23.2712,129.459,23.4376,541.379,23.6121,91.043,NA,NA,23.7312,256.371,NA,NA,NA,NA,24.0382,111.146,NA,NA,NA,NA,NA,NA,NA,NA,NA,NA,25.4816,219.143,NA,NA,25.965,356.498,NA,NA,26.4928,177.469,26.61,153.225,NA,NA,NA,NA,NA,NA,NA,NA,NA,NA,NA,NA
"NVV.3.5_2012",NA,NA,3.0504,891.755,NA,NA,NA,NA,NA,NA,NA,NA,NA,NA,NA,NA,NA,NA,12.1456,816.821,12.7135,175.634,13.1882,649.167,13.809,3733.898,NA,NA,NA,NA,14.8574,1024.611,NA,NA,15.4078,165.859,NA,NA,16.3922,284.479,NA,NA,17.0622,8054.577,NA,NA,NA,NA,NA,NA,17.9565,767.44,NA,NA,18.354,188.923,NA,NA,NA,NA,19.0352,117.902,19.49,130.854,NA,NA,NA,NA,NA,NA,20.3412,172.68,NA,NA,20.8935,149.289,21.1902,12823.044,NA,NA,NA,NA,21.554,151.987,NA,NA,21.6995,986.738,21.9329,610.961,22.2549,351.954,NA,NA,NA,NA,NA,NA,NA,NA,NA,NA,NA,NA,NA,NA,NA,NA,23.8071,64.245,NA,NA,24.0523,153.581,NA,NA,NA,NA,NA,NA,NA,NA,NA,NA,25.5008,329.497,NA,NA,25.9851,972.35,NA,NA,26.487,121.74,26.6251,370.134,NA,NA,NA,NA,NA,NA,NA,NA,NA,NA,NA,NA
"ORV.1.5_2012",NA,NA,3.0654,427.964,3.6876,986.06,NA,NA,NA,NA,NA,NA,NA,NA,NA,NA,NA,NA,12.1564,2255.33,NA,NA,NA,NA,NA,NA,14.0991,673.214,NA,NA,14.8495,848.354,NA,NA,NA,NA,NA,NA,NA,NA,NA,NA,17.0092,3662.657,NA,NA,NA,NA,17.7674,1885.827,17.9502,399.822,NA,NA,18.3986,702.759,18.555,133.842,18.6324,88.38,NA,NA,NA,NA,NA,NA,NA,NA,NA,NA,NA,NA,NA,NA,20.8082,214.254,NA,NA,NA,NA,21.419,173.908,NA,NA,NA,NA,21.6581,129.977,21.9118,263.297,NA,NA,NA,NA,NA,NA,23.1166,148.208,NA,NA,23.4389,86.269,NA,NA,NA,NA,23.7412,62.322,NA,NA,NA,NA,24.0117,73.533,NA,NA,NA,NA,NA,NA,NA,NA,NA,NA,NA,NA,NA,NA,25.9777,745.061,NA,NA,NA,NA,26.6205,229.147,26.7527,283.015,26.9139,108.354,NA,NA,NA,NA,NA,NA,NA,NA
"CAV.4.1_2012",NA,NA,3.0499,872.581,3.6779,1069.941,NA,NA,NA,NA,NA,NA,NA,NA,NA,NA,NA,NA,12.143,1051.229,NA,NA,13.1812,473.061,13.7734,1014.69,NA,NA,NA,NA,14.8546,1555.498,NA,NA,NA,NA,15.7895,170.946,16.3831,130.253,NA,NA,17.0247,4848.785,NA,NA,NA,NA,17.7941,2555.644,17.9518,525.089,NA,NA,NA,NA,18.5581,297.426,18.6363,231.765,18.8613,149.442,NA,NA,NA,NA,NA,NA,20.0317,124.285,NA,NA,NA,NA,20.7842,412.306,21.1047,4932.153,NA,NA,21.4368,278.351,21.5304,108.157,21.5982,68.007,21.6728,378.289,21.9169,376.995,22.2456,167.861,NA,NA,NA,NA,23.1178,449.662,NA,NA,NA,NA,NA,NA,NA,NA,NA,NA,NA,NA,NA,NA,24.0475,69.454,NA,NA,NA,NA,NA,NA,NA,NA,NA,NA,25.4904,106.799,NA,NA,25.9822,1144.079,26.3481,62.556,26.4852,125.063,26.6232,517.231,NA,NA,NA,NA,NA,NA,NA,NA,NA,NA,NA,NA
"UTT.1.6_2012",NA,NA,3.2238,1914.464,3.7204,5002.779,NA,NA,NA,NA,7.3351,823.669,9.9343,312.497,NA,NA,NA,NA,NA,NA,NA,NA,NA,NA,13.758,369.473,NA,NA,NA,NA,14.8314,161.642,NA,NA,NA,NA,15.8012,573.824,NA,NA,NA,NA,16.9746,1988.952,NA,NA,NA,NA,17.7775,2367.628,17.9452,192.245,NA,NA,18.5426,168.931,18.6216,156.349,NA,NA,18.8714,277.187,NA,NA,NA,NA,NA,NA,NA,NA,NA,NA,20.5571,166.218,20.8073,90.218,21.0388,1505.962,21.3015,835.215,21.4559,166.489,NA,NA,NA,NA,21.7021,2973.446,21.9257,206.586,NA,NA,NA,NA,NA,NA,23.115,509.27,NA,NA,23.4359,136.859,23.568,95.812,23.6581,213.04,23.7324,86.492,NA,NA,NA,NA,24.0425,127.631,NA,NA,NA,NA,NA,NA,NA,NA,NA,NA,25.3933,142.398,NA,NA,25.9654,87.625,NA,NA,NA,NA,NA,NA,NA,NA,NA,NA,NA,NA,NA,NA,NA,NA,NA,NA
"UTW.1.1_2012",NA,NA,3.0758,378.884,3.6859,694.609,NA,NA,NA,NA,NA,NA,NA,NA,NA,NA,NA,NA,12.1189,162.466,NA,NA,13.1563,319.782,13.7596,1667.872,14.0998,320.511,NA,NA,14.8404,1865.885,NA,NA,NA,NA,NA,NA,16.3605,121.909,NA,NA,16.9863,3703.355,NA,NA,NA,NA,17.6848,396.671,17.9224,411.677,NA,NA,18.3661,266.166,NA,NA,NA,NA,NA,NA,NA,NA,NA,NA,NA,NA,NA,NA,NA,NA,NA,NA,20.853,776.366,21.1258,7873.821,NA,NA,21.4249,117.764,21.5206,186.427,NA,NA,21.6657,179.556,21.9024,300.825,NA,NA,NA,NA,NA,NA,23.1303,320.875,NA,NA,NA,NA,NA,NA,NA,NA,NA,NA,NA,NA,NA,NA,24.0359,76.91,NA,NA,NA,NA,NA,NA,NA,NA,25.3885,169.967,25.4804,83.339,NA,NA,25.9634,392.463,NA,NA,NA,NA,26.613,466.798,NA,NA,NA,NA,NA,NA,NA,NA,NA,NA,NA,NA
"AZTW.1.7_2012",NA,NA,3.1021,599.954,3.6803,1677.474,NA,NA,NA,NA,NA,NA,NA,NA,NA,NA,NA,NA,12.115,386.706,NA,NA,NA,NA,13.7386,192.195,14.1605,91.236,NA,NA,14.8549,2674.222,NA,NA,NA,NA,15.7654,165.845,NA,NA,NA,NA,16.9381,684.152,NA,NA,NA,NA,17.729,1805.713,17.9169,114.922,NA,NA,18.3859,737.413,18.6186,284.16,NA,NA,NA,NA,NA,NA,NA,NA,NA,NA,NA,NA,NA,NA,NA,NA,20.8124,991.753,21.2693,137.3,NA,NA,21.4395,226.628,NA,NA,21.6378,161.98,NA,NA,21.8961,82.33,NA,NA,NA,NA,NA,NA,23.111,635.187,23.2645,98.176,23.4247,86.776,NA,NA,NA,NA,NA,NA,23.7248,107.82,NA,NA,NA,NA,NA,NA,NA,NA,NA,NA,NA,NA,NA,NA,25.3868,277.214,NA,NA,25.9607,468.682,NA,NA,NA,NA,26.6116,517.206,NA,NA,NA,NA,NA,NA,NA,NA,NA,NA,NA,NA
"NVT.1.6_2012",NA,NA,3.1583,786.493,3.6666,1001.823,NA,NA,NA,NA,7.4108,707.052,NA,NA,NA,NA,NA,NA,12.1096,227,NA,NA,NA,NA,13.7454,1000.796,NA,NA,NA,NA,14.8526,3026.271,NA,NA,NA,NA,NA,NA,NA,NA,NA,NA,16.9603,2103.486,NA,NA,NA,NA,17.7215,98.275,17.9162,180.575,NA,NA,NA,NA,NA,NA,NA,NA,NA,NA,NA,NA,NA,NA,NA,NA,NA,NA,NA,NA,NA,NA,20.8409,1030.335,21.0979,6017.777,NA,NA,21.4279,112.532,NA,NA,21.6518,142.429,NA,NA,21.897,249.081,NA,NA,22.6481,97.412,22.971,84.981,23.1135,559.789,23.2585,168.962,NA,NA,NA,NA,NA,NA,NA,NA,23.7083,83.091,NA,NA,24.0342,190.881,NA,NA,NA,NA,NA,NA,NA,NA,NA,NA,NA,NA,NA,NA,25.9595,311.92,NA,NA,NA,NA,26.605,80.509,NA,NA,NA,NA,NA,NA,NA,NA,NA,NA,NA,NA
"WAT.1.4_2012",NA,NA,3.1623,469.334,3.6768,3867.459,NA,NA,NA,NA,7.288,534.733,9.9108,264.969,NA,NA,NA,NA,12.1254,1628.282,NA,NA,NA,NA,13.7437,668.135,NA,NA,NA,NA,14.8957,6094.02,NA,NA,NA,NA,15.7863,378.119,NA,NA,NA,NA,16.9686,2418.679,NA,NA,NA,NA,17.7625,2179.517,17.9256,469.612,NA,NA,NA,NA,18.6236,436.016,NA,NA,18.859,140.724,19.324,120.015,NA,NA,19.9415,117.549,20.013,213.55,NA,NA,NA,NA,20.8534,1889.834,21.0812,4502.443,21.3025,1168.394,21.4475,241.302,21.5178,120.101,21.6512,485.712,NA,NA,21.9054,240.744,NA,NA,NA,NA,NA,NA,23.1172,517.736,23.2702,250.986,23.4354,546.172,NA,NA,NA,NA,23.7328,312.256,NA,NA,NA,NA,24,188.164,NA,NA,NA,NA,NA,NA,NA,NA,NA,NA,NA,NA,NA,NA,25.9571,64.801,NA,NA,NA,NA,NA,NA,NA,NA,NA,NA,NA,NA,NA,NA,NA,NA,NA,NA
"CAT.2.9_2012",NA,NA,3.0458,416.069,3.6666,1723.229,NA,NA,NA,NA,7.3938,600.143,NA,NA,NA,NA,NA,NA,NA,NA,NA,NA,NA,NA,NA,NA,NA,NA,NA,NA,14.8108,127.89,NA,NA,NA,NA,15.7465,177.608,NA,NA,NA,NA,16.9493,1390.388,NA,NA,NA,NA,17.7237,559.044,NA,NA,NA,NA,18.5208,124.21,NA,NA,NA,NA,NA,NA,NA,NA,NA,NA,19.9959,107.77,NA,NA,NA,NA,NA,NA,NA,NA,21.2691,203.758,NA,NA,NA,NA,NA,NA,21.6389,133.768,NA,NA,21.8924,120.533,NA,NA,NA,NA,22.9708,80.922,23.1121,602.961,NA,NA,NA,NA,NA,NA,23.638,122.719,NA,NA,NA,NA,NA,NA,NA,NA,NA,NA,NA,NA,NA,NA,NA,NA,NA,NA,NA,NA,NA,NA,25.9627,505.128,NA,NA,NA,NA,26.6086,197.29,NA,NA,NA,NA,NA,NA,NA,NA,NA,NA,NA,NA
"ORV.1.6_2012",NA,NA,3.129,1009.08,3.6712,2122.798,NA,NA,NA,NA,NA,NA,NA,NA,NA,NA,NA,NA,12.1516,1743.618,NA,NA,13.1806,191.108,13.7734,839.578,NA,NA,NA,NA,14.8737,2646.591,NA,NA,15.4102,158.764,NA,NA,16.3883,150.867,NA,NA,17.0478,6966.095,NA,NA,NA,NA,17.7496,220.979,17.9564,1187.527,NA,NA,NA,NA,18.5582,232.853,18.6365,208.514,NA,NA,NA,NA,NA,NA,NA,NA,20.0315,122.594,NA,NA,NA,NA,20.8438,759.975,21.0893,3765.339,NA,NA,21.428,242.787,21.5314,83.746,21.5986,64.783,21.6737,508.413,21.918,389.693,22.2407,147.795,NA,NA,NA,NA,23.1517,153.257,23.2793,71.961,23.4408,141.126,NA,NA,NA,NA,23.7384,111.771,NA,NA,NA,NA,24.05,207.399,NA,NA,NA,NA,NA,NA,NA,NA,NA,NA,25.4915,83.136,NA,NA,25.9732,190.052,NA,NA,26.4853,101.493,26.62,164.39,NA,NA,NA,NA,NA,NA,NA,NA,27.4454,74.26,NA,NA
"IDV.3.5_2012",NA,NA,NA,NA,NA,NA,4.8609,517.458,NA,NA,NA,NA,NA,NA,NA,NA,NA,NA,NA,NA,NA,NA,13.1848,485.71,13.7955,2694.068,NA,NA,NA,NA,14.8797,310.677,NA,NA,15.4092,184.148,NA,NA,NA,NA,NA,NA,17.0726,9651.707,NA,NA,NA,NA,NA,NA,17.9579,207.505,NA,NA,18.336,164.4,NA,NA,NA,NA,NA,NA,NA,NA,NA,NA,NA,NA,NA,NA,NA,NA,NA,NA,NA,NA,21.1611,9812.88,NA,NA,NA,NA,21.5383,273.881,NA,NA,21.6717,423.339,21.9158,249.469,22.241,340.841,NA,NA,NA,NA,NA,NA,NA,NA,NA,NA,23.6067,432.307,NA,NA,NA,NA,NA,NA,NA,NA,24.0512,261.076,NA,NA,NA,NA,NA,NA,NA,NA,NA,NA,25.4012,151.004,NA,NA,25.976,383.645,NA,NA,26.4879,384.461,26.6232,376.345,NA,NA,NA,NA,NA,NA,NA,NA,27.4607,222.826,NA,NA
"NVT.2.8_2012",NA,NA,3.1541,504.184,3.6894,3132.572,NA,NA,NA,NA,7.2997,699.839,9.9212,292.999,NA,NA,NA,NA,12.1318,1250.957,NA,NA,NA,NA,13.7465,188.73,NA,NA,NA,NA,14.9303,9077.551,NA,NA,NA,NA,NA,NA,16.3676,135.823,NA,NA,17.0061,4765.787,17.1234,165.48,NA,NA,17.7376,449.596,17.9597,2361.666,NA,NA,18.5366,152.663,18.6179,171.661,NA,NA,NA,NA,19.3307,154.377,NA,NA,20.015,203.886,NA,NA,NA,NA,NA,NA,20.8744,3627.087,21.264,504.035,NA,NA,21.438,297.606,NA,NA,21.5992,110.411,21.6541,254.792,21.9068,430.614,NA,NA,NA,NA,22.9775,286.72,23.1244,468,23.2724,222.222,23.445,963.851,23.6119,88.122,NA,NA,23.7345,442.096,NA,NA,NA,NA,24.002,209.116,NA,NA,NA,NA,NA,NA,NA,NA,NA,NA,25.3863,65.019,NA,NA,NA,NA,NA,NA,NA,NA,26.6093,138.542,NA,NA,NA,NA,NA,NA,NA,NA,NA,NA,NA,NA
"IDT.1.6_2012",NA,NA,3.1619,464.88,3.6821,4579.361,NA,NA,NA,NA,7.279,461.573,9.9145,256.533,11.6263,215.201,NA,NA,12.1273,1770.655,NA,NA,NA,NA,13.7448,758.789,NA,NA,NA,NA,14.8234,926.28,NA,NA,NA,NA,15.7989,719.345,NA,NA,NA,NA,16.9422,438.5,NA,NA,NA,NA,17.7743,3025.659,NA,NA,NA,NA,NA,NA,18.5699,1394.888,18.6498,958.079,18.8649,302.042,NA,NA,NA,NA,19.9404,277.099,NA,NA,NA,NA,NA,NA,20.8087,249.729,21.1947,73.798,21.3151,1844.547,21.4617,170.15,NA,NA,21.6532,688.977,NA,NA,21.9057,76.555,NA,NA,NA,NA,NA,NA,23.1058,494.771,23.2664,104.742,23.4286,230.141,NA,NA,23.6565,168.947,23.7297,177.355,NA,NA,NA,NA,23.9996,84.435,NA,NA,NA,NA,NA,NA,NA,NA,NA,NA,25.3842,75.34,NA,NA,25.9574,156.939,NA,NA,NA,NA,26.6052,70.889,NA,NA,NA,NA,NA,NA,NA,NA,NA,NA,NA,NA
"IDT.1.3_2012",NA,NA,3.2444,284.24,3.6772,3877.324,NA,NA,NA,NA,7.3012,760.013,9.9107,340.464,11.6327,603.564,NA,NA,12.1206,913.599,NA,NA,NA,NA,NA,NA,NA,NA,NA,NA,14.8221,590.686,NA,NA,NA,NA,15.7992,910.656,NA,NA,NA,NA,16.9555,1391.512,NA,NA,NA,NA,17.7966,4239.231,17.9338,206.567,NA,NA,NA,NA,18.5529,723.148,18.6316,540.806,18.8758,693.788,NA,NA,19.9281,178.507,20.0087,168.063,NA,NA,NA,NA,20.5484,198.943,20.7995,151.52,21.1987,89.187,21.3089,1496.156,21.4617,306.043,NA,NA,NA,NA,21.7159,4644.499,21.9306,182.251,NA,NA,NA,NA,NA,NA,23.1064,343.971,23.2688,94.512,23.4324,245.373,NA,NA,23.6549,185.625,23.7318,193.578,NA,NA,NA,NA,24.0009,117.894,NA,NA,NA,NA,NA,NA,NA,NA,NA,NA,NA,NA,NA,NA,25.9626,308.216,NA,NA,NA,NA,26.6094,151.099,NA,NA,NA,NA,NA,NA,NA,NA,NA,NA,NA,NA
"UTT.1.1_2012",NA,NA,3.0805,743.798,3.6897,4078.593,NA,NA,NA,NA,7.3044,636.804,9.9192,261.982,11.6487,470.399,NA,NA,12.1181,322.116,NA,NA,NA,NA,13.7599,1545.547,NA,NA,NA,NA,14.8287,656.544,NA,NA,NA,NA,15.8075,825.946,NA,NA,NA,NA,16.9648,1650.632,NA,NA,NA,NA,17.8205,5729.965,17.9383,252.328,NA,NA,NA,NA,18.5565,659.226,18.6328,415.936,18.8947,791.512,NA,NA,NA,NA,19.9659,377.596,NA,NA,NA,NA,20.5718,162.148,20.8235,173.782,21.0871,4273.269,21.3213,1820.9,21.4713,222.412,NA,NA,NA,NA,21.7256,5450.581,21.962,171.72,22.3448,161.953,NA,NA,NA,NA,23.1111,394.894,23.2751,147.719,23.4445,669.765,23.5713,81.312,23.6631,156.032,23.7446,369.945,NA,NA,23.9052,71.933,24.0121,281.245,NA,NA,NA,NA,NA,NA,NA,NA,NA,NA,25.3903,123.151,NA,NA,25.9615,79.155,NA,NA,NA,NA,26.612,231.422,NA,NA,NA,NA,NA,NA,NA,NA,NA,NA,NA,NA
"UTT.3.10_2012",NA,NA,3.0527,512.087,3.6833,2627.065,NA,NA,NA,NA,7.284,494.616,NA,NA,11.577,285.081,NA,NA,12.1134,288.501,NA,NA,NA,NA,13.739,177.84,NA,NA,NA,NA,14.813,273.012,NA,NA,NA,NA,15.7613,451.57,NA,NA,NA,NA,16.9365,581.417,NA,NA,NA,NA,17.7511,1761.542,NA,NA,NA,NA,18.5303,289.333,18.6086,190.595,NA,NA,18.8431,268.857,NA,NA,NA,NA,NA,NA,NA,NA,NA,NA,20.5416,131.794,20.7896,97.639,21.1823,87.883,21.2842,705.277,21.4264,324.612,NA,NA,NA,NA,21.6762,2103.741,NA,NA,NA,NA,NA,NA,NA,NA,23.1141,352.984,NA,NA,23.4263,119.055,NA,NA,23.6436,212.233,NA,NA,NA,NA,NA,NA,24.0343,176.354,NA,NA,NA,NA,NA,NA,NA,NA,NA,NA,25.3876,246.763,NA,NA,NA,NA,NA,NA,NA,NA,26.6096,373.758,NA,NA,NA,NA,NA,NA,NA,NA,NA,NA,NA,NA
"IDV.5.2_2012",NA,NA,3.0783,802.849,3.66,577.302,NA,NA,NA,NA,NA,NA,NA,NA,NA,NA,NA,NA,12.1731,2704.079,NA,NA,NA,NA,NA,NA,14.0994,737.629,NA,NA,NA,NA,NA,NA,NA,NA,15.7861,246.858,NA,NA,NA,NA,16.989,179.178,NA,NA,NA,NA,17.7497,1732.669,NA,NA,NA,NA,18.4256,1281.287,NA,NA,NA,NA,18.8883,645.74,NA,NA,NA,NA,NA,NA,NA,NA,NA,NA,20.5868,176.028,NA,NA,21.2365,102.082,NA,NA,NA,NA,NA,NA,NA,NA,21.7805,10584.11,NA,NA,NA,NA,NA,NA,NA,NA,NA,NA,NA,NA,NA,NA,NA,NA,NA,NA,NA,NA,NA,NA,NA,NA,24.0145,50.895,NA,NA,NA,NA,NA,NA,25.077,282.018,NA,NA,NA,NA,NA,NA,25.9772,278.223,NA,NA,26.4915,324.517,26.6276,264.068,26.7611,487.966,26.9195,188.729,NA,NA,NA,NA,27.45,83.228,28.1031,101.009
"UTW.2.3_2012",NA,NA,3.1584,514.868,3.6849,2774.553,NA,NA,NA,NA,7.295,498.259,NA,NA,NA,NA,NA,NA,12.1319,1530.763,NA,NA,NA,NA,NA,NA,NA,NA,NA,NA,14.8873,4834.027,NA,NA,NA,NA,15.7611,166.973,NA,NA,NA,NA,16.9501,749.586,NA,NA,NA,NA,17.7546,1516.093,17.9371,919.238,NA,NA,18.3795,120.875,18.6228,337.06,NA,NA,18.8462,194.598,19.3326,185.388,NA,NA,NA,NA,NA,NA,NA,NA,NA,NA,20.8401,1871.138,21.2814,223.25,NA,NA,21.4318,290.967,21.5888,67.831,21.6476,160.094,NA,NA,21.9018,78.858,NA,NA,NA,NA,NA,NA,23.1208,386.925,23.2691,138.977,23.4314,264.859,NA,NA,NA,NA,23.7294,138.703,NA,NA,NA,NA,24.0006,83.512,NA,NA,NA,NA,NA,NA,NA,NA,NA,NA,NA,NA,NA,NA,25.9633,270.706,NA,NA,26.477,177.352,26.6105,119.381,NA,NA,NA,NA,NA,NA,NA,NA,NA,NA,NA,NA
"IDW.1.4_2012",NA,NA,NA,NA,NA,NA,NA,NA,NA,NA,NA,NA,NA,NA,NA,NA,NA,NA,NA,NA,NA,NA,13.1554,364.083,13.7666,2376.024,NA,NA,NA,NA,14.8506,391.621,NA,NA,15.3833,127.744,NA,NA,NA,NA,NA,NA,17.0122,5984.627,NA,NA,NA,NA,NA,NA,17.9276,102.2,NA,NA,NA,NA,NA,NA,NA,NA,NA,NA,NA,NA,NA,NA,NA,NA,NA,NA,NA,NA,NA,NA,NA,NA,21.1445,10504.254,NA,NA,NA,NA,21.5254,312.563,NA,NA,21.6677,380.955,21.8984,146.164,22.3345,178.315,NA,NA,NA,NA,23.11,340.304,NA,NA,NA,NA,NA,NA,NA,NA,NA,NA,NA,NA,NA,NA,24.0358,87.73,NA,NA,NA,NA,NA,NA,NA,NA,NA,NA,25.4757,91.018,NA,NA,25.9633,365.056,NA,NA,26.4758,311.88,26.6106,250.998,NA,NA,NA,NA,NA,NA,NA,NA,NA,NA,NA,NA
"WAT.1.3_2012",NA,NA,3.1622,428.315,3.6779,5451.254,NA,NA,NA,NA,7.3071,992.696,9.9154,458.896,11.6609,651.076,11.9539,246.952,12.1252,1494.395,NA,NA,NA,NA,13.7608,2068.63,NA,NA,NA,NA,14.8304,1278.469,NA,NA,NA,NA,15.8106,740.677,NA,NA,NA,NA,16.963,1767.158,NA,NA,NA,NA,17.8079,4881.589,17.9351,261.805,NA,NA,NA,NA,18.5561,751.772,18.632,457.9,18.8856,328.235,NA,NA,NA,NA,19.9725,402.236,NA,NA,NA,NA,20.5455,138.422,20.8461,402.264,21.2083,76.541,21.3189,1704.516,21.4601,168.589,NA,NA,NA,NA,21.6841,1901.004,21.9191,183.391,NA,NA,NA,NA,NA,NA,23.1096,391.244,23.2703,74.192,23.4343,315.086,NA,NA,23.6534,136.492,23.7344,234.948,NA,NA,NA,NA,24.0039,124.234,NA,NA,NA,NA,NA,NA,NA,NA,NA,NA,NA,NA,NA,NA,NA,NA,NA,NA,NA,NA,26.6084,105.644,NA,NA,NA,NA,NA,NA,NA,NA,NA,NA,NA,NA
"WAW.1.3_2012",NA,NA,3.0532,490.965,3.6852,2073.459,NA,NA,NA,NA,7.3067,533.762,NA,NA,NA,NA,NA,NA,12.1442,971.294,NA,NA,13.1814,192.75,13.7754,1114.151,NA,NA,NA,NA,14.9225,6272.649,NA,NA,NA,NA,NA,NA,16.3894,181.492,NA,NA,17.0502,6743.705,NA,NA,NA,NA,17.7525,245.878,17.9526,876.374,NA,NA,NA,NA,18.5545,110.518,18.6347,112.163,NA,NA,19.3494,97.812,NA,NA,NA,NA,NA,NA,NA,NA,NA,NA,20.8981,2208.345,21.1422,7488.005,21.2836,134.397,21.4523,420.119,21.5427,126.634,21.6129,129.932,21.6855,382.092,21.9313,668.09,NA,NA,NA,NA,NA,NA,23.1584,358.513,23.2811,59.505,23.4415,100.164,NA,NA,NA,NA,23.7341,130.625,NA,NA,NA,NA,NA,NA,NA,NA,NA,NA,NA,NA,NA,NA,NA,NA,25.491,170.927,NA,NA,25.9759,474.948,NA,NA,26.5022,105.919,26.6193,136.614,NA,NA,NA,NA,NA,NA,NA,NA,NA,NA,NA,NA
"IDW.2.2_2012",NA,NA,NA,NA,3.6815,3055.167,NA,NA,NA,NA,7.3067,733.641,9.9282,267.522,NA,NA,NA,NA,12.1409,2551.138,NA,NA,NA,NA,13.7429,158.775,NA,NA,NA,NA,14.8753,3834.343,NA,NA,NA,NA,15.7981,447.291,NA,NA,NA,NA,16.9656,1720.49,NA,NA,NA,NA,17.8177,5286.784,17.9772,2100.375,NA,NA,NA,NA,18.5509,383.774,18.6319,431.92,18.8822,857.065,19.3371,125.787,NA,NA,20.0182,199.7,NA,NA,NA,NA,NA,NA,20.8477,2056.564,21.2974,721.175,NA,NA,21.4601,293.164,NA,NA,NA,NA,21.6583,630.208,21.9084,137.044,NA,NA,NA,NA,NA,NA,23.1174,399.334,23.2705,116.504,23.4355,404.6,NA,NA,NA,NA,23.7341,166.021,NA,NA,23.8999,61.385,24.0048,210.284,NA,NA,NA,NA,NA,NA,NA,NA,NA,NA,NA,NA,NA,NA,25.9647,354.671,NA,NA,NA,NA,26.6111,121.776,NA,NA,NA,NA,NA,NA,NA,NA,NA,NA,NA,NA
"CAVW.3.8_2012",NA,NA,3.0522,597.073,NA,NA,NA,NA,NA,NA,NA,NA,NA,NA,NA,NA,NA,NA,12.1449,379.913,NA,NA,13.1892,521.413,13.7906,1857.474,NA,NA,NA,NA,14.8571,1141.715,NA,NA,NA,NA,NA,NA,16.3895,114.394,NA,NA,17.0174,3922.589,NA,NA,NA,NA,NA,NA,17.9488,556.261,NA,NA,NA,NA,NA,NA,NA,NA,NA,NA,NA,NA,NA,NA,NA,NA,NA,NA,NA,NA,NA,NA,20.8405,71.082,21.1306,6648.924,NA,NA,NA,NA,21.5362,204.002,NA,NA,21.6737,523.754,21.918,324.091,22.2356,130.288,NA,NA,NA,NA,NA,NA,NA,NA,NA,NA,NA,NA,NA,NA,NA,NA,NA,NA,NA,NA,24.0507,85.655,NA,NA,NA,NA,NA,NA,NA,NA,NA,NA,NA,NA,NA,NA,25.9829,825.526,NA,NA,26.4932,671.581,26.6285,475.944,NA,NA,NA,NA,NA,NA,NA,NA,NA,NA,NA,NA
"MTW.1.2_2012",NA,NA,3.0724,678.529,3.6775,2467.639,NA,NA,NA,NA,7.31,460.327,NA,NA,NA,NA,11.9555,198.065,12.1379,401.978,NA,NA,13.1829,531.07,13.778,1337.15,NA,NA,NA,NA,14.9001,4587.028,NA,NA,NA,NA,NA,NA,16.3929,330.89,16.6964,179.833,17.1005,12695.224,NA,NA,NA,NA,17.7541,192.112,17.9596,1089.034,NA,NA,18.3404,161.593,18.5661,402.651,18.6451,328.222,19.0377,121.383,NA,NA,NA,NA,NA,NA,20.0434,182.135,NA,NA,NA,NA,20.8737,1270.824,21.1314,6592.971,NA,NA,21.4481,324.765,21.5445,379.17,NA,NA,21.688,509.474,21.9365,911.034,22.3549,104.109,NA,NA,NA,NA,23.1507,411.742,23.2802,89.143,23.4412,184.324,NA,NA,NA,NA,23.736,201.97,NA,NA,NA,NA,24.0498,110.564,NA,NA,NA,NA,NA,NA,NA,NA,NA,NA,25.3998,265.674,NA,NA,NA,NA,NA,NA,NA,NA,26.6179,108.922,NA,NA,NA,NA,NA,NA,NA,NA,NA,NA,NA,NA
"IDW.3.4_2012",NA,NA,3.0489,615.025,3.6799,2075.274,NA,NA,NA,NA,NA,NA,NA,NA,NA,NA,NA,NA,12.1374,431.893,NA,NA,NA,NA,NA,NA,14.1441,1459.919,NA,NA,14.8572,1227.551,NA,NA,NA,NA,15.7754,274.746,NA,NA,NA,NA,NA,NA,NA,NA,NA,NA,17.797,3418.782,17.9447,161.611,NA,NA,18.3996,648.922,18.566,443.307,18.6433,287.143,18.8553,146.387,NA,NA,19.8925,135.597,NA,NA,NA,NA,NA,NA,NA,NA,20.8223,626.362,21.2104,95.522,21.3089,839.372,21.4183,237.419,21.5867,88.242,NA,NA,21.6643,355.393,NA,NA,22.2843,128.134,NA,NA,NA,NA,23.1402,255.571,NA,NA,23.4382,101.358,NA,NA,23.6516,144.923,23.7338,73.507,NA,NA,NA,NA,NA,NA,NA,NA,NA,NA,NA,NA,NA,NA,NA,NA,NA,NA,NA,NA,25.9706,163.443,NA,NA,NA,NA,NA,NA,26.7492,106.295,NA,NA,NA,NA,NA,NA,NA,NA,NA,NA
"MTV.1.10_2012",NA,NA,3.0907,791.165,NA,NA,NA,NA,NA,NA,NA,NA,NA,NA,NA,NA,NA,NA,NA,NA,12.7264,368.186,13.2287,2919.82,13.862,7728.833,NA,NA,NA,NA,14.7773,542.157,NA,NA,15.4232,294.698,NA,NA,16.4087,365.319,NA,NA,NA,NA,17.1123,12999.651,NA,NA,NA,NA,17.9823,583.145,NA,NA,18.3497,202.91,NA,NA,NA,NA,19.0486,157.896,NA,NA,NA,NA,NA,NA,NA,NA,NA,NA,NA,NA,NA,NA,21.2963,27817.169,NA,NA,NA,NA,21.5832,503.333,NA,NA,21.6935,508.971,21.9494,730.362,22.2556,352.713,NA,NA,NA,NA,NA,NA,NA,NA,NA,NA,NA,NA,NA,NA,NA,NA,NA,NA,NA,NA,24.0589,240.573,NA,NA,NA,NA,NA,NA,NA,NA,NA,NA,NA,NA,NA,NA,25.9798,212.272,NA,NA,26.4897,131.786,26.6257,105.743,NA,NA,NA,NA,NA,NA,NA,NA,NA,NA,NA,NA
"IDV.2.8_2012",NA,NA,3.0551,648.159,NA,NA,NA,NA,NA,NA,NA,NA,NA,NA,NA,NA,NA,NA,12.1413,743.479,12.7074,161.043,13.1934,1220.048,13.804,3580.702,14.0917,1389.177,NA,NA,14.8597,1675.982,NA,NA,NA,NA,NA,NA,NA,NA,NA,NA,17.0223,4618.545,NA,NA,NA,NA,17.7173,757.936,17.9442,378.642,NA,NA,18.3985,510.272,NA,NA,NA,NA,NA,NA,NA,NA,NA,NA,NA,NA,NA,NA,NA,NA,NA,NA,20.8586,109.635,21.1734,11492.551,NA,NA,NA,NA,21.5419,156.37,NA,NA,21.6781,297.993,21.9189,198.787,22.3585,146.109,NA,NA,NA,NA,NA,NA,NA,NA,23.4404,74.355,NA,NA,NA,NA,NA,NA,NA,NA,NA,NA,24.0483,80.55,NA,NA,NA,NA,NA,NA,25.072,60.295,NA,NA,25.3989,59.477,NA,NA,25.9737,338.997,NA,NA,26.4851,213.387,26.6218,336.278,26.7524,79.126,NA,NA,NA,NA,NA,NA,NA,NA,NA,NA
"WAW.1.5_2012",NA,NA,3.0482,525.738,3.6775,1591.245,NA,NA,NA,NA,NA,NA,NA,NA,NA,NA,NA,NA,12.1372,719.862,NA,NA,NA,NA,13.7736,1039.978,NA,NA,NA,NA,14.9092,5528.846,NA,NA,NA,NA,NA,NA,NA,NA,NA,NA,17.0113,3789.604,NA,NA,NA,NA,17.7448,193.601,17.9435,574.817,NA,NA,NA,NA,18.5487,82.681,NA,NA,NA,NA,19.3456,85.71,NA,NA,NA,NA,20.0368,138.075,NA,NA,NA,NA,20.8801,2040.419,21.1146,5717.167,NA,NA,21.4446,393.967,21.5356,99.618,21.6044,132.421,21.6749,194.028,21.9204,415.188,NA,NA,NA,NA,22.9857,144.723,23.1542,428.722,23.2779,80.476,23.439,127.325,23.619,72.739,NA,NA,23.7324,155.779,NA,NA,NA,NA,24.048,96.889,NA,NA,NA,NA,NA,NA,NA,NA,NA,NA,25.4866,109.979,NA,NA,25.9716,303.467,NA,NA,26.498,194.593,26.6185,144.67,NA,NA,NA,NA,NA,NA,NA,NA,27.4425,123.987,NA,NA
"COVW.2.7_2012",NA,NA,3.1185,758.343,3.678,2053.724,NA,NA,NA,NA,7.3103,444.114,NA,NA,NA,NA,NA,NA,12.1542,1422.313,NA,NA,13.1994,1496.386,13.8097,3472.045,NA,NA,NA,NA,14.9213,6512.931,NA,NA,NA,NA,NA,NA,16.3992,328.382,16.7112,173.604,NA,NA,17.1034,12893.947,NA,NA,17.7807,1126.87,17.973,1545.694,NA,NA,18.3706,201.139,18.5739,400.946,18.6543,391.321,19.0451,126.1,19.5148,180.251,NA,NA,NA,NA,NA,NA,NA,NA,NA,NA,20.9229,1508.142,21.1909,12463.695,NA,NA,21.4637,382.375,21.5578,420.974,21.6202,64.665,21.6943,537.405,21.9454,887.889,22.3612,160.11,NA,NA,NA,NA,NA,NA,23.2851,107.94,23.4479,313.467,NA,NA,NA,NA,23.7459,182.268,NA,NA,23.9119,58.688,24.0544,272.343,NA,NA,NA,NA,NA,NA,NA,NA,NA,NA,25.3996,69.486,NA,NA,25.9733,198.868,NA,NA,NA,NA,26.6214,127.637,NA,NA,NA,NA,NA,NA,NA,NA,NA,NA,NA,NA
"ORT.2.4_2012",NA,NA,3.1521,646.485,3.677,2242.36,NA,NA,NA,NA,7.293,486.348,NA,NA,NA,NA,NA,NA,12.115,487.288,NA,NA,NA,NA,13.7423,634.042,NA,NA,NA,NA,14.8168,326.897,NA,NA,NA,NA,15.7656,318.888,NA,NA,NA,NA,16.9461,1126.899,NA,NA,NA,NA,17.7526,1763.922,NA,NA,NA,NA,18.5326,358.611,18.6098,217.228,NA,NA,18.8432,126.703,NA,NA,NA,NA,NA,NA,NA,NA,NA,NA,NA,NA,NA,NA,21.2861,709.33,NA,NA,21.4239,141.086,NA,NA,21.6435,185.56,NA,NA,21.8958,116.437,NA,NA,NA,NA,NA,NA,23.1083,477.488,NA,NA,23.4264,139.142,NA,NA,23.6444,164.519,23.7266,79.148,NA,NA,NA,NA,24.0334,60.209,NA,NA,NA,NA,NA,NA,NA,NA,NA,NA,NA,NA,NA,NA,25.9615,363.269,NA,NA,NA,NA,26.6081,189.909,NA,NA,NA,NA,NA,NA,NA,NA,NA,NA,NA,NA
"ORT.1.9_2012",NA,NA,3.155,61.818,3.6752,3663.766,NA,NA,NA,NA,7.2901,675.475,9.9134,261.472,NA,NA,NA,NA,12.1234,1668.096,NA,NA,13.1505,174.504,13.7383,339.271,NA,NA,NA,NA,14.819,504.4,NA,NA,NA,NA,15.8201,964.586,NA,NA,NA,NA,16.9714,2654.474,NA,NA,NA,NA,17.7754,2982.983,17.9352,271.996,NA,NA,NA,NA,18.5481,649.132,NA,NA,18.8932,917.29,NA,NA,NA,NA,20.0056,379.49,NA,NA,NA,NA,NA,NA,20.8051,143.328,21.0556,2688.81,21.3083,1501.511,NA,NA,NA,NA,NA,NA,21.7028,3501.427,21.9314,328.714,NA,NA,22.6673,102.859,NA,NA,23.1071,639.93,23.268,137.915,23.4315,266.892,23.5648,61.876,23.6539,111.202,23.7317,170.525,NA,NA,NA,NA,24.0013,136.553,NA,NA,NA,NA,NA,NA,NA,NA,NA,NA,25.3856,63.589,NA,NA,25.9591,198.523,NA,NA,NA,NA,26.6065,72.987,NA,NA,NA,NA,NA,NA,NA,NA,NA,NA,NA,NA
"WYW.1.2_2012",NA,NA,3.1269,698.042,3.682,2622.653,NA,NA,NA,NA,7.3198,685.395,9.919,250.029,NA,NA,NA,NA,12.1332,1661.698,NA,NA,NA,NA,13.7508,556.71,14.1685,76.934,NA,NA,14.9265,8263.757,NA,NA,NA,NA,NA,NA,NA,NA,NA,NA,16.9735,2187.871,NA,NA,NA,NA,17.7321,1007.305,17.9618,2091.942,NA,NA,18.3875,464.111,18.5467,252.783,NA,NA,NA,NA,19.3342,167.282,NA,NA,NA,NA,20.0312,489.678,NA,NA,NA,NA,20.8721,3193.327,21.2665,557.534,NA,NA,21.4446,124.56,NA,NA,21.6519,111.632,NA,NA,21.9055,128.049,NA,NA,NA,NA,22.9823,385.797,23.1533,148.563,23.2736,172.52,23.4443,780.027,NA,NA,NA,NA,23.7315,206.775,NA,NA,NA,NA,24.0061,294.47,NA,NA,NA,NA,NA,NA,NA,NA,NA,NA,25.3883,89.044,NA,NA,25.9609,104.703,NA,NA,NA,NA,26.6098,85.412,NA,NA,NA,NA,NA,NA,NA,NA,NA,NA,NA,NA
"IDW.1.2_2012",NA,NA,3.2376,1515.106,3.6777,5217.084,NA,NA,NA,NA,NA,NA,NA,NA,NA,NA,NA,NA,12.1647,4121.907,NA,NA,NA,NA,NA,NA,NA,NA,NA,NA,14.8537,1727.829,NA,NA,NA,NA,15.8201,1009.174,NA,NA,NA,NA,16.972,1622.218,17.1565,213.609,NA,NA,17.8255,5237.582,17.9484,353.212,NA,NA,NA,NA,18.5988,1702.391,18.6778,1052.62,18.8742,292.623,NA,NA,NA,NA,19.942,473.328,20.0287,365.583,NA,NA,NA,NA,20.8271,802.995,NA,NA,21.3467,3017.507,21.4787,495,NA,NA,NA,NA,21.678,1335.936,21.9218,163.142,NA,NA,NA,NA,NA,NA,23.1188,508.95,NA,NA,23.4382,181.497,NA,NA,23.6651,179.997,23.7394,125.944,NA,NA,NA,NA,24.0097,112.684,NA,NA,NA,NA,NA,NA,NA,NA,NA,NA,NA,NA,NA,NA,25.9676,304.25,NA,NA,26.5005,97.268,NA,NA,NA,NA,NA,NA,NA,NA,NA,NA,NA,NA,NA,NA
"CAT.1.1_2012",NA,NA,NA,NA,3.6866,3694.588,NA,NA,NA,NA,7.2979,770.864,9.914,335.097,11.588,230.377,NA,NA,12.1208,521.324,NA,NA,NA,NA,13.7444,246.497,NA,NA,NA,NA,14.8227,632.68,NA,NA,NA,NA,15.7963,911.991,16.359,300.934,NA,NA,16.9481,800.137,NA,NA,NA,NA,17.8435,8197.762,17.9463,355.017,NA,NA,NA,NA,18.5479,469.336,NA,NA,18.8812,787.045,NA,NA,NA,NA,19.9352,144.652,20.012,185.269,NA,NA,20.5632,224.236,20.8099,238.945,21.2055,107.924,21.3125,1566.846,21.4868,412.116,NA,NA,NA,NA,21.7539,8791.039,NA,NA,NA,NA,22.6509,100.588,NA,NA,23.118,194.877,23.2692,73.354,23.4373,425.634,NA,NA,23.6489,158.788,23.7339,283.854,NA,NA,NA,NA,24.0017,154.99,NA,NA,NA,NA,NA,NA,NA,NA,NA,NA,NA,NA,NA,NA,25.9647,408.307,NA,NA,NA,NA,26.6104,159.163,NA,NA,NA,NA,NA,NA,NA,NA,NA,NA,NA,NA
"ORT.3.1_2012",NA,NA,3.0574,676.869,3.673,3106.537,NA,NA,NA,NA,NA,NA,NA,NA,NA,NA,NA,NA,12.1366,1344.376,NA,NA,13.1657,187.493,13.7568,482.328,NA,NA,NA,NA,14.9052,5845.966,NA,NA,NA,NA,15.7913,328.218,NA,NA,NA,NA,16.9805,2182.137,NA,NA,NA,NA,17.7658,1607.957,17.9539,1276.695,NA,NA,NA,NA,18.5559,450.168,18.6349,333.156,NA,NA,NA,NA,NA,NA,19.9495,116.562,20.0302,267.966,NA,NA,NA,NA,20.8699,1950.976,21.1027,5136.517,21.3033,715.211,21.4516,234.261,NA,NA,21.6097,153.281,21.6605,227.667,21.915,243.608,NA,NA,22.6661,136.598,22.9811,113.391,23.1186,333.177,23.2739,59.483,23.4368,217.57,NA,NA,NA,NA,23.7333,120.555,NA,NA,NA,NA,24.0052,64.602,NA,NA,NA,NA,NA,NA,NA,NA,NA,NA,NA,NA,NA,NA,25.9666,207.371,NA,NA,26.4797,141.958,26.6139,85.247,NA,NA,NA,NA,NA,NA,NA,NA,NA,NA,NA,NA
"IDW.16_2012",NA,NA,3.1624,583.667,3.6839,4408.943,NA,NA,NA,NA,7.2985,477.849,9.9199,297.68,11.6351,520.885,NA,NA,12.1303,1522.903,NA,NA,NA,NA,13.7456,264.88,NA,NA,NA,NA,14.8455,1671.699,NA,NA,NA,NA,15.8378,1057.043,16.3699,180.141,NA,NA,16.9991,3904.111,17.1856,175.542,NA,NA,NA,NA,17.9839,583.72,NA,NA,NA,NA,18.5915,1386.704,18.6668,867.419,18.905,1418.501,NA,NA,NA,NA,19.932,320.495,20.0198,249.881,NA,NA,20.5562,98.29,20.8232,765.673,21.2073,78.425,21.3473,3260.423,21.4517,257.191,NA,NA,21.6084,258.067,21.6792,1237.851,21.9179,238.527,22.3135,194.124,NA,NA,NA,NA,23.1053,306.295,NA,NA,23.4373,393.032,NA,NA,23.6556,145.2,23.7352,235.143,NA,NA,23.9003,54.218,24.0066,313.563,NA,NA,NA,NA,NA,NA,NA,NA,NA,NA,NA,NA,NA,NA,25.969,725.883,NA,NA,26.4767,211.142,26.6117,122.216,NA,NA,NA,NA,NA,NA,NA,NA,NA,NA,NA,NA
"ORT.1.6_2012",NA,NA,3.1634,488.144,3.6724,4485.405,NA,NA,NA,NA,7.2896,634.094,9.908,292.743,11.6065,542.674,NA,NA,12.1192,1130.474,NA,NA,13.1535,154.103,13.7379,236.233,NA,NA,NA,NA,14.817,421.203,NA,NA,NA,NA,15.7872,624.555,NA,NA,NA,NA,16.9594,1840.464,NA,NA,NA,NA,17.774,2837.062,17.9406,198.879,NA,NA,NA,NA,18.5498,689.569,18.6291,554.556,18.8606,293.932,NA,NA,19.9203,126.108,20.0085,164.04,NA,NA,NA,NA,20.5466,172.012,20.7984,118.916,21.192,102.564,21.2878,607.599,21.4503,160.055,NA,NA,NA,NA,21.6856,2281.115,21.9149,243.954,NA,NA,NA,NA,NA,NA,23.1092,494.432,NA,NA,23.4275,58.159,NA,NA,23.6492,171.44,NA,NA,NA,NA,NA,NA,NA,NA,NA,NA,NA,NA,NA,NA,NA,NA,NA,NA,NA,NA,NA,NA,25.962,332.118,NA,NA,NA,NA,NA,NA,NA,NA,NA,NA,NA,NA,NA,NA,NA,NA,NA,NA
"CAV.1.7_2012",NA,NA,3.0397,760.501,NA,NA,NA,NA,NA,NA,NA,NA,NA,NA,NA,NA,NA,NA,12.1227,273.098,NA,NA,13.1617,254.593,13.7558,884.708,NA,NA,NA,NA,14.8445,1875.573,NA,NA,NA,NA,NA,NA,NA,NA,NA,NA,16.9538,1134.304,NA,NA,NA,NA,NA,NA,NA,NA,NA,NA,NA,NA,NA,NA,NA,NA,NA,NA,NA,NA,NA,NA,NA,NA,NA,NA,NA,NA,NA,NA,20.8135,366.296,21.0582,2904.006,NA,NA,21.5151,175.369,NA,NA,NA,NA,NA,NA,21.8971,119.681,NA,NA,NA,NA,NA,NA,23.1448,222.511,NA,NA,23.432,72.414,NA,NA,NA,NA,23.7325,82.39,NA,NA,NA,NA,24.0419,121.628,NA,NA,24.3997,138.278,NA,NA,NA,NA,NA,NA,NA,NA,NA,NA,NA,NA,NA,NA,NA,NA,NA,NA,NA,NA,NA,NA,NA,NA,NA,NA,NA,NA,NA,NA
"ORV.1.10_2012",NA,NA,3.0482,986.628,3.6788,1875.632,NA,NA,NA,NA,NA,NA,NA,NA,NA,NA,NA,NA,12.1419,649.384,NA,NA,13.1825,303.989,13.792,2417.725,NA,NA,NA,NA,14.8706,2549.45,NA,NA,NA,NA,NA,NA,NA,NA,NA,NA,16.9967,2772.073,NA,NA,NA,NA,17.7476,313.138,17.941,433.168,NA,NA,NA,NA,18.5527,124.105,18.6318,113.819,NA,NA,NA,NA,NA,NA,NA,NA,NA,NA,NA,NA,NA,NA,20.8816,846.673,21.1534,8859.785,NA,NA,21.4299,174.898,21.5414,142.343,NA,NA,21.6755,387.369,21.9177,150.874,22.3573,139.477,NA,NA,NA,NA,23.1525,141.731,23.2804,86.453,23.4408,81.915,NA,NA,NA,NA,23.7366,108.04,NA,NA,NA,NA,24.0519,290.167,NA,NA,NA,NA,NA,NA,NA,NA,NA,NA,NA,NA,NA,NA,25.9731,198.996,NA,NA,NA,NA,26.6195,69.294,NA,NA,NA,NA,NA,NA,NA,NA,NA,NA,NA,NA
"UTW.1.4_2012",NA,NA,NA,NA,3.6826,926.626,NA,NA,NA,NA,NA,NA,NA,NA,NA,NA,NA,NA,NA,NA,NA,NA,NA,NA,13.7559,1324.046,NA,NA,NA,NA,14.8409,1851.684,NA,NA,NA,NA,NA,NA,16.3624,148.655,NA,NA,17.0066,5112.612,NA,NA,NA,NA,17.723,98.879,17.9266,467.962,NA,NA,18.5306,100.535,18.6099,100.577,NA,NA,NA,NA,NA,NA,NA,NA,NA,NA,NA,NA,NA,NA,NA,NA,20.8458,591.721,21.1222,7661.853,NA,NA,21.435,142.949,21.5206,191.428,NA,NA,21.6788,496.124,21.9107,514.562,NA,NA,NA,NA,NA,NA,23.1159,385.263,23.2677,84.66,23.4285,124.151,NA,NA,NA,NA,23.7267,91.502,NA,NA,NA,NA,24.0399,255.414,NA,NA,NA,NA,NA,NA,NA,NA,25.3912,323.983,25.4826,120.118,NA,NA,25.9614,237.271,NA,NA,26.4781,111.974,26.6167,661.861,NA,NA,NA,NA,NA,NA,NA,NA,NA,NA,NA,NA
"UTT.3.3_2012",NA,NA,3.0497,486.404,3.6719,3773.722,NA,NA,NA,NA,7.2883,571.127,9.9085,236.901,11.6081,480.124,NA,NA,12.1115,228.214,NA,NA,NA,NA,13.7387,524.871,NA,NA,NA,NA,14.8154,232.189,NA,NA,NA,NA,15.7818,510.435,NA,NA,NA,NA,16.9588,1877.303,NA,NA,NA,NA,17.7645,2357.34,17.9307,161.783,NA,NA,18.5307,257.733,18.6084,174.35,NA,NA,18.8575,367.042,NA,NA,NA,NA,20.0059,167.854,NA,NA,NA,NA,NA,NA,20.797,77.288,21.2905,814.301,NA,NA,21.4393,135.735,NA,NA,NA,NA,21.669,1470.143,21.9059,184.477,NA,NA,NA,NA,NA,NA,23.1121,538.726,NA,NA,23.4267,119.508,NA,NA,23.6492,184.673,NA,NA,23.7251,59.749,NA,NA,24.0345,165.902,NA,NA,NA,NA,NA,NA,NA,NA,NA,NA,25.3859,179.998,NA,NA,25.9575,162.761,NA,NA,NA,NA,26.6066,150.726,NA,NA,NA,NA,NA,NA,NA,NA,NA,NA,NA,NA
"V413_2012",NA,NA,3.0539,576.536,3.6741,844.794,NA,NA,NA,NA,NA,NA,NA,NA,NA,NA,NA,NA,12.139,1305.78,NA,NA,13.1714,171.284,13.7561,403.256,NA,NA,NA,NA,14.8793,3446.862,NA,NA,NA,NA,15.8981,2116.53,NA,NA,NA,NA,17.0096,3740.5,NA,NA,NA,NA,NA,NA,NA,NA,18.2732,24882.265,18.4424,67.073,18.5903,87.615,18.6632,78.354,18.9419,2270.793,NA,NA,NA,NA,NA,NA,20.0379,110.39,NA,NA,NA,NA,20.892,464.235,21.0475,1289.585,NA,NA,21.4546,163.338,NA,NA,NA,NA,21.6693,830.633,21.9199,280.166,22.0723,172.746,NA,NA,NA,NA,23.1671,619.566,23.2757,66.332,23.4355,69.87,NA,NA,NA,NA,NA,NA,NA,NA,NA,NA,NA,NA,24.095,110.592,NA,NA,NA,NA,NA,NA,25.2694,83.658,NA,NA,NA,NA,25.9685,263.289,NA,NA,26.4796,96.726,26.6146,169.98,NA,NA,NA,NA,NA,NA,NA,NA,NA,NA,NA,NA
"MTW.3.7_2012",NA,NA,NA,NA,3.682,1334.606,NA,NA,NA,NA,NA,NA,NA,NA,NA,NA,NA,NA,12.1475,593.614,NA,NA,NA,NA,13.7738,365.499,NA,NA,NA,NA,14.8786,2704.303,NA,NA,NA,NA,NA,NA,NA,NA,NA,NA,17.002,2907.841,NA,NA,NA,NA,17.7496,248.377,17.9537,895.865,NA,NA,NA,NA,18.5611,294.57,18.64,223.251,NA,NA,NA,NA,NA,NA,NA,NA,20.0317,151.864,NA,NA,20.5918,134.625,20.8438,931.291,21.0672,2449.259,NA,NA,21.4218,324.207,21.5318,107.412,NA,NA,NA,NA,21.9126,218.41,NA,NA,NA,NA,NA,NA,23.1536,153.208,23.2799,76.427,23.4413,112.43,NA,NA,NA,NA,23.7284,206.497,NA,NA,NA,NA,NA,NA,NA,NA,NA,NA,NA,NA,NA,NA,NA,NA,25.4014,180.923,NA,NA,25.9732,130.746,NA,NA,NA,NA,26.6215,116.814,NA,NA,NA,NA,NA,NA,NA,NA,NA,NA,NA,NA
"WAW.1.2_2012",NA,NA,3.0475,268.366,3.679,2120.5,NA,NA,NA,NA,7.3001,520.861,NA,NA,NA,NA,NA,NA,12.1484,1745.632,NA,NA,NA,NA,13.7708,816.477,NA,NA,NA,NA,14.9355,7808.818,NA,NA,NA,NA,NA,NA,NA,NA,NA,NA,17.0022,3039.114,NA,NA,NA,NA,17.7492,333.418,17.9501,937.989,NA,NA,NA,NA,18.555,190.474,18.636,187.521,NA,NA,19.3479,147.652,NA,NA,NA,NA,20.0404,185.928,NA,NA,20.65,146.525,20.8893,2701.834,21.1068,4903.339,NA,NA,21.4564,374.324,NA,NA,21.6094,98.643,21.6778,137.665,21.9203,305.472,NA,NA,NA,NA,22.9856,107.636,23.1627,447.009,23.2804,139.254,23.4409,210.516,23.6216,73.695,NA,NA,23.7332,167.166,NA,NA,NA,NA,24.0492,125.283,NA,NA,NA,NA,NA,NA,NA,NA,NA,NA,25.4873,103.153,NA,NA,25.9719,296.091,NA,NA,26.5047,86.141,26.6177,105.218,NA,NA,NA,NA,NA,NA,NA,NA,NA,NA,NA,NA
"UTV.1.7_2012",NA,NA,3.0559,663.627,3.681,655.602,NA,NA,NA,NA,NA,NA,NA,NA,NA,NA,NA,NA,12.1407,504.326,NA,NA,13.1809,266.264,13.7798,1441.237,NA,NA,NA,NA,14.851,1065.356,NA,NA,NA,NA,NA,NA,NA,NA,NA,NA,17.0117,3953.453,NA,NA,NA,NA,NA,NA,17.9441,298.141,NA,NA,NA,NA,NA,NA,NA,NA,NA,NA,19.8049,7824.195,NA,NA,NA,NA,20.0894,1114.09,NA,NA,NA,NA,20.844,95.251,21.1005,3386.61,NA,NA,NA,NA,21.5385,101.696,NA,NA,21.7162,1112.815,21.9228,228.452,NA,NA,NA,NA,NA,NA,23.1168,350.338,NA,NA,NA,NA,NA,NA,NA,NA,NA,NA,NA,NA,NA,NA,24.0524,311.201,24.1338,2105.253,NA,NA,NA,NA,NA,NA,NA,NA,25.4899,85.334,NA,NA,25.9747,362.598,NA,NA,26.486,254.174,26.6232,315.554,NA,NA,NA,NA,NA,NA,NA,NA,NA,NA,NA,NA
"AZT.1.10_2012",NA,NA,3.0472,292.766,3.6773,2290.793,NA,NA,NA,NA,7.3062,589.515,NA,NA,NA,NA,NA,NA,12.1321,469.464,NA,NA,NA,NA,13.7594,406.592,NA,NA,NA,NA,14.8575,1827.418,NA,NA,NA,NA,15.7796,255.097,NA,NA,NA,NA,16.9832,2021.666,NA,NA,NA,NA,17.7938,2908.666,17.945,437.943,NA,NA,NA,NA,18.5544,319.032,18.6315,203.919,18.8573,168.894,NA,NA,NA,NA,NA,NA,NA,NA,NA,NA,NA,NA,20.8285,686.181,21.0464,1692.433,21.3058,771.696,21.4452,313.435,NA,NA,NA,NA,21.662,103.719,21.9107,143.489,NA,NA,NA,NA,NA,NA,23.1361,195.645,23.2753,59.505,23.438,192.241,NA,NA,23.6553,96.925,23.738,144.648,NA,NA,NA,NA,24.0077,83.482,NA,NA,NA,NA,NA,NA,NA,NA,NA,NA,25.3958,151.533,NA,NA,25.9695,253.049,NA,NA,26.4831,186.473,26.621,439.102,NA,NA,NA,NA,NA,NA,NA,NA,NA,NA,NA,NA
"MTW.3.8_2012",NA,NA,3.0711,577.865,3.6825,2055.48,NA,NA,NA,NA,7.3038,549.316,NA,NA,NA,NA,NA,NA,12.1236,801.553,NA,NA,13.1635,505.818,13.7583,1390.965,NA,NA,NA,NA,14.8825,4775.893,NA,NA,NA,NA,NA,NA,16.3701,242.943,16.6682,150.432,17.0627,10226.738,17.1216,159.614,NA,NA,17.7338,166.158,17.9359,919.689,NA,NA,18.5378,170.338,18.6174,171.491,NA,NA,19.0158,106.82,NA,NA,NA,NA,NA,NA,NA,NA,NA,NA,NA,NA,20.8664,1784.351,21.1133,6443.212,NA,NA,21.4409,282.863,21.5283,330.538,21.5999,85.743,21.6694,254.293,21.9188,825.88,22.3418,125.296,NA,NA,NA,NA,23.1238,395.168,23.2694,101.54,23.4299,150.417,NA,NA,NA,NA,23.7276,163.76,NA,NA,NA,NA,NA,NA,NA,NA,NA,NA,NA,NA,NA,NA,NA,NA,NA,NA,NA,NA,NA,NA,NA,NA,NA,NA,26.6091,68.881,NA,NA,NA,NA,NA,NA,NA,NA,NA,NA,NA,NA
"IDT.1.4_2012",NA,NA,NA,NA,3.6782,1706.576,NA,NA,NA,NA,NA,NA,NA,NA,NA,NA,NA,NA,12.1109,373.163,NA,NA,NA,NA,NA,NA,NA,NA,NA,NA,14.812,307.971,NA,NA,NA,NA,15.7758,461.588,NA,NA,NA,NA,16.9383,740.815,NA,NA,NA,NA,17.7345,1090.284,NA,NA,NA,NA,18.5381,564.795,18.616,424.457,NA,NA,18.8485,172.457,NA,NA,NA,NA,NA,NA,NA,NA,NA,NA,20.5395,106.851,20.788,83.29,21.2821,605.914,NA,NA,21.4481,216.072,NA,NA,NA,NA,21.6891,2960.768,21.9107,132.636,NA,NA,NA,NA,NA,NA,23.1087,471.329,NA,NA,23.4243,77.686,NA,NA,23.6447,156.049,NA,NA,23.7247,67.278,NA,NA,NA,NA,NA,NA,NA,NA,NA,NA,NA,NA,NA,NA,NA,NA,NA,NA,25.957,217.779,NA,NA,NA,NA,NA,NA,NA,NA,NA,NA,NA,NA,NA,NA,NA,NA,NA,NA
"WAW.1.4_2012",NA,NA,3.1365,117.271,3.6804,2236.118,NA,NA,NA,NA,7.3059,671.514,NA,NA,NA,NA,NA,NA,12.144,988.513,NA,NA,13.1824,176.749,13.7817,1417.431,NA,NA,NA,NA,14.9246,6425.449,NA,NA,NA,NA,NA,NA,16.3876,180.315,NA,NA,17.0524,6916.337,NA,NA,NA,NA,17.7519,248.328,17.9527,876.412,NA,NA,NA,NA,18.5554,106.917,18.6362,108.209,NA,NA,19.35,90.395,NA,NA,NA,NA,20.0458,143.56,NA,NA,NA,NA,20.8939,2322.554,21.1321,6556.806,21.2813,125.496,21.4456,419.009,21.5427,118.123,21.6101,125.977,21.6793,298.223,21.9291,584.198,NA,NA,NA,NA,NA,NA,23.1626,353.387,23.2809,77.813,23.4423,127.418,23.6233,108.318,NA,NA,23.7344,158.993,NA,NA,NA,NA,24.0504,131.249,NA,NA,NA,NA,NA,NA,NA,NA,NA,NA,25.4892,126.517,NA,NA,25.9775,580.468,NA,NA,26.5044,156.774,26.618,82.518,NA,NA,NA,NA,NA,NA,NA,NA,NA,NA,NA,NA
"IDT.3.9_2012",NA,NA,3.1623,412.929,3.6757,4416.856,NA,NA,NA,NA,7.3123,731.449,9.931,366.98,11.6049,201.721,NA,NA,12.1433,1403.379,NA,NA,NA,NA,13.7622,163.452,NA,NA,NA,NA,14.8437,784.856,NA,NA,NA,NA,15.8246,795.911,16.3826,367.01,NA,NA,16.99,2208.415,NA,NA,NA,NA,17.8743,9313.589,17.9728,419.393,NA,NA,NA,NA,18.5766,597.481,18.6543,444.726,18.9,872.042,NA,NA,NA,NA,19.9426,171.406,20.0368,200.228,NA,NA,20.5756,155.577,20.8257,299.919,21.2163,108.57,21.3323,1752.175,21.4711,420.035,NA,NA,NA,NA,21.7169,3237.421,21.9366,215.989,22.3188,181.3,NA,NA,NA,NA,NA,NA,23.2803,71.744,23.4437,269.873,NA,NA,23.6621,145.757,23.7426,175.341,NA,NA,NA,NA,24.0108,81.563,NA,NA,NA,NA,NA,NA,NA,NA,NA,NA,NA,NA,NA,NA,NA,NA,NA,NA,NA,NA,NA,NA,NA,NA,NA,NA,NA,NA,NA,NA,NA,NA,NA,NA
"NVTW.1.10_2012",NA,NA,3.2143,1339.318,3.6812,4123.605,NA,NA,NA,NA,NA,NA,NA,NA,NA,NA,NA,NA,12.1388,1572.185,NA,NA,NA,NA,13.7609,574.532,NA,NA,NA,NA,14.8424,1028.652,NA,NA,NA,NA,15.84,1576.135,NA,NA,NA,NA,16.9685,1361.606,NA,NA,NA,NA,17.7681,1609.929,17.9425,103.852,NA,NA,NA,NA,18.5885,1418.383,18.6686,998.443,18.893,479.659,NA,NA,NA,NA,19.9674,407.001,20.022,352.166,NA,NA,NA,NA,20.8293,329.886,21.0879,3904.951,21.3391,2360.524,21.4964,384.478,NA,NA,NA,NA,21.7026,2673.063,21.9347,282.861,NA,NA,NA,NA,22.991,138.207,23.124,847.653,23.2783,113.511,23.4408,166.738,NA,NA,23.6736,233.246,23.741,176.003,NA,NA,NA,NA,24.0123,105.928,NA,NA,NA,NA,NA,NA,NA,NA,NA,NA,NA,NA,NA,NA,25.9689,298.068,NA,NA,NA,NA,26.616,171.812,NA,NA,NA,NA,NA,NA,NA,NA,NA,NA,NA,NA
"IDV.5.7_2012",NA,NA,NA,NA,NA,NA,NA,NA,NA,NA,NA,NA,NA,NA,NA,NA,NA,NA,12.2206,7767.141,NA,NA,13.1938,139.578,13.7837,722.221,NA,NA,NA,NA,NA,NA,NA,NA,NA,NA,NA,NA,NA,NA,NA,NA,NA,NA,NA,NA,NA,NA,17.7089,615.263,NA,NA,NA,NA,18.3917,475.553,NA,NA,NA,NA,NA,NA,NA,NA,NA,NA,NA,NA,NA,NA,NA,NA,NA,NA,NA,NA,21.081,2953.861,NA,NA,NA,NA,NA,NA,NA,NA,NA,NA,NA,NA,NA,NA,NA,NA,NA,NA,NA,NA,23.2816,84.516,NA,NA,NA,NA,NA,NA,NA,NA,NA,NA,NA,NA,24.0506,74.814,NA,NA,NA,NA,NA,NA,25.0782,383.915,NA,NA,NA,NA,NA,NA,25.9762,170.241,NA,NA,NA,NA,26.622,92.318,26.758,293.737,26.914,111.014,NA,NA,27.3367,150.978,27.4793,264.994,NA,NA
"CAV.2.6_2012",NA,NA,NA,NA,NA,NA,NA,NA,NA,NA,NA,NA,NA,NA,NA,NA,NA,NA,12.1332,243.184,NA,NA,13.1755,329.813,13.7711,886.498,NA,NA,NA,NA,14.8482,1096.891,NA,NA,15.4043,122.232,NA,NA,16.3795,179.391,NA,NA,17.0366,6224.151,NA,NA,NA,NA,NA,NA,17.9429,636.68,NA,NA,NA,NA,NA,NA,NA,NA,NA,NA,NA,NA,NA,NA,NA,NA,NA,NA,NA,NA,NA,NA,20.814,105.563,21.0813,3578.371,NA,NA,NA,NA,21.5282,187.976,NA,NA,21.68,460.68,21.92,533.348,22.2443,98.752,NA,NA,NA,NA,23.1368,122.339,NA,NA,23.4369,74.893,NA,NA,NA,NA,NA,NA,NA,NA,NA,NA,24.0488,280.106,NA,NA,NA,NA,24.9606,154.912,NA,NA,NA,NA,NA,NA,NA,NA,25.9814,1137.82,26.3477,65.733,26.4836,77.325,26.6254,680.82,NA,NA,NA,NA,NA,NA,NA,NA,NA,NA,NA,NA
"IDV.3.4_2012",NA,NA,3.1371,638.075,3.673,627.575,NA,NA,NA,NA,NA,NA,NA,NA,NA,NA,NA,NA,12.1421,743.879,12.7016,171.092,13.19,1421.804,13.8047,3735.31,NA,NA,NA,NA,14.8665,2334.015,NA,NA,15.4092,251.027,NA,NA,16.3876,231.247,NA,NA,17.0796,10543.548,NA,NA,NA,NA,17.7477,134.685,17.9538,1085.729,NA,NA,18.3602,142.244,NA,NA,NA,NA,19.0322,94.116,NA,NA,NA,NA,NA,NA,NA,NA,NA,NA,NA,NA,20.8975,277.599,21.2053,14957.374,NA,NA,NA,NA,21.548,276.412,NA,NA,21.6831,386.927,21.9287,493.16,22.2538,287.101,NA,NA,NA,NA,23.1239,128.671,23.2827,103.376,23.4428,144.073,23.6023,51.456,NA,NA,23.7412,64.032,NA,NA,NA,NA,24.052,277.317,NA,NA,NA,NA,NA,NA,NA,NA,NA,NA,NA,NA,NA,NA,25.9766,592.817,NA,NA,26.4883,587.184,26.62,237.461,NA,NA,NA,NA,NA,NA,NA,NA,NA,NA,NA,NA
"CAT.2.4_2012",NA,NA,NA,NA,3.6825,2073.352,NA,NA,NA,NA,7.3688,925.625,9.9179,254.461,NA,NA,NA,NA,12.1346,367.652,NA,NA,NA,NA,13.7659,365.602,NA,NA,NA,NA,14.8388,364.77,NA,NA,NA,NA,15.778,242.959,16.3773,174.172,NA,NA,16.9998,3025.036,NA,NA,NA,NA,17.8086,3776.735,17.9526,274.602,NA,NA,NA,NA,18.5547,275.538,18.6355,271.209,NA,NA,NA,NA,NA,NA,NA,NA,NA,NA,NA,NA,NA,NA,20.8113,208.772,21.2955,475.846,NA,NA,21.4263,121.799,NA,NA,NA,NA,21.662,278.646,21.9126,223.634,NA,NA,NA,NA,NA,NA,23.128,134.451,NA,NA,23.4387,183.658,NA,NA,23.6517,98.295,23.7392,83.592,NA,NA,NA,NA,24.0492,386.549,NA,NA,NA,NA,NA,NA,NA,NA,NA,NA,NA,NA,NA,NA,25.9746,557.196,NA,NA,26.4824,71.929,26.6195,213.131,NA,NA,NA,NA,NA,NA,NA,NA,NA,NA,NA,NA
"NMT.1.9_2021",NA,NA,3.0165,2315.351,4.239,125.069,NA,NA,5.1003,1068.185,NA,NA,NA,NA,11.6051,261.924,NA,NA,NA,NA,NA,NA,13.2388,97.543,NA,NA,NA,NA,NA,NA,NA,NA,NA,NA,15.2786,335.659,15.9155,101.324,16.5305,2787.727,NA,NA,NA,NA,NA,NA,NA,NA,NA,NA,17.929,549.442,18.1968,366.918,18.3897,126.632,NA,NA,NA,NA,NA,NA,19.5849,155.408,NA,NA,NA,NA,NA,NA,20.4442,1295.976,20.6208,1310.44,20.941,492.162,21.0278,443.872,21.3313,117.758,NA,NA,21.5562,201.962,NA,NA,NA,NA,NA,NA,NA,NA,22.6504,115.926,NA,NA,NA,NA,23.3226,113.597,NA,NA,NA,NA,NA,NA,NA,NA,NA,NA,NA,NA,NA,NA,NA,NA,NA,NA,NA,NA,25.1239,529.513,NA,NA,NA,NA,NA,NA,NA,NA,NA,NA,NA,NA,NA,NA,NA,NA,NA,NA,NA,NA,NA,NA,NA,NA,NA,NA
"COVW.2.2_2021",NA,NA,3.015,3412.864,4.2357,225.455,NA,NA,5.0121,834.076,NA,NA,NA,NA,11.6286,1533.888,NA,NA,12.1688,182.541,12.6577,217.217,13.2831,3128.403,NA,NA,14.2627,444.824,14.4428,4992.382,NA,NA,NA,NA,15.3094,124.82,15.9227,206.213,16.5584,4326.201,16.7699,287.948,NA,NA,NA,NA,17.3483,1297.332,NA,NA,17.9672,1824.524,18.2074,229.113,NA,NA,NA,NA,NA,NA,NA,NA,19.6272,846.316,19.8791,140.471,NA,NA,NA,NA,20.4586,901.521,20.5474,195.104,20.9415,266.4,21.2783,237.052,21.3291,118.968,NA,NA,21.5596,212.812,NA,NA,NA,NA,NA,NA,NA,NA,NA,NA,NA,NA,NA,NA,NA,NA,NA,NA,NA,NA,NA,NA,23.7534,85.964,NA,NA,NA,NA,NA,NA,NA,NA,NA,NA,NA,NA,25.116,143.55,NA,NA,NA,NA,NA,NA,NA,NA,NA,NA,NA,NA,NA,NA,NA,NA,NA,NA,NA,NA,NA,NA,NA,NA,NA,NA
"WAW.1.6_2021",NA,NA,3.0176,3617.929,4.2376,281.311,NA,NA,NA,NA,NA,NA,NA,NA,11.6095,632.93,NA,NA,12.1623,174.037,12.6519,250.07,13.2611,1499.607,NA,NA,NA,NA,NA,NA,NA,NA,NA,NA,15.3172,120.835,15.9232,427.842,NA,NA,16.6022,9124.639,NA,NA,NA,NA,NA,NA,NA,NA,17.9356,744.193,18.1843,194.346,NA,NA,18.5849,158.924,NA,NA,18.8978,113.829,19.4687,322.829,19.8767,538.108,NA,NA,NA,NA,20.2275,185.31,20.5863,510.453,20.9134,154.557,21.1629,206.106,21.2827,571.965,NA,NA,21.5858,1061.304,NA,NA,NA,NA,21.9907,252.95,NA,NA,22.6837,151.162,NA,NA,NA,NA,23.3126,83.006,NA,NA,NA,NA,NA,NA,23.7526,90.872,NA,NA,NA,NA,NA,NA,NA,NA,NA,NA,NA,NA,NA,NA,NA,NA,NA,NA,NA,NA,NA,NA,NA,NA,NA,NA,NA,NA,NA,NA,NA,NA,NA,NA,NA,NA,NA,NA,NA,NA
"WAT.2.1_2021",NA,NA,3.018,959.687,4.241,108.057,NA,NA,5.0943,621.247,NA,NA,NA,NA,NA,NA,NA,NA,NA,NA,NA,NA,NA,NA,NA,NA,NA,NA,NA,NA,NA,NA,NA,NA,15.2761,344.822,15.9157,134.024,16.5018,1209.591,16.6492,96.856,NA,NA,NA,NA,NA,NA,NA,NA,17.9197,334.93,18.1898,319.679,18.3986,286.009,NA,NA,NA,NA,18.9,137.459,19.5948,173.763,19.8693,311.468,NA,NA,NA,NA,20.4918,1995.71,20.5926,1109.328,20.9418,211.358,21.0599,706.024,21.356,1554.343,NA,NA,21.5699,336.343,NA,NA,NA,NA,NA,NA,NA,NA,22.659,322.458,22.9929,60.294,23.1557,92.71,NA,NA,NA,NA,NA,NA,NA,NA,23.7585,223.584,NA,NA,NA,NA,NA,NA,NA,NA,NA,NA,NA,NA,NA,NA,NA,NA,NA,NA,NA,NA,NA,NA,NA,NA,NA,NA,NA,NA,NA,NA,NA,NA,NA,NA,NA,NA,NA,NA,NA,NA
"AZT.1.3_2021",NA,NA,3.0175,1991.113,NA,NA,NA,NA,NA,NA,NA,NA,NA,NA,11.6037,275.235,NA,NA,12.1702,107.299,12.6546,288.732,13.2619,1916.415,NA,NA,NA,NA,NA,NA,NA,NA,NA,NA,15.2932,140.078,15.9182,204.613,16.5551,4410.158,16.7207,220.658,NA,NA,NA,NA,NA,NA,NA,NA,17.9395,1276.056,18.1884,126.147,NA,NA,NA,NA,NA,NA,NA,NA,NA,NA,19.8668,246.236,NA,NA,NA,NA,20.4351,580.051,20.6937,6137.343,20.9347,243.128,21.2667,233.994,21.325,108.547,NA,NA,21.5568,349.061,NA,NA,NA,NA,NA,NA,NA,NA,NA,NA,NA,NA,NA,NA,NA,NA,NA,NA,NA,NA,NA,NA,NA,NA,NA,NA,NA,NA,NA,NA,NA,NA,NA,NA,NA,NA,25.1157,163.999,NA,NA,NA,NA,NA,NA,NA,NA,NA,NA,NA,NA,NA,NA,NA,NA,NA,NA,NA,NA,NA,NA,NA,NA,NA,NA
"NMT.2.8_2021",NA,NA,3.0166,1777.491,NA,NA,NA,NA,NA,NA,NA,NA,NA,NA,11.6055,517.535,NA,NA,12.1606,102.774,12.6497,161.647,13.2559,1202.538,NA,NA,NA,NA,NA,NA,NA,NA,NA,NA,15.2548,140.161,NA,NA,16.4873,799.86,NA,NA,NA,NA,NA,NA,NA,NA,17.8992,161.416,NA,NA,18.1725,138.459,NA,NA,NA,NA,NA,NA,NA,NA,NA,NA,NA,NA,NA,NA,NA,NA,20.4299,766.846,20.675,5336.71,20.9289,222.916,21.2582,191.608,21.3182,81.635,NA,NA,21.5411,75.642,NA,NA,NA,NA,NA,NA,NA,NA,NA,NA,NA,NA,NA,NA,NA,NA,NA,NA,NA,NA,NA,NA,23.7486,66.572,NA,NA,NA,NA,NA,NA,NA,NA,NA,NA,NA,NA,25.1134,186.579,NA,NA,NA,NA,NA,NA,NA,NA,NA,NA,NA,NA,NA,NA,NA,NA,NA,NA,NA,NA,NA,NA,NA,NA,NA,NA
"MTW.3.4_2021",NA,NA,3.0167,1848.741,4.2375,152.221,NA,NA,5.0316,379.38,NA,NA,NA,NA,11.604,409.576,NA,NA,NA,NA,12.6505,292.679,13.2428,557.066,NA,NA,NA,NA,NA,NA,NA,NA,NA,NA,15.2908,277.767,15.9125,112.827,16.5573,4890.814,16.665,147.877,NA,NA,17.2102,424.553,NA,NA,NA,NA,17.9227,812.063,18.1792,134.014,18.3835,149.956,NA,NA,NA,NA,NA,NA,19.5746,106.554,NA,NA,NA,NA,NA,NA,20.4241,1321.156,20.6031,1377.346,20.8922,103.718,21.2562,169.705,21.3399,683.069,NA,NA,21.5526,383.181,NA,NA,NA,NA,NA,NA,NA,NA,NA,NA,NA,NA,NA,NA,NA,NA,NA,NA,NA,NA,NA,NA,23.7487,90.223,NA,NA,NA,NA,NA,NA,NA,NA,NA,NA,NA,NA,NA,NA,NA,NA,NA,NA,NA,NA,NA,NA,NA,NA,NA,NA,NA,NA,NA,NA,NA,NA,NA,NA,NA,NA,NA,NA,NA,NA
"WAT.2.9_2021",NA,NA,3.0188,2050.4,4.2405,210.689,NA,NA,NA,NA,NA,NA,NA,NA,11.6065,311.311,NA,NA,NA,NA,12.6526,107.488,13.2523,786.856,NA,NA,NA,NA,14.4677,8185.398,NA,NA,NA,NA,15.2701,117.442,15.9152,116.891,16.5293,2642.324,16.6504,121.353,NA,NA,NA,NA,NA,NA,NA,NA,17.9278,432.274,18.1927,340.501,NA,NA,NA,NA,NA,NA,18.9009,138.18,19.4474,247.092,19.8714,272.949,NA,NA,NA,NA,20.2362,224.112,20.5957,2316.296,20.9277,291.307,21.2472,279.364,21.3355,135.53,NA,NA,21.5717,327.346,NA,NA,NA,NA,NA,NA,22.3121,83.391,22.6589,254.642,23.0516,94.699,23.1589,116.176,23.3188,102.437,23.4548,84.812,NA,NA,NA,NA,NA,NA,NA,NA,NA,NA,NA,NA,NA,NA,NA,NA,NA,NA,NA,NA,NA,NA,NA,NA,NA,NA,NA,NA,NA,NA,NA,NA,NA,NA,NA,NA,NA,NA,NA,NA,NA,NA,NA,NA,NA,NA
"ORT.2.9_2021",NA,NA,3.0165,10862.413,3.9082,839.002,NA,NA,NA,NA,NA,NA,NA,NA,11.6072,690.377,NA,NA,NA,NA,12.6504,137.263,13.2476,920.035,13.6961,121.592,NA,NA,NA,NA,NA,NA,NA,NA,15.3129,1052.484,15.7554,957.098,16.5066,1545.835,NA,NA,NA,NA,NA,NA,17.391,5817.187,17.8609,472.971,17.9706,1089.71,18.2326,940.527,18.4354,889.506,NA,NA,NA,NA,18.9822,334.51,19.5974,225.773,19.8725,146.418,NA,NA,NA,NA,20.4307,252.938,20.6971,6064.9,20.8058,182.796,21.1464,113.217,21.3558,1253.213,NA,NA,NA,NA,NA,NA,NA,NA,21.9644,1586.499,22.3265,222.983,22.7823,379.714,NA,NA,23.1709,201.922,23.2811,66.741,23.4651,241.899,NA,NA,NA,NA,23.7662,489.414,NA,NA,23.853,125.279,NA,NA,NA,NA,NA,NA,NA,NA,NA,NA,NA,NA,NA,NA,NA,NA,NA,NA,NA,NA,NA,NA,NA,NA,NA,NA,NA,NA,NA,NA,NA,NA,NA,NA,NA,NA
"UTWV.2.1_2021",NA,NA,3.0162,3923.162,4.2372,177.403,NA,NA,NA,NA,NA,NA,NA,NA,11.604,193.661,NA,NA,12.1495,200.229,12.6586,416.288,13.2692,1771.506,NA,NA,NA,NA,NA,NA,NA,NA,NA,NA,15.343,232.902,15.9314,564.662,NA,NA,16.6251,11053.187,NA,NA,NA,NA,NA,NA,NA,NA,17.9163,178.867,18.1944,311.469,18.3945,107.437,18.592,202.311,NA,NA,NA,NA,19.5945,187.403,NA,NA,NA,NA,NA,NA,20.3597,186.667,20.7027,6647.752,NA,NA,21.1528,299.7,21.2849,670.364,NA,NA,21.5742,755.979,NA,NA,NA,NA,22.0069,137.733,NA,NA,NA,NA,NA,NA,NA,NA,NA,NA,NA,NA,NA,NA,NA,NA,23.7596,341.076,NA,NA,NA,NA,NA,NA,NA,NA,NA,NA,NA,NA,25.1199,344.541,NA,NA,NA,NA,NA,NA,NA,NA,NA,NA,NA,NA,NA,NA,NA,NA,NA,NA,NA,NA,NA,NA,NA,NA,NA,NA
"NMT.1.6_2021",NA,NA,3.0117,2737.233,4.2309,137.376,NA,NA,NA,NA,NA,NA,NA,NA,11.6014,425.832,NA,NA,NA,NA,NA,NA,13.2338,135.67,NA,NA,NA,NA,NA,NA,NA,NA,NA,NA,15.2635,266.962,NA,NA,16.4966,1214.072,NA,NA,NA,NA,NA,NA,NA,NA,NA,NA,17.9379,875.124,18.1808,131.306,18.3963,302.578,NA,NA,NA,NA,NA,NA,19.5803,95.315,NA,NA,NA,NA,NA,NA,20.4182,791.96,20.6277,2081.204,20.932,330.626,21.1357,72.471,21.3493,940.644,NA,NA,21.5517,159.266,NA,NA,NA,NA,21.9767,142.741,NA,NA,NA,NA,NA,NA,NA,NA,23.3211,132.551,NA,NA,NA,NA,NA,NA,NA,NA,NA,NA,NA,NA,NA,NA,NA,NA,NA,NA,NA,NA,25.1152,105.365,NA,NA,NA,NA,NA,NA,NA,NA,NA,NA,NA,NA,NA,NA,NA,NA,NA,NA,NA,NA,NA,NA,NA,NA,NA,NA
"WAT.1.6_2021",NA,NA,3.0179,6420.564,4.3821,124.224,NA,NA,NA,NA,7.2812,127.794,NA,NA,11.6181,839.952,NA,NA,NA,NA,NA,NA,13.2471,421.248,13.7059,103.604,NA,NA,NA,NA,14.9197,116.438,NA,NA,15.3566,2010.95,15.7512,478.951,16.5479,3584.148,16.683,177.048,NA,NA,NA,NA,17.3941,4989.049,NA,NA,17.9811,1256.904,18.1535,969.07,18.4782,2039.213,18.6084,131.601,NA,NA,NA,NA,19.5046,454.988,19.8858,328.098,NA,NA,NA,NA,20.4299,341.13,20.6879,4978.763,NA,NA,21.1007,683.376,21.2876,287.455,21.4171,4362.849,NA,NA,21.5985,324.554,NA,NA,21.9065,212.858,NA,NA,NA,NA,23.004,67.25,23.1672,167.322,23.2816,70.38,23.4666,163.3,NA,NA,NA,NA,23.7648,327.464,NA,NA,NA,NA,NA,NA,NA,NA,NA,NA,NA,NA,25.1205,80.692,NA,NA,NA,NA,NA,NA,NA,NA,NA,NA,NA,NA,NA,NA,NA,NA,NA,NA,NA,NA,NA,NA,NA,NA,NA,NA
"UTT.1.9_2021",NA,NA,3.0178,629.702,NA,NA,NA,NA,NA,NA,NA,NA,NA,NA,11.6007,125.054,NA,NA,NA,NA,NA,NA,NA,NA,NA,NA,NA,NA,NA,NA,NA,NA,NA,NA,NA,NA,NA,NA,16.4682,317.734,NA,NA,NA,NA,NA,NA,NA,NA,NA,NA,NA,NA,NA,NA,NA,NA,NA,NA,NA,NA,NA,NA,NA,NA,NA,NA,NA,NA,NA,NA,NA,NA,20.5661,528.303,20.9157,134.465,NA,NA,21.3295,526.92,NA,NA,NA,NA,NA,NA,NA,NA,21.8946,193.43,NA,NA,NA,NA,NA,NA,NA,NA,23.348,298.019,NA,NA,NA,NA,NA,NA,NA,NA,NA,NA,NA,NA,NA,NA,NA,NA,NA,NA,24.9789,88.819,NA,NA,NA,NA,NA,NA,NA,NA,NA,NA,NA,NA,NA,NA,NA,NA,NA,NA,NA,NA,NA,NA,NA,NA,NA,NA,NA,NA
"IDT.3.5_2021",NA,NA,3.0188,4194.44,4.2386,196.533,NA,NA,NA,NA,NA,NA,NA,NA,11.6051,387.158,NA,NA,NA,NA,NA,NA,13.2362,220.184,NA,NA,NA,NA,NA,NA,NA,NA,NA,NA,15.346,2137.651,NA,NA,16.5207,2157.467,NA,NA,NA,NA,NA,NA,NA,NA,NA,NA,17.9285,590.183,18.1943,400.721,18.4163,763.551,NA,NA,NA,NA,NA,NA,19.5836,141.379,NA,NA,NA,NA,NA,NA,20.4337,1117.307,20.6534,3923.778,20.9341,430.425,21.102,575.916,NA,NA,21.4276,6984.852,NA,NA,21.6121,304.532,NA,NA,21.9818,174.704,22.3168,136.153,NA,NA,22.9909,54.167,23.1521,70.854,23.3209,146.674,NA,NA,NA,NA,NA,NA,NA,NA,NA,NA,NA,NA,NA,NA,NA,NA,NA,NA,NA,NA,25.1125,99.5,NA,NA,NA,NA,NA,NA,NA,NA,NA,NA,NA,NA,NA,NA,NA,NA,NA,NA,NA,NA,NA,NA,NA,NA,NA,NA
"NMT.2.4_2021",NA,NA,3.0159,2113.387,4.2371,176.067,NA,NA,NA,NA,NA,NA,NA,NA,NA,NA,NA,NA,NA,NA,NA,NA,13.2384,129.507,NA,NA,NA,NA,NA,NA,NA,NA,NA,NA,15.268,236.273,15.9181,244.088,16.523,2361.011,NA,NA,NA,NA,NA,NA,NA,NA,NA,NA,17.9245,503.035,18.1908,303.682,NA,NA,18.5864,97.367,NA,NA,NA,NA,19.5925,182.12,19.8631,177.813,NA,NA,NA,NA,20.4592,1592.583,20.5685,1153.313,20.9441,390.289,21.1476,77.968,21.2871,316.944,NA,NA,21.5682,434.962,NA,NA,NA,NA,NA,NA,NA,NA,NA,NA,NA,NA,NA,NA,23.3164,83.337,NA,NA,NA,NA,NA,NA,23.7553,93.993,NA,NA,NA,NA,NA,NA,NA,NA,NA,NA,NA,NA,25.1226,474.106,NA,NA,NA,NA,NA,NA,NA,NA,NA,NA,NA,NA,NA,NA,NA,NA,NA,NA,NA,NA,NA,NA,NA,NA,NA,NA
"NVV.2.5_2021",NA,NA,3.0144,3659.919,4.2364,151.771,4.8348,548.261,NA,NA,NA,NA,NA,NA,11.6288,1349.769,NA,NA,12.1648,133.055,12.6695,707.196,13.2735,1729.285,NA,NA,14.2561,159.693,NA,NA,NA,NA,NA,NA,NA,NA,15.9478,883.674,16.2446,283.651,16.6837,18450.698,NA,NA,NA,NA,NA,NA,NA,NA,17.9743,1355.268,18.2057,197.537,NA,NA,18.606,323.155,NA,NA,NA,NA,19.6041,144.976,19.8714,238.642,NA,NA,NA,NA,20.4768,1551.751,NA,NA,NA,NA,21.1669,411.147,21.3023,947.947,NA,NA,21.5923,1215.5,NA,NA,NA,NA,21.9919,335.277,NA,NA,NA,NA,NA,NA,NA,NA,NA,NA,NA,NA,NA,NA,NA,NA,23.7598,183.416,NA,NA,NA,NA,NA,NA,NA,NA,NA,NA,NA,NA,25.1216,308.003,NA,NA,NA,NA,NA,NA,NA,NA,NA,NA,NA,NA,NA,NA,NA,NA,NA,NA,NA,NA,NA,NA,NA,NA,NA,NA
"ORT.1.1_2021",NA,NA,3.0148,12897.905,4.2342,159.96,NA,NA,5.0295,231.662,NA,NA,NA,NA,11.612,852.997,NA,NA,NA,NA,12.6522,150.968,13.2374,244.547,13.7048,212.369,NA,NA,NA,NA,NA,NA,NA,NA,15.3491,1904.499,15.7647,1189.132,16.5475,510.652,16.7336,251.548,NA,NA,NA,NA,17.4626,12778.09,NA,NA,18.008,1352.964,18.1811,1628.808,18.4528,943.448,NA,NA,NA,NA,NA,NA,19.5009,680.4,NA,NA,NA,NA,NA,NA,20.436,536.482,20.6921,5400.92,NA,NA,21.2599,470.647,21.3637,952.102,NA,NA,21.5889,82.957,NA,NA,NA,NA,21.9325,437.25,22.3227,126.874,NA,NA,23.0001,113.413,23.1702,262.815,23.2844,108.667,23.4651,207.771,NA,NA,NA,NA,23.7377,167.727,NA,NA,23.8549,128.489,NA,NA,NA,NA,NA,NA,NA,NA,25.1178,155.704,NA,NA,NA,NA,NA,NA,NA,NA,NA,NA,NA,NA,NA,NA,NA,NA,NA,NA,NA,NA,NA,NA,NA,NA,NA,NA
"AZT.1.7_2021",NA,NA,3.0151,4427.94,4.2349,167.614,4.848,567.036,NA,NA,NA,NA,NA,NA,11.6092,599.557,NA,NA,NA,NA,12.6529,135.666,13.2499,788.14,NA,NA,NA,NA,NA,NA,NA,NA,NA,NA,15.2959,609.706,15.9175,147.625,16.5296,2752.092,16.664,110.621,NA,NA,NA,NA,17.372,4000.412,NA,NA,17.9379,474.055,18.2215,772.422,18.4102,399.061,NA,NA,NA,NA,18.9037,129.935,19.4657,290.413,19.8664,167.868,NA,NA,NA,NA,20.4486,1333.352,20.5774,1215.762,20.9713,1279.914,21.2361,172.067,21.3151,291.244,NA,NA,21.5676,205.83,NA,NA,NA,NA,NA,NA,NA,NA,22.7668,117.765,NA,NA,23.1567,114.37,23.331,105.392,23.4554,52.837,NA,NA,NA,NA,23.7446,90.624,NA,NA,NA,NA,NA,NA,NA,NA,NA,NA,NA,NA,25.1187,274.029,NA,NA,NA,NA,NA,NA,NA,NA,NA,NA,NA,NA,NA,NA,NA,NA,NA,NA,NA,NA,NA,NA,NA,NA,NA,NA
"UTWV.2.8_2021",NA,NA,3.0151,1494.619,4.1727,109.172,4.9117,202.339,NA,NA,NA,NA,NA,NA,NA,NA,NA,NA,NA,NA,NA,NA,13.2419,462.41,NA,NA,NA,NA,NA,NA,NA,NA,NA,NA,15.3132,1138.07,NA,NA,16.4991,949.447,NA,NA,NA,NA,NA,NA,NA,NA,17.7125,9443.525,17.9309,116.255,NA,NA,18.4611,1781.843,NA,NA,NA,NA,NA,NA,NA,NA,19.8761,283.597,NA,NA,NA,NA,20.3959,143.848,20.6131,1672.479,NA,NA,21.2719,259.243,21.3669,2028.461,NA,NA,21.5519,128.95,NA,NA,21.7402,121.428,NA,NA,22.3939,111.439,NA,NA,NA,NA,NA,NA,NA,NA,NA,NA,NA,NA,NA,NA,23.7544,191.574,NA,NA,NA,NA,NA,NA,NA,NA,NA,NA,NA,NA,25.115,85.63,NA,NA,NA,NA,NA,NA,NA,NA,NA,NA,NA,NA,NA,NA,NA,NA,NA,NA,NA,NA,NA,NA,NA,NA,NA,NA
"IDT.1.10_2021",NA,NA,3.0184,5289.079,4.2389,139.655,NA,NA,5.0939,1163.351,NA,NA,NA,NA,11.6048,240.956,NA,NA,NA,NA,NA,NA,NA,NA,13.6997,89.277,NA,NA,NA,NA,NA,NA,NA,NA,15.338,1883.68,15.7354,358.543,16.4905,501.985,NA,NA,NA,NA,NA,NA,17.3499,2717.657,NA,NA,17.9313,356.653,18.2156,632.192,18.4252,769.827,NA,NA,NA,NA,NA,NA,19.4622,479.753,NA,NA,NA,NA,NA,NA,20.3975,266.193,20.6,1425.997,NA,NA,21.1417,610.538,NA,NA,21.4532,9528.307,NA,NA,NA,NA,NA,NA,NA,NA,NA,NA,22.777,335.811,22.8863,1126.51,23.1627,115.136,23.2773,98.957,23.4609,119.264,NA,NA,NA,NA,23.7331,67.059,NA,NA,NA,NA,NA,NA,NA,NA,NA,NA,NA,NA,NA,NA,NA,NA,NA,NA,NA,NA,NA,NA,NA,NA,NA,NA,NA,NA,NA,NA,NA,NA,NA,NA,NA,NA,NA,NA,NA,NA
"CAT.1.5_2021",NA,NA,3.0176,4464.509,NA,NA,NA,NA,5.0107,782.047,NA,NA,NA,NA,11.6057,274.444,NA,NA,NA,NA,NA,NA,13.2404,156.262,NA,NA,NA,NA,NA,NA,NA,NA,NA,NA,15.3349,1743.886,15.9207,159.604,16.5305,2576.322,NA,NA,NA,NA,NA,NA,NA,NA,NA,NA,17.9353,454.86,18.217,687.736,18.4216,670.833,NA,NA,NA,NA,NA,NA,19.4974,302.207,NA,NA,NA,NA,NA,NA,20.4085,380.688,20.6396,2956.044,20.9598,1227.549,21.1349,538.464,NA,NA,21.4528,9318.258,NA,NA,21.6417,298.077,NA,NA,NA,NA,22.3235,147.658,22.7781,107.53,NA,NA,NA,NA,23.2722,63.939,23.4581,78.177,NA,NA,NA,NA,NA,NA,NA,NA,NA,NA,NA,NA,NA,NA,NA,NA,NA,NA,25.1193,188.181,NA,NA,NA,NA,NA,NA,NA,NA,NA,NA,NA,NA,NA,NA,NA,NA,NA,NA,NA,NA,NA,NA,NA,NA,NA,NA
"AZTW.1.8_2021",NA,NA,3.0164,3320.935,4.2363,115.391,NA,NA,NA,NA,NA,NA,NA,NA,11.6038,381.242,NA,NA,12.1152,102.273,NA,NA,13.237,227.979,NA,NA,NA,NA,NA,NA,NA,NA,NA,NA,15.2737,402.401,15.715,248.039,16.4871,687.526,NA,NA,NA,NA,NA,NA,NA,NA,NA,NA,17.9184,425.625,18.1903,313.762,18.3865,156.37,NA,NA,NA,NA,NA,NA,19.5785,136.314,NA,NA,NA,NA,NA,NA,20.4033,521.832,20.6001,1108.457,20.799,116.46,NA,NA,21.3259,127.495,NA,NA,NA,NA,NA,NA,NA,NA,21.9698,84.837,NA,NA,22.7649,149.124,NA,NA,NA,NA,23.3297,146.012,NA,NA,NA,NA,NA,NA,NA,NA,NA,NA,NA,NA,NA,NA,NA,NA,NA,NA,NA,NA,25.1156,108.91,NA,NA,NA,NA,NA,NA,NA,NA,NA,NA,NA,NA,NA,NA,NA,NA,NA,NA,NA,NA,NA,NA,NA,NA,NA,NA
"NMT.2.5_2021",NA,NA,3.0165,2787.114,4.2379,177.494,NA,NA,5.0229,418.796,NA,NA,NA,NA,11.6024,105.877,NA,NA,12.1641,175.133,NA,NA,13.2655,1487.95,NA,NA,NA,NA,NA,NA,NA,NA,NA,NA,NA,NA,NA,NA,16.5004,1118.167,NA,NA,NA,NA,NA,NA,NA,NA,NA,NA,17.9058,113.621,18.177,104.288,NA,NA,NA,NA,NA,NA,NA,NA,19.4109,172.15,19.864,127.531,NA,NA,NA,NA,20.4705,1682.083,20.7117,7166.798,20.9062,133.153,21.2649,121.274,NA,NA,NA,NA,21.5466,87.789,NA,NA,NA,NA,NA,NA,NA,NA,NA,NA,23.0391,71.438,NA,NA,23.3104,85.122,NA,NA,NA,NA,NA,NA,23.7542,116.999,NA,NA,NA,NA,NA,NA,NA,NA,NA,NA,NA,NA,25.1163,156.628,NA,NA,NA,NA,NA,NA,NA,NA,NA,NA,NA,NA,NA,NA,NA,NA,NA,NA,NA,NA,NA,NA,NA,NA,NA,NA
"IDW.3.10_2021",NA,NA,3.0182,5537.024,4.2385,351.618,4.8659,876.274,NA,NA,NA,NA,NA,NA,11.6143,445.057,NA,NA,12.1408,186.569,12.6727,168.099,13.2588,1042.126,NA,NA,NA,NA,NA,NA,NA,NA,NA,NA,15.3011,424.994,NA,NA,16.5014,656.754,16.7599,341.096,NA,NA,NA,NA,17.3617,2256.244,NA,NA,17.9733,1768.169,18.2184,369.423,18.4113,204.333,NA,NA,NA,NA,18.9141,91.808,19.4571,94.776,NA,NA,NA,NA,NA,NA,20.4713,2254.971,20.6715,3172.34,20.8117,100.405,21.2284,121.459,21.3427,319.782,NA,NA,NA,NA,NA,NA,NA,NA,21.912,99.054,NA,NA,NA,NA,22.998,76.817,23.1625,107.724,23.334,132.626,23.4584,62.766,NA,NA,NA,NA,NA,NA,NA,NA,NA,NA,NA,NA,NA,NA,NA,NA,NA,NA,NA,NA,NA,NA,NA,NA,NA,NA,NA,NA,NA,NA,NA,NA,NA,NA,NA,NA,NA,NA,NA,NA,NA,NA,NA,NA,NA,NA
"ORT.2.5_2021",NA,NA,3.013,2209.271,3.4759,129.538,NA,NA,NA,NA,NA,NA,NA,NA,11.6589,129.342,NA,NA,NA,NA,NA,NA,NA,NA,NA,NA,NA,NA,NA,NA,NA,NA,NA,NA,15.2616,376.583,15.9948,124.499,16.47,132.761,NA,NA,NA,NA,NA,NA,NA,NA,17.8128,157.806,17.9034,222.82,18.1781,199.431,18.4284,1274.738,NA,NA,NA,NA,18.9405,160.882,NA,NA,NA,NA,NA,NA,NA,NA,20.3932,73.685,20.6208,2096.339,20.9401,598.334,21.2217,194.322,21.3576,1394.178,NA,NA,NA,NA,NA,NA,NA,NA,21.9282,722.157,22.3121,179.204,22.7694,322.906,NA,NA,23.1595,82.827,NA,NA,23.4554,74.626,NA,NA,NA,NA,NA,NA,NA,NA,NA,NA,NA,NA,NA,NA,NA,NA,NA,NA,25.1157,89.322,NA,NA,NA,NA,NA,NA,NA,NA,NA,NA,NA,NA,NA,NA,NA,NA,NA,NA,NA,NA,NA,NA,NA,NA,NA,NA
"UTT.1.5_2021",NA,NA,3.0151,16610.456,4.0143,332.98,4.9054,335.124,NA,NA,NA,NA,NA,NA,11.6071,578.544,NA,NA,NA,NA,NA,NA,13.2432,600.071,13.7028,206.611,NA,NA,NA,NA,NA,NA,NA,NA,15.3371,1675.623,15.776,1015.644,16.5489,3948.061,16.6629,97.748,NA,NA,NA,NA,17.3482,2402.887,NA,NA,17.9508,752.607,18.2149,632.237,18.4445,1240.769,NA,NA,NA,NA,18.9607,112.067,19.4493,187.503,NA,NA,NA,NA,NA,NA,20.4047,257.172,20.6322,2118.676,20.7973,85.293,21.1066,574.744,NA,NA,21.4254,6521.632,NA,NA,21.5997,175.969,NA,NA,21.9261,256.923,NA,NA,NA,NA,22.9968,71.308,23.1627,167.14,23.2748,129.192,23.4586,113.85,NA,NA,NA,NA,23.7351,119.39,23.8461,103.988,NA,NA,NA,NA,NA,NA,NA,NA,24.9821,116.119,25.1193,290.183,NA,NA,NA,NA,NA,NA,NA,NA,NA,NA,NA,NA,NA,NA,NA,NA,NA,NA,NA,NA,NA,NA,NA,NA,NA,NA
"COW.1.2_2021",NA,NA,3.0144,2620.046,NA,NA,4.8473,701.106,NA,NA,NA,NA,NA,NA,11.6125,415.842,NA,NA,12.1674,251.331,12.6795,1328.144,13.3033,3900.246,NA,NA,14.2637,266.742,NA,NA,NA,NA,NA,NA,15.4557,367.93,15.957,1286.464,16.2684,319.066,16.7061,21597.42,NA,NA,NA,NA,NA,NA,NA,NA,17.9571,179.654,18.2071,348.074,NA,NA,18.6085,443.382,NA,NA,18.9098,102.964,NA,NA,19.9055,246.11,NA,NA,NA,NA,20.2917,108.551,20.5461,2054.521,20.7994,14920.518,21.1862,757.079,21.3205,891.143,NA,NA,NA,NA,21.6129,1748.611,NA,NA,21.8881,133.398,NA,NA,NA,NA,22.9977,144.33,23.1612,169.784,23.3169,61,23.4627,150.931,NA,NA,NA,NA,23.7663,400.052,NA,NA,NA,NA,NA,NA,NA,NA,NA,NA,24.944,149.986,25.1197,166.972,NA,NA,NA,NA,NA,NA,NA,NA,NA,NA,NA,NA,NA,NA,NA,NA,NA,NA,NA,NA,NA,NA,NA,NA,NA,NA
"IDW.1.5_2021",NA,NA,3.0153,14922.591,4.233,687.307,4.8239,252.599,NA,NA,NA,NA,NA,NA,11.6383,2458.41,11.958,105.453,NA,NA,NA,NA,13.247,592.038,13.7087,207.202,NA,NA,NA,NA,NA,NA,NA,NA,15.3605,1147.159,15.7824,746.807,16.5518,4438.765,16.7476,162.868,NA,NA,NA,NA,17.4789,12486.552,17.9003,237.98,18.0445,2052.999,18.1886,1212.783,18.4534,701.675,NA,NA,NA,NA,18.9746,278.078,19.5303,76.698,19.8825,153.397,NA,NA,NA,NA,20.4496,1207.696,20.6609,3106.147,20.8118,187.077,21.2572,408.944,21.3768,1776.676,NA,NA,21.5693,94.294,NA,NA,NA,NA,21.9434,859.948,NA,NA,NA,NA,NA,NA,23.1647,176.759,23.2736,59.503,23.4597,103.61,NA,NA,NA,NA,23.7385,141.913,NA,NA,NA,NA,NA,NA,NA,NA,NA,NA,NA,NA,25.1202,215.14,NA,NA,NA,NA,NA,NA,NA,NA,NA,NA,NA,NA,NA,NA,NA,NA,NA,NA,NA,NA,NA,NA,NA,NA,NA,NA
"IDT.1.2_2021",NA,NA,3.0174,3971.067,NA,NA,NA,NA,5.0296,727.284,NA,NA,NA,NA,11.6,157.986,NA,NA,NA,NA,NA,NA,13.236,161.792,NA,NA,NA,NA,NA,NA,NA,NA,NA,NA,15.2953,838.991,15.7262,235.501,16.4952,993.81,16.6494,102.734,NA,NA,NA,NA,NA,NA,NA,NA,17.9338,641.637,18.2053,524.341,18.3972,288.081,NA,NA,NA,NA,NA,NA,19.4596,355.138,19.8652,212.449,NA,NA,NA,NA,20.4151,318.796,20.6682,4518.194,20.9759,1825.453,21.2286,103.917,21.3429,541.814,NA,NA,21.5704,272.488,NA,NA,NA,NA,21.9841,120.84,NA,NA,22.6975,78.731,NA,NA,NA,NA,23.2711,64.182,NA,NA,NA,NA,NA,NA,NA,NA,NA,NA,NA,NA,NA,NA,NA,NA,NA,NA,NA,NA,NA,NA,NA,NA,NA,NA,NA,NA,NA,NA,NA,NA,NA,NA,NA,NA,NA,NA,NA,NA,NA,NA,NA,NA,NA,NA,NA,NA
"UTWV.2.7_2021",NA,NA,3.0137,4033.546,4.2352,234.065,4.8743,700.718,NA,NA,NA,NA,NA,NA,11.6043,255.811,NA,NA,NA,NA,NA,NA,13.2518,480.154,NA,NA,NA,NA,NA,NA,NA,NA,NA,NA,15.3625,997.8,15.9213,167.134,16.5312,2512.75,16.8134,200.199,NA,NA,NA,NA,NA,NA,17.8174,21311.358,18.0346,1404.986,18.1593,117.671,18.5275,3480.531,NA,NA,NA,NA,NA,NA,19.6038,140.827,19.8934,212.729,NA,NA,NA,NA,20.4387,1060.118,20.5889,362.707,NA,NA,21.2684,117.345,NA,NA,21.4162,4958.329,21.591,102.906,NA,NA,21.7552,102.617,NA,NA,22.109,102.621,NA,NA,22.9938,74.432,NA,NA,NA,NA,NA,NA,NA,NA,NA,NA,23.732,81.053,NA,NA,NA,NA,NA,NA,NA,NA,NA,NA,NA,NA,25.1182,188.568,NA,NA,NA,NA,NA,NA,NA,NA,NA,NA,NA,NA,NA,NA,NA,NA,NA,NA,NA,NA,NA,NA,NA,NA,NA,NA
"UTW.1.10_2021",NA,NA,3.0075,2998.706,4.2363,524.145,NA,NA,NA,NA,NA,NA,NA,NA,11.6013,300.74,NA,NA,12.157,106.243,12.662,812.384,13.2708,2209.388,NA,NA,14.245,161.432,NA,NA,NA,NA,NA,NA,15.4421,95.117,15.9252,365.367,NA,NA,16.613,10147.25,NA,NA,NA,NA,NA,NA,17.8409,247.566,17.9723,137.077,18.1928,211.528,NA,NA,18.5909,162.181,NA,NA,19.0586,358.515,19.5585,270.325,19.9174,382.272,NA,NA,NA,NA,20.3374,111.711,20.5648,1512.323,20.8322,19772.135,21.1932,742.97,21.3174,1250.955,NA,NA,21.5778,591.168,NA,NA,NA,NA,21.8916,89.764,NA,NA,NA,NA,NA,NA,23.1562,149.235,NA,NA,23.456,65.349,NA,NA,NA,NA,23.7586,211.261,NA,NA,NA,NA,NA,NA,NA,NA,NA,NA,NA,NA,25.1191,221.616,NA,NA,NA,NA,NA,NA,NA,NA,NA,NA,NA,NA,NA,NA,NA,NA,NA,NA,NA,NA,NA,NA,NA,NA,NA,NA
"IDT.2.4_2021",NA,NA,3.0223,7300.003,4.2395,176.104,NA,NA,NA,NA,NA,NA,NA,NA,11.6154,834.483,NA,NA,12.2038,174.8,NA,NA,13.2382,300.719,13.7,118.808,NA,NA,NA,NA,NA,NA,NA,NA,15.3207,1434.474,15.7263,425.973,16.5222,247.009,16.6515,121.144,NA,NA,NA,NA,NA,NA,NA,NA,17.9279,422.98,18.2098,571.134,18.4039,429.796,NA,NA,NA,NA,NA,NA,19.5831,163.173,NA,NA,NA,NA,NA,NA,20.3944,182.188,20.6199,2417.751,20.8464,207.411,21.2472,197.299,21.3863,3014.946,NA,NA,NA,NA,NA,NA,NA,NA,21.9746,99.859,NA,NA,22.7672,188.135,22.9136,1494.586,23.1575,93.949,23.2717,70.148,23.4561,75.389,NA,NA,NA,NA,NA,NA,NA,NA,NA,NA,NA,NA,NA,NA,NA,NA,NA,NA,NA,NA,NA,NA,NA,NA,NA,NA,NA,NA,NA,NA,NA,NA,NA,NA,NA,NA,NA,NA,NA,NA,NA,NA,NA,NA,NA,NA
"UTT.1.6_2021",NA,NA,3.0131,3167.452,4.1258,195.616,NA,NA,NA,NA,NA,NA,NA,NA,11.6745,114.614,NA,NA,NA,NA,NA,NA,13.2321,114.251,NA,NA,NA,NA,NA,NA,NA,NA,NA,NA,15.2615,330.883,15.6757,389.524,16.4818,659.486,NA,NA,NA,NA,NA,NA,NA,NA,17.8102,140.592,NA,NA,18.1716,93.969,18.3849,227.624,NA,NA,NA,NA,18.9326,151.916,NA,NA,NA,NA,NA,NA,NA,NA,20.4976,156.92,20.582,826.307,20.9288,387.033,21.2525,122.701,21.355,1538.292,NA,NA,NA,NA,NA,NA,NA,NA,21.9191,571.192,NA,NA,NA,NA,NA,NA,NA,NA,23.2757,69.714,NA,NA,NA,NA,NA,NA,23.7541,104.711,23.8433,84.13,NA,NA,NA,NA,NA,NA,NA,NA,NA,NA,25.1151,77.672,NA,NA,NA,NA,NA,NA,NA,NA,NA,NA,NA,NA,NA,NA,NA,NA,NA,NA,NA,NA,NA,NA,NA,NA,NA,NA
"UTW.1.1_2021",NA,NA,3.0181,749.102,NA,NA,NA,NA,5.0042,204.905,NA,NA,NA,NA,11.6047,320.62,NA,NA,NA,NA,12.6566,530.895,13.2677,1946.537,NA,NA,NA,NA,NA,NA,NA,NA,NA,NA,NA,NA,15.9134,130.71,16.5408,3401.465,NA,NA,NA,NA,17.2033,301.046,NA,NA,17.8949,372.133,NA,NA,18.1772,113.8,NA,NA,NA,NA,NA,NA,NA,NA,NA,NA,19.8667,304.431,NA,NA,NA,NA,20.4705,1100.942,NA,NA,NA,NA,21.1466,150.825,NA,NA,NA,NA,21.5559,338.455,NA,NA,NA,NA,NA,NA,NA,NA,NA,NA,NA,NA,NA,NA,NA,NA,NA,NA,NA,NA,NA,NA,NA,NA,NA,NA,NA,NA,NA,NA,NA,NA,NA,NA,NA,NA,25.115,122.456,NA,NA,NA,NA,NA,NA,NA,NA,NA,NA,NA,NA,NA,NA,NA,NA,NA,NA,NA,NA,NA,NA,NA,NA,NA,NA
"AZTW.1.7_2021",NA,NA,3.0141,1150.067,NA,NA,4.8206,678.934,NA,NA,NA,NA,NA,NA,11.6004,131.489,NA,NA,NA,NA,12.7032,564.775,NA,NA,NA,NA,NA,NA,NA,NA,NA,NA,NA,NA,15.272,205.668,NA,NA,16.4913,750.456,16.6843,160.555,NA,NA,17.2376,927.496,NA,NA,NA,NA,17.9378,1168.17,18.2046,425.151,18.3948,118.17,NA,NA,NA,NA,NA,NA,NA,NA,NA,NA,NA,NA,NA,NA,20.4286,1152.442,20.5941,827.363,20.9286,138.514,21.0236,490.29,NA,NA,NA,NA,NA,NA,NA,NA,NA,NA,NA,NA,NA,NA,NA,NA,NA,NA,NA,NA,NA,NA,NA,NA,NA,NA,NA,NA,NA,NA,NA,NA,NA,NA,NA,NA,NA,NA,NA,NA,NA,NA,25.1212,356.251,NA,NA,NA,NA,NA,NA,NA,NA,NA,NA,NA,NA,NA,NA,NA,NA,NA,NA,NA,NA,NA,NA,NA,NA,NA,NA
"CAT.2.9_2021",NA,NA,3.0175,4452.624,4.2385,125.789,NA,NA,5.0238,383.998,NA,NA,NA,NA,11.6054,225.395,NA,NA,NA,NA,NA,NA,NA,NA,NA,NA,NA,NA,NA,NA,NA,NA,NA,NA,15.2929,567.766,15.9149,140.325,16.5338,2775.9,NA,NA,NA,NA,NA,NA,NA,NA,NA,NA,17.9218,392.439,18.1906,235.248,18.3885,150.044,NA,NA,NA,NA,NA,NA,19.5859,239.995,NA,NA,NA,NA,NA,NA,20.3911,276.534,20.5898,774.123,20.946,724.664,21.2267,171.57,21.3395,356.682,21.4779,259.383,21.5571,196.684,NA,NA,NA,NA,NA,NA,NA,NA,22.689,131.382,22.9568,337.71,NA,NA,23.2655,58.321,NA,NA,NA,NA,NA,NA,NA,NA,NA,NA,NA,NA,NA,NA,NA,NA,NA,NA,NA,NA,25.1157,71.089,NA,NA,NA,NA,NA,NA,NA,NA,NA,NA,NA,NA,NA,NA,NA,NA,NA,NA,NA,NA,NA,NA,NA,NA,NA,NA
"IDT.1.6_2021",NA,NA,3.0176,7748.054,4.2377,165.791,NA,NA,5.0106,1474.406,NA,NA,NA,NA,11.6058,263.785,NA,NA,NA,NA,NA,NA,13.2396,143.439,13.7059,161.708,NA,NA,NA,NA,NA,NA,NA,NA,15.3319,1550.977,15.7469,888.253,16.4975,849.985,16.7057,224.704,NA,NA,NA,NA,17.4242,8340.408,NA,NA,18.0029,1255.766,18.1854,2051.104,18.4414,670.674,NA,NA,NA,NA,NA,NA,19.5034,683.822,19.8798,240.921,NA,NA,NA,NA,20.437,459.966,20.6947,5677.916,NA,NA,21.2571,312.81,21.3618,946.049,NA,NA,21.5833,72.849,NA,NA,NA,NA,21.9168,217.751,NA,NA,22.7857,542.761,22.9035,1320.289,23.1701,203.603,23.2822,92.612,23.4658,171.652,NA,NA,NA,NA,23.7484,186.856,NA,NA,23.8527,88.545,NA,NA,NA,NA,NA,NA,NA,NA,25.1193,148.571,NA,NA,NA,NA,NA,NA,NA,NA,NA,NA,NA,NA,NA,NA,NA,NA,NA,NA,NA,NA,NA,NA,NA,NA,NA,NA
"IDT.1.3_2021",NA,NA,3.0208,10696.694,4.2383,236.796,NA,NA,NA,NA,NA,NA,NA,NA,11.6182,768.807,NA,NA,NA,NA,12.6605,126.838,13.2433,160.175,13.7089,171.747,NA,NA,NA,NA,NA,NA,NA,NA,15.3549,2197.887,15.7625,776.972,16.5206,1748.162,16.682,154.567,NA,NA,NA,NA,17.3881,4626.598,NA,NA,17.976,878.563,18.1614,1197.619,18.4702,1672.92,NA,NA,NA,NA,NA,NA,19.5012,456.524,NA,NA,NA,NA,NA,NA,20.4136,349.462,20.6361,2451.717,NA,NA,21.1678,791.703,NA,NA,21.4651,10322.121,NA,NA,NA,NA,21.6651,238.185,21.9365,161.567,22.3343,84.546,22.7831,144.038,23.0035,55.777,23.1685,183.453,23.2819,92.1,23.4652,173.171,NA,NA,NA,NA,23.7377,108.86,NA,NA,23.8523,87.626,NA,NA,NA,NA,NA,NA,NA,NA,25.1204,84.708,NA,NA,NA,NA,NA,NA,NA,NA,NA,NA,NA,NA,NA,NA,NA,NA,NA,NA,NA,NA,NA,NA,NA,NA,NA,NA
"UTW.2.3_2021",NA,NA,3.0171,3685.832,4.1787,159.125,NA,NA,NA,NA,NA,NA,NA,NA,11.6376,2075.341,NA,NA,NA,NA,NA,NA,13.2411,196.813,NA,NA,NA,NA,14.4501,6346.014,NA,NA,NA,NA,15.2781,372.38,NA,NA,16.4993,1131.234,16.6538,110.158,NA,NA,NA,NA,NA,NA,NA,NA,17.936,694.768,18.2029,443.783,18.3987,303.045,NA,NA,NA,NA,18.9045,204.449,19.5795,110.765,NA,NA,NA,NA,NA,NA,20.4535,2431.153,20.587,597,20.9364,263.206,21.2292,206.558,21.3347,223.115,NA,NA,NA,NA,NA,NA,NA,NA,21.902,276.837,NA,NA,NA,NA,22.9926,70.681,23.1553,127.481,NA,NA,NA,NA,NA,NA,NA,NA,23.7321,81.429,NA,NA,NA,NA,NA,NA,NA,NA,NA,NA,NA,NA,NA,NA,NA,NA,NA,NA,NA,NA,NA,NA,NA,NA,NA,NA,NA,NA,NA,NA,NA,NA,NA,NA,NA,NA,NA,NA,NA,NA
"IDW.1.4_2021",NA,NA,3.0209,14727.314,3.5581,165.04,NA,NA,NA,NA,NA,NA,NA,NA,11.6417,2375.969,NA,NA,12.1532,272.854,12.6568,146.667,13.2402,119.086,13.7134,224.256,14.2475,108.369,NA,NA,14.6956,119.16,NA,NA,15.4223,1224.074,15.8056,772.719,16.245,292.409,16.643,13092.401,NA,NA,NA,NA,17.4588,10031.797,NA,NA,17.9792,806.494,18.1688,1366.459,18.4398,728.724,18.6154,194.104,NA,NA,NA,NA,19.4768,610.846,NA,NA,NA,NA,NA,NA,20.4144,700.791,20.5882,1100.103,20.8755,93.998,21.1012,772.067,21.2815,393.48,NA,NA,NA,NA,21.597,472.853,NA,NA,21.9085,254.086,NA,NA,NA,NA,NA,NA,23.1601,100.548,23.2714,78.817,NA,NA,NA,NA,NA,NA,23.7322,90.14,NA,NA,NA,NA,NA,NA,NA,NA,NA,NA,NA,NA,25.1179,214.084,NA,NA,NA,NA,NA,NA,NA,NA,NA,NA,NA,NA,NA,NA,NA,NA,NA,NA,NA,NA,NA,NA,NA,NA,NA,NA
"WAT.1.3_2021",NA,NA,3.0125,1196.22,3.3751,428.414,NA,NA,NA,NA,NA,NA,NA,NA,11.6054,162.946,NA,NA,NA,NA,NA,NA,13.2318,118.138,NA,NA,NA,NA,NA,NA,NA,NA,NA,NA,15.2543,250.203,15.6416,128.712,16.4705,290.703,NA,NA,NA,NA,NA,NA,NA,NA,NA,NA,17.9026,275.744,NA,NA,18.3832,193.385,NA,NA,NA,NA,NA,NA,19.8516,111.821,NA,NA,NA,NA,NA,NA,20.3938,118.368,20.6367,3207.245,20.9358,540.443,21.2576,88.316,21.3375,670.149,NA,NA,NA,NA,NA,NA,NA,NA,21.9678,124.155,NA,NA,22.7676,288.132,NA,NA,23.1584,65.404,NA,NA,23.455,64.792,NA,NA,NA,NA,23.7538,111.568,NA,NA,NA,NA,NA,NA,NA,NA,NA,NA,NA,NA,NA,NA,NA,NA,NA,NA,NA,NA,NA,NA,NA,NA,NA,NA,NA,NA,NA,NA,NA,NA,NA,NA,NA,NA,NA,NA,NA,NA
"WAW.1.3_2021",NA,NA,3.0189,2940.833,4.2398,244.532,NA,NA,5.0951,324.117,NA,NA,NA,NA,11.6165,974.259,NA,NA,NA,NA,12.6515,183.471,13.2466,616.038,NA,NA,NA,NA,14.4463,6356.817,NA,NA,NA,NA,15.3301,150.049,15.9216,284.317,NA,NA,16.6125,10032.126,NA,NA,NA,NA,NA,NA,NA,NA,17.9382,852.528,18.1852,181,NA,NA,18.5838,112.876,NA,NA,18.8964,112.366,19.436,251.048,19.8744,470.909,NA,NA,NA,NA,20.493,1923.471,20.5896,806.396,NA,NA,21.158,138.057,21.3036,1024.23,NA,NA,21.5851,1023.315,NA,NA,NA,NA,21.9866,257.611,NA,NA,22.6806,165.554,22.9096,126.011,NA,NA,23.3125,79.732,NA,NA,NA,NA,NA,NA,23.7546,115.513,NA,NA,NA,NA,NA,NA,NA,NA,NA,NA,NA,NA,25.1125,86.644,NA,NA,NA,NA,NA,NA,NA,NA,NA,NA,NA,NA,NA,NA,NA,NA,NA,NA,NA,NA,NA,NA,NA,NA,NA,NA
"MTW.1.2_2021",NA,NA,3.0164,2792.733,4.2389,214.236,NA,NA,NA,NA,NA,NA,NA,NA,11.6115,407.696,NA,NA,12.162,103.757,12.6641,519.128,13.2607,1021.269,NA,NA,NA,NA,NA,NA,NA,NA,NA,NA,NA,NA,15.9412,779.05,16.2382,197.185,16.6466,13448.179,NA,NA,NA,NA,NA,NA,NA,NA,17.9304,320.381,18.21,431.472,NA,NA,18.6017,284.441,NA,NA,18.9056,93.599,19.6016,228.893,NA,NA,NA,NA,NA,NA,20.4699,1603.733,20.7129,6967.275,20.9104,79.545,21.1664,484.12,21.3006,826.181,NA,NA,NA,NA,21.5991,1403.986,NA,NA,21.8879,161.547,NA,NA,NA,NA,22.9974,135.79,23.1614,214.703,23.3188,54.716,23.4592,105.464,NA,NA,NA,NA,23.7579,231.046,NA,NA,NA,NA,NA,NA,NA,NA,NA,NA,24.946,157.488,25.124,392.239,NA,NA,NA,NA,NA,NA,NA,NA,NA,NA,NA,NA,NA,NA,NA,NA,NA,NA,NA,NA,NA,NA,NA,NA,NA,NA
"IDW.3.4_2021",NA,NA,3.0177,3480.45,4.2358,118.016,NA,NA,5.0649,435.177,NA,NA,NA,NA,11.6015,379.618,NA,NA,NA,NA,12.7337,608.564,NA,NA,NA,NA,NA,NA,NA,NA,NA,NA,NA,NA,15.2804,428.147,NA,NA,16.4751,206.818,16.7178,222.573,NA,NA,NA,NA,NA,NA,NA,NA,17.9512,1675.06,18.1987,311.423,18.389,151.132,NA,NA,NA,NA,NA,NA,19.5762,146.13,NA,NA,NA,NA,NA,NA,20.3986,563.712,NA,NA,20.7854,144.854,21.205,78.411,21.3259,254.435,NA,NA,NA,NA,NA,NA,NA,NA,NA,NA,NA,NA,NA,NA,NA,NA,NA,NA,23.3295,212.606,NA,NA,NA,NA,NA,NA,NA,NA,NA,NA,NA,NA,NA,NA,NA,NA,NA,NA,NA,NA,NA,NA,NA,NA,NA,NA,NA,NA,NA,NA,NA,NA,NA,NA,NA,NA,NA,NA,NA,NA,NA,NA,NA,NA,NA,NA,NA,NA
"COVW.2.7_2021",NA,NA,3.0175,2065.638,4.2402,120.665,NA,NA,5.0351,415.721,NA,NA,NA,NA,11.617,724.082,NA,NA,12.1714,162.884,12.672,927.575,13.2826,2382.554,NA,NA,14.2553,100.309,NA,NA,NA,NA,NA,NA,15.3773,216.98,15.9381,570.622,16.2384,280.047,16.6611,15582.903,NA,NA,NA,NA,NA,NA,NA,NA,17.9404,370.755,18.2035,368.648,NA,NA,18.5973,216.955,NA,NA,18.9038,84.462,NA,NA,19.8776,133.922,NA,NA,NA,NA,20.2509,145.439,NA,NA,20.7636,11842.026,21.1716,590.617,21.322,1209.846,NA,NA,NA,NA,21.5987,1287.808,NA,NA,21.9976,298.936,22.3191,89.781,22.6802,174.666,NA,NA,NA,NA,NA,NA,NA,NA,NA,NA,NA,NA,23.7639,364.048,NA,NA,NA,NA,NA,NA,NA,NA,NA,NA,NA,NA,25.1175,106.471,NA,NA,NA,NA,NA,NA,NA,NA,NA,NA,NA,NA,NA,NA,NA,NA,NA,NA,NA,NA,NA,NA,NA,NA,NA,NA
"ORT.2.4_2021",NA,NA,3.0175,5336.865,NA,NA,NA,NA,5.037,1212.86,NA,NA,NA,NA,11.6145,758.319,NA,NA,NA,NA,NA,NA,13.2645,1508.046,NA,NA,NA,NA,NA,NA,NA,NA,NA,NA,15.3199,1058.999,15.9195,154.248,16.546,3766.896,16.6643,101.632,NA,NA,NA,NA,17.3762,4103.94,NA,NA,17.9478,644.255,18.2171,592.617,18.4099,394.298,NA,NA,NA,NA,NA,NA,19.4917,539.827,NA,NA,NA,NA,NA,NA,20.4305,185.001,20.7051,6443.18,20.8485,170.838,21.2334,148.759,21.3406,507.484,NA,NA,21.5729,227.591,NA,NA,NA,NA,21.9092,245.36,22.3104,77.16,22.7806,456.078,22.8856,1171.682,23.161,75.319,23.2754,67.32,23.4587,74.441,NA,NA,NA,NA,23.7588,176.336,NA,NA,NA,NA,NA,NA,NA,NA,NA,NA,NA,NA,25.1169,71.907,NA,NA,NA,NA,NA,NA,NA,NA,NA,NA,NA,NA,NA,NA,NA,NA,NA,NA,NA,NA,NA,NA,NA,NA,NA,NA
"ORT.1.9_2021",NA,NA,3.0178,7470.65,4.2368,147.717,NA,NA,5.0409,1203.885,NA,NA,NA,NA,11.6291,1709.296,NA,NA,12.134,131.082,12.6532,228.182,13.2432,449.773,13.7003,100.791,NA,NA,NA,NA,14.9161,121.411,NA,NA,15.364,2084.621,15.7468,442.902,16.5585,4788.852,16.675,131.689,NA,NA,NA,NA,17.3843,4605.612,NA,NA,17.9736,1021.665,18.1537,1100.695,18.4651,1738.704,18.6066,135.269,NA,NA,NA,NA,19.4903,541.109,19.871,153.511,NA,NA,NA,NA,20.4197,273.786,20.6755,4717.438,NA,NA,21.1207,570.07,NA,NA,21.438,7372.214,NA,NA,21.6288,394.935,NA,NA,21.9846,76.776,22.3274,233.619,22.7807,516.012,23.0026,162.175,23.1644,173.156,23.2772,72.448,23.4619,129.389,NA,NA,NA,NA,23.7354,128.112,NA,NA,NA,NA,NA,NA,NA,NA,NA,NA,NA,NA,25.117,124.856,NA,NA,NA,NA,NA,NA,NA,NA,NA,NA,NA,NA,NA,NA,NA,NA,NA,NA,NA,NA,NA,NA,NA,NA,NA,NA
"IDW.1.2_2021",NA,NA,3.02,9886.513,4.2371,261.011,NA,NA,NA,NA,NA,NA,NA,NA,11.6424,2185.338,NA,NA,12.1511,129.068,NA,NA,NA,NA,13.711,192.807,NA,NA,NA,NA,14.6941,117.977,NA,NA,15.3405,1200.371,15.7441,494.12,16.5511,4016.031,16.7061,146.399,NA,NA,NA,NA,17.4336,8445.534,NA,NA,17.9902,1210.56,18.1701,1389.373,18.4256,435.425,NA,NA,NA,NA,NA,NA,19.4411,644.183,NA,NA,NA,NA,NA,NA,20.4112,562.628,20.5486,582.468,20.8499,272.896,21.2463,408.853,21.3581,801.263,NA,NA,21.5734,200.664,NA,NA,NA,NA,21.9126,368.111,NA,NA,22.7814,155.972,22.8953,1654.307,NA,NA,23.2731,59.396,NA,NA,NA,NA,NA,NA,NA,NA,NA,NA,NA,NA,NA,NA,NA,NA,NA,NA,NA,NA,25.117,102.556,NA,NA,NA,NA,NA,NA,NA,NA,NA,NA,NA,NA,NA,NA,NA,NA,NA,NA,NA,NA,NA,NA,NA,NA,NA,NA
"CAT.1.1_2021",NA,NA,NA,NA,NA,NA,NA,NA,NA,NA,NA,NA,NA,NA,NA,NA,NA,NA,NA,NA,NA,NA,NA,NA,NA,NA,NA,NA,NA,NA,NA,NA,NA,NA,NA,NA,NA,NA,NA,NA,NA,NA,NA,NA,NA,NA,NA,NA,NA,NA,NA,NA,NA,NA,NA,NA,NA,NA,NA,NA,NA,NA,NA,NA,NA,NA,NA,NA,NA,NA,NA,NA,NA,NA,NA,NA,NA,NA,21.3178,178.971,NA,NA,NA,NA,NA,NA,NA,NA,NA,NA,NA,NA,NA,NA,NA,NA,NA,NA,NA,NA,NA,NA,NA,NA,NA,NA,NA,NA,NA,NA,NA,NA,NA,NA,NA,NA,NA,NA,NA,NA,NA,NA,NA,NA,NA,NA,NA,NA,NA,NA,NA,NA,NA,NA,NA,NA,NA,NA,NA,NA,NA,NA,NA,NA,NA,NA,NA,NA
"IDW.1.6_2021",NA,NA,3.0208,10147.929,4.2379,309.634,NA,NA,NA,NA,NA,NA,NA,NA,11.6315,1458.132,NA,NA,12.1833,216.811,NA,NA,13.2459,322.047,13.7129,200.535,NA,NA,NA,NA,14.6929,111.204,NA,NA,15.3643,1521.287,15.7488,485.436,NA,NA,16.7167,100.765,NA,NA,NA,NA,17.4498,9801.085,NA,NA,17.9453,336.455,18.1584,1174.936,18.4538,1215.067,NA,NA,NA,NA,NA,NA,19.4541,672.019,19.8724,84.331,NA,NA,NA,NA,20.4166,598.028,20.6135,1563.571,20.8544,87.499,21.2506,408.702,21.3645,1091.207,NA,NA,21.5834,321.731,NA,NA,NA,NA,21.9881,207.254,NA,NA,NA,NA,NA,NA,23.1635,174.841,23.2739,103.633,23.4588,98.063,NA,NA,NA,NA,23.736,170.402,NA,NA,NA,NA,NA,NA,NA,NA,NA,NA,NA,NA,25.1173,72.979,NA,NA,NA,NA,NA,NA,NA,NA,NA,NA,NA,NA,NA,NA,NA,NA,NA,NA,NA,NA,NA,NA,NA,NA,NA,NA
"ORT.1.6_2021",NA,NA,3.1675,60.461,3.8453,206.688,NA,NA,NA,NA,7.2691,197.231,NA,NA,11.6212,1170.247,NA,NA,NA,NA,12.6577,265.433,13.2457,407.039,13.7068,170.784,NA,NA,NA,NA,NA,NA,NA,NA,15.349,1440.37,15.7983,1212.011,16.5371,3046.4,16.7102,143.087,NA,NA,NA,NA,17.4357,8940.324,17.8802,324.907,18.0163,1715.53,18.1719,971.448,18.4618,1155.2,NA,NA,NA,NA,18.9892,287.212,19.4881,131.837,NA,NA,NA,NA,NA,NA,20.4244,240.195,20.6779,4148.552,20.81,106.035,21.1292,783.999,NA,NA,21.431,6348.331,NA,NA,NA,NA,NA,NA,21.9797,1498.854,22.336,149.71,NA,NA,NA,NA,23.1749,172.453,23.2851,84.761,23.4642,163.694,NA,NA,NA,NA,23.7378,85.659,NA,NA,23.8568,146.996,NA,NA,NA,NA,NA,NA,NA,NA,25.1204,101.859,NA,NA,NA,NA,NA,NA,NA,NA,NA,NA,NA,NA,NA,NA,NA,NA,NA,NA,NA,NA,NA,NA,NA,NA,NA,NA
"ORV.1.10_2021",NA,NA,3.0143,3454.726,4.2362,198.716,4.9,495.021,NA,NA,NA,NA,NA,NA,11.6198,1046.776,NA,NA,12.1525,231.326,12.6591,365.615,13.2785,2258.85,NA,NA,14.2503,140.456,NA,NA,14.9205,145.926,NA,NA,15.2807,151.619,15.9177,157.897,16.5427,3627.649,NA,NA,NA,NA,NA,NA,NA,NA,NA,NA,17.9344,513.15,18.1966,322.518,NA,NA,NA,NA,NA,NA,18.9047,89.945,19.5276,165.316,19.8929,148.084,NA,NA,NA,NA,20.3026,137.953,20.5554,2371.966,20.8069,16221.829,21.1797,310.061,21.3113,1252.295,NA,NA,21.57,232.001,NA,NA,NA,NA,21.8867,130.58,NA,NA,22.6542,155.428,22.995,119.162,23.1575,112.124,23.318,76.726,NA,NA,NA,NA,NA,NA,23.7689,701.811,NA,NA,NA,NA,NA,NA,NA,NA,NA,NA,NA,NA,NA,NA,NA,NA,NA,NA,NA,NA,NA,NA,NA,NA,NA,NA,NA,NA,NA,NA,NA,NA,NA,NA,NA,NA,NA,NA,NA,NA
"UTW.1.4_2021",NA,NA,3.0177,894.973,NA,NA,NA,NA,5.0131,298.197,NA,NA,NA,NA,11.6007,100.43,NA,NA,NA,NA,12.652,141.555,13.2592,1236.799,NA,NA,NA,NA,NA,NA,NA,NA,NA,NA,NA,NA,15.9174,189.32,NA,NA,NA,NA,NA,NA,NA,NA,NA,NA,NA,NA,NA,NA,18.1732,86.368,NA,NA,NA,NA,NA,NA,NA,NA,NA,NA,19.8644,343.306,NA,NA,NA,NA,20.4321,428.224,20.6982,6663.758,NA,NA,21.1389,166.415,NA,NA,NA,NA,21.5632,617.169,NA,NA,NA,NA,NA,NA,NA,NA,NA,NA,NA,NA,NA,NA,NA,NA,NA,NA,NA,NA,NA,NA,23.7555,256.207,NA,NA,NA,NA,NA,NA,NA,NA,NA,NA,NA,NA,25.1201,437.619,NA,NA,NA,NA,NA,NA,NA,NA,NA,NA,NA,NA,NA,NA,NA,NA,NA,NA,NA,NA,NA,NA,NA,NA,NA,NA
"WAW.1.2_2021",NA,NA,3.0186,4227.835,4.2405,370.595,NA,NA,5.0533,481.259,NA,NA,NA,NA,11.62,764.632,NA,NA,12.1919,215.325,12.659,117.883,13.2517,576.622,NA,NA,NA,NA,14.4488,5840.044,NA,NA,NA,NA,15.2745,170.993,15.9201,174.23,16.5272,2285.747,16.6565,106.464,NA,NA,NA,NA,NA,NA,NA,NA,17.9444,834.81,18.197,306.896,NA,NA,NA,NA,NA,NA,18.9052,139.194,19.4446,415.284,19.8741,209.966,NA,NA,NA,NA,20.4955,2047.588,20.5779,499.298,20.9235,411.752,21.2458,508.518,NA,NA,NA,NA,21.5695,321.14,NA,NA,NA,NA,21.987,170.317,NA,NA,22.6943,213.051,22.9966,117.809,23.1602,193.411,23.3186,95.808,23.4559,79.793,NA,NA,NA,NA,23.7542,208.39,NA,NA,NA,NA,NA,NA,NA,NA,NA,NA,NA,NA,25.1169,100.679,NA,NA,NA,NA,NA,NA,NA,NA,NA,NA,NA,NA,NA,NA,NA,NA,NA,NA,NA,NA,NA,NA,NA,NA,NA,NA
"IDT.3.9_2021",NA,NA,3.0152,18655.679,3.8393,198.85,NA,NA,NA,NA,NA,NA,NA,NA,11.6458,3346.747,NA,NA,NA,NA,12.6529,296.632,13.2422,441.113,13.7052,170.674,14.2425,146.536,NA,NA,NA,NA,NA,NA,15.4162,1872.735,15.8413,1256.433,16.556,4804.414,16.8086,190.467,NA,NA,NA,NA,NA,NA,17.6656,816.392,18.0093,1230.338,18.1742,886.324,18.5187,3145.84,18.6265,142.354,NA,NA,19.0035,374.046,19.4998,176.213,19.8851,109.295,NA,NA,NA,NA,20.4378,883.988,20.6584,3668.189,20.8288,77.606,21.1733,1124.056,NA,NA,21.4618,9406.436,NA,NA,NA,NA,NA,NA,21.9843,1366.949,22.3438,200.048,22.6975,77.759,23.0028,122.45,23.1787,458.434,23.2877,92.737,23.469,352.511,NA,NA,NA,NA,23.738,170.252,NA,NA,23.8548,88.483,NA,NA,NA,NA,NA,NA,NA,NA,NA,NA,NA,NA,NA,NA,NA,NA,NA,NA,NA,NA,NA,NA,NA,NA,NA,NA,NA,NA,NA,NA,NA,NA,NA,NA,NA,NA
"NVTW.1.10_2021",NA,NA,3.0198,5762.229,4.2385,161.667,NA,NA,NA,NA,NA,NA,NA,NA,11.6161,956.37,NA,NA,12.1863,145.585,NA,NA,13.2436,588.831,13.6984,113.202,NA,NA,NA,NA,NA,NA,NA,NA,15.3311,1737.853,15.7277,290.375,16.5093,1660.523,16.6509,111.531,NA,NA,NA,NA,NA,NA,NA,NA,17.9447,598.351,18.2276,941.923,18.4159,615.695,NA,NA,NA,NA,NA,NA,19.465,655.962,19.8608,114.234,NA,NA,NA,NA,20.4061,190.57,20.6571,4072.33,20.845,122.058,21.248,279.167,21.3795,2505.806,NA,NA,21.5686,171.948,NA,NA,NA,NA,21.9849,235.468,NA,NA,22.7579,108.743,22.9925,70.002,23.1557,78.939,23.2701,79.615,23.4541,56.533,NA,NA,NA,NA,23.7538,176.897,NA,NA,NA,NA,NA,NA,NA,NA,NA,NA,NA,NA,NA,NA,NA,NA,NA,NA,NA,NA,NA,NA,NA,NA,NA,NA,NA,NA,NA,NA,NA,NA,NA,NA,NA,NA,NA,NA,NA,NA
"CAT.2.4_2021",NA,NA,3.0167,2656.284,3.3747,137.566,NA,NA,NA,NA,NA,NA,NA,NA,11.6023,195.209,NA,NA,NA,NA,NA,NA,13.2415,331.306,NA,NA,NA,NA,NA,NA,NA,NA,NA,NA,15.2787,374.706,15.9142,180.96,16.5304,2765.057,NA,NA,NA,NA,NA,NA,NA,NA,NA,NA,17.9091,212.733,18.194,370.499,18.3834,93.178,NA,NA,NA,NA,NA,NA,19.5767,96.446,NA,NA,NA,NA,NA,NA,20.3916,211.041,20.6093,1527.979,20.9367,497.423,NA,NA,21.3337,302.173,21.4679,117.512,21.5561,300.883,NA,NA,NA,NA,NA,NA,NA,NA,NA,NA,NA,NA,NA,NA,23.3296,181.774,NA,NA,NA,NA,NA,NA,23.7604,393.543,NA,NA,NA,NA,NA,NA,NA,NA,NA,NA,NA,NA,NA,NA,NA,NA,NA,NA,NA,NA,NA,NA,NA,NA,NA,NA,NA,NA,NA,NA,NA,NA,NA,NA,NA,NA,NA,NA,NA,NA
"NMT.2.3_2021",NA,NA,3.0145,3689.593,4.2358,188.875,NA,NA,NA,NA,NA,NA,NA,NA,11.6038,193.627,NA,NA,NA,NA,NA,NA,13.2559,975.169,NA,NA,NA,NA,NA,NA,NA,NA,NA,NA,15.282,429.666,15.9169,117.4,16.5311,2650.747,NA,NA,NA,NA,NA,NA,NA,NA,NA,NA,17.912,260.09,18.1822,121.834,18.3902,156.445,NA,NA,NA,NA,NA,NA,NA,NA,NA,NA,NA,NA,NA,NA,20.4226,553.133,20.6593,3627.05,20.9482,652.815,21.1392,70.108,21.3284,144.222,NA,NA,21.5534,154.991,NA,NA,NA,NA,NA,NA,NA,NA,NA,NA,NA,NA,NA,NA,23.3223,110.449,NA,NA,NA,NA,NA,NA,NA,NA,NA,NA,NA,NA,NA,NA,NA,NA,NA,NA,NA,NA,25.1231,538.04,NA,NA,NA,NA,NA,NA,NA,NA,NA,NA,NA,NA,NA,NA,NA,NA,NA,NA,NA,NA,NA,NA,NA,NA,NA,NA
"AZTW.1.5_2021",NA,NA,3.0146,1929.12,4.236,124.62,NA,NA,5.0092,478.214,NA,NA,NA,NA,11.5962,122.186,NA,NA,NA,NA,NA,NA,NA,NA,NA,NA,NA,NA,NA,NA,NA,NA,NA,NA,15.2595,220.57,NA,NA,16.5026,1543.429,NA,NA,NA,NA,NA,NA,NA,NA,NA,NA,17.924,680.681,18.1777,156.292,NA,NA,NA,NA,NA,NA,NA,NA,19.5787,145.016,NA,NA,NA,NA,NA,NA,20.4254,891.543,20.6216,1626.911,20.9311,382.059,NA,NA,21.3227,82.41,NA,NA,21.5448,139.889,NA,NA,NA,NA,21.9683,74.027,NA,NA,22.6413,93.672,NA,NA,NA,NA,23.3147,121.577,NA,NA,NA,NA,NA,NA,NA,NA,NA,NA,NA,NA,NA,NA,NA,NA,NA,NA,NA,NA,25.115,209.574,NA,NA,NA,NA,NA,NA,NA,NA,NA,NA,NA,NA,NA,NA,NA,NA,NA,NA,NA,NA,NA,NA,NA,NA,NA,NA
"UTWV.2.10_2021",NA,NA,3.0154,4760.549,4.2362,361.391,4.8277,827.053,NA,NA,NA,NA,NA,NA,11.612,328.121,NA,NA,12.1661,217.054,12.6782,1464.645,13.3049,4388.7,NA,NA,NA,NA,NA,NA,NA,NA,NA,NA,NA,NA,15.925,248.374,16.5535,3707.206,16.6714,97.408,NA,NA,17.2354,638.986,NA,NA,NA,NA,17.9309,808.113,18.2004,247.634,NA,NA,18.5946,93.599,NA,NA,18.9095,98.976,19.4937,217.065,19.8897,262.657,NA,NA,NA,NA,20.2654,150.364,20.5294,2229.733,20.9391,141.912,21.1956,915.328,21.3104,869.657,NA,NA,21.5719,305.528,NA,NA,NA,NA,22.0218,326.838,NA,NA,NA,NA,23.0446,225.452,23.1607,155.49,23.3193,63.876,23.459,57.421,NA,NA,NA,NA,23.7623,312.531,NA,NA,NA,NA,NA,NA,NA,NA,NA,NA,NA,NA,25.1207,208.465,NA,NA,NA,NA,NA,NA,NA,NA,NA,NA,NA,NA,NA,NA,NA,NA,NA,NA,NA,NA,NA,NA,NA,NA,NA,NA
"ORW.1.1_2021",NA,NA,3.0206,10309.772,3.664,221.019,4.8972,607.244,NA,NA,NA,NA,NA,NA,11.6548,2823.459,NA,NA,12.1426,183.122,12.6619,152.907,13.2521,486.065,13.7184,161.066,NA,NA,14.4487,5731.926,NA,NA,NA,NA,15.34,865.555,15.7475,230.349,NA,NA,16.6803,152.163,NA,NA,NA,NA,17.3836,3770.515,NA,NA,18.0161,2218.671,18.166,945.009,18.4278,399.637,18.6111,88.794,NA,NA,18.9207,177.79,19.4381,457.732,NA,NA,NA,NA,NA,NA,20.4848,1803.284,20.5773,457.542,20.8283,150.681,21.2537,398.834,21.3515,374.072,NA,NA,21.5803,354.699,NA,NA,NA,NA,21.9242,526.153,NA,NA,NA,NA,23.001,84.385,23.1656,190.908,23.3376,131.49,23.4618,101.614,NA,NA,NA,NA,23.7369,88.665,NA,NA,NA,NA,NA,NA,NA,NA,NA,NA,NA,NA,NA,NA,NA,NA,NA,NA,NA,NA,NA,NA,NA,NA,NA,NA,NA,NA,NA,NA,NA,NA,NA,NA,NA,NA,NA,NA,NA,NA
"IDW.2.3_2021",NA,NA,3.0156,16522.994,3.6574,204.346,NA,NA,NA,NA,7.2589,151.191,NA,NA,11.6681,4862.218,NA,NA,NA,NA,12.6525,138.463,13.2453,612.152,13.7089,270.422,NA,NA,NA,NA,14.9333,173.1,NA,NA,15.3531,1471.388,15.7568,839.99,16.5375,3496.648,16.7321,258.49,NA,NA,NA,NA,17.4662,12346.663,17.8754,89.138,18.0225,2352.296,18.1666,944.198,18.4439,731.996,NA,NA,NA,NA,18.9628,138.095,19.4626,410.181,NA,NA,NA,NA,20.056,100.329,20.4252,729.091,20.6357,2225.361,20.8054,124.504,21.2482,366.574,21.3624,966.293,NA,NA,21.5773,129.423,NA,NA,NA,NA,21.9243,695.232,NA,NA,NA,NA,NA,NA,23.1636,246.601,23.2735,75.153,23.4593,131.711,NA,NA,NA,NA,23.7333,87.807,NA,NA,NA,NA,NA,NA,NA,NA,NA,NA,24.979,73.219,NA,NA,NA,NA,NA,NA,NA,NA,NA,NA,NA,NA,NA,NA,NA,NA,NA,NA,NA,NA,NA,NA,NA,NA,NA,NA,NA,NA
"IDW.1.7_2021",NA,NA,3.02,6217.42,4.2375,171.867,NA,NA,NA,NA,NA,NA,NA,NA,11.6111,564.98,NA,NA,12.1466,132.762,NA,NA,13.2384,148.26,13.7,123.269,NA,NA,NA,NA,NA,NA,NA,NA,15.3086,841.65,15.9186,227.016,16.5493,4151.931,16.6511,91.752,NA,NA,NA,NA,NA,NA,NA,NA,17.9368,590.589,18.2104,542.36,18.3997,290.613,NA,NA,NA,NA,NA,NA,19.5849,152.341,NA,NA,NA,NA,NA,NA,20.3978,333.391,20.5955,1257.32,20.8123,145.754,21.2377,195.887,21.3605,1309.017,NA,NA,21.5743,478.351,NA,NA,NA,NA,21.9861,245.43,NA,NA,22.7676,158.843,NA,NA,NA,NA,23.2676,53.582,NA,NA,NA,NA,NA,NA,NA,NA,NA,NA,NA,NA,NA,NA,NA,NA,NA,NA,NA,NA,25.115,78.917,NA,NA,NA,NA,NA,NA,NA,NA,NA,NA,NA,NA,NA,NA,NA,NA,NA,NA,NA,NA,NA,NA,NA,NA,NA,NA
"WAT.2.8_2021",NA,NA,3.0162,2230.523,3.8828,806.021,NA,NA,NA,NA,NA,NA,NA,NA,11.6183,449.316,NA,NA,NA,NA,NA,NA,13.253,187.952,NA,NA,NA,NA,NA,NA,NA,NA,NA,NA,15.2763,138.055,NA,NA,16.5331,2167.523,NA,NA,NA,NA,NA,NA,NA,NA,17.8711,721.512,17.937,410.511,18.201,181.719,18.4161,356.952,NA,NA,NA,NA,18.982,600.023,19.3705,228.935,19.8846,207.937,NA,NA,NA,NA,20.4484,1158.018,20.6357,1161.845,20.951,237.896,21.2605,566.826,21.3639,730.539,NA,NA,21.572,72.908,NA,NA,NA,NA,21.917,219.959,NA,NA,NA,NA,23.0103,74.662,23.1738,225.009,23.3368,138.348,23.4709,149.609,NA,NA,NA,NA,23.7664,238.702,NA,NA,NA,NA,NA,NA,NA,NA,NA,NA,24.9512,109.249,25.1282,171.704,NA,NA,NA,NA,NA,NA,NA,NA,NA,NA,NA,NA,NA,NA,NA,NA,NA,NA,NA,NA,NA,NA,NA,NA,NA,NA
"IDW.3.6_2021",NA,NA,3.0193,3788.424,4.241,131.164,NA,NA,NA,NA,NA,NA,NA,NA,11.6181,572.795,NA,NA,NA,NA,NA,NA,13.2499,264.369,NA,NA,NA,NA,NA,NA,NA,NA,NA,NA,15.3173,1095.703,NA,NA,16.5116,1205.618,NA,NA,NA,NA,NA,NA,NA,NA,NA,NA,17.9689,1447.886,18.201,191.413,18.4178,464.044,NA,NA,NA,NA,NA,NA,19.5927,142.008,NA,NA,NA,NA,NA,NA,20.4019,182.068,20.6034,995.598,20.7961,91.385,21.0489,187.664,21.4037,4172.314,NA,NA,NA,NA,NA,NA,NA,NA,21.9809,124.073,NA,NA,NA,NA,NA,NA,NA,NA,23.3345,174.228,NA,NA,NA,NA,NA,NA,NA,NA,NA,NA,NA,NA,NA,NA,NA,NA,NA,NA,NA,NA,NA,NA,NA,NA,NA,NA,NA,NA,NA,NA,NA,NA,NA,NA,NA,NA,NA,NA,NA,NA,NA,NA,NA,NA,NA,NA,NA,NA
"COVW.2.3_2021",NA,NA,3.0182,1321.569,3.3825,307.897,NA,NA,5.1002,500.823,NA,NA,NA,NA,11.6047,172.397,NA,NA,NA,NA,12.6569,115.888,13.252,652.968,NA,NA,NA,NA,NA,NA,NA,NA,NA,NA,15.3811,2266.636,15.9282,155.645,16.5639,4366.584,NA,NA,NA,NA,NA,NA,NA,NA,17.8886,32882.307,18.0307,120.759,NA,NA,NA,NA,18.5444,3899.306,18.6462,170.304,NA,NA,NA,NA,19.9108,172.083,NA,NA,NA,NA,20.4358,753.792,20.665,3246.678,NA,NA,21.2005,262.225,NA,NA,21.5037,16826.43,NA,NA,NA,NA,21.7026,275.445,NA,NA,NA,NA,NA,NA,NA,NA,NA,NA,NA,NA,NA,NA,NA,NA,NA,NA,NA,NA,NA,NA,NA,NA,NA,NA,NA,NA,NA,NA,NA,NA,25.121,270.631,NA,NA,NA,NA,NA,NA,NA,NA,NA,NA,NA,NA,NA,NA,NA,NA,NA,NA,NA,NA,NA,NA,NA,NA,NA,NA
"UTWV.2.6_2021",NA,NA,3.0108,5089.097,4.2306,327.76,NA,NA,5.019,74.562,NA,NA,NA,NA,11.6057,340.003,NA,NA,NA,NA,12.6544,197.587,13.2522,875.251,NA,NA,NA,NA,NA,NA,NA,NA,NA,NA,15.2865,196.584,15.9278,536.763,16.5558,4672.983,16.6537,102.443,NA,NA,NA,NA,NA,NA,17.834,107.428,17.9449,725.182,18.2117,549.156,18.4047,118.574,18.5971,192.484,NA,NA,18.9102,102.711,19.4415,298.412,19.8736,179.259,NA,NA,NA,NA,20.4893,1393.843,20.5846,830.618,NA,NA,21.1681,220.338,21.3402,233.074,NA,NA,21.5763,612.669,NA,NA,NA,NA,22.0087,221.082,NA,NA,NA,NA,22.9961,124.268,23.1598,136.712,23.3204,110.943,23.4558,59.092,NA,NA,NA,NA,23.7599,246.525,NA,NA,NA,NA,NA,NA,NA,NA,NA,NA,NA,NA,25.1197,273.616,NA,NA,NA,NA,NA,NA,NA,NA,NA,NA,NA,NA,NA,NA,NA,NA,NA,NA,NA,NA,NA,NA,NA,NA,NA,NA
"ORT.2.3_2021",NA,NA,3.0154,9346.135,4.232,186.268,NA,NA,5.0313,2414.553,NA,NA,NA,NA,11.6011,395.129,NA,NA,NA,NA,NA,NA,13.2409,622.021,13.6969,129.883,NA,NA,NA,NA,NA,NA,NA,NA,15.3259,1668.598,15.8456,67.559,16.4961,981.402,16.6715,156.466,NA,NA,NA,NA,17.3787,4637.873,NA,NA,17.9471,680.278,18.2147,641.552,18.4651,1947.346,NA,NA,NA,NA,NA,NA,19.4778,376.733,NA,NA,NA,NA,NA,NA,20.4285,526.465,20.6825,5109.818,NA,NA,21.2653,214.806,21.4012,3688.008,NA,NA,21.5812,116.203,NA,NA,NA,NA,21.9231,204.747,22.3164,84.099,22.7817,354.898,22.9964,70.007,23.1627,168.791,23.2766,93.697,23.4612,173.652,NA,NA,NA,NA,23.7548,172.483,NA,NA,NA,NA,NA,NA,NA,NA,NA,NA,24.9801,78.688,NA,NA,NA,NA,NA,NA,NA,NA,NA,NA,NA,NA,NA,NA,NA,NA,NA,NA,NA,NA,NA,NA,NA,NA,NA,NA,NA,NA
"IDW.3.8_2021",NA,NA,3.0191,6706.571,4.2365,256.822,NA,NA,NA,NA,NA,NA,NA,NA,11.6271,1518.453,NA,NA,NA,NA,NA,NA,NA,NA,13.7124,87.654,NA,NA,NA,NA,NA,NA,NA,NA,15.2922,633.957,15.7254,171.857,16.4919,884.724,16.6711,203.55,NA,NA,17.2308,627.895,NA,NA,NA,NA,17.9812,2005.299,18.2153,490.453,18.4002,218.607,NA,NA,NA,NA,NA,NA,19.585,173.557,NA,NA,NA,NA,NA,NA,20.4243,1179.416,20.5819,465.706,20.8053,151.919,21.2263,310.108,21.337,385.218,NA,NA,NA,NA,NA,NA,NA,NA,21.9794,186.398,NA,NA,NA,NA,NA,NA,NA,NA,23.3332,220.611,NA,NA,NA,NA,NA,NA,NA,NA,NA,NA,NA,NA,NA,NA,NA,NA,NA,NA,NA,NA,NA,NA,NA,NA,NA,NA,NA,NA,NA,NA,NA,NA,NA,NA,NA,NA,NA,NA,NA,NA,NA,NA,NA,NA,NA,NA,NA,NA
"NMT.2.6_2021",NA,NA,3.0102,9527.422,4.2308,571.353,4.8604,204.378,NA,NA,NA,NA,NA,NA,11.6117,837.94,11.9608,102.25,12.1594,168.177,12.6611,696.876,13.2843,3049.809,NA,NA,NA,NA,NA,NA,NA,NA,NA,NA,15.4463,299.342,15.7472,349.685,16.4858,287.448,16.6758,139.472,NA,NA,NA,NA,17.3751,4346.766,NA,NA,17.9319,264.266,18.2028,419.542,18.4186,309.451,NA,NA,NA,NA,18.9075,143.758,19.4844,186.708,NA,NA,NA,NA,NA,NA,20.2633,211.434,20.5337,2777.569,20.7754,12617.542,21.1785,223.775,21.3422,557.966,NA,NA,NA,NA,NA,NA,NA,NA,21.9169,149.087,NA,NA,NA,NA,22.9975,111.69,23.1621,249.838,23.3303,129.9,23.4583,97.263,NA,NA,NA,NA,23.737,118.259,NA,NA,NA,NA,NA,NA,NA,NA,NA,NA,24.9301,68.909,25.1211,433.714,NA,NA,NA,NA,NA,NA,NA,NA,NA,NA,NA,NA,NA,NA,NA,NA,NA,NA,NA,NA,NA,NA,NA,NA,NA,NA
